# m n wp wm wmn w(m+n) w(m-n)  [gapfill: ω(mn)>=2 AND (wp>=4 OR wm>=5)]
302 1 4 4 2 2 2
302 17 1 5 3 2 3
302 43 1 5 3 3 2
302 83 2 5 3 3 2
302 97 1 5 3 3 2
302 127 2 5 3 3 2
302 271 4 3 3 2 1
304 31 1 5 3 2 3
304 73 3 5 3 2 3
304 109 1 5 3 2 3
304 151 2 5 3 3 2
304 233 4 3 3 2 1
307 8 2 5 2 3 2
307 22 2 5 3 2 3
307 34 2 5 3 2 3
307 64 4 3 2 2 1
307 92 2 5 3 3 2
307 122 1 5 3 3 2
307 144 4 3 3 2 1
307 148 2 5 3 3 2
307 188 1 5 3 3 2
311 46 1 5 3 3 2
311 74 1 5 3 3 2
311 80 2 5 3 2 3
311 116 2 5 3 2 3
311 122 4 3 3 1 2
311 124 1 5 3 3 2
311 206 2 5 3 2 3
313 28 3 5 3 2 3
313 44 4 4 3 3 1
313 58 1 5 3 2 3
313 82 1 5 3 2 3
313 96 4 3 3 1 2
313 142 2 5 3 3 2
313 152 2 5 3 3 2
313 164 4 3 3 2 1
313 176 4 3 3 2 1
313 248 1 5 3 3 2
313 304 4 2 3 1 1
314 3 4 2 3 1 1
314 41 2 5 3 2 3
314 169 1 5 3 3 2
314 181 1 5 3 3 2
314 257 4 3 3 1 2
314 263 4 3 3 1 2
314 281 2 5 3 3 2
316 7 4 4 3 2 2
316 29 2 5 3 3 2
316 41 1 5 3 3 2
316 61 1 5 3 2 3
316 113 3 5 3 3 2
316 121 2 5 3 2 3
316 139 2 5 3 3 2
316 211 2 5 3 2 3
316 227 4 3 3 2 1
316 239 2 5 3 3 2
316 283 4 3 3 1 2
317 2 1 5 2 2 3
317 24 4 3 3 2 1
317 68 2 5 3 3 2
317 82 2 5 3 3 2
317 86 2 5 3 2 3
317 112 3 5 3 3 2
317 152 1 5 3 2 3
317 274 4 3 3 2 1
317 278 2 5 3 3 2
319 4 2 5 3 2 3
323 128 1 5 3 2 3
324 47 4 3 3 2 1
324 317 4 2 3 1 1
326 31 3 5 3 3 2
326 59 2 5 3 3 2
326 73 4 5 3 3 2
326 109 3 5 3 3 2
326 139 1 5 3 3 2
326 269 2 5 3 3 2
327 16 4 2 3 1 1
328 13 2 5 3 2 3
328 29 2 5 3 3 2
328 43 1 5 3 2 3
328 97 1 5 3 2 3
328 107 1 5 3 3 2
328 127 2 5 3 3 2
328 167 3 5 3 3 2
328 223 2 5 3 2 3
328 233 1 5 3 3 2
328 269 4 3 3 2 1
331 26 1 5 3 3 2
331 46 2 5 3 2 3
331 76 1 5 3 2 3
331 124 2 5 3 3 2
331 166 1 5 3 2 3
331 178 4 3 3 1 2
331 202 4 4 3 2 2
331 254 1 5 3 3 2
331 296 2 5 3 3 2
332 13 2 5 3 3 2
332 53 3 5 3 3 2
332 59 2 5 3 2 3
332 67 1 5 3 3 2
332 97 1 5 3 3 2
332 121 4 3 3 2 1
332 137 1 5 3 2 3
332 191 4 3 3 1 2
332 227 1 5 3 2 3
332 263 1 5 3 3 2
332 277 3 5 3 3 2
333 64 4 2 3 1 1
334 7 4 4 3 2 2
334 11 2 5 3 3 2
334 61 2 5 3 2 3
334 79 1 5 3 2 3
334 103 3 5 3 2 3
334 121 2 5 3 3 2
334 131 1 5 3 3 2
334 139 2 5 3 2 3
334 149 2 5 3 3 2
334 191 2 5 3 3 2
334 197 4 3 3 2 1
337 8 2 5 2 3 2
337 62 1 5 3 3 2
337 92 1 5 3 3 2
337 118 1 5 3 3 2
337 124 4 3 3 1 2
337 128 1 5 2 3 2
337 216 4 3 3 2 1
337 218 1 5 3 3 2
337 226 4 3 3 1 2
337 272 2 5 3 3 2
338 19 2 5 3 3 2
338 47 2 5 3 3 2
338 53 1 5 3 2 3
338 107 1 5 3 2 3
338 173 1 5 3 2 3
338 223 1 5 3 3 2
338 229 4 3 3 2 1
339 8 4 2 3 1 1
341 16 1 5 3 3 2
343 2 2 5 2 3 2
343 122 1 5 3 3 2
344 41 1 5 3 3 2
344 59 2 5 3 2 3
344 71 1 5 3 2 3
344 103 4 3 3 2 1
344 139 2 5 3 3 2
344 149 2 5 3 2 3
344 211 2 5 3 3 2
344 239 2 5 3 2 3
344 251 3 5 3 3 2
344 307 4 4 3 3 1
346 11 2 5 3 3 2
346 27 4 3 3 1 2
346 31 1 5 3 2 3
346 61 3 5 3 2 3
346 109 2 5 3 3 2
346 137 2 5 3 3 2
346 151 2 5 3 2 3
346 181 3 5 3 2 3
346 269 2 5 3 3 2
346 281 2 5 3 3 2
346 313 4 3 3 1 2
346 337 4 2 3 1 1
347 6 4 3 3 1 2
347 38 1 5 3 3 2
347 52 1 5 3 3 2
347 82 1 5 3 3 2
347 88 1 5 3 3 2
347 176 4 3 3 1 2
347 214 3 5 3 3 2
347 242 1 5 3 2 3
347 244 4 3 3 2 1
347 248 1 5 3 3 2
347 262 2 5 3 3 2
349 8 2 5 2 3 2
349 50 1 5 3 3 2
349 64 1 5 2 2 3
349 76 2 5 3 2 3
349 134 2 5 3 3 2
349 146 3 5 3 3 2
349 172 4 3 3 1 2
349 184 1 5 3 2 3
349 206 2 5 3 3 2
349 302 4 4 3 3 1
349 314 2 5 3 3 2
349 316 1 5 3 3 2
352 31 4 3 3 1 2
352 47 3 5 3 3 2
352 71 4 3 3 2 1
352 103 1 5 3 3 2
352 131 3 5 3 3 2
352 151 4 3 3 1 2
352 233 2 5 3 3 2
352 257 2 5 3 3 2
352 313 1 5 3 3 2
353 16 4 3 2 2 1
353 32 2 5 2 3 2
353 38 2 5 3 2 3
353 98 1 5 3 2 3
353 122 1 5 3 2 3
353 158 2 5 3 2 3
353 208 1 5 3 3 2
353 242 2 5 3 3 2
353 262 2 5 3 3 2
353 298 2 5 3 3 2
353 324 4 2 3 1 1
356 1 2 5 2 3 2
356 27 4 3 3 1 2
356 29 2 5 3 3 2
356 47 4 4 3 2 2
356 71 1 5 3 2 3
356 109 1 5 3 3 2
356 125 2 5 3 2 3
356 139 1 5 3 3 2
356 157 4 3 3 2 1
356 169 2 5 3 3 2
356 239 2 5 3 3 2
356 271 1 5 3 3 2
356 293 4 4 3 2 2
358 13 2 5 3 2 3
358 71 2 5 3 3 2
358 97 1 5 3 3 2
358 127 2 5 3 2 3
358 137 1 5 3 3 2
358 149 4 4 3 2 2
358 191 4 3 3 2 1
358 193 2 5 3 2 3
358 197 1 5 3 3 2
358 199 4 3 3 1 2
358 251 4 4 3 3 1
358 293 2 5 3 3 2
358 307 2 5 3 3 2
359 8 4 3 2 1 2
359 26 2 5 3 3 2
359 40 2 5 3 3 2
359 44 1 5 3 2 3
359 86 1 5 3 2 3
359 106 2 5 3 3 2
359 124 2 5 3 3 2
359 194 2 5 3 2 3
359 226 1 5 3 3 2
359 236 1 5 3 3 2
359 248 4 3 3 1 2
359 268 3 5 3 3 2
359 298 4 3 3 2 1
359 304 2 5 3 3 2
359 332 4 2 3 1 1
361 4 1 5 2 2 3
361 16 2 5 2 2 3
361 18 4 2 3 1 1
361 46 1 5 3 2 3
361 74 2 5 3 3 2
361 94 2 5 3 3 2
361 128 4 3 2 2 1
361 166 1 5 3 2 3
361 200 2 5 3 3 2
361 284 2 5 3 3 2
361 288 4 3 3 2 1
362 23 3 5 3 3 2
362 37 2 5 3 3 2
362 67 1 5 3 3 2
362 81 4 2 3 1 1
362 89 2 5 3 2 3
362 101 4 3 3 1 2
362 103 1 5 3 3 2
362 107 3 5 3 2 3
362 131 2 5 3 2 3
362 139 4 3 3 2 1
362 197 2 5 3 2 3
362 211 4 3 3 2 1
362 233 2 5 3 3 2
365 64 1 5 3 3 2
367 10 1 5 3 2 3
367 32 2 5 2 3 2
367 54 4 2 3 1 1
367 62 3 5 3 3 2
367 68 1 5 3 3 2
367 88 1 5 3 3 2
367 158 2 5 3 3 2
367 172 2 5 3 2 3
367 236 4 3 3 2 1
367 248 1 5 3 3 2
367 262 2 5 3 2 3
367 298 1 5 3 3 2
367 314 4 3 3 2 1
367 346 4 4 3 2 2
368 17 2 5 3 3 2
368 67 2 5 3 3 2
368 83 2 5 3 2 3
368 113 1 5 3 2 3
368 137 3 5 3 2 3
368 193 1 5 3 3 2
368 211 4 3 3 2 1
368 227 3 5 3 3 2
368 277 2 5 3 3 2
368 283 2 5 3 3 2
368 347 3 5 3 3 2
371 256 2 5 3 3 2
373 46 4 3 3 1 2
373 82 2 5 3 3 2
373 100 2 5 3 2 3
373 106 4 3 3 1 2
373 142 1 5 3 2 3
373 152 2 5 3 3 2
373 166 4 4 3 2 2
373 178 1 5 3 2 3
373 188 2 5 3 3 2
373 208 2 5 3 2 3
373 212 1 5 3 3 2
373 254 3 5 3 3 2
373 278 2 5 3 3 2
373 344 4 3 3 2 1
376 19 2 5 3 2 3
376 31 2 5 3 2 3
376 53 2 5 3 3 2
376 61 2 5 3 2 3
376 73 4 3 3 1 2
376 79 1 5 3 3 2
376 89 1 5 3 3 2
376 121 2 5 3 2 3
376 233 2 5 3 3 2
376 289 1 5 3 3 2
377 8 1 5 3 3 2
379 34 2 5 3 2 3
379 50 1 5 3 3 2
379 56 1 5 3 3 2
379 76 1 5 3 3 2
379 82 4 3 3 1 2
379 88 4 3 3 1 2
379 94 3 5 3 2 3
379 104 2 5 3 3 2
379 106 1 5 3 2 3
379 148 3 5 3 2 3
379 176 1 5 3 3 2
379 218 4 4 3 2 2
379 236 1 5 3 3 2
379 284 2 5 3 3 2
379 314 2 5 3 3 2
381 4 1 5 3 3 2
382 17 1 5 3 3 2
382 25 2 5 3 2 3
382 47 2 5 3 3 2
382 53 3 5 3 3 2
382 73 1 5 3 3 2
382 83 3 5 3 3 2
382 151 3 5 3 2 3
382 173 1 5 3 3 2
382 179 2 5 3 3 2
382 227 1 5 3 3 2
382 263 2 5 3 3 2
382 283 1 5 3 3 2
382 359 4 4 3 3 1
383 2 2 5 2 3 2
383 4 4 3 2 2 1
383 68 2 5 3 2 3
383 82 2 5 3 3 2
383 98 2 5 3 2 3
383 128 2 5 2 2 3
383 134 4 4 3 2 2
383 152 3 5 3 2 3
383 178 2 5 3 3 2
383 212 2 5 3 3 2
383 268 1 5 3 3 2
383 304 4 3 3 2 1
383 332 2 5 3 3 2
383 334 4 3 3 2 1
384 113 4 3 3 2 1
384 193 4 2 3 1 1
386 1 1 5 2 2 3
386 29 1 5 3 2 3
386 37 4 3 3 2 1
386 41 2 5 3 2 3
386 131 1 5 3 2 3
386 137 4 3 3 1 2
386 139 2 5 3 3 2
386 163 4 3 3 2 1
386 169 2 5 3 3 2
386 199 2 5 3 3 2
386 241 3 5 3 3 2
386 281 3 5 3 2 3
388 3 3 5 3 2 3
388 11 2 5 3 3 2
388 29 4 3 3 2 1
388 47 1 5 3 3 2
388 67 2 5 3 3 2
388 157 2 5 3 2 3
388 167 2 5 3 3 2
388 173 1 5 3 3 2
388 193 1 5 3 2 3
388 223 1 5 3 2 3
388 227 2 5 3 3 2
388 277 3 5 3 3 2
388 283 3 5 3 2 3
388 353 1 5 3 3 2
388 361 4 3 3 2 1
389 4 1 5 2 2 3
389 8 4 3 2 1 2
389 94 2 5 3 3 2
389 104 2 5 3 2 3
389 116 2 5 3 2 3
389 136 1 5 3 3 2
389 172 3 5 3 3 2
389 194 1 5 3 2 3
389 206 1 5 3 3 2
389 256 2 5 2 3 2
389 262 4 4 3 3 1
389 274 1 5 3 3 2
389 304 2 5 3 3 2
389 326 2 5 3 3 2
389 382 4 3 3 2 1
391 64 2 5 3 3 2
392 37 2 5 3 3 2
392 73 1 5 3 3 2
392 81 4 3 3 2 1
392 197 2 5 3 2 3
392 289 4 3 3 2 1
392 361 4 3 3 2 1
394 9 1 5 3 2 3
394 61 2 5 3 3 2
394 71 2 5 3 3 2
394 79 2 5 3 2 3
394 89 2 5 3 3 2
394 97 4 3 3 1 2
394 107 4 4 3 2 2
394 121 2 5 3 2 3
394 139 2 5 3 2 3
394 191 1 5 3 3 2
394 229 2 5 3 2 3
394 233 3 5 3 3 2
394 251 2 5 3 3 2
394 271 1 5 3 3 2
395 4 1 5 3 3 2
397 2 2 5 2 3 2
397 32 1 5 2 3 2
397 40 1 5 3 2 3
397 58 2 5 3 3 2
397 68 2 5 3 3 2
397 98 1 5 3 3 2
397 134 4 3 3 2 1
397 142 2 5 3 2 3
397 188 2 5 3 3 2
397 212 2 5 3 3 2
397 232 1 5 3 2 3
397 254 2 5 3 3 2
397 268 1 5 3 3 2
397 292 1 5 3 2 3
397 316 4 3 3 2 1
397 334 4 4 3 2 2
397 356 4 3 3 2 1
397 362 1 5 3 3 2
397 384 4 3 3 2 1
397 386 4 3 3 2 1
398 13 1 5 3 2 3
398 53 2 5 3 2 3
398 79 4 4 3 2 2
398 83 1 5 3 2 3
398 97 2 5 3 3 2
398 113 2 5 3 2 3
398 131 4 3 3 1 2
398 163 2 5 3 3 2
398 167 2 5 3 2 3
398 181 4 4 3 2 2
398 197 2 5 3 3 2
398 211 2 5 3 3 2
398 307 2 5 3 3 2
398 343 2 5 3 3 2
400 29 1 5 3 3 2
400 127 1 5 3 2 3
401 2 3 5 2 2 3
401 16 2 5 2 2 3
401 44 2 5 3 2 3
401 62 4 3 3 1 2
401 82 2 5 3 3 2
401 116 1 5 3 2 3
401 172 4 3 3 2 1
401 184 2 5 3 3 2
401 194 1 5 3 3 2
401 214 1 5 3 3 2
401 226 1 5 3 3 2
401 236 2 5 3 2 3
401 296 3 5 3 2 3
401 314 1 5 3 3 2
403 4 3 5 3 2 3
403 32 1 5 3 3 2
404 19 2 5 3 2 3
404 47 3 5 3 2 3
404 79 1 5 3 3 2
404 89 2 5 3 2 3
404 131 2 5 3 2 3
404 149 2 5 3 2 3
404 151 3 5 3 3 2
404 157 2 5 3 3 2
404 191 1 5 3 3 2
404 289 2 5 3 3 2
404 307 4 3 3 2 1
404 311 1 5 3 3 2
404 343 4 3 3 2 1
407 8 1 5 3 2 3
409 22 4 3 3 1 2
409 46 2 5 3 3 2
409 64 2 5 2 2 3
409 74 3 5 3 3 2
409 86 2 5 3 3 2
409 124 1 5 3 2 3
409 136 2 5 3 2 3
409 152 4 4 3 3 1
409 200 3 5 3 3 2
409 206 1 5 3 3 2
409 214 2 5 3 2 3
409 254 2 5 3 3 2
409 256 2 5 2 3 2
409 268 4 3 3 1 2
409 304 1 5 3 2 3
409 332 2 5 3 3 2
412 13 1 5 3 2 3
412 17 2 5 3 3 2
412 43 3 5 3 3 2
412 71 3 5 3 3 2
412 83 2 5 3 3 2
412 101 4 3 3 2 1
412 113 2 5 3 3 2
412 127 1 5 3 2 3
412 139 2 5 3 2 3
412 197 1 5 3 3 2
412 251 2 5 3 3 2
412 293 2 5 3 3 2
412 347 2 5 3 3 2
412 409 4 2 3 1 1
416 31 1 5 3 2 3
416 59 1 5 3 2 3
416 83 4 3 3 1 2
416 101 2 5 3 2 3
416 179 1 5 3 3 2
416 199 2 5 3 3 2
416 211 1 5 3 3 2
416 229 2 5 3 3 2
416 251 2 5 3 2 3
416 257 4 3 3 1 2
416 361 1 5 3 3 2
419 2 4 3 2 1 2
419 16 2 5 2 3 2
419 34 2 5 3 2 3
419 62 3 5 3 2 3
419 64 1 5 2 3 2
419 74 2 5 3 2 3
419 134 2 5 3 2 3
419 146 3 5 3 2 3
419 164 2 5 3 2 3
419 166 1 5 3 3 2
419 232 3 5 3 3 2
419 244 2 5 3 3 2
419 274 2 5 3 3 2
419 288 4 3 3 2 1
419 296 3 5 3 3 2
419 362 4 4 3 2 2
419 386 1 5 3 3 2
419 388 4 3 3 2 1
421 8 2 5 2 3 2
421 14 2 5 3 3 2
421 34 1 5 3 3 2
421 44 2 5 3 3 2
421 52 4 4 3 2 2
421 64 3 5 2 2 3
421 76 2 5 3 2 3
421 106 2 5 3 2 3
421 118 4 4 3 2 2
421 134 1 5 3 3 2
421 188 4 4 3 3 1
421 206 1 5 3 3 2
421 244 2 5 3 3 2
421 316 1 5 3 2 3
421 344 2 5 3 3 2
421 352 4 3 3 1 2
421 356 2 5 3 3 2
422 7 2 5 3 3 2
422 23 1 5 3 2 3
422 37 1 5 3 2 3
422 103 1 5 3 3 2
422 137 1 5 3 2 3
422 163 2 5 3 3 2
422 167 2 5 3 2 3
422 173 2 5 3 3 2
422 199 4 3 3 2 1
422 227 1 5 3 2 3
422 243 4 4 3 3 1
422 257 2 5 3 2 3
422 293 1 5 3 3 2
422 311 4 3 3 1 2
422 337 3 5 3 3 2
422 383 1 5 3 3 2
423 32 1 5 3 3 2
424 11 1 5 3 3 2
424 13 4 4 3 2 2
424 31 2 5 3 3 2
424 59 2 5 3 3 2
424 101 1 5 3 3 2
424 103 4 4 3 2 2
424 109 1 5 3 2 3
424 137 2 5 3 3 2
424 151 1 5 3 2 3
424 157 4 4 3 2 2
424 239 1 5 3 3 2
424 241 1 5 3 3 2
424 269 2 5 3 3 2
424 281 1 5 3 3 2
427 2 1 5 3 3 2
427 128 2 5 3 3 2
428 1 2 5 2 3 2
428 37 1 5 3 3 2
428 43 2 5 3 2 3
428 83 2 5 3 2 3
428 127 1 5 3 3 2
428 167 1 5 3 3 2
428 181 2 5 3 3 2
428 223 2 5 3 3 2
428 281 4 3 3 1 2
428 311 4 3 3 1 2
428 313 1 5 3 3 2
428 337 1 5 3 3 2
431 4 2 5 2 3 2
431 24 3 5 3 3 2
431 46 1 5 3 2 3
431 68 4 3 3 1 2
431 74 1 5 3 2 3
431 86 2 5 3 2 3
431 158 2 5 3 2 3
431 164 2 5 3 3 2
431 178 3 5 3 3 2
431 184 2 5 3 3 2
431 196 1 5 3 3 2
431 214 3 5 3 3 2
431 218 4 4 3 2 2
431 236 2 5 3 2 3
431 262 4 4 3 3 1
431 284 1 5 3 3 2
431 346 1 5 3 3 2
432 89 4 2 3 1 1
432 181 4 2 3 1 1
432 431 4 1 3 1 0
433 4 2 5 2 2 3
433 22 1 5 3 3 2
433 48 2 5 3 2 3
433 62 2 5 3 3 2
433 92 2 5 3 3 2
433 118 1 5 3 2 3
433 128 1 5 2 3 2
433 148 1 5 3 2 3
433 178 2 5 3 2 3
433 202 3 5 3 2 3
433 212 1 5 3 3 2
433 214 4 3 3 1 2
433 218 1 5 3 3 2
433 232 1 5 3 3 2
433 272 2 5 3 3 2
433 304 4 4 3 2 2
433 376 4 3 3 1 2
436 1 1 5 2 2 3
436 17 4 3 3 2 1
436 19 2 5 3 3 2
436 29 2 5 3 3 2
436 37 3 5 3 2 3
436 59 1 5 3 3 2
436 79 1 5 3 2 3
436 149 1 5 3 3 2
436 191 3 5 3 3 2
436 227 2 5 3 3 2
436 229 2 5 3 3 2
436 271 1 5 3 2 3
436 307 4 3 3 1 2
436 331 2 5 3 2 3
436 347 4 3 3 2 1
436 359 2 5 3 3 2
436 433 4 3 3 2 1
437 8 1 5 3 2 3
438 1 4 3 3 1 2
439 16 1 5 2 3 2
439 26 3 5 3 3 2
439 44 2 5 3 3 2
439 54 3 5 3 2 3
439 94 1 5 3 2 3
439 116 1 5 3 3 2
439 158 4 3 3 2 1
439 166 2 5 3 2 3
439 184 3 5 3 2 3
439 192 4 3 3 1 2
439 224 2 5 3 3 2
439 226 2 5 3 3 2
439 254 2 5 3 3 2
439 274 1 5 3 2 3
439 296 1 5 3 3 2
439 320 2 5 3 3 2
439 362 4 4 3 2 2
441 8 4 2 3 1 1
443 8 2 5 2 2 3
443 40 2 5 3 3 2
443 52 1 5 3 3 2
443 58 2 5 3 2 3
443 96 4 3 3 2 1
443 118 1 5 3 3 2
443 142 2 5 3 3 2
443 152 1 5 3 3 2
443 184 2 5 3 3 2
443 208 3 5 3 3 2
443 212 2 5 3 2 3
443 216 4 2 3 1 1
443 272 2 5 3 3 2
443 278 3 5 3 2 3
443 298 2 5 3 3 2
443 338 2 5 3 2 3
443 352 1 5 3 3 2
446 9 1 5 3 3 2
446 19 2 5 3 3 2
446 47 2 5 3 2 3
446 61 1 5 3 2 3
446 89 2 5 3 2 3
446 137 4 4 3 2 2
446 149 3 5 3 3 2
446 181 1 5 3 3 2
446 191 1 5 3 2 3
446 199 2 5 3 3 2
446 251 1 5 3 2 3
446 269 1 5 3 3 2
446 313 2 5 3 3 2
446 331 3 5 3 3 2
446 359 1 5 3 3 2
446 373 4 4 3 3 1
448 61 4 3 3 1 2
448 103 1 5 3 2 3
448 107 2 5 3 3 2
448 109 4 3 3 1 2
448 113 2 5 3 3 2
448 163 3 5 3 2 3
448 191 4 3 3 2 1
448 283 2 5 3 2 3
448 293 1 5 3 3 2
449 20 1 5 3 2 3
449 34 1 5 3 3 2
449 46 2 5 3 3 2
449 64 3 5 2 2 3
449 104 2 5 3 2 3
449 108 4 3 3 1 2
449 134 2 5 3 2 3
449 146 2 5 3 3 2
449 178 4 4 3 3 1
449 196 1 5 3 3 2
449 202 2 5 3 3 2
449 214 2 5 3 3 2
449 218 2 5 3 2 3
449 244 2 5 3 3 2
449 254 1 5 3 2 3
449 316 2 5 3 3 2
449 344 1 5 3 2 3
449 356 2 5 3 3 2
449 368 4 3 3 2 1
449 412 4 4 3 3 1
451 4 1 5 3 3 2
451 32 4 4 3 3 1
451 256 1 5 3 2 3
452 11 4 3 3 1 2
452 17 2 5 3 2 3
452 23 2 5 3 2 3
452 53 1 5 3 2 3
452 67 2 5 3 2 3
452 107 1 5 3 2 3
452 137 2 5 3 2 3
452 157 1 5 3 3 2
452 193 3 5 3 3 2
452 197 2 5 3 2 3
452 199 2 5 3 3 2
452 263 1 5 3 3 2
452 307 2 5 3 3 2
452 347 2 5 3 2 3
452 349 4 3 3 2 1
452 353 2 5 3 3 2
452 367 1 5 3 3 2
452 379 4 3 3 2 1
452 401 4 3 3 1 2
452 419 4 4 3 2 2
452 431 4 3 3 1 2
453 2 1 5 3 3 2
453 16 4 4 3 2 2
454 1 2 5 2 3 2
454 19 1 5 3 2 3
454 29 2 5 3 3 2
454 41 1 5 3 3 2
454 83 4 4 3 2 2
454 97 3 5 3 2 3
454 131 1 5 3 3 2
454 169 2 5 3 2 3
454 181 1 5 3 2 3
454 239 2 5 3 3 2
454 251 1 5 3 3 2
454 311 1 5 3 3 2
454 317 4 3 3 2 1
454 343 4 3 3 1 2
454 349 1 5 3 2 3
457 2 2 5 2 2 3
457 28 2 5 3 2 3
457 36 4 3 3 2 1
457 58 2 5 3 2 3
457 94 4 4 3 2 2
457 128 2 5 2 3 2
457 144 4 2 3 1 1
457 152 2 5 3 3 2
457 158 2 5 3 3 2
457 172 2 5 3 2 3
457 208 2 5 3 3 2
457 236 3 5 3 3 2
457 248 2 5 3 3 2
457 292 2 5 3 2 3
457 302 2 5 3 3 2
457 338 1 5 3 3 2
457 362 2 5 3 3 2
458 7 1 5 3 3 2
458 23 2 5 3 2 3
458 59 2 5 3 2 3
458 67 2 5 3 3 2
458 73 2 5 3 2 3
458 89 4 3 3 1 2
458 101 4 5 3 2 3
458 103 1 5 3 3 2
458 137 2 5 3 3 2
458 157 2 5 3 3 2
458 193 2 5 3 3 2
458 227 2 5 3 2 3
458 257 1 5 3 3 2
458 263 2 5 3 2 3
458 283 1 5 3 3 2
458 347 2 5 3 3 2
458 367 1 5 3 3 2
458 421 4 3 3 2 1
459 256 2 5 3 3 2
461 8 4 4 2 2 2
461 22 4 4 3 3 1
461 32 2 5 2 2 3
461 34 2 5 3 3 2
461 76 2 5 3 2 3
461 104 1 5 3 2 3
461 134 2 5 3 3 2
461 166 2 5 3 3 2
461 176 2 5 3 2 3
461 188 3 5 3 2 3
461 202 2 5 3 3 2
461 206 2 5 3 2 3
461 212 4 3 3 1 2
461 244 2 5 3 3 2
461 254 3 5 3 3 2
461 268 4 2 3 1 1
461 274 1 5 3 3 2
461 316 2 5 3 3 2
461 344 1 5 3 3 2
461 356 1 5 3 2 3
461 368 4 3 3 1 2
463 8 1 5 2 2 3
463 34 3 5 3 2 3
463 64 3 5 2 2 3
463 92 3 5 3 3 2
463 98 2 5 3 3 2
463 118 3 5 3 2 3
463 122 1 5 3 3 2
463 148 2 5 3 2 3
463 164 3 5 3 3 2
463 188 3 5 3 3 2
463 202 1 5 3 3 2
463 208 2 5 3 2 3
463 232 2 5 3 2 3
463 242 1 5 3 3 2
463 256 4 3 2 1 2
463 268 2 5 3 2 3
463 274 4 4 3 2 2
463 278 3 5 3 3 2
463 302 3 5 3 3 2
463 398 1 5 3 3 2
463 404 4 3 3 2 1
464 9 2 5 3 2 3
464 19 3 5 3 3 2
464 61 1 5 3 3 2
464 79 1 5 3 2 3
464 131 1 5 3 3 2
464 163 3 5 3 3 2
464 191 2 5 3 2 3
464 199 2 5 3 3 2
464 229 1 5 3 3 2
464 233 2 5 3 2 3
464 251 2 5 3 3 2
464 277 2 5 3 3 2
464 293 4 3 3 1 2
464 331 2 5 3 3 2
464 337 4 3 3 2 1
466 11 2 5 3 2 3
466 23 4 3 3 2 1
466 29 3 5 3 3 2
466 31 1 5 3 2 3
466 53 4 4 3 2 2
466 59 2 5 3 3 2
466 67 3 5 3 2 3
466 89 1 5 3 3 2
466 109 1 5 3 2 3
466 127 4 3 3 1 2
466 179 3 5 3 3 2
466 193 4 4 3 1 3
466 199 1 5 3 3 2
466 227 4 4 3 3 1
466 271 1 5 3 2 3
466 283 4 4 3 2 2
466 311 2 5 3 3 2
466 317 4 3 3 2 1
466 389 2 5 3 3 2
466 431 3 5 3 3 2
467 2 2 5 2 2 3
467 16 2 5 2 3 2
467 36 4 2 3 1 1
467 38 1 5 3 2 3
467 68 1 5 3 2 3
467 82 1 5 3 2 3
467 122 2 5 3 2 3
467 128 1 5 2 3 2
467 142 2 5 3 3 2
467 148 2 5 3 3 2
467 212 2 5 3 2 3
467 226 4 4 3 3 1
467 236 3 5 3 2 3
467 248 1 5 3 3 2
467 292 2 5 3 3 2
467 304 4 3 3 2 1
467 338 3 5 3 3 2
467 352 1 5 3 3 2
469 2 4 3 3 2 1
469 4 1 5 3 2 3
472 17 2 5 3 2 3
472 43 1 5 3 2 3
472 73 1 5 3 2 3
472 137 3 5 3 3 2
472 157 1 5 3 2 3
472 173 1 5 3 3 2
472 193 2 5 3 3 2
472 199 3 5 3 2 3
472 239 4 3 3 2 1
472 241 4 5 3 2 3
472 263 2 5 3 3 2
472 269 2 5 3 3 2
472 277 1 5 3 2 3
472 307 2 5 3 2 3
472 353 3 5 3 3 2
472 409 4 3 3 1 2
472 461 4 3 3 2 1
473 8 2 5 3 2 3
478 5 1 5 3 3 2
478 23 3 5 3 2 3
478 49 3 5 3 2 3
478 83 2 5 3 3 2
478 107 1 5 3 3 2
478 137 2 5 3 3 2
478 149 3 5 3 3 2
478 173 1 5 3 3 2
478 193 2 5 3 2 3
478 257 2 5 3 3 2
478 263 2 5 3 3 2
478 313 2 5 3 2 3
478 317 2 5 3 3 2
478 331 4 3 3 1 2
478 349 4 3 3 1 2
478 373 1 5 3 2 3
478 383 3 5 3 3 2
478 401 4 4 3 2 2
478 457 2 5 3 3 2
479 4 2 5 2 3 2
479 12 4 2 3 1 1
479 14 1 5 3 2 3
479 62 4 3 3 1 2
479 76 2 5 3 3 2
479 80 2 5 3 2 3
479 88 4 4 3 2 2
479 94 2 5 3 2 3
479 116 2 5 3 3 2
479 158 4 4 3 2 2
479 184 2 5 3 3 2
479 192 4 4 3 2 2
479 206 2 5 3 2 3
479 214 2 5 3 3 2
479 224 3 5 3 2 3
479 226 3 5 3 3 2
479 262 2 5 3 3 2
479 284 3 5 3 2 3
479 314 1 5 3 2 3
479 326 2 5 3 3 2
479 328 4 3 3 2 1
479 346 2 5 3 3 2
479 424 1 5 3 3 2
479 432 4 2 3 1 1
479 458 4 3 3 1 2
481 16 2 5 3 2 3
482 1 2 5 2 3 2
482 13 2 5 3 3 2
482 31 4 4 3 2 2
482 53 2 5 3 2 3
482 79 2 5 3 3 2
482 83 2 5 3 2 3
482 97 2 5 3 2 3
482 113 2 5 3 3 2
482 127 2 5 3 3 2
482 163 3 5 3 3 2
482 167 1 5 3 2 3
482 181 2 5 3 3 2
482 197 3 5 3 2 3
482 223 1 5 3 3 2
482 233 1 5 3 3 2
482 239 4 3 3 2 1
482 277 2 5 3 3 2
482 317 2 5 3 2 3
482 337 2 5 3 3 2
482 361 4 3 3 2 1
484 1 2 5 2 2 3
484 29 2 5 3 2 3
484 49 2 5 3 2 3
484 71 1 5 3 3 2
484 127 2 5 3 2 3
484 139 2 5 3 2 3
484 167 4 4 3 3 1
484 179 1 5 3 3 2
484 181 1 5 3 3 2
484 211 2 5 3 2 3
484 223 4 4 3 2 2
484 229 1 5 3 2 3
484 281 2 5 3 3 2
484 419 1 5 3 3 2
484 457 4 2 3 1 1
486 31 1 5 3 2 3
486 109 1 5 3 3 2
486 113 4 2 3 1 1
486 233 4 3 3 1 2
486 313 4 3 3 2 1
486 397 4 2 3 1 1
486 467 4 2 3 1 1
487 4 4 4 2 1 3
487 32 2 5 2 2 3
487 44 4 3 3 2 1
487 52 1 5 3 2 3
487 58 2 5 3 2 3
487 74 3 5 3 3 2
487 88 2 5 3 2 3
487 122 2 5 3 3 2
487 142 2 5 3 2 3
487 158 1 5 3 3 2
487 160 4 3 3 1 2
487 164 2 5 3 3 2
487 178 2 5 3 3 2
487 194 4 3 3 2 1
487 202 2 5 3 2 3
487 272 1 5 3 3 2
487 278 1 5 3 3 2
487 292 1 5 3 2 3
487 316 4 4 3 2 2
487 332 3 5 3 3 2
487 334 4 3 3 1 2
487 368 2 5 3 3 2
487 382 2 5 3 2 3
487 448 2 5 3 3 2
488 5 3 5 3 2 3
488 7 2 5 3 3 2
488 23 1 5 3 2 3
488 31 4 3 3 2 1
488 37 3 5 3 3 2
488 73 1 5 3 3 2
488 97 1 5 3 3 2
488 103 1 5 3 2 3
488 107 1 5 3 3 2
488 139 4 4 3 3 1
488 163 2 5 3 3 2
488 227 2 5 3 3 2
488 233 2 5 3 2 3
488 251 4 3 3 1 2
488 257 1 5 3 2 3
488 269 4 3 3 1 2
488 271 3 5 3 3 2
488 293 2 5 3 2 3
488 317 2 5 3 3 2
488 373 2 5 3 3 2
488 383 2 5 3 2 3
488 397 2 5 3 3 2
488 439 4 3 3 2 1
491 26 2 5 3 2 3
491 36 1 5 3 2 3
491 62 3 5 3 2 3
491 64 1 5 2 3 2
491 92 3 5 3 2 3
491 104 1 5 3 3 2
491 106 2 5 3 2 3
491 128 4 3 2 1 2
491 136 1 5 3 3 2
491 146 2 5 3 2 3
491 172 2 5 3 3 2
491 176 2 5 3 2 3
491 206 3 5 3 2 3
491 208 4 3 3 2 1
491 224 1 5 3 3 2
491 244 2 5 3 3 2
491 274 2 5 3 3 2
491 304 1 5 3 3 2
491 314 4 5 3 3 2
491 326 2 5 3 2 3
491 382 4 3 3 2 1
494 1 2 5 3 3 2
496 1 1 5 2 2 3
496 41 1 5 3 2 3
496 59 1 5 3 3 2
496 89 1 5 3 3 2
496 107 4 3 3 2 1
496 127 4 4 3 2 2
496 131 3 5 3 3 2
496 139 1 5 3 2 3
496 167 3 5 3 3 2
496 169 3 5 3 3 2
496 197 2 5 3 3 2
496 211 2 5 3 2 3
496 241 2 5 3 2 3
496 243 4 3 3 1 2
496 281 1 5 3 3 2
496 283 4 4 3 2 2
496 401 1 5 3 3 2
496 419 2 5 3 3 2
496 439 2 5 3 3 2
496 461 2 5 3 3 2
499 16 1 5 2 2 3
499 26 1 5 3 3 2
499 34 2 5 3 2 3
499 44 3 5 3 2 3
499 62 3 5 3 3 2
499 86 2 5 3 3 2
499 92 4 4 3 2 2
499 96 2 5 3 3 2
499 128 2 5 2 3 2
499 142 4 4 3 1 3
499 164 1 5 3 3 2
499 166 1 5 3 3 2
499 188 4 3 3 2 1
499 194 3 5 3 3 2
499 214 2 5 3 2 3
499 226 2 5 3 2 3
499 248 4 3 3 2 1
499 262 4 3 3 1 2
499 268 3 5 3 2 3
499 278 2 5 3 3 2
499 296 2 5 3 3 2
499 304 3 5 3 2 3
499 334 2 5 3 2 3
499 356 2 5 3 3 2
499 394 2 5 3 2 3
499 404 3 5 3 3 2
499 428 4 3 3 2 1
499 436 2 5 3 3 2
499 478 4 3 3 1 2
500 17 2 5 3 2 3
500 109 1 5 3 3 2
500 113 4 3 3 1 2
500 241 1 5 3 3 2
502 37 2 5 3 2 3
502 47 1 5 3 2 3
502 49 4 4 3 2 2
502 73 2 5 3 2 3
502 79 4 4 3 2 2
502 103 2 5 3 2 3
502 107 2 5 3 3 2
502 125 1 5 3 3 2
502 131 4 4 3 2 2
502 151 4 3 3 1 2
502 163 2 5 3 3 2
502 229 2 5 3 2 3
502 257 3 5 3 3 2
502 293 1 5 3 3 2
502 311 4 3 3 2 1
502 317 1 5 3 3 2
502 359 3 5 3 3 2
502 383 1 5 3 3 2
502 389 4 3 3 2 1
502 397 2 5 3 2 3
502 433 1 5 3 3 2
502 467 2 5 3 3 2
503 6 4 3 3 1 2
503 8 2 5 2 2 3
503 22 1 5 3 3 2
503 48 1 5 3 2 3
503 52 1 5 3 3 2
503 58 3 5 3 3 2
503 92 2 5 3 3 2
503 112 2 5 3 3 2
503 118 1 5 3 2 3
503 146 2 5 3 2 3
503 148 2 5 3 3 2
503 162 2 5 3 3 2
503 164 4 4 3 2 2
503 176 4 4 3 2 2
503 202 3 5 3 3 2
503 212 1 5 3 3 2
503 218 2 5 3 2 3
503 256 2 5 2 3 2
503 272 1 5 3 2 3
503 302 1 5 3 3 2
503 316 2 5 3 3 2
503 344 4 4 3 2 2
503 358 3 5 3 3 2
503 384 4 3 3 1 2
503 386 4 4 3 2 2
503 398 2 5 3 2 3
503 412 1 5 3 3 2
503 436 4 3 3 2 1
508 25 2 5 3 2 3
508 43 2 5 3 2 3
508 53 1 6 3 3 3
508 73 2 5 3 2 3
508 101 2 5 3 3 2
508 137 1 5 3 3 2
508 151 4 4 3 1 3
508 157 1 5 3 3 2
508 163 1 5 3 2 3
508 223 2 5 3 2 3
508 229 4 4 3 2 2
508 233 1 5 3 3 2
508 277 1 5 3 2 3
508 281 4 3 3 2 1
508 343 2 5 3 2 3
508 347 3 5 3 3 2
508 349 4 3 3 1 2
508 353 2 5 3 3 2
508 389 3 5 3 3 2
508 421 4 3 3 1 2
508 499 4 3 3 2 1
509 16 2 5 2 3 2
509 26 2 5 3 2 3
509 44 1 5 3 2 3
509 74 2 5 3 2 3
509 80 2 5 3 2 3
509 86 1 5 3 3 2
509 98 4 3 3 1 2
509 106 2 5 3 3 2
509 118 2 5 3 3 2
509 124 1 5 3 2 3
509 184 2 5 3 3 2
509 192 4 2 3 1 1
509 194 2 5 3 2 3
509 206 2 5 3 3 2
509 218 4 3 3 1 2
509 236 1 5 3 2 3
509 242 4 3 3 1 2
509 250 3 5 3 3 2
509 254 1 5 3 2 3
509 256 1 5 2 3 2
509 296 2 5 3 3 2
509 302 4 3 3 1 2
509 376 1 5 3 3 2
509 394 2 5 3 3 2
509 404 2 5 3 2 3
511 16 2 5 3 2 3
511 32 4 3 3 2 1
511 256 1 5 3 2 3
512 25 4 3 2 2 1
512 43 3 5 2 3 2
512 47 1 5 2 2 3
512 77 3 5 3 2 3
512 83 2 6 2 3 3
512 97 1 5 2 3 2
512 127 2 5 2 2 3
512 149 4 3 2 1 2
512 155 2 5 3 2 3
512 167 1 5 2 2 3
512 193 1 5 2 3 2
512 203 2 5 3 3 2
512 247 2 5 3 3 2
512 253 1 5 3 3 2
512 265 3 5 3 3 2
512 281 3 5 2 2 3
512 293 1 5 2 3 2
512 307 2 5 2 3 2
512 457 1 5 2 3 2
512 467 4 4 2 2 2
514 19 2 5 3 2 3
514 31 1 5 3 2 3
514 41 2 5 3 3 2
514 59 1 5 3 2 3
514 67 4 4 3 2 2
514 101 2 5 3 3 2
514 103 4 3 3 1 2
514 137 3 5 3 3 2
514 149 1 5 3 3 2
514 151 2 5 3 3 2
514 157 3 5 3 2 3
514 179 1 5 3 3 2
514 191 3 5 3 3 2
514 199 2 5 3 2 3
514 227 3 5 3 3 2
514 241 2 5 3 2 3
514 311 2 5 3 3 2
514 347 4 4 3 3 1
514 373 4 3 3 1 2
514 409 2 5 3 2 3
514 421 2 5 3 3 2
514 503 4 3 3 2 1
519 64 1 5 3 2 3
519 512 4 2 3 1 1
521 4 2 5 2 3 2
521 18 4 3 3 2 1
521 38 2 5 3 2 3
521 40 2 5 3 3 2
521 58 4 3 3 2 1
521 74 1 5 3 3 2
521 92 4 4 3 1 3
521 94 1 5 3 3 2
521 106 1 5 3 3 2
521 112 4 3 3 2 1
521 136 1 5 3 2 3
521 144 2 5 3 3 2
521 164 3 5 3 2 3
521 176 1 5 3 2 3
521 194 2 5 3 3 2
521 256 1 5 2 3 2
521 274 2 5 3 3 2
521 278 4 3 3 2 1
521 284 1 5 3 3 2
521 302 4 3 3 1 2
521 304 2 5 3 3 2
521 326 1 5 3 2 3
521 334 2 5 3 3 2
521 376 2 5 3 3 2
521 398 4 3 3 1 2
521 436 2 5 3 3 2
521 452 4 4 3 2 2
521 466 3 5 3 3 2
523 28 2 5 3 2 3
523 38 1 5 3 3 2
523 58 2 5 3 2 3
523 68 2 5 3 2 3
523 72 2 5 3 3 2
523 86 3 5 3 3 2
523 88 1 5 3 2 3
523 104 4 4 3 3 1
523 128 3 5 2 3 2
523 142 2 5 3 3 2
523 166 2 5 3 2 3
523 208 1 5 3 2 3
523 218 1 5 3 3 2
523 236 3 5 3 3 2
523 254 4 4 3 3 1
523 268 2 5 3 2 3
523 292 1 5 3 2 3
523 302 2 5 3 3 2
523 324 4 3 3 2 1
523 328 2 5 3 2 3
523 338 2 5 3 3 2
523 362 2 5 3 3 2
523 412 1 5 3 3 2
523 446 3 5 3 3 2
523 478 1 5 3 3 2
524 29 2 5 3 2 3
524 31 2 5 3 3 2
524 41 1 5 3 2 3
524 59 3 5 3 2 3
524 71 3 5 3 3 2
524 73 4 4 3 2 2
524 97 4 4 3 2 2
524 121 2 5 3 3 2
524 125 1 5 3 2 3
524 139 2 6 3 3 3
524 163 4 3 3 2 1
524 169 2 5 3 3 2
524 179 3 5 3 2 3
524 191 2 5 3 3 2
524 227 4 3 3 1 2
524 233 4 3 3 1 2
524 239 1 5 3 2 3
524 251 2 5 3 2 3
524 269 2 5 3 2 3
524 271 1 5 3 3 2
524 293 3 5 3 2 3
524 337 3 5 3 3 2
524 379 3 5 3 3 2
524 397 4 3 3 2 1
524 419 1 5 3 2 3
524 433 2 5 3 3 2
524 491 2 5 3 3 2
526 1 2 5 2 2 3
526 29 2 5 3 3 2
526 71 1 5 3 2 3
526 89 2 5 3 3 2
526 97 3 5 3 2 3
526 101 2 5 3 3 2
526 113 4 4 3 2 2
526 139 2 5 3 3 2
526 169 1 5 3 2 3
526 173 4 3 3 2 1
526 181 1 5 3 2 3
526 211 2 5 3 2 3
526 239 2 5 3 3 2
526 241 2 5 3 2 3
526 251 4 5 3 3 2
526 347 4 3 3 2 1
526 409 2 5 3 3 2
526 431 1 5 3 3 2
526 433 4 4 3 2 2
526 449 2 5 3 3 2
526 461 1 5 3 3 2
526 463 4 4 3 2 2
526 503 4 3 3 2 1
527 32 1 5 3 2 3
527 128 2 5 3 2 3
529 4 1 5 2 2 3
529 8 4 3 2 2 1
529 32 4 5 2 3 2
529 56 1 5 3 3 2
529 74 1 5 3 2 3
529 94 2 5 3 2 3
529 98 4 4 3 3 1
529 100 1 5 3 2 3
529 116 2 5 3 3 2
529 122 2 5 3 3 2
529 134 1 5 3 3 2
529 136 3 5 3 3 2
529 162 4 2 3 1 1
529 164 2 5 3 3 2
529 206 2 5 3 3 2
529 256 2 5 2 2 3
529 274 2 5 3 2 3
529 292 4 3 3 1 2
529 326 1 5 3 3 2
529 332 4 4 3 3 1
529 386 2 5 3 3 2
529 472 2 5 3 3 2
533 16 4 4 3 2 2
533 512 1 5 3 3 2
535 128 1 5 3 3 2
536 19 2 5 3 3 2
536 25 1 5 3 3 2
536 53 3 5 3 2 3
536 59 2 5 3 3 2
536 101 2 5 3 2 3
536 109 2 5 3 3 2
536 151 3 5 3 2 3
536 179 2 6 3 3 3
536 197 4 3 3 1 2
536 223 4 4 3 3 1
536 241 2 5 3 3 2
536 263 2 5 3 2 3
536 269 1 5 3 3 2
536 281 2 5 3 2 3
536 283 2 5 3 3 2
536 289 2 5 3 3 2
536 349 2 5 3 3 2
536 361 1 5 3 3 2
536 383 4 3 3 1 2
536 421 1 5 3 3 2
536 457 4 3 3 2 1
536 479 2 5 3 3 2
538 1 4 4 2 2 2
538 13 2 5 3 2 3
538 23 1 5 3 3 2
538 43 1 5 3 2 3
538 73 1 5 3 2 3
538 83 2 5 3 2 3
538 113 1 5 3 3 2
538 125 1 5 3 3 2
538 127 3 5 3 3 2
538 131 4 4 3 2 2
538 167 1 5 3 3 2
538 193 1 5 3 2 3
538 197 2 5 3 3 2
538 239 2 5 3 3 2
538 307 1 5 3 2 3
538 317 2 5 3 3 2
538 397 1 5 3 3 2
538 419 2 5 3 3 2
538 449 4 4 3 3 1
538 463 2 5 3 3 2
541 12 4 3 3 2 1
541 14 2 5 3 3 2
541 44 2 5 3 3 2
541 68 3 5 3 3 2
541 86 2 6 3 3 3
541 92 4 3 3 2 1
541 104 1 5 3 3 2
541 118 4 3 3 1 2
541 124 2 5 3 3 2
541 158 4 3 3 2 1
541 164 1 5 3 3 2
541 184 1 5 3 2 3
541 196 2 5 3 2 3
541 200 2 5 3 3 2
541 218 2 5 3 3 2
541 226 3 5 3 2 3
541 236 3 5 3 3 2
541 254 1 5 3 3 2
541 320 2 5 3 3 2
541 352 4 4 3 2 2
541 356 1 5 3 3 2
541 376 3 5 3 2 3
541 394 2 5 3 3 2
541 446 2 5 3 3 2
541 454 4 4 3 2 2
541 464 2 5 3 3 2
541 482 4 4 3 3 1
541 508 4 3 3 1 2
542 17 1 5 3 2 3
542 47 1 5 3 2 3
542 53 2 5 3 3 2
542 59 4 4 3 1 3
542 67 2 5 3 3 2
542 73 2 5 3 3 2
542 107 3 5 3 2 3
542 113 1 5 3 2 3
542 151 2 5 3 3 2
542 157 2 5 3 2 3
542 173 2 5 3 3 2
542 223 2 5 3 3 2
542 257 2 5 3 2 3
542 263 3 5 3 3 2
542 277 1 5 3 3 2
542 283 2 5 3 3 2
542 331 4 3 3 2 1
542 347 2 5 3 2 3
542 409 4 4 3 2 2
542 503 2 5 3 3 2
544 3 4 2 3 1 1
544 11 2 5 3 3 2
544 61 2 5 3 2 3
544 71 1 5 3 3 2
544 79 2 5 3 2 3
544 89 2 5 3 2 3
544 107 3 5 3 3 2
544 121 1 5 3 3 2
544 149 1 5 3 3 2
544 263 4 3 3 2 1
544 271 2 5 3 2 3
544 349 1 5 3 2 3
544 359 1 5 3 3 2
544 379 1 5 3 2 3
544 401 1 5 3 3 2
544 457 2 5 3 3 2
544 479 1 5 3 3 2
545 64 2 5 3 3 2
547 8 2 5 2 3 2
547 14 3 5 3 3 2
547 44 4 3 3 2 1
547 62 1 5 3 3 2
547 64 2 5 2 2 3
547 82 1 5 3 2 3
547 86 4 3 3 2 1
547 92 2 5 3 2 3
547 118 1 6 3 3 3
547 148 3 5 3 2 3
547 164 4 3 3 2 1
547 202 2 5 3 2 3
547 212 1 5 3 3 2
547 216 4 3 3 2 1
547 218 2 5 3 3 2
547 226 4 3 3 1 2
547 232 2 5 3 2 3
547 248 2 5 3 3 2
547 272 1 5 3 3 2
547 284 4 3 3 2 1
547 338 3 5 3 3 2
547 352 2 5 3 2 3
547 388 3 5 3 3 2
547 428 1 5 3 3 2
547 454 4 5 3 3 2
548 13 2 5 3 3 2
548 29 4 3 3 1 2
548 37 1 5 3 3 2
548 47 1 5 3 3 2
548 67 2 5 3 3 2
548 79 3 5 3 3 2
548 97 1 5 3 3 2
548 101 4 4 3 2 2
548 103 2 5 3 3 2
548 149 3 5 3 2 3
548 157 1 5 3 3 2
548 163 1 5 3 2 3
548 167 2 5 3 3 2
548 169 4 3 3 2 1
548 193 2 5 3 3 2
548 229 2 5 3 3 2
548 233 2 5 3 2 3
548 257 2 5 3 3 2
548 313 1 5 3 3 2
548 317 2 5 3 2 3
548 353 1 5 3 2 3
548 383 2 5 3 2 3
548 439 4 4 3 3 1
548 457 3 5 3 3 2
553 2 2 5 3 3 2
553 8 1 5 3 3 2
553 256 4 3 3 1 2
554 1 2 5 2 3 2
554 29 2 5 3 2 3
554 41 1 5 3 3 2
554 61 2 5 3 3 2
554 73 3 5 3 3 2
554 109 2 5 3 3 2
554 125 2 5 3 2 3
554 139 3 5 3 3 2
554 151 1 5 3 3 2
554 169 1 5 3 2 3
554 181 4 4 3 3 1
554 239 2 5 3 2 3
554 251 1 5 3 3 2
554 281 1 5 3 2 3
554 283 4 3 3 2 1
554 307 2 5 3 3 2
554 349 2 5 3 3 2
554 359 2 5 3 2 3
554 389 3 5 3 2 3
554 421 2 5 3 3 2
554 449 1 5 3 2 3
554 461 2 5 3 3 2
554 467 4 3 3 1 2
554 487 4 3 3 2 1
554 491 2 5 3 3 2
556 5 2 5 3 3 2
556 29 1 5 3 3 2
556 37 4 3 3 1 2
556 59 1 5 3 3 2
556 71 2 5 3 3 2
556 73 3 5 3 2 3
556 101 2 5 3 2 3
556 109 1 5 3 3 2
556 149 1 5 3 3 2
556 157 3 5 3 2 3
556 167 4 3 3 2 1
556 179 2 5 3 3 2
556 197 4 3 3 2 1
556 199 2 5 3 2 3
556 211 1 5 3 2 3
556 269 2 5 3 3 2
556 347 2 5 3 3 2
556 361 2 5 3 2 3
556 379 3 5 3 3 2
556 401 3 5 3 3 2
556 479 3 5 3 3 2
557 2 2 5 2 2 3
557 4 2 5 2 3 2
557 16 4 3 2 2 1
557 32 2 5 2 2 3
557 38 2 5 3 3 2
557 52 3 5 3 3 2
557 86 4 3 3 1 2
557 88 3 5 3 3 2
557 92 1 5 3 2 3
557 106 3 5 3 3 2
557 122 1 5 3 2 3
557 128 1 5 2 2 3
557 158 1 6 3 3 3
557 202 1 5 3 3 2
557 242 2 5 3 2 3
557 248 2 5 3 3 2
557 262 1 5 3 3 2
557 298 2 5 3 3 2
557 304 3 5 3 3 2
557 356 4 4 3 2 2
557 392 3 5 3 2 3
557 412 2 5 3 3 2
557 458 3 5 3 3 2
557 466 3 5 3 3 2
557 488 1 5 3 3 2
557 536 4 3 3 1 2
559 64 1 5 3 2 3
559 128 4 3 3 2 1
560 1 3 5 3 3 2
562 23 1 5 3 3 2
562 47 3 5 3 3 2
562 67 3 5 3 2 3
562 89 4 5 3 3 2
562 103 2 5 3 3 2
562 107 2 5 3 2 3
562 127 1 5 3 2 3
562 149 4 4 3 2 2
562 163 1 5 3 2 3
562 197 2 5 3 3 2
562 233 1 5 3 3 2
562 243 1 5 3 3 2
562 257 2 5 3 3 2
562 263 1 5 3 3 2
562 271 4 4 3 2 2
562 289 2 5 3 2 3
562 307 1 5 3 2 3
562 331 2 5 3 2 3
562 353 3 5 3 3 2
562 361 4 4 3 2 2
562 373 1 5 3 3 2
562 397 1 5 3 2 3
562 439 3 5 3 3 2
562 443 1 5 3 3 2
562 509 4 4 3 3 1
562 523 3 5 3 3 2
563 2 2 5 2 2 3
563 26 4 4 3 2 2
563 32 3 5 2 3 2
563 46 3 5 3 3 2
563 52 1 5 3 3 2
563 82 2 5 3 3 2
563 88 2 5 3 3 2
563 108 1 5 3 2 3
563 134 2 5 3 2 3
563 144 4 3 3 2 1
563 152 1 5 3 3 2
563 172 1 5 3 3 2
563 176 4 3 3 1 2
563 178 2 6 3 3 3
563 196 4 4 3 3 1
563 218 2 5 3 2 3
563 242 1 5 3 3 2
563 262 2 5 3 3 2
563 298 2 5 3 3 2
563 332 3 5 3 2 3
563 344 4 3 3 1 2
563 368 1 5 3 2 3
563 436 4 3 3 2 1
563 452 2 5 3 3 2
563 472 2 5 3 3 2
563 508 1 5 3 3 2
563 542 1 5 3 3 2
565 128 1 5 3 3 2
566 29 2 5 3 3 2
566 49 1 5 3 3 2
566 61 3 5 3 3 2
566 71 2 5 3 2 3
566 83 2 5 3 2 3
566 97 3 5 3 3 2
566 101 1 5 3 2 3
566 131 1 5 3 2 3
566 137 2 5 3 2 3
566 139 4 5 3 3 2
566 149 2 5 3 3 2
566 173 4 3 3 1 2
566 181 1 5 3 2 3
566 211 2 5 3 3 2
566 239 1 5 3 3 2
566 251 3 5 3 2 3
566 277 4 3 3 2 1
566 281 2 5 3 2 3
566 331 1 5 3 3 2
566 349 1 5 3 3 2
566 379 2 5 3 3 2
566 421 1 5 3 3 2
566 449 2 5 3 3 2
566 461 2 5 3 2 3
566 479 2 5 3 3 2
566 547 4 4 3 3 1
566 563 4 2 3 1 1
568 7 2 5 3 2 3
568 13 2 5 3 2 3
568 17 2 5 3 3 2
568 41 3 5 3 3 2
568 43 1 5 3 2 3
568 59 4 4 3 3 1
568 79 4 3 3 1 2
568 83 2 5 3 3 2
568 97 2 5 3 3 2
568 103 1 5 3 2 3
568 113 3 5 3 2 3
568 139 2 5 3 2 3
568 169 2 5 3 2 3
568 173 2 5 3 3 2
568 181 4 4 3 2 2
568 191 2 5 3 3 2
568 197 1 5 3 3 2
568 211 3 5 3 2 3
568 223 1 5 3 2 3
568 227 3 5 3 3 2
568 283 2 5 3 2 3
568 293 2 5 3 3 2
568 331 4 4 3 2 2
568 337 2 5 3 2 3
568 347 2 5 3 3 2
568 367 2 5 3 3 2
568 397 4 4 3 2 2
568 433 2 5 3 3 2
568 503 2 5 3 3 2
568 521 4 3 3 2 1
569 2 4 3 2 1 2
569 14 1 5 3 2 3
569 16 2 5 2 3 2
569 26 1 5 3 3 2
569 58 2 5 3 3 2
569 76 2 5 3 3 2
569 86 2 5 3 2 3
569 94 2 5 3 3 2
569 96 2 5 3 3 2
569 124 1 5 3 3 2
569 134 2 5 3 2 3
569 146 2 5 3 3 2
569 158 4 3 3 1 2
569 166 2 5 3 3 2
569 184 2 5 3 2 3
569 212 3 5 3 2 3
569 224 1 5 3 2 3
569 232 4 3 3 2 1
569 236 3 5 3 3 2
569 250 2 5 3 3 2
569 296 2 5 3 2 3
569 316 1 5 3 3 2
569 332 4 4 3 2 2
569 334 1 5 3 3 2
569 404 1 5 3 2 3
569 436 2 5 3 3 2
569 446 1 5 3 3 2
569 454 2 5 3 3 2
569 478 4 4 3 2 2
569 512 4 4 2 2 2
569 536 1 5 3 3 2
571 8 4 3 2 2 1
571 10 1 5 3 2 3
571 38 2 5 3 3 2
571 44 2 5 3 3 2
571 56 1 5 3 3 2
571 74 2 5 3 3 2
571 94 1 5 3 3 2
571 96 4 4 3 2 2
571 108 4 3 3 2 1
571 116 2 5 3 2 3
571 134 1 5 3 3 2
571 136 2 5 3 2 3
571 142 3 5 3 2 3
571 144 2 5 3 3 2
571 148 4 3 3 1 2
571 164 3 5 3 3 2
571 194 1 5 3 3 2
571 206 2 5 3 3 2
571 214 1 5 3 2 3
571 232 4 4 3 2 2
571 242 4 4 3 2 2
571 248 2 5 3 3 2
571 278 4 3 3 2 1
571 284 1 5 3 3 2
571 298 3 5 3 2 3
571 326 1 5 3 3 2
571 368 4 4 3 2 2
571 382 4 3 3 1 2
571 386 1 5 3 3 2
571 398 4 4 3 3 1
571 416 2 5 3 3 2
571 452 3 5 3 3 2
571 466 3 5 3 2 3
571 514 2 5 3 3 2
571 538 4 3 3 1 2
576 59 4 4 3 2 2
576 97 4 2 3 1 1
576 121 1 5 3 2 3
576 139 1 5 3 3 2
576 163 4 3 3 1 2
576 191 2 5 3 2 3
576 263 4 2 3 1 1
576 359 1 5 3 3 2
576 383 4 3 3 2 1
576 433 4 3 3 1 2
576 503 4 3 3 2 1
577 18 1 5 3 3 2
577 32 2 5 2 3 2
577 38 3 5 3 3 2
577 50 1 5 3 3 2
577 52 1 5 3 2 3
577 64 4 3 2 1 2
577 88 2 5 3 3 2
577 94 3 5 3 2 3
577 112 1 5 3 2 3
577 122 1 5 3 2 3
577 148 1 5 3 2 3
577 164 3 5 3 3 2
577 178 2 5 3 2 3
577 196 4 3 3 1 2
577 200 2 5 3 3 2
577 242 2 5 3 3 2
577 248 2 5 3 3 2
577 278 2 5 3 3 2
577 292 2 5 3 2 3
577 326 4 4 3 3 1
577 346 2 5 3 2 3
577 358 1 5 3 3 2
577 368 1 5 3 3 2
577 382 1 5 3 2 3
577 392 2 5 3 3 2
577 404 4 3 3 2 1
577 412 2 5 3 2 3
577 424 3 5 3 3 2
577 458 1 5 3 3 2
577 508 2 5 3 3 2
578 9 4 2 3 1 1
578 67 1 5 3 3 2
578 73 1 5 3 3 2
578 121 4 3 3 2 1
578 127 1 5 3 3 2
578 137 1 5 3 3 2
578 163 1 5 3 3 2
578 169 4 3 3 2 1
578 193 1 5 3 2 3
578 227 2 5 3 3 2
578 251 4 3 3 1 2
578 277 2 5 3 3 2
578 283 2 5 3 3 2
578 293 1 5 3 2 3
578 347 2 5 3 2 3
578 467 2 5 3 3 2
578 487 2 5 3 3 2
579 4 4 4 3 2 2
581 64 2 5 3 3 2
583 2 2 5 3 3 2
583 32 1 5 3 3 2
583 128 2 5 3 2 3
584 1 1 5 2 3 2
584 11 2 5 3 3 2
584 25 1 5 3 3 2
584 31 2 5 3 3 2
584 67 2 5 3 3 2
584 79 1 5 3 3 2
584 83 4 4 3 2 2
584 101 1 5 3 2 3
584 109 3 5 3 3 2
584 131 2 5 3 3 2
584 157 2 5 3 3 2
584 181 2 5 3 3 2
584 193 3 5 3 3 2
584 197 4 4 3 2 2
584 199 1 5 3 2 3
584 307 4 3 3 2 1
584 311 2 5 3 2 3
584 331 1 5 3 3 2
584 347 4 4 3 2 2
584 367 4 4 3 2 2
584 389 1 5 3 2 3
584 419 1 5 3 2 3
584 431 2 5 3 3 2
584 439 1 5 3 3 2
584 461 2 5 3 3 2
584 503 4 2 3 1 1
584 521 1 5 3 3 2
584 529 3 5 3 3 2
584 571 2 5 3 4 1
586 25 1 5 3 2 3
586 41 2 5 3 3 2
586 59 1 5 3 3 2
586 73 4 3 3 1 2
586 79 1 5 3 3 2
586 83 4 3 3 2 1
586 103 3 5 3 2 3
586 121 2 5 3 2 3
586 131 2 5 3 2 3
586 149 3 5 3 3 2
586 151 3 5 3 2 3
586 173 3 5 3 3 2
586 179 2 5 3 3 2
586 191 1 5 3 3 2
586 229 2 5 3 2 3
586 311 2 5 3 3 2
586 313 3 5 3 2 3
586 331 1 5 3 2 3
586 343 4 2 3 1 1
586 349 2 5 3 3 2
586 383 2 5 3 3 2
586 401 1 5 3 3 2
586 421 3 5 3 2 3
586 457 4 4 3 2 2
586 499 2 5 3 3 2
586 509 1 5 3 3 2
586 569 2 5 3 4 1
587 2 2 5 2 2 3
587 8 2 5 2 3 2
587 22 2 5 3 3 2
587 28 2 5 3 3 2
587 36 4 4 3 2 2
587 62 2 5 3 2 3
587 76 3 5 3 3 2
587 92 2 5 3 2 3
587 104 4 4 3 1 3
587 106 2 5 3 3 2
587 118 2 5 3 3 2
587 128 1 5 2 3 2
587 158 2 5 3 2 3
587 172 3 5 3 3 2
587 188 1 5 3 2 3
587 202 2 5 3 2 3
587 206 4 4 3 2 2
587 218 2 5 3 3 2
587 232 1 5 3 3 2
587 268 1 5 3 3 2
587 296 4 3 3 1 2
587 302 2 5 3 2 3
587 304 4 3 3 2 1
587 314 3 5 3 2 3
587 328 2 5 3 3 2
587 356 2 5 3 2 3
587 382 1 5 3 3 2
587 392 2 5 3 2 3
587 400 3 5 3 3 2
587 428 1 5 3 3 2
587 458 2 5 3 3 2
587 556 4 3 3 2 1
587 568 2 5 3 4 1
587 576 4 2 3 1 1
589 32 4 3 3 2 1
592 3 2 5 3 3 2
592 17 2 5 3 3 2
592 31 2 5 3 2 3
592 53 2 5 3 3 2
592 59 3 5 3 3 2
592 73 2 5 3 3 2
592 97 2 5 3 2 3
592 121 4 4 3 2 2
592 157 1 5 3 2 3
592 163 2 5 3 2 3
592 167 1 5 3 3 2
592 193 2 5 3 2 3
592 199 4 4 3 2 2
592 227 1 5 3 3 2
592 263 2 5 3 3 2
592 269 3 5 3 3 2
592 277 3 5 3 2 3
592 289 4 3 3 1 2
592 293 1 5 3 3 2
592 307 1 5 3 2 3
592 343 1 5 3 3 2
592 383 1 5 3 3 2
592 397 1 5 3 2 3
592 409 2 5 3 3 2
592 431 3 5 3 3 2
592 487 1 5 3 2 3
592 563 2 5 3 4 1
593 2 1 5 2 3 2
593 34 3 5 3 3 2
593 58 2 5 3 3 2
593 100 1 5 3 3 2
593 112 1 5 3 3 2
593 116 4 3 3 1 2
593 122 2 5 3 3 2
593 128 2 5 2 2 3
593 142 3 5 3 3 2
593 144 4 3 3 2 1
593 148 1 5 3 3 2
593 166 3 5 3 3 2
593 194 4 4 3 1 3
593 196 4 3 3 2 1
593 202 2 5 3 3 2
593 208 2 5 3 2 3
593 212 3 5 3 3 2
593 268 2 5 3 3 2
593 278 2 5 3 2 3
593 292 1 5 3 3 2
593 320 2 5 3 2 3
593 338 1 5 3 2 3
593 362 3 5 3 2 3
593 376 4 5 3 3 2
593 422 2 5 3 3 2
593 452 1 5 3 3 2
593 478 1 5 3 3 2
593 484 4 3 3 2 1
593 488 1 5 3 2 3
593 502 2 5 3 3 2
593 538 1 5 3 3 2
593 562 2 5 3 4 1
593 586 4 3 3 2 1
596 1 2 5 2 2 3
596 13 4 5 3 3 2
596 31 2 5 3 3 2
596 41 2 5 3 2 3
596 71 1 5 3 2 3
596 101 2 5 3 2 3
596 127 4 4 3 2 2
596 157 4 3 3 2 1
596 167 3 5 3 2 3
596 169 1 5 3 3 2
596 181 1 5 3 3 2
596 197 2 5 3 2 3
596 211 3 5 3 2 3
596 239 3 5 3 2 3
596 251 3 5 3 2 3
596 283 4 3 3 2 1
596 337 4 4 3 2 2
596 349 1 5 3 3 2
596 361 2 5 3 3 2
596 379 1 5 3 3 2
596 409 1 5 3 3 2
596 419 2 5 3 3 2
596 431 2 5 3 2 3
596 449 1 5 3 3 2
596 509 1 5 3 3 2
596 523 4 3 3 2 1
599 4 2 5 2 2 3
599 10 1 5 3 3 2
599 16 2 5 2 3 2
599 38 3 5 3 2 3
599 46 2 5 3 3 2
599 62 4 3 3 1 2
599 64 1 5 2 3 2
599 94 1 5 3 3 2
599 104 2 5 3 2 3
599 106 3 5 3 3 2
599 112 4 3 3 2 1
599 116 2 6 3 3 3
599 164 2 5 3 2 3
599 196 1 5 3 3 2
599 200 2 5 3 2 3
599 206 1 5 3 3 2
599 214 1 5 3 2 3
599 298 2 5 3 3 2
599 304 3 5 3 3 2
599 314 1 5 3 2 3
599 326 1 5 3 2 3
599 344 2 5 3 2 3
599 346 2 5 3 3 2
599 398 4 3 3 1 2
599 404 1 5 3 2 3
599 416 1 5 3 3 2
599 424 3 5 3 3 2
599 446 1 5 3 3 2
599 466 1 5 3 3 2
599 512 4 4 2 2 2
599 514 1 5 3 3 2
599 556 2 5 3 4 1
601 26 1 5 3 3 2
601 38 4 3 3 2 1
601 50 3 5 3 3 2
601 62 2 5 3 3 2
601 64 1 5 2 3 2
601 104 2 5 3 3 2
601 106 2 5 3 2 3
601 128 4 3 2 1 2
601 136 2 5 3 2 3
601 146 2 5 3 2 3
601 164 2 5 3 3 2
601 166 1 5 3 2 3
601 176 1 5 3 3 2
601 194 3 5 3 3 2
601 202 4 5 3 2 3
601 216 1 5 3 2 3
601 224 2 5 3 3 2
601 244 1 5 3 2 3
601 262 4 3 3 1 2
601 296 2 5 3 3 2
601 302 2 5 3 3 2
601 314 3 5 3 3 2
601 316 3 5 3 2 3
601 328 4 4 3 1 3
601 334 2 5 3 3 2
601 356 2 5 3 3 2
601 386 3 5 3 3 2
601 400 1 5 3 3 2
601 436 1 5 3 2 3
601 484 2 5 3 3 2
601 554 2 5 3 4 1
603 8 2 5 3 2 3
604 17 4 3 3 2 1
604 19 2 5 3 2 3
604 23 3 5 3 3 2
604 59 2 5 3 3 2
604 61 2 5 3 3 2
604 89 2 5 3 3 2
604 109 2 5 3 2 3
604 113 4 3 3 2 1
604 121 3 5 3 2 3
604 131 1 5 3 3 2
604 149 1 5 3 2 3
604 191 2 5 3 3 2
604 257 4 4 3 3 1
604 263 4 4 3 2 2
604 281 1 5 3 3 2
604 289 2 5 3 2 3
604 331 2 6 3 3 3
604 383 2 5 3 3 2
604 397 2 5 3 3 2
604 401 2 5 3 3 2
604 419 1 5 3 3 2
604 433 4 4 3 2 2
604 439 1 5 3 2 3
604 461 2 5 3 3 2
604 509 2 5 3 3 2
604 557 4 3 3 2 1
604 563 4 3 3 2 1
604 569 2 5 3 3 2
607 2 1 5 2 3 2
607 22 2 5 3 2 3
607 56 2 5 3 3 2
607 58 3 5 3 3 2
607 82 3 5 3 2 3
607 124 3 5 3 2 3
607 134 3 5 3 3 2
607 142 2 5 3 2 3
607 152 1 6 3 3 3
607 172 1 5 3 2 3
607 178 2 5 3 2 3
607 208 2 5 3 2 3
607 212 2 5 3 3 2
607 256 4 3 2 1 2
607 262 1 5 3 2 3
607 278 2 5 3 3 2
607 292 3 5 3 2 3
607 328 2 5 3 3 2
607 352 2 5 3 2 3
607 362 1 5 3 3 2
607 394 4 5 3 3 2
607 398 1 5 3 3 2
607 464 3 5 3 3 2
607 478 1 5 3 3 2
607 488 3 5 3 3 2
607 548 2 5 3 4 1
607 604 4 3 3 2 1
608 13 1 5 3 2 3
608 41 4 4 3 2 2
608 43 1 5 3 3 2
608 47 1 5 3 2 3
608 89 4 4 3 2 2
608 97 1 5 3 3 2
608 101 4 3 3 1 2
608 107 2 5 3 3 2
608 113 2 5 3 2 3
608 127 1 5 3 3 2
608 157 2 5 3 3 2
608 173 2 5 3 2 3
608 197 2 5 3 3 2
608 223 2 5 3 2 3
608 263 1 5 3 2 3
608 271 4 3 3 2 1
608 289 3 5 3 3 2
608 293 1 5 3 2 3
608 307 3 5 3 3 2
608 349 3 5 3 3 2
608 379 4 4 3 3 1
608 463 1 5 3 3 2
608 503 2 5 3 2 3
608 509 4 3 3 1 2
608 523 2 5 3 3 2
608 547 1 5 3 4 1
610 1 2 5 3 2 3
611 16 2 6 3 3 3
613 2 1 5 2 3 2
613 32 1 5 2 3 2
613 38 2 5 3 3 2
613 52 3 6 3 3 3
613 58 1 5 3 2 3
613 64 4 3 2 1 2
613 80 2 5 3 3 2
613 94 4 4 3 2 2
613 106 4 3 3 1 2
613 118 2 5 3 2 3
613 128 1 5 2 3 2
613 146 4 4 3 3 1
613 158 2 5 3 2 3
613 166 4 4 3 2 2
613 178 2 5 3 2 3
613 206 2 5 3 3 2
613 242 3 5 3 3 2
613 244 4 3 3 1 2
613 248 1 5 3 3 2
613 256 2 5 2 2 3
613 272 3 5 3 3 2
613 284 2 5 3 3 2
613 382 1 5 3 2 3
613 388 2 5 3 3 2
613 392 3 5 3 3 2
613 452 2 5 3 3 2
613 458 3 5 3 3 2
613 472 3 5 3 3 2
613 508 1 5 3 2 3
613 542 2 5 3 4 1
613 556 4 4 3 2 2
614 19 2 5 3 2 3
614 31 2 5 3 3 2
614 49 1 5 3 3 2
614 53 3 5 3 2 3
614 79 2 5 3 3 2
614 89 3 5 3 2 3
614 101 1 5 3 3 2
614 121 2 5 3 3 2
614 131 1 5 3 2 3
614 149 1 5 3 2 3
614 163 2 5 3 3 2
614 179 2 5 3 2 3
614 191 1 5 3 3 2
614 211 1 5 3 3 2
614 229 2 5 3 2 3
614 257 2 5 3 2 3
614 263 4 3 3 1 2
614 289 2 5 3 3 2
614 317 4 4 3 2 2
614 349 4 4 3 2 2
614 359 1 5 3 2 3
614 361 1 5 3 3 2
614 383 4 4 3 1 3
614 401 3 5 3 3 2
614 409 1 5 3 3 2
614 431 3 5 3 3 2
614 433 4 3 3 2 1
614 491 2 5 3 3 2
614 499 1 5 3 3 2
614 541 1 5 3 4 1
614 557 4 3 3 1 2
614 587 4 2 3 1 1
614 607 4 4 3 3 1
614 613 4 2 3 2 0
617 22 3 5 3 2 3
617 28 2 5 3 3 2
617 32 1 5 2 2 3
617 34 2 5 3 3 2
617 62 1 5 3 2 3
617 98 2 5 3 3 2
617 124 3 5 3 3 2
617 142 1 5 3 3 2
617 146 4 4 3 2 2
617 148 1 5 3 3 2
617 162 2 5 3 2 3
617 188 2 6 3 3 3
617 202 1 5 3 3 2
617 218 2 5 3 2 3
617 224 4 3 3 1 2
617 232 2 5 3 2 3
617 272 1 5 3 2 3
617 298 2 5 3 3 2
617 332 1 5 3 2 3
617 352 1 5 3 3 2
617 358 2 5 3 3 2
617 362 2 5 3 2 3
617 386 4 5 3 2 3
617 394 4 3 3 2 1
617 398 1 5 3 3 2
617 428 3 5 3 3 2
617 446 4 3 3 1 2
617 464 4 4 3 2 2
617 488 1 5 3 3 2
617 496 4 4 3 3 1
617 524 4 4 3 2 2
617 538 2 5 3 4 1
617 576 4 2 3 1 1
619 4 3 5 2 2 3
619 8 2 5 2 3 2
619 10 1 5 3 2 3
619 38 4 4 3 2 2
619 44 2 5 3 3 2
619 46 2 5 3 3 2
619 62 4 3 3 2 1
619 74 2 5 3 3 2
619 86 2 5 3 3 2
619 94 2 5 3 2 3
619 118 4 4 3 2 2
619 122 2 5 3 3 2
619 136 2 5 3 2 3
619 142 4 3 3 1 2
619 146 2 5 3 3 2
619 164 2 5 3 2 3
619 184 1 5 3 2 3
619 206 2 5 3 3 2
619 232 4 4 3 2 2
619 242 2 5 3 3 2
619 274 3 5 3 2 3
619 278 3 5 3 3 2
619 284 2 5 3 3 2
619 296 2 5 3 3 2
619 298 4 4 3 2 2
619 304 2 5 3 2 3
619 316 1 5 3 3 2
619 346 2 5 3 2 3
619 352 4 3 3 1 2
619 382 2 5 3 3 2
619 388 3 5 3 2 3
619 404 3 5 3 3 2
619 416 2 5 3 3 2
619 424 2 5 3 2 3
619 454 2 5 3 2 3
619 466 1 5 3 3 2
619 482 4 3 3 2 1
619 486 2 5 3 3 2
619 514 1 5 3 2 3
619 536 1 5 3 4 1
619 538 4 3 3 2 1
619 554 2 5 3 3 2
619 584 4 4 3 2 2
621 2 4 3 3 2 1
622 7 2 5 3 2 3
622 11 4 4 3 2 2
622 13 2 5 3 2 3
622 27 1 5 3 2 3
622 41 2 5 3 3 2
622 43 2 5 3 3 2
622 49 4 4 3 2 2
622 67 1 5 3 2 3
622 71 3 5 3 3 2
622 83 2 5 3 3 2
622 101 4 3 3 2 1
622 127 3 5 3 2 3
622 137 2 5 3 3 2
622 157 2 5 3 2 3
622 167 1 5 3 2 3
622 193 3 5 3 2 3
622 197 2 5 3 3 2
622 223 2 5 3 2 3
622 277 1 5 3 2 3
622 281 2 5 3 3 2
622 293 2 5 3 3 2
622 313 1 5 3 3 2
622 337 2 5 3 2 3
622 347 2 5 3 3 2
622 361 4 3 3 1 2
622 367 3 5 3 2 3
622 401 2 5 3 3 2
622 419 4 4 3 2 2
622 439 4 3 3 1 2
622 457 1 5 3 2 3
622 463 2 5 3 3 2
622 587 3 5 3 3 2
622 601 4 3 3 1 2
625 2 2 5 2 3 2
625 18 4 2 3 1 1
625 64 1 5 2 2 3
625 142 1 5 3 2 3
625 152 2 5 3 3 2
625 226 3 5 3 2 3
625 268 2 5 3 2 3
625 376 1 5 3 3 2
625 424 4 3 3 1 2
625 548 1 5 3 3 2
626 11 2 5 3 2 3
626 31 1 5 3 2 3
626 37 2 5 3 3 2
626 41 1 5 3 2 3
626 67 2 5 3 3 2
626 71 2 5 3 2 3
626 89 2 5 3 3 2
626 107 4 3 3 1 2
626 109 1 5 3 3 2
626 151 1 5 3 3 2
626 179 2 5 3 3 2
626 191 2 5 3 2 3
626 199 2 5 3 3 2
626 233 4 3 3 1 2
626 241 2 5 3 2 3
626 263 4 4 3 2 2
626 269 1 5 3 2 3
626 271 1 5 3 3 2
626 277 4 4 3 3 1
626 283 4 3 3 2 1
626 331 2 5 3 3 2
626 353 3 5 3 2 3
626 361 2 5 3 3 2
626 379 2 5 3 3 2
626 389 3 5 3 3 2
626 409 1 5 3 3 2
626 419 2 5 3 3 2
626 431 1 5 3 2 3
626 439 3 5 3 3 2
626 463 4 3 3 2 1
626 479 1 5 3 3 2
626 521 3 5 3 2 3
626 523 4 3 3 2 1
626 529 1 5 3 4 1
626 571 1 5 3 3 2
626 617 4 3 3 2 1
628 1 2 5 2 2 3
628 17 1 5 3 3 2
628 23 2 5 3 3 2
628 37 2 5 3 3 2
628 43 2 5 3 2 3
628 67 2 5 3 2 3
628 81 4 2 3 1 1
628 103 2 5 3 2 3
628 113 1 5 3 3 2
628 131 3 5 3 3 2
628 149 4 4 3 3 1
628 163 2 5 3 2 3
628 173 1 5 3 2 3
628 191 4 5 3 3 2
628 199 4 4 3 1 3
628 233 2 5 3 3 2
628 243 2 5 3 2 3
628 257 2 5 3 3 2
628 271 2 5 3 2 3
628 293 4 4 3 2 2
628 307 1 5 3 3 2
628 373 2 6 3 3 3
628 397 2 5 3 2 3
628 443 2 5 3 3 2
628 449 4 3 3 2 1
628 457 2 5 3 3 2
628 467 2 5 3 3 2
628 593 1 5 3 3 2
628 607 2 5 3 3 2
629 64 3 5 3 3 2
631 4 3 5 2 2 3
631 20 2 5 3 3 2
631 34 2 5 3 3 2
631 36 2 5 3 2 3
631 48 4 4 3 2 2
631 62 4 4 3 3 1
631 76 2 5 3 2 3
631 104 2 5 3 3 2
631 106 1 5 3 2 3
631 134 2 5 3 3 2
631 136 2 5 3 2 3
631 146 1 5 3 3 2
631 148 3 5 3 2 3
631 176 1 5 3 2 3
631 178 4 3 3 1 2
631 194 2 5 3 3 2
631 202 2 5 3 2 3
631 212 4 3 3 2 1
631 224 2 5 3 3 2
631 254 1 5 3 3 2
631 274 2 5 3 2 3
631 304 1 5 3 3 2
631 326 2 5 3 3 2
631 344 2 5 3 3 2
631 356 2 5 3 3 2
631 358 3 5 3 2 3
631 376 2 5 3 2 3
631 382 4 3 3 1 2
631 384 1 5 3 3 2
631 432 4 2 3 1 1
631 436 1 5 3 2 3
631 454 1 5 3 3 2
631 472 4 3 3 1 2
631 524 2 5 3 4 1
631 526 1 5 3 2 3
631 554 3 5 3 3 2
631 566 2 5 3 3 2
631 628 4 2 3 1 1
632 5 2 5 3 2 3
632 17 2 5 3 2 3
632 23 1 5 3 2 3
632 37 2 5 3 2 3
632 47 2 5 3 2 3
632 71 3 5 3 2 3
632 73 3 5 3 3 2
632 83 1 5 3 3 2
632 127 1 5 3 3 2
632 131 4 4 3 2 2
632 149 2 5 3 2 3
632 163 2 5 3 3 2
632 167 2 5 3 2 3
632 173 2 5 3 3 2
632 181 4 4 3 2 2
632 229 2 5 3 3 2
632 233 3 5 3 2 3
632 311 4 4 3 2 2
632 313 2 5 3 3 2
632 317 3 5 3 2 3
632 337 2 5 3 3 2
632 347 2 5 3 2 3
632 373 1 5 3 3 2
632 383 2 5 3 3 2
632 389 4 2 3 1 1
632 421 4 3 3 2 1
632 467 2 5 3 2 3
632 499 3 5 3 3 2
632 523 1 5 3 4 1
632 541 3 5 3 3 2
632 577 2 5 3 3 2
633 16 4 3 3 2 1
634 7 4 4 3 1 3
634 11 3 5 3 3 2
634 29 1 5 3 3 2
634 31 3 5 3 3 2
634 37 4 4 3 2 2
634 59 1 5 3 3 2
634 73 2 5 3 2 3
634 79 1 5 3 2 3
634 81 3 5 3 3 2
634 101 1 5 3 3 2
634 107 3 5 3 3 2
634 151 1 5 3 2 3
634 167 4 3 3 2 1
634 169 1 5 3 2 3
634 179 2 5 3 2 3
634 193 4 3 3 1 2
634 199 1 5 3 2 3
634 227 2 5 3 3 2
634 263 2 5 3 3 2
634 269 2 5 3 3 2
634 289 2 5 3 2 3
634 311 2 5 3 3 2
634 361 1 5 3 2 3
634 367 3 5 3 3 2
634 389 1 5 3 3 2
634 431 3 5 3 3 2
634 439 2 5 3 2 3
634 479 3 5 3 3 2
634 521 1 5 3 4 1
634 547 4 3 3 1 2
634 601 1 5 3 3 2
637 8 2 5 3 3 2
640 11 2 5 3 3 2
640 31 1 5 3 2 3
640 101 1 5 3 3 2
640 211 2 5 3 2 3
640 263 1 5 3 3 2
640 283 1 5 3 2 3
640 317 1 5 3 3 2
640 361 1 5 3 3 2
640 367 3 5 3 2 3
640 401 4 3 3 2 1
640 431 3 5 3 3 2
641 4 2 5 2 3 2
641 14 2 5 3 2 3
641 26 1 5 3 2 3
641 46 2 5 3 2 3
641 52 3 5 3 3 2
641 56 1 5 3 2 3
641 72 4 3 3 2 1
641 74 2 5 3 3 2
641 80 2 5 3 2 3
641 124 2 5 3 3 2
641 136 2 5 3 3 2
641 152 4 4 3 2 2
641 158 3 5 3 2 3
641 164 2 5 3 3 2
641 176 3 5 3 2 3
641 206 1 5 3 2 3
641 214 2 5 3 3 2
641 256 3 6 2 3 3
641 284 1 5 3 2 3
641 292 4 3 3 2 1
641 316 2 5 3 3 2
641 346 1 5 3 3 2
641 382 3 5 3 3 2
641 386 1 5 3 2 3
641 394 2 5 3 3 2
641 404 2 5 3 3 2
641 422 4 3 3 1 2
641 424 1 5 3 3 2
641 428 4 3 3 1 2
641 454 1 5 3 3 2
641 464 1 5 3 3 2
641 514 2 5 3 4 1
641 536 2 5 3 2 3
641 556 2 5 3 3 2
641 578 4 4 3 2 2
641 592 4 3 3 2 1
642 1 4 2 3 1 1
643 8 2 5 2 3 2
643 20 1 5 3 3 2
643 22 3 5 3 3 2
643 28 2 5 3 2 3
643 56 4 3 3 2 1
643 62 1 5 3 3 2
643 82 2 5 3 2 3
643 88 2 5 3 2 3
643 92 1 5 3 3 2
643 98 1 5 3 3 2
643 116 2 5 3 3 2
643 148 2 5 3 2 3
643 160 2 5 3 2 3
643 162 1 5 3 3 2
643 188 1 5 3 2 3
643 208 2 5 3 2 3
643 218 1 5 3 3 2
643 272 2 5 3 3 2
643 292 2 5 3 3 2
643 302 2 5 3 3 2
643 314 2 5 3 3 2
643 316 4 4 3 2 2
643 334 4 3 3 1 2
643 344 2 5 3 3 2
643 358 1 6 3 3 3
643 386 4 3 3 2 1
643 404 4 3 3 2 1
643 412 3 5 3 2 3
643 422 2 5 3 3 2
643 428 1 5 3 3 2
643 454 4 3 3 1 2
643 464 4 3 3 2 1
643 478 2 5 3 2 3
643 488 2 5 3 3 2
643 512 1 5 2 4 1
643 524 4 4 3 2 2
643 566 4 5 3 3 2
643 578 3 5 3 3 2
643 592 1 5 3 3 2
643 622 1 5 3 3 2
643 634 4 2 3 1 1
647 2 2 5 2 2 3
647 18 1 5 3 3 2
647 20 2 5 3 2 3
647 32 2 5 2 2 3
647 38 2 5 3 2 3
647 52 1 5 3 2 3
647 58 1 5 3 3 2
647 68 1 5 3 3 2
647 88 1 5 3 3 2
647 94 3 5 3 3 2
647 106 4 3 3 2 1
647 112 1 5 3 3 2
647 124 4 3 3 2 1
647 152 1 5 3 2 3
647 158 3 5 3 3 2
647 166 4 4 3 2 2
647 172 1 5 3 3 2
647 178 1 5 3 3 2
647 206 4 3 3 1 2
647 218 2 5 3 2 3
647 224 4 4 3 2 2
647 248 1 5 3 2 3
647 256 3 5 2 3 2
647 262 3 5 3 2 3
647 302 2 5 3 2 3
647 314 4 3 3 1 2
647 328 1 5 3 3 2
647 332 1 5 3 2 3
647 368 2 5 3 3 2
647 388 2 5 3 3 2
647 398 3 5 3 3 2
647 452 2 5 3 2 3
647 458 1 5 3 3 2
647 508 2 5 3 4 1
647 514 4 4 3 2 2
647 542 2 5 3 2 3
647 562 2 5 3 3 2
647 592 1 5 3 3 2
647 626 4 4 3 2 2
648 49 4 3 3 2 1
648 67 2 5 3 3 2
648 179 4 3 3 1 2
648 353 1 5 3 3 2
648 569 4 2 3 1 1
648 601 4 2 3 1 1
649 16 2 5 3 3 2
649 64 1 5 3 2 3
650 1 3 5 3 3 2
652 13 1 5 3 3 2
652 37 2 5 3 2 3
652 41 3 5 3 3 2
652 43 2 5 3 2 3
652 81 4 2 3 1 1
652 97 2 5 3 2 3
652 101 4 4 3 2 2
652 107 2 5 3 3 2
652 109 4 3 3 1 2
652 113 2 5 3 3 2
652 125 2 5 3 3 2
652 127 2 5 3 2 3
652 167 2 5 3 3 2
652 197 3 5 3 2 3
652 223 2 5 3 2 3
652 283 2 5 3 3 2
652 307 1 5 3 2 3
652 317 1 5 3 3 2
652 337 2 5 3 2 3
652 349 3 5 3 3 2
652 353 1 5 3 3 2
652 401 4 3 3 2 1
652 421 3 5 3 2 3
652 433 2 5 3 3 2
652 443 1 5 3 3 2
652 449 4 4 3 2 2
652 487 3 5 3 2 3
652 491 4 4 3 2 2
652 503 3 5 3 4 1
652 547 1 5 3 2 3
652 557 2 5 3 3 2
652 569 4 4 3 3 1
652 587 1 5 3 3 2
652 613 1 5 3 3 2
652 619 4 4 3 2 2
653 2 2 5 2 2 3
653 6 4 2 3 1 1
653 26 3 5 3 2 3
653 44 2 5 3 2 3
653 58 1 5 3 2 3
653 62 2 5 3 3 2
653 68 2 5 3 2 3
653 76 4 2 3 1 1
653 88 2 5 3 3 2
653 92 1 5 3 2 3
653 128 2 5 2 2 3
653 142 3 5 3 3 2
653 152 2 5 3 3 2
653 172 1 5 3 3 2
653 184 4 4 3 2 2
653 202 1 5 3 3 2
653 208 1 5 3 3 2
653 218 2 5 3 2 3
653 226 4 4 3 2 2
653 232 4 4 3 3 1
653 250 1 5 3 3 2
653 262 3 5 3 3 2
653 268 2 5 3 2 3
653 284 4 3 3 1 2
653 296 3 5 3 2 3
653 314 4 3 3 1 2
653 334 3 5 3 3 2
653 352 2 5 3 3 2
653 362 3 5 3 3 2
653 392 2 5 3 3 2
653 422 2 5 3 2 3
653 432 2 5 3 3 2
653 452 1 5 3 3 2
653 458 2 5 3 2 3
653 478 2 5 3 3 2
653 488 2 5 3 2 3
653 502 1 5 3 4 1
653 568 2 5 3 3 2
656 7 2 5 3 3 2
656 11 2 5 3 2 3
656 23 4 4 3 2 2
656 29 2 5 3 2 3
656 43 4 3 3 2 1
656 47 2 5 3 2 3
656 59 1 5 3 3 2
656 61 3 5 3 2 3
656 103 3 5 3 3 2
656 113 4 3 3 1 2
656 121 2 5 3 3 2
656 139 2 5 3 3 2
656 149 1 5 3 3 2
656 163 2 5 3 3 2
656 173 4 4 3 1 3
656 191 3 5 3 2 3
656 229 2 5 3 3 2
656 241 1 5 3 3 2
656 257 2 5 3 2 3
656 271 1 5 3 2 3
656 277 4 3 3 2 1
656 331 1 5 3 3 2
656 347 4 4 3 2 2
656 359 1 5 3 3 2
656 389 1 5 3 3 2
656 401 1 5 3 2 3
656 409 3 5 3 3 2
656 439 1 5 3 3 2
656 449 1 5 3 3 2
656 491 1 5 3 2 3
656 499 3 5 3 4 1
656 541 2 5 3 3 2
657 4 4 2 3 1 1
657 8 2 5 3 3 2
659 4 1 5 2 3 2
659 8 2 5 2 2 3
659 32 4 4 2 1 3
659 44 1 5 3 2 3
659 52 4 3 3 2 1
659 56 2 5 3 3 2
659 64 1 5 2 2 3
659 76 2 5 3 3 2
659 100 1 5 3 3 2
659 104 1 5 3 2 3
659 106 2 5 3 3 2
659 134 2 5 3 2 3
659 146 1 5 3 3 2
659 166 2 5 3 3 2
659 176 2 5 3 2 3
659 244 1 5 3 3 2
659 254 4 4 3 2 2
659 256 2 5 2 3 2
659 274 2 5 3 2 3
659 314 2 5 3 2 3
659 328 4 4 3 3 1
659 344 2 5 3 2 3
659 356 3 5 3 3 2
659 358 4 4 3 2 2
659 386 2 6 3 3 3
659 412 3 5 3 3 2
659 446 1 5 3 3 2
659 454 2 5 3 3 2
659 472 2 5 3 3 2
659 478 4 3 3 2 1
659 496 1 5 3 4 1
659 514 2 5 3 3 2
659 526 3 5 3 3 2
661 4 2 5 2 3 2
661 8 4 3 2 2 1
661 10 2 5 3 2 3
661 32 2 5 2 3 2
661 34 2 5 3 2 3
661 46 2 5 3 2 3
661 52 2 5 3 2 3
661 76 2 5 3 2 3
661 80 2 5 3 3 2
661 106 1 5 3 2 3
661 116 1 5 3 3 2
661 134 2 5 3 3 2
661 144 2 5 3 3 2
661 164 2 5 3 3 2
661 178 4 4 3 1 3
661 192 4 3 3 1 2
661 206 1 5 3 2 3
661 218 4 3 3 2 1
661 224 3 5 3 3 2
661 232 3 5 3 2 3
661 236 1 5 3 3 2
661 254 2 5 3 3 2
661 262 2 5 3 2 3
661 274 1 5 3 3 2
661 284 1 5 3 3 2
661 296 3 5 3 3 2
661 304 2 5 3 2 3
661 326 3 5 3 3 2
661 332 4 4 3 2 2
661 346 2 5 3 2 3
661 362 3 5 3 3 2
661 376 1 5 3 2 3
661 400 4 3 3 1 2
661 424 2 5 3 3 2
661 432 4 2 3 1 1
661 452 3 5 3 3 2
661 466 2 5 3 2 3
661 478 4 4 3 2 2
661 488 4 3 3 2 1
661 496 2 5 3 2 3
661 536 4 4 3 3 1
661 562 4 3 3 1 2
661 584 1 5 3 3 2
661 604 2 5 3 3 2
661 622 4 3 3 1 2
661 626 1 5 3 3 2
662 17 1 5 3 2 3
662 31 4 4 3 3 1
662 53 1 6 3 3 3
662 73 3 5 3 3 2
662 79 2 5 3 3 2
662 89 4 3 3 1 2
662 97 2 5 3 3 2
662 101 2 5 3 2 3
662 103 1 5 3 3 2
662 137 1 5 3 2 3
662 151 4 4 3 2 2
662 157 3 5 3 3 2
662 193 2 5 3 3 2
662 227 2 5 3 2 3
662 233 2 5 3 2 3
662 263 2 5 3 2 3
662 277 2 5 3 2 3
662 281 4 4 3 2 2
662 307 2 5 3 3 2
662 317 3 5 3 2 3
662 343 3 5 3 3 2
662 353 3 5 3 3 2
662 361 3 5 3 3 2
662 383 2 5 3 3 2
662 409 3 5 3 3 2
662 421 4 3 3 2 1
662 443 1 5 3 3 2
662 499 4 3 3 2 1
662 547 2 5 3 3 2
662 557 2 5 3 2 3
662 577 3 5 3 3 2
662 647 1 5 3 3 2
664 1 2 6 2 3 3
664 29 1 5 3 3 2
664 41 1 5 3 3 2
664 47 4 3 3 2 1
664 49 2 5 3 2 3
664 103 3 5 3 2 3
664 113 3 5 3 3 2
664 131 1 5 3 3 2
664 139 1 5 3 2 3
664 167 4 4 3 2 2
664 169 1 5 3 2 3
664 181 2 5 3 2 3
664 191 2 5 3 3 2
664 229 3 5 3 2 3
664 239 3 5 3 3 2
664 251 2 5 3 3 2
664 271 2 5 3 3 2
664 293 3 5 3 3 2
664 337 3 5 3 3 2
664 359 3 5 3 3 2
664 379 3 5 3 2 3
664 409 1 5 3 2 3
664 449 2 5 3 3 2
664 463 4 4 3 2 2
664 491 1 5 3 4 1
664 509 2 5 3 3 2
664 521 2 5 3 3 2
664 571 1 5 3 3 2
664 593 4 3 3 2 1
664 601 2 5 3 3 2
664 631 2 5 3 3 2
666 1 2 5 3 2 3
667 2 1 5 3 2 3
667 4 3 5 3 2 3
667 128 1 5 3 3 2
668 3 2 5 3 2 3
668 17 3 5 3 2 3
668 47 2 5 3 3 2
668 53 2 5 3 2 3
668 73 1 6 3 3 3
668 107 1 5 3 2 3
668 109 2 5 3 3 2
668 113 1 5 3 2 3
668 137 1 5 3 3 2
668 151 3 5 3 3 2
668 157 3 5 3 3 2
668 193 2 5 3 3 2
668 233 2 5 3 2 3
668 277 2 5 3 3 2
668 283 2 5 3 2 3
668 311 3 5 3 2 3
668 347 1 5 3 3 2
668 367 1 5 3 3 2
668 389 4 4 3 2 2
668 463 1 5 3 3 2
668 487 2 5 3 4 1
668 521 4 4 3 2 2
668 577 3 5 3 3 2
668 613 1 5 3 3 2
668 641 4 4 3 3 1
671 8 3 5 3 2 3
673 8 2 5 2 2 3
673 22 2 5 3 2 3
673 58 1 5 3 2 3
673 62 3 5 3 3 2
673 64 3 5 2 2 3
673 68 1 5 3 3 2
673 92 1 5 3 3 2
673 106 4 4 3 2 2
673 112 2 5 3 2 3
673 118 1 5 3 2 3
673 122 1 5 3 3 2
673 146 2 5 3 3 2
673 178 1 5 3 2 3
673 188 3 5 3 3 2
673 218 2 5 3 2 3
673 244 3 5 3 2 3
673 262 3 5 3 3 2
673 296 2 5 3 3 2
673 302 1 5 3 3 2
673 316 2 5 3 2 3
673 328 2 6 3 3 3
673 332 1 5 3 3 2
673 334 4 4 3 2 2
673 398 1 5 3 3 2
673 400 1 5 3 2 3
673 412 2 5 3 3 2
673 458 1 5 3 3 2
673 482 3 5 3 4 1
673 512 1 5 2 3 2
673 544 4 3 3 1 2
673 562 1 5 3 3 2
673 568 1 5 3 2 3
673 608 2 5 3 3 2
673 622 2 5 3 3 2
673 626 4 3 3 2 1
673 652 4 4 3 2 2
674 3 4 3 3 1 2
674 11 2 5 3 2 3
674 19 1 5 3 3 2
674 23 3 5 3 2 3
674 27 4 2 3 1 1
674 29 2 5 3 2 3
674 41 2 5 3 3 2
674 47 2 5 3 2 3
674 79 2 5 3 2 3
674 89 2 5 3 2 3
674 121 2 5 3 3 2
674 131 2 5 3 3 2
674 181 2 5 3 3 2
674 191 2 5 3 2 3
674 211 4 4 3 3 1
674 223 2 5 3 3 2
674 229 3 5 3 3 2
674 239 2 5 3 2 3
674 271 2 5 3 3 2
674 283 3 5 3 3 2
674 289 3 5 3 2 3
674 313 4 4 3 3 1
674 349 2 5 3 3 2
674 367 4 3 3 2 1
674 401 3 5 3 2 3
674 421 2 5 3 3 2
674 439 3 5 3 3 2
674 457 2 5 3 3 2
674 499 1 5 3 3 2
674 503 4 4 3 2 2
674 509 1 5 3 2 3
674 569 3 5 3 2 3
674 577 4 3 3 2 1
674 653 4 3 3 1 2
674 673 4 2 3 2 0
676 11 1 5 3 2 3
676 31 2 5 3 2 3
676 49 1 5 3 2 3
676 61 1 5 3 2 3
676 67 4 4 3 1 3
676 101 2 5 3 3 2
676 137 4 4 3 2 2
676 149 2 5 3 3 2
676 179 2 5 3 3 2
676 193 3 5 3 2 3
676 239 2 5 3 3 2
676 241 2 5 3 2 3
676 269 2 5 3 3 2
676 281 1 5 3 3 2
676 311 3 5 3 3 2
676 331 1 5 3 2 3
676 347 3 5 3 3 2
676 361 1 5 3 2 3
676 389 1 5 3 3 2
676 409 2 5 3 3 2
676 443 4 3 3 2 1
676 467 4 4 3 2 2
676 479 1 5 3 4 1
676 521 1 5 3 3 2
676 571 2 5 3 2 3
676 599 3 5 3 3 2
676 613 4 3 3 1 2
676 617 4 3 3 2 1
676 619 1 5 3 3 2
677 12 3 5 3 2 3
677 26 2 5 3 2 3
677 28 1 5 3 3 2
677 38 2 5 3 3 2
677 44 4 4 3 2 2
677 56 4 3 3 1 2
677 68 1 5 3 2 3
677 82 2 6 3 3 3
677 88 1 5 3 3 2
677 116 3 5 3 2 3
677 118 1 5 3 3 2
677 122 3 5 3 2 3
677 128 2 5 2 3 2
677 142 1 5 3 3 2
677 148 4 4 3 3 1
677 184 3 5 3 3 2
677 194 3 5 3 2 3
677 208 1 5 3 3 2
677 212 2 5 3 2 3
677 216 4 3 3 2 1
677 226 4 5 3 3 2
677 248 2 5 3 2 3
677 278 2 5 3 2 3
677 292 1 6 3 3 3
677 304 4 3 3 2 1
677 338 1 5 3 3 2
677 344 4 3 3 1 2
677 358 1 5 3 3 2
677 368 2 5 3 3 2
677 404 2 5 3 2 3
677 422 2 5 3 2 3
677 428 1 5 3 3 2
677 478 2 5 3 4 1
677 482 2 5 3 2 3
677 512 3 5 2 2 3
677 526 4 3 3 2 1
677 544 3 5 3 3 2
677 554 4 3 3 1 2
677 562 1 5 3 3 2
677 584 4 4 3 2 2
677 632 2 5 3 3 2
677 634 4 4 3 3 1
679 2 4 3 3 2 1
679 16 1 5 3 2 3
679 256 2 5 3 3 2
681 16 2 5 3 2 3
681 64 4 3 3 2 1
683 20 2 5 3 2 3
683 32 2 6 2 3 3
683 38 3 5 3 2 3
683 46 4 3 3 1 2
683 74 4 4 3 1 3
683 88 2 5 3 2 3
683 94 2 5 3 3 2
683 98 2 5 3 2 3
683 122 1 6 3 3 3
683 134 4 4 3 2 2
683 172 1 5 3 3 2
683 178 2 5 3 3 2
683 188 2 5 3 2 3
683 202 2 5 3 3 2
683 214 3 5 3 3 2
683 218 1 5 3 2 3
683 232 1 5 3 3 2
683 248 1 5 3 2 3
683 284 4 4 3 1 3
683 292 1 5 3 3 2
683 298 1 5 3 2 3
683 332 2 5 3 3 2
683 362 2 5 3 3 2
683 382 2 5 3 3 2
683 386 4 3 3 1 2
683 388 2 5 3 3 2
683 398 2 5 3 2 3
683 422 2 5 3 3 2
683 428 2 5 3 2 3
683 446 4 3 3 1 2
683 448 2 5 3 3 2
683 452 2 5 3 2 3
683 454 4 3 3 2 1
683 464 4 4 3 2 2
683 472 3 5 3 4 1
683 538 2 5 3 3 2
683 578 1 5 3 2 3
683 592 2 5 3 3 2
683 626 2 5 3 3 2
683 628 2 5 3 3 2
684 1 4 3 3 2 1
686 19 1 5 3 3 2
686 29 2 5 3 3 2
686 37 4 4 3 2 2
686 59 1 5 3 2 3
686 83 4 3 3 1 2
686 131 1 5 3 2 3
686 169 1 5 3 3 2
686 197 4 3 3 1 2
686 211 3 5 3 3 2
686 257 3 5 3 2 3
686 271 2 5 3 3 2
686 283 3 5 3 3 2
686 359 1 5 3 3 2
686 419 1 5 3 3 2
686 491 2 5 3 2 3
686 499 1 5 3 3 2
686 521 1 5 3 2 3
686 557 4 4 3 2 2
686 601 2 5 3 3 2
686 613 4 3 3 2 1
686 653 4 4 3 2 2
686 673 4 3 3 2 1
688 17 1 5 3 3 2
688 23 2 5 3 2 3
688 25 2 5 3 2 3
688 37 2 5 3 2 3
688 49 4 4 3 2 2
688 53 3 5 3 3 2
688 61 2 5 3 2 3
688 79 2 5 3 2 3
688 83 4 4 3 2 2
688 103 1 5 3 2 3
688 107 3 5 3 3 2
688 127 2 5 3 2 3
688 137 1 5 3 3 2
688 151 4 3 3 1 2
688 163 3 5 3 2 3
688 173 2 5 3 3 2
688 233 1 5 3 2 3
688 281 4 5 3 3 2
688 313 2 5 3 3 2
688 317 3 5 3 3 2
688 347 2 5 3 3 2
688 359 4 4 3 2 2
688 383 1 5 3 3 2
688 397 2 5 3 3 2
688 433 1 5 3 2 3
688 443 2 5 3 3 2
688 457 2 5 3 2 3
688 467 1 6 3 4 2
688 523 1 5 3 2 3
688 547 2 5 3 3 2
688 571 4 3 3 1 2
688 577 3 5 3 3 2
688 593 3 5 3 3 2
688 677 2 5 3 4 1
689 4 1 5 3 3 2
689 32 4 4 3 2 2
689 128 2 5 3 2 3
691 2 4 5 2 3 2
691 24 3 5 3 3 2
691 26 1 5 3 2 3
691 40 1 5 3 2 3
691 46 2 5 3 2 3
691 64 1 5 2 2 3
691 68 3 5 3 3 2
691 76 2 5 3 2 3
691 86 2 5 3 3 2
691 146 4 4 3 2 2
691 164 1 5 3 3 2
691 172 4 3 3 1 2
691 192 4 2 3 1 1
691 194 3 5 3 3 2
691 206 1 5 3 3 2
691 208 2 5 3 2 3
691 218 4 4 3 2 2
691 226 2 5 3 2 3
691 236 1 5 3 2 3
691 244 3 5 3 3 2
691 254 2 5 3 3 2
691 278 3 5 3 3 2
691 284 2 5 3 3 2
691 296 3 5 3 3 2
691 314 2 5 3 3 2
691 334 2 5 3 2 3
691 346 2 5 3 2 3
691 376 1 5 3 2 3
691 394 1 5 3 3 2
691 404 2 5 3 3 2
691 432 4 3 3 1 2
691 436 1 5 3 2 3
691 452 4 3 3 2 1
691 458 4 3 3 2 1
691 464 3 5 3 4 1
691 482 2 5 3 3 2
691 544 1 5 3 3 2
691 548 2 5 3 3 2
691 596 2 5 3 3 2
691 604 2 5 3 3 2
691 614 2 5 3 3 2
691 674 1 5 3 4 1
692 13 2 5 3 3 2
692 23 2 5 3 3 2
692 29 3 5 3 2 3
692 37 4 3 3 1 2
692 43 1 5 3 3 2
692 83 1 5 3 2 3
692 97 3 5 3 2 3
692 103 2 5 3 3 2
692 107 1 5 3 2 3
692 113 1 5 3 3 2
692 127 2 5 3 3 2
692 197 2 5 3 2 3
692 211 2 5 3 3 2
692 223 3 5 3 3 2
692 251 4 4 3 2 2
692 257 2 5 3 2 3
692 263 2 5 3 2 3
692 271 4 3 3 2 1
692 277 1 5 3 3 2
692 293 1 5 3 2 3
692 307 2 5 3 2 3
692 353 3 5 3 3 2
692 373 2 5 3 3 2
692 379 4 4 3 3 1
692 419 2 5 3 2 3
692 439 3 5 3 3 2
692 463 2 5 3 4 1
692 479 4 3 3 1 2
692 541 4 3 3 2 1
692 547 3 5 3 3 2
692 599 4 3 3 1 2
692 617 1 5 3 3 2
692 661 4 4 3 3 1
692 673 2 5 3 4 1
694 1 2 5 2 2 3
694 27 4 4 3 2 2
694 29 3 5 3 2 3
694 31 1 5 3 2 3
694 43 2 5 3 2 3
694 53 4 3 3 2 1
694 71 1 5 3 3 2
694 83 2 5 3 3 2
694 97 4 4 3 2 2
694 109 2 5 3 2 3
694 131 4 4 3 3 1
694 139 1 5 3 2 3
694 167 3 5 3 3 2
694 199 2 5 3 2 3
694 211 1 5 3 2 3
694 229 1 5 3 2 3
694 233 4 3 3 2 1
694 239 2 5 3 2 3
694 241 2 5 3 3 2
694 281 1 5 3 3 2
694 307 3 5 3 3 2
694 313 4 4 3 2 2
694 349 2 5 3 2 3
694 353 4 4 3 2 2
694 379 2 5 3 2 3
694 419 1 5 3 3 2
694 421 2 5 3 2 3
694 439 1 5 3 2 3
694 461 3 5 3 4 1
694 463 2 5 3 2 3
694 479 2 5 3 3 2
694 491 2 5 3 3 2
694 541 1 5 3 3 2
694 547 4 4 3 2 2
694 571 2 5 3 3 2
694 601 3 5 3 3 2
694 607 4 3 3 1 2
694 617 3 5 3 3 2
694 659 1 5 3 3 2
695 2 2 5 3 2 3
697 8 2 5 3 3 2
697 512 1 5 3 3 2
698 5 3 5 3 2 3
698 17 2 5 3 3 2
698 43 1 5 3 3 2
698 47 2 5 3 2 3
698 61 3 5 3 3 2
698 81 4 3 3 2 1
698 83 1 5 3 2 3
698 103 1 5 3 2 3
698 107 1 5 3 3 2
698 137 2 5 3 2 3
698 149 4 4 3 2 2
698 163 2 5 3 3 2
698 173 2 5 3 2 3
698 191 4 4 3 2 2
698 233 2 5 3 2 3
698 271 2 5 3 3 2
698 307 2 5 3 3 2
698 313 3 5 3 2 3
698 317 1 5 3 3 2
698 347 2 5 3 3 2
698 373 1 5 3 3 2
698 383 2 5 3 2 3
698 397 3 5 3 3 2
698 401 4 4 3 2 2
698 419 4 3 3 1 2
698 433 1 5 3 3 2
698 443 1 5 3 2 3
698 457 1 5 3 4 1
698 467 1 5 3 2 3
698 523 3 5 3 3 2
698 599 4 3 3 1 2
698 607 2 5 3 3 2
698 613 1 5 3 3 2
698 631 4 3 3 2 1
698 659 4 4 3 2 2
699 128 4 2 3 1 1
701 4 1 5 2 3 2
701 14 2 5 3 3 2
701 18 4 2 3 1 1
701 34 2 5 3 3 2
701 36 3 5 3 2 3
701 64 2 5 2 3 2
701 74 1 5 3 2 3
701 86 4 4 3 1 3
701 92 3 5 3 2 3
701 104 1 5 3 3 2
701 106 2 5 3 2 3
701 116 1 5 3 2 3
701 118 4 5 3 3 2
701 146 1 5 3 2 3
701 148 4 4 3 2 2
701 184 1 5 3 3 2
701 196 2 5 3 3 2
701 256 2 5 2 3 2
701 272 3 5 3 2 3
701 274 2 5 3 3 2
701 288 4 4 3 2 2
701 292 4 3 3 2 1
701 302 3 5 3 2 3
701 314 1 5 3 3 2
701 316 2 5 3 2 3
701 344 2 6 3 3 3
701 356 3 5 3 2 3
701 358 4 3 3 2 1
701 382 4 4 3 2 2
701 404 2 5 3 3 2
701 446 3 5 3 2 3
701 454 2 6 3 4 2
701 458 4 3 3 2 1
701 484 2 5 3 3 2
701 496 2 5 3 3 2
701 538 4 4 3 3 1
701 586 1 5 3 3 2
701 608 2 5 3 3 2
701 664 3 5 3 4 1
701 698 4 2 3 1 1
703 32 2 5 3 3 2
704 1 1 5 2 3 2
704 23 4 3 3 1 2
704 37 2 5 3 3 2
704 41 1 5 3 2 3
704 59 2 5 3 2 3
704 89 2 5 3 2 3
704 101 3 5 3 3 2
704 107 4 3 3 1 2
704 109 1 5 3 2 3
704 151 1 5 3 3 2
704 193 3 5 3 3 2
704 199 2 5 3 3 2
704 211 2 5 3 3 2
704 227 4 4 3 2 2
704 239 2 5 3 2 3
704 269 2 5 3 2 3
704 283 4 4 3 3 1
704 311 1 5 3 3 2
704 397 4 3 3 2 1
704 401 3 5 3 3 2
704 409 1 5 3 3 2
704 431 3 5 3 2 3
704 487 4 4 3 2 2
704 571 2 5 3 3 2
704 647 4 4 3 2 2
704 661 1 5 3 4 1
706 1 2 5 2 2 3
706 9 2 5 3 3 2
706 19 4 4 3 2 2
706 41 2 5 3 2 3
706 43 2 5 3 2 3
706 61 2 5 3 2 3
706 71 2 5 3 3 2
706 79 1 5 3 2 3
706 83 4 4 3 2 2
706 97 3 5 3 2 3
706 137 4 3 3 2 1
706 163 4 4 3 2 2
706 179 2 5 3 3 2
706 191 2 5 3 3 2
706 211 2 5 3 2 3
706 229 2 5 3 3 2
706 251 2 6 3 3 3
706 257 4 3 3 2 1
706 269 2 5 3 3 2
706 281 1 5 3 3 2
706 293 4 4 3 2 2
706 349 1 5 3 2 3
706 361 1 5 3 2 3
706 379 1 5 3 3 2
706 421 2 5 3 2 3
706 433 2 5 3 2 3
706 449 2 5 3 4 1
706 457 4 3 3 1 2
706 491 3 5 3 3 2
706 503 3 5 3 3 2
706 529 2 5 3 3 2
706 541 1 5 3 2 3
706 563 4 4 3 2 2
706 593 4 3 3 2 1
706 659 2 5 3 4 1
707 8 3 5 3 3 2
707 512 1 5 3 2 3
709 4 2 5 2 2 3
709 6 1 5 3 3 2
709 16 1 5 2 2 3
709 44 1 5 3 2 3
709 46 1 5 3 2 3
709 48 4 2 3 1 1
709 58 2 5 3 2 3
709 82 4 5 3 2 3
709 86 1 5 3 3 2
709 94 2 5 3 2 3
709 108 4 3 3 2 1
709 124 1 5 3 2 3
709 176 2 5 3 3 2
709 184 3 5 3 2 3
709 194 2 5 3 3 2
709 214 2 5 3 2 3
709 226 1 6 3 3 3
709 236 2 5 3 3 2
709 254 2 5 3 2 3
709 272 4 4 3 2 2
709 292 3 5 3 3 2
709 296 2 5 3 3 2
709 314 2 5 3 3 2
709 376 1 5 3 3 2
709 386 2 5 3 3 2
709 388 4 3 3 1 2
709 404 1 5 3 3 2
709 422 3 5 3 3 2
709 424 3 5 3 2 3
709 436 3 5 3 2 3
709 446 3 5 3 4 1
709 464 2 5 3 3 2
709 482 4 3 3 2 1
709 488 2 5 3 3 2
709 500 1 5 3 3 2
709 526 1 5 3 3 2
709 544 2 5 3 2 3
709 556 2 5 3 3 2
709 566 2 5 3 3 2
709 586 2 5 3 3 2
709 604 2 5 3 2 3
709 628 4 3 3 2 1
709 656 2 5 3 4 1
709 698 4 4 3 3 1
711 4 1 5 3 3 2
712 11 4 3 3 2 1
712 19 3 5 3 2 3
712 23 2 5 3 3 2
712 47 3 6 3 3 3
712 67 2 5 3 2 3
712 83 2 5 3 3 2
712 103 1 5 3 2 3
712 107 2 5 3 3 2
712 157 2 5 3 2 3
712 173 2 5 3 3 2
712 223 2 5 3 3 2
712 257 1 6 3 3 3
712 277 1 5 3 2 3
712 281 4 3 3 2 1
712 283 1 5 3 2 3
712 289 2 5 3 3 2
712 313 2 5 3 2 3
712 349 4 3 3 1 2
712 367 1 5 3 2 3
712 373 1 5 3 3 2
712 383 2 5 3 3 2
712 443 1 5 3 4 1
712 457 2 5 3 2 3
712 509 3 5 3 3 2
712 523 2 5 3 3 2
712 569 4 5 3 3 2
712 593 2 5 3 3 2
712 653 2 5 3 4 1
713 2 1 5 3 3 2
713 8 1 5 3 2 3
713 64 3 5 3 3 2
716 1 1 5 2 2 3
716 19 1 5 3 3 2
716 49 2 5 3 3 2
716 61 1 5 3 3 2
716 79 2 5 3 3 2
716 89 2 6 3 3 3
716 101 1 5 3 2 3
716 121 2 5 3 2 3
716 131 2 5 3 2 3
716 181 2 5 3 3 2
716 199 2 5 3 3 2
716 233 3 5 3 2 3
716 241 1 5 3 3 2
716 271 2 5 3 3 2
716 289 2 5 3 3 2
716 331 2 5 3 2 3
716 359 3 5 3 2 3
716 389 1 5 3 3 2
716 397 2 5 3 3 2
716 431 1 5 3 2 3
716 439 2 5 3 4 1
716 443 3 5 3 2 3
716 457 3 5 3 3 2
716 461 2 5 3 2 3
716 529 2 5 3 3 2
716 571 2 5 3 3 2
716 593 3 5 3 3 2
716 617 4 4 3 2 2
717 16 4 2 3 1 1
718 3 2 5 3 2 3
718 13 1 5 3 2 3
718 23 1 5 3 3 2
718 41 4 4 3 3 1
718 47 1 5 3 3 2
718 53 2 5 3 2 3
718 67 3 5 3 2 3
718 73 1 5 3 2 3
718 107 2 5 3 3 2
718 137 3 5 3 3 2
718 157 1 5 3 2 3
718 167 2 5 3 3 2
718 169 4 3 3 1 2
718 179 3 5 3 3 2
718 263 1 5 3 2 3
718 271 4 4 3 2 2
718 283 1 6 3 3 3
718 289 2 5 3 2 3
718 347 2 5 3 3 2
718 349 4 4 3 2 2
718 353 3 5 3 3 2
718 361 2 5 3 2 3
718 367 1 5 3 3 2
718 409 4 4 3 2 2
718 479 4 4 3 3 1
718 487 2 5 3 2 3
718 503 2 5 3 3 2
718 509 4 4 3 2 2
718 523 2 5 3 2 3
718 547 2 5 3 3 2
718 557 2 5 3 3 2
718 563 1 5 3 3 2
718 577 3 5 3 3 2
718 613 4 4 3 1 3
718 647 2 5 3 4 1
719 4 1 5 2 2 3
719 16 1 5 2 3 2
719 22 3 5 3 3 2
719 26 1 5 3 2 3
719 40 2 5 3 3 2
719 48 4 4 3 2 2
719 56 2 5 3 2 3
719 72 4 3 3 2 1
719 74 2 5 3 2 3
719 82 4 4 3 2 2
719 86 2 5 3 3 2
719 124 2 5 3 2 3
719 136 2 5 3 3 2
719 162 4 2 3 1 1
719 166 1 5 3 3 2
719 184 2 5 3 3 2
719 188 4 3 3 1 2
719 194 1 5 3 2 3
719 218 4 3 3 1 2
719 224 3 5 3 2 3
719 226 2 5 3 3 2
719 236 1 5 3 2 3
719 250 2 5 3 3 2
719 254 2 5 3 2 3
719 268 2 5 3 3 2
719 284 3 5 3 2 3
719 292 4 4 3 2 2
719 296 2 5 3 3 2
719 304 2 5 3 3 2
719 316 2 5 3 3 2
719 326 3 5 3 3 2
719 334 2 5 3 2 3
719 362 4 5 3 2 3
719 386 2 5 3 3 2
719 394 2 5 3 3 2
719 422 4 4 3 2 2
719 436 3 5 3 4 1
719 446 1 5 3 2 3
719 448 4 3 3 2 1
719 454 2 5 3 3 2
719 464 1 5 3 2 3
719 466 2 5 3 3 2
719 478 4 4 3 3 1
719 488 3 5 3 2 3
719 502 3 5 3 3 2
719 524 3 5 3 2 3
719 554 1 5 3 2 3
719 576 1 5 3 3 2
719 586 1 5 3 3 2
719 592 4 4 3 3 1
719 614 2 5 3 2 3
719 634 2 5 3 3 2
719 652 4 3 3 2 1
719 688 4 4 3 3 1
721 16 2 5 3 2 3
722 37 2 5 3 3 2
722 43 2 5 3 3 2
722 49 4 3 3 2 1
722 59 2 5 3 2 3
722 61 4 3 3 2 1
722 71 3 5 3 2 3
722 73 3 5 3 3 2
722 83 2 5 3 3 2
722 113 2 5 3 2 3
722 121 4 3 3 2 1
722 127 1 5 3 2 3
722 139 3 5 3 3 2
722 151 4 3 3 2 1
722 163 1 5 3 3 2
722 167 2 5 3 2 3
722 227 1 5 3 2 3
722 251 4 4 3 2 2
722 257 2 5 3 2 3
722 293 3 6 3 3 3
722 337 1 5 3 2 3
722 383 2 5 3 3 2
722 389 4 4 3 2 2
722 433 2 5 3 4 1
722 461 4 4 3 2 2
722 463 1 5 3 3 2
722 467 1 5 3 2 3
722 487 1 5 3 3 2
722 529 4 3 3 2 1
722 587 3 5 3 3 2
722 617 1 5 3 2 3
722 631 4 5 3 3 2
722 643 1 5 3 4 1
722 659 4 3 3 1 2
723 8 2 5 3 2 3
723 128 1 5 3 2 3
724 11 2 5 3 3 2
724 17 3 5 3 3 2
724 31 1 5 3 2 3
724 53 2 5 3 3 2
724 59 3 5 3 2 3
724 61 1 5 3 2 3
724 79 3 5 3 2 3
724 101 2 5 3 3 2
724 109 1 5 3 2 3
724 163 4 4 3 1 3
724 169 2 5 3 2 3
724 173 2 5 3 3 2
724 179 2 5 3 3 2
724 191 2 5 3 3 2
724 199 1 5 3 2 3
724 211 2 5 3 3 2
724 227 4 4 3 2 2
724 241 2 5 3 2 3
724 251 2 5 3 3 2
724 269 1 5 3 2 3
724 277 2 5 3 3 2
724 311 3 5 3 3 2
724 347 3 5 3 3 2
724 361 2 5 3 3 2
724 389 2 5 3 3 2
724 397 4 4 3 2 2
724 409 2 5 3 2 3
724 431 2 5 3 4 1
724 449 2 5 3 3 2
724 487 4 4 3 2 2
724 521 2 5 3 3 2
724 529 1 5 3 2 3
724 541 1 5 3 3 2
724 563 3 5 3 3 2
724 571 3 5 3 3 2
724 577 4 3 3 1 2
724 619 2 5 3 2 3
724 641 2 5 3 4 1
727 14 2 5 3 3 2
727 22 2 5 3 2 3
727 24 4 3 3 1 2
727 32 2 5 2 3 2
727 34 4 4 3 1 3
727 38 1 5 3 3 2
727 62 1 5 3 2 3
727 64 2 5 2 2 3
727 76 2 5 3 2 3
727 86 4 3 3 2 1
727 92 2 5 3 3 2
727 98 2 5 3 3 2
727 118 2 5 3 2 3
727 142 1 5 3 2 3
727 166 2 5 3 2 3
727 172 1 5 3 2 3
727 176 3 5 3 3 2
727 188 3 5 3 3 2
727 208 2 5 3 3 2
727 226 4 3 3 1 2
727 232 2 5 3 2 3
727 242 2 5 3 3 2
727 256 4 3 2 1 2
727 262 2 5 3 2 3
727 272 1 5 3 2 3
727 274 2 5 3 3 2
727 298 1 5 3 2 3
727 304 4 3 3 1 2
727 324 4 3 3 1 2
727 328 2 5 3 2 3
727 356 4 4 3 2 2
727 358 2 5 3 3 2
727 386 3 5 3 3 2
727 404 2 5 3 3 2
727 412 1 5 3 2 3
727 424 4 3 3 1 2
727 428 1 6 3 4 2
727 472 2 5 3 2 3
727 482 2 5 3 3 2
727 508 2 5 3 3 2
727 512 2 5 2 3 2
727 538 2 5 3 3 2
727 556 4 3 3 1 2
727 568 1 5 3 3 2
727 584 2 5 3 3 2
727 596 4 3 3 2 1
727 604 4 3 3 1 2
727 608 2 5 3 3 2
727 622 2 5 3 2 3
727 662 4 4 3 2 2
727 692 2 5 3 3 2
729 8 4 4 2 2 2
729 64 2 5 2 2 3
729 242 4 2 3 1 1
729 274 2 5 3 2 3
729 316 2 5 3 3 2
729 338 4 4 3 2 2
729 344 1 5 3 2 3
729 382 4 3 3 2 1
729 452 4 2 3 1 1
729 502 4 2 3 1 1
729 512 4 4 2 2 2
729 538 4 3 3 2 1
731 16 1 5 3 2 3
731 64 1 5 3 3 2
731 128 4 3 3 1 2
731 256 2 5 3 3 2
733 2 2 5 2 3 2
733 8 3 5 2 3 2
733 26 3 5 3 3 2
733 44 2 5 3 3 2
733 62 1 5 3 3 2
733 68 2 5 3 2 3
733 82 1 5 3 2 3
733 116 4 3 3 2 1
733 118 3 5 3 2 3
733 122 2 5 3 3 2
733 128 2 5 2 3 2
733 144 4 3 3 1 2
733 152 1 5 3 3 2
733 172 2 5 3 2 3
733 194 4 4 3 2 2
733 196 4 3 3 1 2
733 202 1 5 3 3 2
733 236 3 5 3 3 2
733 268 1 6 3 3 3
733 278 2 5 3 2 3
733 304 2 5 3 2 3
733 324 4 3 3 2 1
733 334 2 5 3 2 3
733 338 2 5 3 3 2
733 352 3 5 3 3 2
733 362 2 5 3 3 2
733 376 4 4 3 1 3
733 388 2 5 3 2 3
733 398 2 5 3 3 2
733 416 4 3 3 2 1
733 422 1 5 3 4 1
733 478 1 5 3 2 3
733 484 4 3 3 1 2
733 488 2 5 3 3 2
733 502 3 6 3 3 3
733 512 2 5 2 3 2
733 536 4 3 3 2 1
733 538 2 5 3 2 3
733 548 2 5 3 3 2
733 562 1 5 3 3 2
733 578 3 5 3 3 2
733 586 4 3 3 1 2
733 632 1 5 3 4 1
733 664 4 4 3 2 2
733 716 4 4 3 3 1
734 19 2 5 3 2 3
734 29 2 5 3 2 3
734 31 2 5 3 3 2
734 41 1 5 3 2 3
734 71 1 6 3 3 3
734 73 4 3 3 2 1
734 83 3 5 3 2 3
734 139 2 5 3 2 3
734 151 2 5 3 3 2
734 169 3 5 3 3 2
734 179 2 5 3 2 3
734 181 2 5 3 3 2
734 223 3 5 3 3 2
734 239 1 5 3 2 3
734 241 2 5 3 3 2
734 243 4 2 3 1 1
734 251 3 5 3 2 3
734 269 3 5 3 2 3
734 277 4 3 3 2 1
734 281 1 5 3 3 2
734 289 1 5 3 3 2
734 311 3 5 3 3 2
734 331 1 5 3 3 2
734 349 1 5 3 2 3
734 379 3 5 3 3 2
734 421 2 5 3 4 1
734 439 2 5 3 3 2
734 443 4 4 3 2 2
734 449 3 5 3 2 3
734 461 1 5 3 2 3
734 487 3 5 3 3 2
734 547 2 5 3 3 2
734 601 2 5 3 3 2
734 607 4 3 3 2 1
734 617 4 4 3 2 2
734 619 2 5 3 3 2
734 631 1 5 3 4 1
734 701 1 5 3 3 2
734 733 4 2 3 2 0
736 1 2 5 2 2 3
736 5 1 5 3 3 2
736 13 4 4 3 2 2
736 29 1 5 3 3 2
736 31 3 5 3 2 3
736 41 2 5 3 3 2
736 43 2 5 3 2 3
736 71 3 5 3 2 3
736 103 4 3 3 1 2
736 109 2 5 3 2 3
736 125 1 5 3 3 2
736 181 2 5 3 2 3
736 199 2 5 3 3 2
736 233 4 4 3 3 1
736 239 1 5 3 3 2
736 251 1 5 3 3 2
736 271 1 5 3 2 3
736 281 1 5 3 2 3
736 307 2 5 3 2 3
736 337 4 5 3 2 3
736 349 3 5 3 3 2
736 359 1 5 3 3 2
736 379 1 5 3 2 3
736 419 2 5 3 4 1
736 421 1 5 3 2 3
736 449 1 5 3 3 2
736 461 1 5 3 3 2
736 463 2 5 3 2 3
736 499 1 5 3 3 2
736 547 4 3 3 1 2
736 593 4 4 3 2 2
736 617 2 5 3 3 2
736 659 1 5 3 3 2
736 677 4 3 3 2 1
736 683 4 4 3 3 1
736 727 4 4 3 3 1
737 128 2 5 3 2 3
739 2 3 5 2 3 2
739 24 2 5 3 2 3
739 26 2 5 3 3 2
739 32 4 4 2 2 2
739 46 2 5 3 2 3
739 68 4 4 3 2 2
739 74 1 5 3 2 3
739 76 2 5 3 2 3
739 94 2 5 3 2 3
739 112 2 5 3 2 3
739 116 1 5 3 3 2
739 122 4 4 3 3 1
739 158 2 5 3 3 2
739 164 2 5 3 3 2
739 172 4 3 3 1 2
739 178 2 5 3 2 3
739 184 2 5 3 2 3
739 196 3 5 3 3 2
739 206 3 5 3 3 2
739 256 1 5 2 2 3
739 262 2 5 3 3 2
739 284 2 6 3 3 3
739 302 4 4 3 2 2
739 304 2 5 3 2 3
739 326 2 5 3 3 2
739 328 4 4 3 2 2
739 332 3 5 3 3 2
739 346 2 5 3 3 2
739 382 3 5 3 2 3
739 394 1 5 3 2 3
739 416 1 6 3 4 2
739 458 4 4 3 3 1
739 466 2 5 3 2 3
739 478 4 3 3 1 2
739 508 3 5 3 2 3
739 512 4 3 2 2 1
739 526 2 5 3 3 2
739 536 2 5 3 3 2
739 542 4 4 3 3 1
739 556 2 5 3 3 2
739 562 4 3 3 1 2
739 596 2 5 3 3 2
739 608 4 3 3 2 1
739 626 2 5 3 4 1
739 704 1 5 3 3 2
739 712 4 2 3 1 1
739 724 2 5 3 3 2
743 2 1 5 2 2 3
743 14 4 2 3 1 1
743 16 4 4 2 3 1
743 22 2 5 3 3 2
743 28 1 5 3 2 3
743 38 2 5 3 2 3
743 50 2 5 3 2 3
743 62 3 5 3 3 2
743 76 3 5 3 3 2
743 92 2 5 3 2 3
743 128 1 5 2 2 3
743 148 1 5 3 2 3
743 158 3 5 3 2 3
743 160 3 5 3 3 2
743 166 4 3 3 2 1
743 184 4 4 3 2 2
743 188 2 5 3 2 3
743 192 3 5 3 3 2
743 224 4 3 3 1 2
743 226 2 5 3 3 2
743 232 1 5 3 3 2
743 262 1 5 3 3 2
743 272 1 5 3 3 2
743 292 2 5 3 3 2
743 302 2 5 3 3 2
743 314 3 5 3 2 3
743 328 2 5 3 3 2
743 352 2 5 3 3 2
743 358 1 5 3 2 3
743 362 2 5 3 3 2
743 388 3 5 3 3 2
743 394 4 3 3 2 1
743 398 2 5 3 2 3
743 412 1 5 3 4 1
743 478 2 5 3 3 2
743 496 4 5 3 3 2
743 512 1 5 2 2 3
743 536 4 3 3 1 2
743 538 2 5 3 3 2
743 566 2 5 3 3 2
743 568 1 5 3 3 2
743 622 2 5 3 4 1
743 652 2 5 3 3 2
743 692 2 5 3 3 2
743 734 4 3 3 2 1
745 4 1 5 3 2 3
745 32 2 5 3 3 2
745 256 1 5 3 3 2
746 31 2 6 3 3 3
746 49 2 5 3 3 2
746 53 3 5 3 2 3
746 59 2 5 3 3 2
746 67 4 4 3 2 2
746 79 3 5 3 3 2
746 101 1 5 3 2 3
746 109 2 5 3 3 2
746 151 2 6 3 3 3
746 157 3 5 3 3 2
746 211 1 5 3 3 2
746 223 4 4 3 3 1
746 229 3 5 3 3 2
746 241 2 5 3 3 2
746 269 1 5 3 3 2
746 277 3 5 3 3 2
746 281 3 5 3 2 3
746 311 3 5 3 2 3
746 359 3 5 3 3 2
746 361 1 5 3 2 3
746 389 2 5 3 2 3
746 401 1 5 3 2 3
746 409 1 5 3 4 1
746 431 1 5 3 2 3
746 443 4 4 3 2 2
746 461 2 5 3 2 3
746 467 4 3 3 1 2
746 499 1 5 3 3 2
746 529 2 5 3 3 2
746 541 1 5 3 3 2
746 563 3 5 3 3 2
746 619 1 5 3 4 1
746 641 1 5 3 2 3
746 661 1 5 3 3 2
747 4 4 2 3 1 1
747 32 3 5 3 2 3
747 256 4 3 3 2 1
749 2 4 3 3 1 2
749 256 2 5 3 3 2
751 14 1 5 3 3 2
751 16 1 5 2 2 3
751 22 4 2 3 1 1
751 26 2 5 3 3 2
751 44 1 5 3 3 2
751 54 2 5 3 3 2
751 80 4 4 3 2 2
751 86 1 5 3 2 3
751 100 2 5 3 2 3
751 124 3 5 3 2 3
751 142 2 5 3 2 3
751 146 1 5 3 3 2
751 148 4 4 3 2 2
751 158 4 3 3 2 1
751 166 2 5 3 2 3
751 184 2 5 3 3 2
751 206 2 5 3 3 2
751 218 3 5 3 3 2
751 224 1 5 3 3 2
751 236 3 5 3 3 2
751 250 3 5 3 3 2
751 254 2 5 3 3 2
751 256 1 5 2 2 3
751 288 4 2 3 1 1
751 296 1 5 3 2 3
751 314 2 5 3 3 2
751 316 1 5 3 2 3
751 334 2 5 3 3 2
751 344 1 5 3 3 2
751 362 4 4 3 3 1
751 392 4 3 3 2 1
751 394 1 5 3 2 3
751 404 2 5 3 4 1
751 422 3 5 3 3 2
751 446 1 5 3 3 2
751 484 1 5 3 3 2
751 496 2 5 3 2 3
751 514 2 5 3 3 2
751 536 1 5 3 3 2
751 544 3 5 3 3 2
751 586 1 5 3 2 3
751 614 3 5 3 4 1
751 656 1 5 3 3 2
751 674 4 5 3 3 2
751 712 2 5 3 3 2
752 7 1 5 3 3 2
752 11 2 5 3 2 3
752 37 2 5 3 2 3
752 53 2 5 3 3 2
752 67 2 5 3 3 2
752 73 2 5 3 3 2
752 101 4 4 3 1 3
752 103 2 5 3 3 2
752 137 2 5 3 2 3
752 157 1 5 3 2 3
752 163 1 5 3 3 2
752 169 4 4 3 2 2
752 179 4 4 3 2 2
752 191 2 5 3 2 3
752 193 1 5 3 3 2
752 197 1 5 3 2 3
752 227 2 5 3 2 3
752 263 2 5 3 3 2
752 271 3 5 3 3 2
752 283 3 5 3 3 2
752 293 2 5 3 3 2
752 331 4 3 3 2 1
752 353 3 6 3 3 3
752 361 3 5 3 3 2
752 367 2 5 3 2 3
752 409 4 3 3 2 1
752 433 1 5 3 3 2
752 457 2 5 3 3 2
752 467 2 5 3 2 3
752 487 2 5 3 3 2
752 509 4 3 3 2 1
752 521 3 5 3 2 3
752 557 2 6 3 3 3
752 587 2 5 3 2 3
752 601 4 4 3 3 1
752 613 2 5 3 4 1
752 647 4 4 3 1 3
752 683 2 5 3 3 2
752 701 4 3 3 1 2
757 2 3 5 2 3 2
757 8 2 5 2 3 2
757 20 2 5 3 3 2
757 22 2 5 3 2 3
757 36 4 4 3 2 2
757 62 2 5 3 3 2
757 68 2 5 3 3 2
757 92 2 5 3 2 3
757 94 3 5 3 2 3
757 106 4 4 3 1 3
757 112 1 5 3 2 3
757 128 2 5 2 3 2
757 142 1 5 3 2 3
757 146 2 5 3 3 2
757 148 1 5 3 2 3
757 178 1 5 3 3 2
757 202 2 5 3 2 3
757 206 4 4 3 2 2
757 212 2 5 3 3 2
757 218 2 5 3 3 2
757 232 2 5 3 2 3
757 236 4 3 3 2 1
757 244 2 5 3 3 2
757 284 4 4 3 2 2
757 288 2 5 3 3 2
757 302 1 5 3 2 3
757 328 1 6 3 3 3
757 358 2 5 3 2 3
757 398 3 5 3 4 1
757 400 2 5 3 2 3
757 412 2 5 3 2 3
757 416 3 5 3 3 2
757 428 3 5 3 3 2
757 452 1 5 3 3 2
757 478 2 5 3 3 2
757 482 2 5 3 3 2
757 484 2 5 3 2 3
757 508 2 5 3 3 2
757 538 1 5 3 3 2
757 544 4 3 3 1 2
757 548 2 5 3 3 2
757 554 2 5 3 3 2
757 592 1 5 3 2 3
757 596 3 5 3 3 2
757 608 2 5 3 4 1
757 662 2 5 3 3 2
757 674 4 3 3 2 1
757 692 1 5 3 3 2
757 704 4 3 3 2 1
757 706 2 5 3 3 2
757 716 4 3 3 2 1
757 722 1 5 3 3 2
757 746 4 3 3 2 1
758 17 2 5 3 2 3
758 19 4 4 3 3 1
758 23 2 5 3 2 3
758 37 2 5 3 3 2
758 43 2 5 3 2 3
758 47 2 5 3 3 2
758 61 2 5 3 3 2
758 71 4 3 3 1 2
758 103 3 5 3 3 2
758 107 2 5 3 2 3
758 113 2 5 3 2 3
758 131 2 5 3 2 3
758 163 2 5 3 2 3
758 173 2 5 3 2 3
758 197 2 5 3 2 3
758 199 2 5 3 3 2
758 243 1 5 3 3 2
758 257 1 5 3 3 2
758 271 4 3 3 2 1
758 277 1 5 3 3 2
758 307 1 5 3 3 2
758 313 2 5 3 3 2
758 347 2 5 3 3 2
758 373 2 6 3 3 3
758 397 3 5 3 4 1
758 401 2 5 3 2 3
758 409 4 3 3 2 1
758 439 2 5 3 3 2
758 463 1 5 3 3 2
758 503 2 5 3 2 3
758 521 4 3 3 1 2
758 523 2 5 3 3 2
758 593 2 5 3 2 3
758 599 4 4 3 2 2
758 601 4 3 3 2 1
758 607 1 5 3 4 1
758 631 4 3 3 2 1
758 653 1 5 3 2 3
761 2 3 5 2 2 3
761 16 3 5 2 3 2
761 20 1 5 3 2 3
761 22 4 3 3 2 1
761 44 2 5 3 3 2
761 46 1 5 3 2 3
761 56 2 5 3 2 3
761 58 3 5 3 3 2
761 64 2 5 2 3 2
761 94 2 5 3 3 2
761 108 4 3 3 2 1
761 124 2 5 3 3 2
761 134 2 5 3 2 3
761 152 4 5 3 2 3
761 166 2 5 3 2 3
761 196 1 5 3 3 2
761 208 2 5 3 3 2
761 226 1 5 3 3 2
761 244 3 5 3 3 2
761 254 2 5 3 3 2
761 284 2 5 3 3 2
761 296 1 5 3 2 3
761 324 2 5 3 3 2
761 334 2 5 3 3 2
761 344 1 5 3 3 2
761 358 4 4 3 2 2
761 376 1 5 3 2 3
761 392 4 3 3 1 2
761 394 2 5 3 4 1
761 404 2 5 3 2 3
761 412 4 4 3 3 1
761 416 1 5 3 2 3
761 436 2 5 3 3 2
761 446 3 5 3 2 3
761 514 2 5 3 3 2
761 526 2 5 3 3 2
761 544 2 5 3 3 2
761 548 3 5 3 3 2
761 596 3 5 3 2 3
761 604 2 5 3 4 1
761 628 4 4 3 2 2
761 656 1 5 3 2 3
761 674 2 5 3 3 2
761 698 4 3 3 1 2
761 718 4 4 3 3 1
763 4 2 5 3 2 3
763 32 3 5 3 3 2
764 1 1 5 2 3 2
764 29 3 5 3 2 3
764 41 3 5 3 3 2
764 47 4 3 3 1 2
764 49 2 5 3 2 3
764 61 1 5 3 3 2
764 71 1 5 3 2 3
764 97 2 5 3 3 2
764 101 2 5 3 2 3
764 137 3 5 3 2 3
764 149 3 5 3 2 3
764 169 2 5 3 2 3
764 179 2 5 3 2 3
764 181 2 5 3 3 2
764 193 4 4 3 3 1
764 197 4 3 3 1 2
764 211 1 5 3 3 2
764 239 2 5 3 2 3
764 251 3 5 3 3 2
764 271 2 5 3 3 2
764 281 1 6 3 3 3
764 349 2 5 3 3 2
764 353 4 3 3 1 2
764 379 2 5 3 2 3
764 409 1 5 3 3 2
764 419 2 5 3 2 3
764 457 4 4 3 3 1
764 463 4 4 3 2 2
764 479 2 5 3 2 3
764 491 1 5 3 2 3
764 509 3 5 3 2 3
764 547 3 5 3 3 2
764 557 4 3 3 1 2
764 569 1 5 3 2 3
764 599 2 5 3 2 3
764 601 1 5 3 4 1
764 613 4 3 3 2 1
764 631 2 5 3 3 2
764 743 4 4 3 2 2
766 1 2 5 2 2 3
766 11 2 5 3 3 2
766 25 1 5 3 2 3
766 29 2 5 3 3 2
766 47 4 3 3 2 1
766 53 3 5 3 3 2
766 59 2 5 3 3 2
766 101 2 5 3 2 3
766 103 3 5 3 2 3
766 131 1 5 3 3 2
766 137 3 5 3 3 2
766 139 1 5 3 2 3
766 151 2 5 3 2 3
766 157 3 5 3 2 3
766 169 2 5 3 3 2
766 191 3 5 3 3 2
766 239 2 5 3 3 2
766 241 1 5 3 2 3
766 269 2 5 3 3 2
766 271 1 5 3 2 3
766 293 4 4 3 2 2
766 311 1 5 3 2 3
766 317 4 3 3 2 1
766 367 2 5 3 2 3
766 389 2 6 3 4 2
766 409 1 5 3 2 3
766 431 1 5 3 3 2
766 443 2 5 3 3 2
766 463 4 3 3 1 2
766 479 2 5 3 3 2
766 499 3 5 3 3 2
766 521 3 5 3 3 2
766 523 4 2 3 1 1
766 529 2 5 3 3 2
766 557 4 4 3 2 2
766 571 1 5 3 2 3
766 599 2 5 3 4 1
767 8 3 5 3 2 3
767 32 2 5 3 2 3
767 256 2 5 3 3 2
768 31 4 4 3 2 2
768 37 1 5 3 3 2
768 103 1 5 3 2 3
768 131 4 4 3 2 2
768 229 4 3 3 1 2
768 233 2 5 3 3 2
768 239 4 3 3 2 1
768 311 4 3 3 2 1
768 313 3 5 3 2 3
768 317 2 5 3 3 2
768 467 2 5 3 3 2
768 499 4 3 3 2 1
768 641 4 2 3 1 1
768 661 4 2 3 1 1
768 719 4 2 3 1 1
769 10 2 5 3 2 3
769 34 1 5 3 2 3
769 52 4 3 3 1 2
769 56 2 5 3 3 2
769 64 2 5 2 2 3
769 68 4 3 3 2 1
769 76 1 5 3 2 3
769 104 2 5 3 2 3
769 106 1 5 3 2 3
769 122 4 3 3 2 1
769 124 1 5 3 2 3
769 134 2 5 3 3 2
769 146 2 5 3 3 2
769 166 2 5 3 3 2
769 172 4 3 3 1 2
769 188 4 5 3 3 2
769 218 3 5 3 3 2
769 232 2 5 3 3 2
769 236 1 5 3 3 2
769 254 3 5 3 3 2
769 274 1 5 3 2 3
769 296 3 5 3 3 2
769 304 1 5 3 2 3
769 314 1 5 3 2 3
769 316 2 5 3 3 2
769 344 2 5 3 3 2
769 362 2 5 3 3 2
769 386 3 5 3 4 1
769 404 1 5 3 3 2
769 428 3 5 3 3 2
769 458 4 3 3 2 1
769 466 1 5 3 3 2
769 484 3 5 3 2 3
769 496 1 6 3 3 3
769 562 4 3 3 1 2
769 566 3 5 3 3 2
769 584 1 5 3 3 2
769 596 2 5 3 4 1
769 626 2 5 3 3 2
769 674 3 5 3 3 2
769 692 4 4 3 2 2
769 694 1 5 3 3 2
769 712 4 3 3 1 2
769 736 2 5 3 3 2
772 1 4 3 2 1 2
772 5 1 5 3 3 2
772 7 3 5 3 2 3
772 13 3 5 3 2 3
772 23 2 5 3 3 2
772 31 2 5 3 2 3
772 47 1 5 3 3 2
772 79 4 5 3 2 3
772 83 1 5 3 3 2
772 107 3 5 3 2 3
772 121 2 5 3 2 3
772 127 1 5 3 2 3
772 163 2 6 3 3 3
772 181 4 3 3 1 2
772 197 1 5 3 3 2
772 229 3 5 3 3 2
772 233 2 5 3 3 2
772 307 1 5 3 2 3
772 313 2 5 3 3 2
772 317 3 5 3 2 3
772 343 2 5 3 2 3
772 359 2 5 3 3 2
772 373 1 5 3 2 3
772 383 1 5 3 4 1
772 401 2 5 3 3 2
772 419 4 3 3 2 1
772 449 3 5 3 3 2
772 463 1 5 3 3 2
772 467 2 5 3 3 2
772 499 3 5 3 2 3
772 521 4 3 3 2 1
772 523 2 5 3 3 2
772 541 3 5 3 2 3
772 563 1 5 3 3 2
772 577 1 5 3 2 3
772 593 3 5 3 4 1
772 599 4 3 3 2 1
772 607 1 5 3 2 3
772 653 2 5 3 3 2
772 677 2 5 3 3 2
772 691 4 4 3 3 1
772 719 4 4 3 3 1
772 733 3 5 3 3 2
773 4 4 4 2 3 1
773 8 1 5 2 2 3
773 24 4 3 3 1 2
773 32 3 6 2 3 3
773 52 1 5 3 3 2
773 54 4 2 3 1 1
773 58 1 5 3 2 3
773 88 2 5 3 3 2
773 122 2 5 3 2 3
773 124 3 5 3 3 2
773 128 2 5 2 2 3
773 134 4 3 3 1 2
773 158 1 5 3 2 3
773 162 2 5 3 3 2
773 178 3 5 3 2 3
773 184 3 5 3 3 2
773 212 3 5 3 2 3
773 214 2 5 3 3 2
773 236 4 3 3 1 2
773 242 2 5 3 3 2
773 262 1 5 3 3 2
773 272 2 5 3 3 2
773 274 4 3 3 2 1
773 292 2 5 3 3 2
773 298 1 5 3 3 2
773 332 1 5 3 3 2
773 338 3 5 3 2 3
773 358 2 5 3 3 2
773 382 2 6 3 4 2
773 388 2 5 3 2 3
773 394 4 3 3 2 1
773 416 3 5 3 2 3
773 448 2 5 3 3 2
773 464 4 3 3 1 2
773 472 3 5 3 3 2
773 488 1 5 3 2 3
773 500 2 5 3 2 3
773 508 2 5 3 3 2
773 514 2 5 3 3 2
773 536 2 5 3 3 2
773 538 1 5 3 3 2
773 542 4 5 3 2 3
773 576 4 3 3 2 1
773 578 2 5 3 2 3
773 592 2 5 3 4 1
773 634 4 4 3 3 1
773 662 2 5 3 3 2
773 668 1 5 3 2 3
773 716 4 3 3 1 2
773 718 2 5 3 3 2
773 722 2 5 3 3 2
773 766 4 3 3 2 1
775 16 1 5 3 2 3
776 1 2 5 2 3 2
776 7 4 3 3 2 1
776 17 3 5 3 2 3
776 27 4 4 3 2 2
776 29 2 5 3 3 2
776 41 2 5 3 2 3
776 61 3 5 3 2 3
776 71 2 5 3 2 3
776 79 2 5 3 3 2
776 109 3 5 3 3 2
776 113 3 5 3 2 3
776 121 2 5 3 3 2
776 125 1 5 3 2 3
776 127 2 5 3 3 2
776 137 4 4 3 2 2
776 139 2 5 3 3 2
776 149 2 5 3 2 3
776 163 4 3 3 2 1
776 167 2 5 3 2 3
776 181 1 6 3 3 3
776 193 2 5 3 3 2
776 211 3 5 3 3 2
776 227 4 4 3 2 2
776 239 2 5 3 3 2
776 251 1 5 3 2 3
776 269 1 5 3 3 2
776 281 1 5 3 2 3
776 293 4 4 3 1 3
776 379 1 5 3 4 1
776 383 4 4 3 2 2
776 419 1 5 3 2 3
776 421 2 5 3 3 2
776 431 2 5 3 2 3
776 487 4 3 3 2 1
776 491 1 5 3 2 3
776 529 1 5 3 3 2
776 631 2 5 3 3 2
776 643 2 5 3 3 2
776 659 2 5 3 3 2
776 683 4 3 3 1 2
776 719 2 5 3 3 2
778 1 3 5 2 2 3
778 13 2 5 3 2 3
778 31 4 3 3 1 2
778 37 1 5 3 2 3
778 41 3 5 3 3 2
778 47 1 5 3 3 2
778 73 3 5 3 2 3
778 83 1 5 3 3 2
778 101 4 3 3 2 1
778 107 2 5 3 3 2
778 113 1 5 3 2 3
778 127 2 5 3 2 3
778 157 2 5 3 3 2
778 167 2 5 3 3 2
778 179 4 4 3 3 1
778 197 2 5 3 3 2
778 223 1 6 3 3 3
778 227 2 5 3 3 2
778 293 2 5 3 3 2
778 307 2 5 3 3 2
778 343 1 5 3 2 3
778 349 2 5 3 2 3
778 353 2 5 3 3 2
778 379 3 5 3 2 3
778 401 4 4 3 2 2
778 409 4 3 3 1 2
778 419 4 4 3 3 1
778 421 3 5 3 2 3
778 433 2 5 3 2 3
778 443 2 5 3 3 2
778 457 2 5 3 3 2
778 463 1 5 3 2 3
778 487 2 5 3 3 2
778 491 4 4 3 2 2
778 503 1 5 3 3 2
778 547 2 5 3 2 3
778 557 1 5 3 3 2
778 587 1 5 3 4 1
778 613 2 5 3 2 3
778 617 1 5 3 3 2
778 647 4 4 3 3 1
778 701 3 5 3 3 2
778 709 4 3 3 1 2
778 727 2 5 3 3 2
779 2 2 5 3 2 3
779 16 1 5 3 3 2
779 64 2 5 3 2 3
779 512 4 3 3 1 2
781 4 3 5 3 2 3
781 256 2 5 3 2 3
783 64 4 3 3 2 1
784 19 2 5 3 2 3
784 71 3 5 3 3 2
784 113 2 5 3 3 2
784 121 2 5 3 2 3
784 127 4 3 3 1 2
784 139 2 5 3 2 3
784 151 2 5 3 3 2
784 173 3 5 3 3 2
784 223 3 5 3 2 3
784 227 4 3 3 2 1
784 239 1 5 3 3 2
784 251 1 5 3 3 2
784 289 2 5 3 2 3
784 311 2 5 3 3 2
784 331 4 4 3 2 2
784 347 3 5 3 3 2
784 349 2 5 3 2 3
784 383 4 3 3 2 1
784 389 3 5 3 3 2
784 461 2 5 3 3 2
784 467 4 3 3 2 1
784 529 2 5 3 2 3
784 569 2 5 3 3 2
784 587 4 3 3 2 1
784 619 2 5 3 2 3
784 641 1 5 3 3 2
784 757 4 3 3 2 1
784 773 4 3 3 2 1
785 8 1 5 3 2 3
787 8 2 5 2 3 2
787 14 4 3 3 2 1
787 28 2 5 3 2 3
787 32 1 5 2 3 2
787 38 1 5 3 3 2
787 46 2 5 3 2 3
787 48 4 3 3 2 1
787 56 4 4 3 2 2
787 74 3 5 3 3 2
787 82 3 5 3 2 3
787 98 1 5 3 3 2
787 116 3 5 3 3 2
787 122 2 5 3 2 3
787 134 4 3 3 2 1
787 136 3 5 3 2 3
787 148 2 5 3 3 2
787 158 2 5 3 3 2
787 172 1 5 3 2 3
787 178 3 5 3 2 3
787 184 4 3 3 1 2
787 192 2 5 3 2 3
787 202 2 5 3 2 3
787 214 2 5 3 3 2
787 236 4 5 3 3 2
787 248 1 5 3 3 2
787 256 4 4 2 2 2
787 292 3 5 3 2 3
787 298 3 5 3 3 2
787 332 2 5 3 2 3
787 352 1 5 3 2 3
787 358 3 5 3 2 3
787 368 2 5 3 4 1
787 388 2 5 3 2 3
787 394 4 3 3 1 2
787 422 3 5 3 3 2
787 448 1 5 3 3 2
787 452 2 5 3 3 2
787 458 2 5 3 3 2
787 478 1 5 3 3 2
787 488 1 5 3 3 2
787 500 1 5 3 3 2
787 508 2 5 3 3 2
787 524 4 4 3 3 1
787 556 3 5 3 2 3
787 566 2 5 3 3 2
787 578 3 6 3 4 2
787 592 3 5 3 2 3
787 632 2 5 3 3 2
787 668 1 5 3 3 2
787 676 3 5 3 3 2
787 692 1 5 3 3 2
787 706 4 2 3 1 1
787 718 2 5 3 3 2
787 724 4 3 3 1 2
788 1 4 3 2 2 1
788 7 2 5 3 3 2
788 11 2 5 3 2 3
788 17 2 5 3 3 2
788 27 4 3 3 2 1
788 29 3 5 3 2 3
788 47 2 5 3 2 3
788 67 2 5 3 3 2
788 73 2 6 3 3 3
788 83 2 5 3 2 3
788 109 3 5 3 3 2
788 125 1 5 3 2 3
788 137 1 5 3 2 3
788 181 4 4 3 3 1
788 193 2 5 3 2 3
788 199 2 5 3 3 2
788 227 1 6 3 3 3
788 257 1 5 3 3 2
788 277 1 5 3 3 2
788 283 1 5 3 3 2
788 293 1 5 3 2 3
788 307 1 5 3 3 2
788 311 4 4 3 2 2
788 317 2 5 3 3 2
788 343 2 5 3 3 2
788 353 2 5 3 2 3
788 359 3 5 3 2 3
788 367 2 5 3 4 1
788 389 3 5 3 2 3
788 397 1 5 3 3 2
788 431 2 5 3 2 3
788 433 3 5 3 3 2
788 487 1 5 3 3 2
788 521 3 5 3 3 2
788 523 2 5 3 3 2
788 557 1 5 3 2 3
788 571 4 4 3 2 2
788 577 1 5 3 4 1
788 647 1 5 3 3 2
788 701 4 3 3 1 2
789 32 4 2 3 1 1
789 256 2 5 3 3 2
791 32 4 4 3 1 3
793 2 2 5 3 3 2
793 128 1 5 3 2 3
794 1 2 5 2 3 2
794 11 2 5 3 3 2
794 31 3 5 3 3 2
794 53 3 5 3 2 3
794 79 2 5 3 2 3
794 83 4 3 3 1 2
794 101 2 5 3 2 3
794 109 2 5 3 3 2
794 131 2 5 3 2 3
794 149 2 5 3 2 3
794 179 1 5 3 2 3
794 199 1 5 3 2 3
794 211 1 5 3 3 2
794 229 2 5 3 3 2
794 233 3 5 3 2 3
794 241 3 5 3 3 2
794 251 1 5 3 3 2
794 277 3 5 3 3 2
794 311 1 6 3 3 3
794 343 4 4 3 2 2
794 361 3 5 3 4 1
794 379 2 5 3 3 2
794 409 2 5 3 2 3
794 449 2 5 3 2 3
794 463 4 3 3 2 1
794 479 2 5 3 2 3
794 521 2 5 3 2 3
794 541 3 5 3 3 2
794 563 3 5 3 2 3
794 571 1 5 3 4 1
794 593 4 4 3 2 2
794 599 2 5 3 2 3
794 641 1 5 3 3 2
794 661 2 5 3 3 2
794 683 4 4 3 2 2
794 701 1 5 3 3 2
794 739 1 5 3 3 2
796 19 2 5 3 2 3
796 29 2 5 3 3 2
796 37 3 5 3 2 3
796 59 1 5 3 3 2
796 89 3 5 3 3 2
796 101 2 5 3 3 2
796 103 3 5 3 2 3
796 107 3 5 3 3 2
796 131 2 5 3 2 3
796 139 1 5 3 3 2
796 169 1 5 3 2 3
796 173 2 5 3 3 2
796 191 1 5 3 3 2
796 211 2 5 3 2 3
796 241 1 5 3 2 3
796 243 4 3 3 1 2
796 269 2 5 3 3 2
796 271 3 5 3 2 3
796 277 4 4 3 2 2
796 289 2 5 3 3 2
796 331 1 5 3 2 3
796 359 2 6 3 4 2
796 361 1 5 3 2 3
796 389 2 5 3 3 2
796 401 3 5 3 3 2
796 439 2 6 3 3 3
796 491 1 5 3 3 2
796 499 1 5 3 3 2
796 509 2 5 3 3 2
796 541 2 5 3 2 3
796 569 2 5 3 4 1
796 587 4 4 3 2 2
796 601 1 5 3 2 3
796 613 4 3 3 1 2
796 653 3 5 3 3 2
796 709 2 5 3 3 2
796 719 3 5 3 3 2
796 743 5 3 3 2 1
796 751 1 5 3 3 2
797 2 2 5 2 2 3
797 6 4 4 3 2 2
797 8 2 5 2 3 2
797 20 2 5 3 2 3
797 22 2 5 3 3 2
797 38 1 5 3 2 3
797 46 4 3 3 2 1
797 82 2 5 3 2 3
797 92 2 5 3 2 3
797 100 2 5 3 3 2
797 104 2 5 3 2 3
797 118 2 5 3 3 2
797 134 2 5 3 2 3
797 136 4 3 3 2 1
797 146 2 5 3 2 3
797 148 1 5 3 3 2
797 152 2 5 3 2 3
797 160 1 5 3 3 2
797 162 4 4 3 2 2
797 166 4 3 3 2 1
797 176 4 4 3 2 2
797 188 2 5 3 2 3
797 202 3 5 3 2 3
797 208 2 5 3 3 2
797 218 1 5 3 3 2
797 248 2 5 3 3 2
797 302 1 5 3 2 3
797 314 4 5 3 2 3
797 316 3 5 3 3 2
797 358 2 5 3 4 1
797 362 2 5 3 2 3
797 368 2 5 3 2 3
797 398 3 5 3 2 3
797 412 3 6 3 3 3
797 416 4 3 3 1 2
797 478 1 5 3 3 2
797 484 4 4 3 3 1
797 512 2 6 2 3 3
797 514 4 4 3 3 1
797 538 2 5 3 3 2
797 542 2 5 3 2 3
797 566 4 5 3 2 3
797 568 2 5 3 4 1
797 576 4 3 3 1 2
797 586 4 3 3 2 1
797 604 4 3 3 2 1
797 622 2 5 3 3 2
797 652 1 5 3 3 2
797 698 2 5 3 3 2
799 4 2 5 3 2 3
799 512 3 5 3 3 2
800 19 2 5 3 3 2
800 97 2 5 3 3 2
800 103 1 5 3 3 2
800 149 2 5 3 2 3
800 173 3 5 3 2 3
800 331 2 5 3 3 2
800 373 3 5 3 3 2
800 397 2 5 3 3 2
800 409 1 5 3 3 2
800 443 2 5 3 2 3
800 509 2 5 3 3 2
802 3 1 5 3 3 2
802 17 1 5 3 3 2
802 23 2 5 3 3 2
802 43 2 5 3 2 3
802 53 1 5 3 3 2
802 67 1 5 3 2 3
802 97 3 5 3 2 3
802 113 2 5 3 3 2
802 137 2 5 3 2 3
802 149 4 3 3 2 1
802 157 2 5 3 2 3
802 167 1 5 3 3 2
802 173 2 5 3 3 2
802 193 1 5 3 2 3
802 199 4 5 3 3 2
802 241 3 5 3 2 3
802 243 3 5 3 3 2
802 263 2 5 3 3 2
802 269 2 5 3 3 2
802 277 2 5 3 2 3
802 283 1 5 3 3 2
802 331 4 4 3 2 2
802 337 1 5 3 2 3
802 347 1 5 3 2 3
802 353 1 5 3 4 1
802 367 2 5 3 2 3
802 373 3 5 3 2 3
802 409 4 4 3 2 2
802 433 1 5 3 3 2
802 449 4 3 3 2 1
802 463 1 5 3 3 2
802 479 4 5 3 3 2
802 503 2 5 3 3 2
802 547 2 5 3 2 3
802 563 1 5 3 4 1
802 593 1 5 3 3 2
802 617 4 5 3 3 2
802 631 4 3 3 1 2
802 641 3 5 3 3 2
802 647 2 5 3 3 2
802 661 2 5 3 3 2
802 683 2 5 3 3 2
802 709 4 3 3 1 2
802 787 4 4 3 2 2
803 2 3 5 3 3 2
803 256 4 3 3 2 1
804 1 2 5 3 3 2
806 1 2 5 3 2 3
807 128 2 5 3 3 2
808 17 1 5 3 3 2
808 19 4 3 3 1 2
808 29 4 4 3 2 2
808 43 2 5 3 2 3
808 49 4 4 3 1 3
808 53 2 5 3 3 2
808 67 2 5 3 2 3
808 127 2 5 3 3 2
808 137 1 5 3 3 2
808 149 4 4 3 3 1
808 157 2 5 3 2 3
808 179 4 5 3 3 2
808 181 2 5 3 2 3
808 193 3 6 3 3 3
808 197 2 5 3 3 2
808 199 2 5 3 2 3
808 227 1 5 3 3 2
808 257 3 5 3 3 2
808 263 2 5 3 3 2
808 277 2 5 3 3 2
808 313 2 5 3 2 3
808 347 1 5 3 4 1
808 353 1 5 3 2 3
808 401 3 5 3 3 2
808 431 2 5 3 3 2
808 457 3 5 3 3 2
808 463 1 5 3 2 3
808 467 1 5 3 3 2
808 479 2 5 3 3 2
808 487 2 5 3 3 2
808 491 4 3 3 2 1
808 503 2 5 3 3 2
808 557 2 5 3 4 1
808 577 2 5 3 2 3
808 587 1 5 3 3 2
808 599 3 5 3 3 2
808 613 2 5 3 2 3
808 647 2 5 3 3 2
808 739 3 5 3 3 2
808 743 2 5 3 3 2
808 751 4 3 3 1 2
808 773 2 5 3 3 2
808 787 1 5 3 3 2
809 4 2 5 2 2 3
809 10 2 5 3 3 2
809 16 2 5 2 3 2
809 28 4 4 3 2 2
809 46 1 5 3 3 2
809 88 2 5 3 3 2
809 94 3 6 3 3 3
809 104 2 5 3 2 3
809 106 3 5 3 3 2
809 116 2 5 3 2 3
809 146 1 5 3 2 3
809 160 1 5 3 3 2
809 164 3 5 3 2 3
809 194 1 5 3 2 3
809 206 2 5 3 3 2
809 214 1 6 3 3 3
809 226 2 5 3 3 2
809 232 4 3 3 2 1
809 236 2 5 3 3 2
809 248 2 5 3 2 3
809 256 2 5 2 3 2
809 296 2 5 3 3 2
809 304 2 5 3 3 2
809 326 3 5 3 2 3
809 346 2 5 3 4 1
809 424 1 5 3 2 3
809 428 4 3 3 1 2
809 452 2 5 3 2 3
809 464 1 5 3 2 3
809 486 2 5 3 3 2
809 500 2 5 3 3 2
809 524 1 5 3 2 3
809 536 2 5 3 2 3
809 544 3 5 3 3 2
809 548 4 4 3 2 2
809 554 1 5 3 2 3
809 556 2 6 3 4 2
809 578 2 5 3 2 3
809 622 4 4 3 2 2
809 626 2 5 3 3 2
809 632 4 4 3 2 2
809 634 2 5 3 3 2
809 652 4 3 3 2 1
809 674 4 3 3 1 2
809 676 1 5 3 3 2
809 686 2 5 3 3 2
809 704 2 5 3 2 3
809 724 2 5 3 3 2
811 6 2 5 3 2 3
811 8 3 5 2 3 2
811 12 4 3 3 1 2
811 34 2 5 3 2 3
811 44 1 5 3 3 2
811 74 2 5 3 3 2
811 86 1 5 3 3 2
811 92 4 4 3 3 1
811 104 2 5 3 3 2
811 106 2 5 3 2 3
811 122 4 4 3 2 2
811 124 2 5 3 3 2
811 146 1 6 3 3 3
811 148 2 5 3 2 3
811 162 4 4 3 2 2
811 176 1 5 3 3 2
811 184 2 5 3 2 3
811 196 2 5 3 2 3
811 216 2 5 3 2 3
811 226 2 5 3 2 3
811 256 1 5 2 2 3
811 274 2 5 3 3 2
811 278 4 4 3 2 2
811 284 2 5 3 3 2
811 316 1 5 3 2 3
811 328 3 5 3 2 3
811 344 1 5 3 4 1
811 346 1 5 3 2 3
811 356 1 5 3 2 3
811 368 4 3 3 2 1
811 386 2 5 3 3 2
811 388 4 4 3 2 2
811 398 2 5 3 3 2
811 424 1 5 3 3 2
811 428 4 4 3 3 1
811 454 2 6 3 3 3
811 484 2 5 3 3 2
811 508 4 3 3 1 2
811 524 3 5 3 3 2
811 526 2 5 3 2 3
811 538 2 5 3 2 3
811 554 1 5 3 4 1
811 592 4 4 3 2 2
811 596 2 5 3 3 2
811 608 2 5 3 3 2
811 652 2 5 3 3 2
811 668 2 5 3 3 2
811 694 2 5 3 3 2
811 706 1 5 3 2 3
811 734 2 5 3 3 2
811 736 1 5 3 3 2
811 768 4 2 3 1 1
811 778 4 4 3 2 2
815 256 1 5 3 3 2
817 2 2 5 3 3 2
817 128 1 5 3 3 2
817 256 3 5 3 2 3
818 1 3 5 2 3 2
818 13 2 5 3 2 3
818 37 1 5 3 3 2
818 43 3 5 3 3 2
818 53 1 5 3 2 3
818 59 4 4 3 1 3
818 83 3 5 3 2 3
818 97 1 5 3 3 2
818 103 1 5 3 2 3
818 113 2 5 3 2 3
818 125 2 5 3 2 3
818 139 3 5 3 3 2
818 151 3 5 3 3 2
818 167 1 5 3 2 3
818 169 2 5 3 3 2
818 179 4 3 3 1 2
818 197 1 5 3 3 2
818 223 3 5 3 2 3
818 227 1 5 3 3 2
818 229 4 4 3 2 2
818 257 1 5 3 2 3
818 263 3 5 3 2 3
818 281 4 4 3 2 2
818 293 1 5 3 2 3
818 313 1 5 3 3 2
818 337 2 6 3 4 2
818 367 1 5 3 3 2
818 389 2 5 3 2 3
818 421 4 4 3 3 1
818 433 3 5 3 2 3
818 463 2 5 3 3 2
818 491 2 5 3 3 2
818 547 1 5 3 4 1
818 587 2 5 3 2 3
818 601 2 5 3 3 2
818 617 2 5 3 3 2
818 631 3 5 3 3 2
818 673 1 5 3 3 2
818 677 1 5 3 3 2
818 727 2 5 3 3 2
818 733 2 5 3 3 2
818 797 3 5 3 3 2
818 811 4 3 3 2 1
821 4 1 5 2 3 2
821 16 2 5 2 2 3
821 26 1 5 3 2 3
821 32 4 3 2 1 2
821 40 2 5 3 3 2
821 44 1 5 3 2 3
821 48 4 3 3 2 1
821 68 4 4 3 2 2
821 76 2 5 3 3 2
821 80 1 5 3 2 3
821 88 4 3 3 2 1
821 106 2 5 3 2 3
821 124 2 5 3 3 2
821 128 2 5 2 2 3
821 136 1 5 3 3 2
821 158 2 5 3 2 3
821 166 3 5 3 3 2
821 184 2 5 3 3 2
821 194 2 6 3 3 3
821 206 1 5 3 2 3
821 218 4 3 3 1 2
821 224 4 5 3 3 2
821 226 2 5 3 2 3
821 236 1 5 3 2 3
821 284 2 5 3 3 2
821 302 4 3 3 1 2
821 326 3 5 3 2 3
821 334 1 5 3 4 1
821 338 3 5 3 2 3
821 352 2 5 3 3 2
821 356 3 5 3 2 3
821 376 1 5 3 3 2
821 386 2 5 3 2 3
821 388 4 4 3 3 1
821 422 3 5 3 2 3
821 436 1 5 3 2 3
821 464 1 5 3 2 3
821 466 2 5 3 3 2
821 488 3 5 3 3 2
821 536 3 5 3 2 3
821 544 1 5 3 4 1
821 562 4 4 3 2 2
821 566 2 5 3 2 3
821 586 1 5 3 3 2
821 604 2 5 3 3 2
821 614 2 5 3 3 2
821 632 4 3 3 1 2
821 634 3 5 3 3 2
821 656 1 5 3 2 3
821 674 3 5 3 3 2
821 688 4 4 3 2 2
821 716 1 5 3 2 3
821 796 4 4 3 3 1
823 6 4 3 3 1 2
823 28 3 5 3 2 3
823 32 2 5 2 3 2
823 38 1 5 3 3 2
823 46 3 5 3 2 3
823 74 4 5 3 3 2
823 82 1 5 3 2 3
823 92 1 5 3 3 2
823 96 4 2 3 1 1
823 108 2 5 3 2 3
823 112 1 5 3 3 2
823 134 3 5 3 3 2
823 152 1 5 3 3 2
823 158 3 5 3 2 3
823 172 1 5 3 2 3
823 176 4 3 3 2 1
823 178 2 6 3 3 3
823 200 2 5 3 3 2
823 212 1 5 3 3 2
823 214 3 5 3 2 3
823 242 2 5 3 3 2
823 248 3 5 3 3 2
823 254 4 3 3 2 1
823 262 1 6 3 3 3
823 272 2 5 3 3 2
823 298 2 5 3 2 3
823 332 3 5 3 4 1
823 368 2 5 3 2 3
823 386 2 5 3 3 2
823 388 1 5 3 2 3
823 398 1 5 3 3 2
823 412 1 5 3 3 2
823 416 3 5 3 3 2
823 424 4 5 3 2 3
823 436 4 3 3 1 2
823 448 4 4 3 2 2
823 452 3 5 3 3 2
823 458 1 5 3 3 2
823 472 2 5 3 3 2
823 482 3 5 3 3 2
823 488 2 5 3 3 2
823 538 4 4 3 1 3
823 542 1 5 3 4 1
823 568 1 5 3 2 3
823 592 3 5 3 2 3
823 640 2 5 3 3 2
823 662 1 5 3 3 2
823 668 1 5 3 3 2
823 686 4 3 3 2 1
823 718 1 5 3 2 3
823 724 3 5 3 3 2
823 734 4 3 3 2 1
823 758 2 5 3 3 2
823 772 1 5 3 3 2
824 19 3 5 3 2 3
824 31 2 5 3 3 2
824 47 2 5 3 2 3
824 53 4 3 3 1 2
824 61 1 5 3 3 2
824 79 2 5 3 3 2
824 89 1 5 3 2 3
824 109 2 5 3 2 3
824 121 2 5 3 3 2
824 131 2 5 3 2 3
824 179 1 5 3 2 3
824 191 1 5 3 3 2
824 229 2 5 3 2 3
824 233 4 4 3 2 2
824 241 2 5 3 3 2
824 271 2 5 3 3 2
824 281 1 5 3 3 2
824 289 2 5 3 3 2
824 307 3 5 3 3 2
824 331 1 6 3 4 2
824 337 4 3 3 2 1
824 347 4 3 3 1 2
824 349 3 5 3 3 2
824 359 2 5 3 2 3
824 373 2 5 3 3 2
824 397 2 5 3 3 2
824 421 3 5 3 3 2
824 439 2 5 3 2 3
824 463 4 4 3 3 1
824 467 4 4 3 1 3
824 509 1 5 3 2 3
824 529 2 5 3 3 2
824 541 2 5 3 4 1
824 547 4 3 3 2 1
824 569 3 5 3 2 3
824 571 3 5 3 3 2
824 593 3 5 3 2 3
824 619 2 5 3 3 2
824 691 1 5 3 3 2
824 709 2 5 3 3 2
824 733 4 4 3 2 2
827 6 4 3 3 2 1
827 8 2 5 2 2 3
827 22 2 5 3 2 3
827 28 1 5 3 3 2
827 34 3 5 3 3 2
827 62 1 5 3 2 3
827 64 4 4 2 2 2
827 68 2 5 3 2 3
827 86 2 5 3 2 3
827 112 3 5 3 2 3
827 122 2 5 3 2 3
827 142 3 5 3 3 2
827 144 4 2 3 1 1
827 148 1 5 3 3 2
827 160 2 5 3 3 2
827 162 2 5 3 2 3
827 176 2 5 3 2 3
827 178 1 5 3 3 2
827 188 2 5 3 3 2
827 194 4 3 3 1 2
827 200 2 5 3 2 3
827 218 3 6 3 3 3
827 226 4 3 3 2 1
827 232 1 5 3 2 3
827 244 2 5 3 3 2
827 268 2 5 3 3 2
827 272 3 5 3 2 3
827 278 1 5 3 3 2
827 296 4 3 3 1 2
827 324 4 2 3 1 1
827 328 2 5 3 4 1
827 332 1 5 3 2 3
827 346 3 5 3 3 2
827 358 2 5 3 3 2
827 362 2 5 3 2 3
827 382 2 5 3 3 2
827 392 2 5 3 2 3
827 398 2 5 3 2 3
827 412 2 5 3 3 2
827 428 2 5 3 2 3
827 482 2 6 3 3 3
827 508 2 5 3 3 2
827 512 2 5 2 2 3
827 526 2 5 3 3 2
827 538 1 5 3 4 1
827 568 2 5 3 3 2
827 586 4 3 3 2 1
827 592 2 5 3 3 2
827 596 4 4 3 1 3
827 608 1 5 3 3 2
827 622 2 5 3 3 2
827 652 1 5 3 3 2
827 668 2 5 3 3 2
827 716 4 3 3 1 2
827 724 4 4 3 3 1
827 766 4 3 3 2 1
827 772 2 5 3 3 2
827 788 2 5 3 3 2
827 794 4 3 3 1 2
827 818 4 4 3 3 1
829 2 4 3 2 2 1
829 4 2 5 2 2 3
829 26 1 5 3 3 2
829 28 4 3 3 1 2
829 64 1 5 2 2 3
829 74 1 5 3 3 2
829 88 3 5 3 2 3
829 94 1 5 3 2 3
829 106 2 5 3 3 2
829 116 2 5 3 3 2
829 118 4 3 3 1 2
829 136 1 5 3 2 3
829 152 4 3 3 2 1
829 158 3 5 3 3 2
829 164 2 5 3 2 3
829 166 1 5 3 2 3
829 172 3 5 3 3 2
829 178 3 5 3 2 3
829 194 2 5 3 3 2
829 206 3 5 3 3 2
829 214 2 5 3 2 3
829 244 1 5 3 2 3
829 256 2 5 2 3 2
829 262 4 3 3 1 2
829 284 2 5 3 3 2
829 288 4 2 3 1 1
829 302 2 5 3 3 2
829 304 1 5 3 2 3
829 326 1 5 3 4 1
829 344 2 5 3 3 2
829 346 2 5 3 2 3
829 356 2 5 3 3 2
829 358 4 3 3 1 2
829 392 4 5 3 3 2
829 416 1 5 3 3 2
829 436 2 5 3 3 2
829 452 3 5 3 3 2
829 458 4 5 3 3 2
829 466 3 5 3 3 2
829 484 1 5 3 2 3
829 514 1 5 3 2 3
829 524 1 5 3 3 2
829 536 1 5 3 4 1
829 556 2 5 3 2 3
829 596 4 4 3 3 1
829 608 4 4 3 2 2
829 614 3 5 3 3 2
829 626 2 5 3 3 2
829 634 1 6 3 3 3
829 652 4 3 3 1 2
829 676 2 5 3 3 2
829 686 1 5 3 3 2
829 698 4 3 3 2 1
829 718 3 5 3 3 2
829 752 3 5 3 3 2
829 766 2 5 3 3 2
829 778 4 3 3 1 2
829 808 4 3 3 1 2
832 29 3 5 3 3 2
832 37 2 5 3 2 3
832 53 2 5 3 3 2
832 67 2 5 3 2 3
832 73 1 5 3 2 3
832 83 1 5 3 3 2
832 125 1 5 3 3 2
832 127 1 5 3 2 3
832 137 2 5 3 3 2
832 167 2 5 3 2 3
832 223 2 5 3 2 3
832 281 3 5 3 3 2
832 307 2 5 3 2 3
832 337 2 5 3 2 3
832 367 2 5 3 2 3
832 421 4 4 3 2 2
832 433 1 6 3 3 3
832 463 2 5 3 3 2
832 503 1 5 3 3 2
832 547 2 5 3 2 3
832 587 1 5 3 3 2
832 617 2 5 3 3 2
832 631 2 5 3 3 2
832 647 2 5 3 3 2
832 659 4 4 3 3 1
832 673 2 5 3 3 2
835 16 1 5 3 2 3
837 32 1 5 3 2 3
837 64 4 3 3 2 1
838 13 1 5 3 2 3
838 23 1 5 3 3 2
838 47 1 5 3 3 2
838 59 2 5 3 3 2
838 61 3 5 3 2 3
838 71 4 4 3 2 2
838 79 2 5 3 2 3
838 97 1 6 3 3 3
838 107 2 5 3 3 2
838 121 4 4 3 2 2
838 131 2 5 3 3 2
838 139 4 3 3 1 2
838 149 2 5 3 3 2
838 163 1 5 3 3 2
838 167 3 5 3 3 2
838 173 3 5 3 2 3
838 181 4 3 3 1 2
838 199 4 4 3 2 2
838 227 1 5 3 3 2
838 229 3 5 3 2 3
838 233 1 5 3 3 2
838 243 3 5 3 2 3
838 251 4 3 3 2 1
838 257 2 5 3 3 2
838 269 4 3 3 2 1
838 277 2 5 3 2 3
838 283 3 5 3 2 3
838 293 1 5 3 3 2
838 317 1 5 3 4 1
838 373 3 5 3 2 3
838 383 1 6 3 3 3
838 397 1 5 3 3 2
838 401 3 5 3 3 2
838 409 2 5 3 2 3
838 443 1 5 3 3 2
838 457 3 5 3 3 2
838 467 1 5 3 3 2
838 479 4 3 3 2 1
838 529 4 3 3 1 2
838 607 2 5 3 2 3
838 617 3 5 3 3 2
838 625 2 5 3 3 2
838 653 2 5 3 3 2
838 677 3 5 3 3 2
838 709 2 5 3 3 2
838 743 1 5 3 3 2
838 761 3 5 3 3 2
839 22 3 5 3 3 2
839 34 3 5 3 2 3
839 46 2 5 3 3 2
839 48 4 3 3 1 2
839 58 4 5 3 3 2
839 62 3 5 3 2 3
839 64 1 5 2 3 2
839 74 3 5 3 2 3
839 76 2 5 3 3 2
839 104 2 5 3 2 3
839 108 4 3 3 1 2
839 118 2 5 3 3 2
839 124 1 5 3 2 3
839 134 2 5 3 2 3
839 136 1 5 3 3 2
839 146 3 5 3 2 3
839 176 1 6 3 3 3
839 184 2 5 3 3 2
839 188 2 5 3 2 3
839 206 2 5 3 3 2
839 212 4 4 3 1 3
839 244 1 5 3 2 3
839 256 3 5 2 3 2
839 262 4 3 3 2 1
839 274 2 5 3 3 2
839 316 3 5 3 4 1
839 334 3 5 3 3 2
839 344 2 5 3 2 3
839 346 1 5 3 3 2
839 356 1 5 3 2 3
839 358 2 5 3 3 2
839 368 4 4 3 2 2
839 404 2 5 3 2 3
839 436 2 5 3 3 2
839 448 2 5 3 3 2
839 454 2 5 3 2 3
839 472 4 4 3 3 1
839 488 4 3 3 1 2
839 514 1 5 3 3 2
839 524 2 5 3 2 3
839 526 2 5 3 4 1
839 554 3 5 3 2 3
839 566 1 5 3 2 3
839 568 4 4 3 3 1
839 586 1 5 3 3 2
839 604 3 5 3 3 2
839 622 4 4 3 2 2
839 628 4 3 3 2 1
839 652 2 5 3 3 2
839 656 2 5 3 3 2
839 674 1 5 3 2 3
839 694 2 5 3 3 2
839 706 2 5 3 3 2
839 734 2 5 3 2 3
839 758 4 2 3 1 1
839 772 4 3 3 2 1
839 776 2 5 3 3 2
841 2 4 3 2 2 1
841 32 4 3 2 2 1
841 56 2 5 3 3 2
841 62 2 5 3 3 2
841 64 2 5 2 2 3
841 72 4 3 3 2 1
841 74 2 5 3 3 2
841 76 2 5 3 2 3
841 82 3 5 3 2 3
841 94 1 5 3 3 2
841 98 4 3 3 2 1
841 104 3 5 3 3 2
841 128 3 5 2 3 2
841 134 3 5 3 3 2
841 146 2 5 3 3 2
841 148 3 5 3 2 3
841 160 2 5 3 3 2
841 162 4 4 3 2 2
841 176 3 5 3 2 3
841 196 1 5 3 2 3
841 202 4 4 3 2 2
841 214 3 5 3 2 3
841 226 1 5 3 2 3
841 244 1 5 3 3 2
841 292 4 4 3 2 2
841 314 1 6 3 4 2
841 316 3 5 3 2 3
841 344 3 5 3 3 2
841 356 2 5 3 3 2
841 358 3 5 3 2 3
841 368 2 5 3 3 2
841 386 1 5 3 2 3
841 394 3 5 3 3 2
841 404 1 5 3 3 2
841 412 2 5 3 2 3
841 422 4 3 3 2 1
841 424 1 5 3 3 2
841 446 1 5 3 3 2
841 448 4 3 3 1 2
841 454 1 5 3 3 2
841 478 4 3 3 1 2
841 484 1 5 3 2 3
841 496 1 5 3 2 3
841 508 4 4 3 2 2
841 512 3 5 2 3 2
841 524 2 5 3 4 1
841 554 1 5 3 3 2
841 556 2 5 3 2 3
841 566 3 5 3 3 2
841 578 4 4 3 3 1
841 622 2 5 3 3 2
841 648 4 2 3 1 1
841 664 1 5 3 3 2
841 676 2 5 3 2 3
841 706 1 5 3 3 2
841 722 4 4 3 2 2
841 736 1 5 3 2 3
841 764 2 5 3 3 2
841 776 2 5 3 3 2
842 23 2 5 3 2 3
842 37 3 5 3 2 3
842 43 1 5 3 3 2
842 47 1 5 3 2 3
842 61 2 5 3 3 2
842 83 2 5 3 2 3
842 89 4 4 3 2 2
842 101 2 5 3 2 3
842 107 1 5 3 2 3
842 127 2 6 3 3 3
842 137 1 5 3 2 3
842 163 1 5 3 3 2
842 173 2 5 3 3 2
842 191 4 4 3 1 3
842 193 3 5 3 3 2
842 233 2 5 3 2 3
842 239 4 4 3 2 2
842 257 2 5 3 2 3
842 263 2 5 3 3 2
842 289 3 5 3 3 2
842 313 3 5 3 4 1
842 317 1 5 3 2 3
842 331 3 5 3 3 2
842 347 2 5 3 2 3
842 367 2 5 3 3 2
842 389 4 3 3 1 2
842 397 1 5 3 3 2
842 439 2 5 3 3 2
842 443 1 5 3 2 3
842 457 3 5 3 2 3
842 461 4 3 3 1 2
842 467 2 5 3 3 2
842 509 4 4 3 2 2
842 523 1 6 3 4 2
842 569 3 5 3 2 3
842 577 1 5 3 3 2
842 593 3 5 3 3 2
842 607 1 5 3 3 2
842 653 2 5 3 3 2
842 661 4 3 3 2 1
842 677 1 5 3 2 3
842 709 2 5 3 3 2
842 757 2 5 3 3 2
842 773 2 5 3 3 2
843 256 4 3 3 2 1
844 11 2 5 3 3 2
844 25 1 5 3 2 3
844 41 3 5 3 3 2
844 49 2 5 3 2 3
844 53 3 5 3 3 2
844 59 1 5 3 3 2
844 73 4 4 3 2 2
844 79 2 5 3 2 3
844 109 4 4 3 1 3
844 113 2 5 3 3 2
844 131 1 5 3 3 2
844 151 3 5 3 2 3
844 157 2 5 3 3 2
844 179 1 6 3 3 3
844 181 2 5 3 2 3
844 193 3 5 3 2 3
844 199 2 5 3 2 3
844 229 3 5 3 2 3
844 241 1 5 3 3 2
844 269 1 5 3 3 2
844 283 3 5 3 2 3
844 289 2 5 3 2 3
844 311 2 6 3 4 2
844 317 4 4 3 2 2
844 347 4 4 3 2 2
844 361 1 5 3 2 3
844 389 2 5 3 2 3
844 409 1 5 3 2 3
844 421 3 5 3 3 2
844 431 1 5 3 3 2
844 463 4 3 3 1 2
844 467 2 5 3 3 2
844 499 3 5 3 2 3
844 503 4 4 3 2 2
844 509 2 5 3 3 2
844 521 1 6 3 4 2
844 571 2 5 3 2 3
844 587 4 3 3 2 1
844 599 2 5 3 3 2
844 613 3 5 3 2 3
844 619 3 5 3 3 2
844 641 1 5 3 3 2
844 661 3 5 3 3 2
844 701 2 5 3 3 2
844 751 2 5 3 3 2
844 809 4 5 3 3 2
847 16 4 3 3 1 2
848 13 2 5 3 3 2
848 23 1 5 3 2 3
848 43 2 5 3 2 3
848 49 3 5 3 3 2
848 67 2 5 3 3 2
848 83 1 5 3 2 3
848 107 1 5 3 2 3
848 127 3 5 3 3 2
848 167 3 5 3 3 2
848 197 3 6 3 3 3
848 229 4 3 3 2 1
848 233 1 5 3 2 3
848 257 1 5 3 3 2
848 263 3 5 3 2 3
848 271 4 3 3 2 1
848 281 4 3 3 1 2
848 283 2 5 3 3 2
848 293 3 5 3 2 3
848 307 2 5 3 4 1
848 337 1 5 3 3 2
848 349 4 4 3 3 1
848 373 1 5 3 3 2
848 397 2 5 3 3 2
848 419 2 5 3 2 3
848 433 2 5 3 3 2
848 457 3 5 3 3 2
848 461 3 5 3 3 2
848 463 2 6 3 3 3
848 491 2 5 3 2 3
848 503 1 5 3 2 3
848 509 4 4 3 2 2
848 547 1 5 3 3 2
848 563 1 5 3 2 3
848 587 3 5 3 3 2
848 593 1 5 3 2 3
848 601 2 5 3 3 2
848 617 1 5 3 2 3
848 631 3 5 3 3 2
848 643 2 5 3 3 2
848 647 3 5 3 3 2
848 653 2 5 3 2 3
848 691 4 3 3 2 1
848 733 1 5 3 3 2
848 739 4 3 3 2 1
848 743 3 5 3 2 3
848 757 3 5 3 3 2
848 797 2 5 3 3 2
848 841 4 3 3 2 1
851 4 4 5 3 3 2
851 256 2 5 3 2 3
853 2 1 5 2 3 2
853 8 1 5 2 3 2
853 12 4 3 3 2 1
853 48 1 5 3 2 3
853 50 2 5 3 3 2
853 62 3 5 3 3 2
853 82 2 5 3 3 2
853 86 4 4 3 2 2
853 104 2 5 3 3 2
853 112 1 5 3 2 3
853 116 3 5 3 3 2
853 122 2 5 3 3 2
853 144 4 2 3 1 1
853 148 2 6 3 3 3
853 188 2 5 3 2 3
853 194 4 3 3 2 1
853 202 2 5 3 2 3
853 218 2 5 3 3 2
853 226 3 5 3 2 3
853 232 1 5 3 3 2
853 242 1 5 3 3 2
853 256 4 3 2 1 2
853 268 2 5 3 2 3
853 274 4 4 3 2 2
853 278 1 5 3 3 2
853 284 4 3 3 2 1
853 292 2 5 3 2 3
853 302 1 6 3 4 2
853 320 2 5 3 3 2
853 356 3 5 3 3 2
853 358 3 5 3 2 3
853 368 2 5 3 3 2
853 376 4 3 3 1 2
853 382 2 5 3 3 2
853 388 1 5 3 2 3
853 398 1 5 3 2 3
853 412 2 5 3 3 2
853 428 2 5 3 3 2
853 458 1 5 3 3 2
853 482 3 5 3 3 2
853 496 2 5 3 2 3
853 512 1 6 2 4 2
853 538 2 5 3 2 3
853 554 2 5 3 3 2
853 566 3 5 3 3 2
853 568 1 5 3 2 3
853 584 4 3 3 2 1
853 622 1 5 3 2 3
853 632 1 5 3 3 2
853 634 4 3 3 1 2
853 652 2 5 3 3 2
853 688 2 5 3 2 3
853 692 2 5 3 3 2
853 694 3 5 3 3 2
853 698 2 5 3 3 2
853 724 4 4 3 2 2
853 736 4 4 3 2 2
853 766 4 3 3 1 2
853 794 4 3 3 2 1
856 5 1 5 3 3 2
856 7 4 3 3 1 2
856 23 4 4 3 2 2
856 37 3 5 3 2 3
856 41 2 5 3 3 2
856 61 2 5 3 2 3
856 79 1 6 3 3 3
856 81 4 3 3 1 2
856 89 2 5 3 3 2
856 101 2 5 3 3 2
856 127 4 2 3 1 1
856 131 2 5 3 3 2
856 149 1 5 3 3 2
856 151 2 5 3 2 3
856 167 2 5 3 3 2
856 191 2 5 3 2 3
856 197 4 3 3 2 1
856 211 3 5 3 2 3
856 229 2 6 3 3 3
856 271 1 5 3 2 3
856 283 4 4 3 2 2
856 313 4 4 3 2 2
856 317 2 5 3 3 2
856 367 4 3 3 1 2
856 379 2 5 3 3 2
856 383 3 5 3 3 2
856 401 2 5 3 2 3
856 409 2 5 3 3 2
856 419 3 5 3 3 2
856 431 1 5 3 3 2
856 439 3 5 3 3 2
856 449 3 5 3 3 2
856 457 2 5 3 2 3
856 479 1 5 3 3 2
856 499 3 5 3 2 3
856 509 1 5 3 4 1
856 523 4 4 3 2 2
856 541 1 5 3 2 3
856 569 3 5 3 3 2
856 601 2 5 3 2 3
856 607 3 5 3 3 2
856 653 4 4 3 2 2
856 661 3 5 3 2 3
856 673 5 4 3 2 2
856 691 2 6 3 3 3
856 739 1 5 3 3 2
856 761 1 5 3 3 2
856 821 3 5 3 3 2
856 823 4 4 3 2 2
857 32 1 5 2 2 3
857 36 4 3 3 2 1
857 38 2 5 3 2 3
857 40 3 5 3 3 2
857 52 2 5 3 2 3
857 58 2 5 3 3 2
857 86 4 4 3 2 2
857 92 1 5 3 2 3
857 96 4 2 3 1 1
857 98 2 5 3 2 3
857 112 3 5 3 3 2
857 116 3 5 3 2 3
857 122 2 5 3 2 3
857 142 2 5 3 2 3
857 144 3 5 3 3 2
857 158 2 5 3 3 2
857 164 4 4 3 1 3
857 178 2 5 3 3 2
857 188 2 5 3 3 2
857 208 2 5 3 3 2
857 216 4 3 3 2 1
857 242 2 5 3 2 3
857 248 2 6 3 3 3
857 262 1 5 3 2 3
857 274 2 5 3 3 2
857 298 2 6 3 4 2
857 302 2 5 3 2 3
857 332 2 5 3 2 3
857 334 4 3 3 2 1
857 346 4 4 3 2 2
857 352 2 5 3 3 2
857 362 1 5 3 2 3
857 382 3 5 3 3 2
857 388 2 5 3 3 2
857 424 4 4 3 3 1
857 428 1 5 3 2 3
857 436 4 3 3 2 1
857 446 4 3 3 1 2
857 452 2 5 3 3 2
857 454 3 5 3 3 2
857 458 2 5 3 2 3
857 472 2 5 3 2 3
857 482 4 4 3 2 2
857 486 4 4 3 2 2
857 500 2 5 3 2 3
857 508 1 5 3 4 1
857 538 4 5 3 3 2
857 554 4 4 3 2 2
857 562 2 5 3 3 2
857 578 2 5 3 3 2
857 584 3 5 3 2 3
857 592 2 5 3 3 2
857 622 1 5 3 3 2
857 648 1 5 3 3 2
857 662 2 5 3 2 3
857 694 4 4 3 3 1
857 704 4 4 3 2 2
857 724 2 5 3 3 2
857 736 4 3 3 2 1
857 758 1 5 3 3 2
857 788 3 5 3 3 2
857 802 1 5 3 3 2
857 856 4 2 3 2 0
859 18 4 2 3 1 1
859 26 2 5 3 3 2
859 34 2 5 3 2 3
859 40 2 5 3 2 3
859 44 2 5 3 3 2
859 54 2 5 3 2 3
859 56 2 5 3 3 2
859 64 2 5 2 2 3
859 76 1 5 3 3 2
859 100 4 5 3 2 3
859 122 4 4 3 2 2
859 128 3 5 2 3 2
859 142 2 5 3 3 2
859 144 1 5 3 2 3
859 146 2 5 3 3 2
859 164 3 5 3 3 2
859 166 1 5 3 2 3
859 194 1 5 3 2 3
859 196 2 5 3 2 3
859 208 2 5 3 2 3
859 214 1 5 3 2 3
859 226 2 5 3 3 2
859 236 2 5 3 3 2
859 248 4 4 3 2 2
859 254 2 5 3 3 2
859 274 3 5 3 2 3
859 296 2 5 3 4 1
859 298 3 5 3 2 3
859 314 1 5 3 3 2
859 326 1 5 3 3 2
859 362 2 5 3 3 2
859 376 2 6 3 3 3
859 386 2 5 3 3 2
859 394 1 5 3 2 3
859 404 1 5 3 2 3
859 422 3 5 3 3 2
859 436 2 5 3 3 2
859 446 1 5 3 3 2
859 452 2 5 3 3 2
859 502 4 4 3 1 3
859 512 4 3 2 2 1
859 536 2 5 3 3 2
859 538 4 4 3 2 2
859 542 4 3 3 2 1
859 544 2 5 3 2 3
859 584 1 5 3 3 2
859 586 1 5 3 2 3
859 604 2 6 3 3 3
859 648 4 3 3 2 1
859 656 2 5 3 3 2
859 674 2 5 3 3 2
859 688 2 5 3 3 2
859 712 4 3 3 1 2
859 716 2 5 3 3 2
859 736 2 5 3 3 2
859 788 4 3 3 2 1
859 794 2 5 3 3 2
859 824 3 5 3 3 2
859 848 4 3 3 2 1
862 7 2 5 3 2 3
862 37 2 5 3 2 3
862 43 1 5 3 2 3
862 49 4 3 3 1 2
862 71 4 4 3 2 2
862 73 2 5 3 3 2
862 83 2 5 3 3 2
862 97 2 5 3 2 3
862 103 2 5 3 2 3
862 107 2 5 3 3 2
862 113 1 5 3 3 2
862 125 2 5 3 3 2
862 127 1 5 3 2 3
862 139 3 5 3 3 2
862 149 4 4 3 2 2
862 173 3 5 3 3 2
862 197 1 5 3 2 3
862 211 2 5 3 2 3
862 223 2 5 3 3 2
862 233 1 5 3 3 2
862 241 4 3 3 1 2
862 251 3 5 3 3 2
862 269 4 4 3 3 1
862 277 1 5 3 2 3
862 293 2 5 3 4 1
862 307 1 5 3 2 3
862 311 2 5 3 3 2
862 337 3 5 3 2 3
862 347 2 5 3 3 2
862 373 1 5 3 3 2
862 379 2 5 3 2 3
862 433 2 6 3 3 3
862 439 4 3 3 1 2
862 449 3 5 3 3 2
862 461 4 3 3 2 1
862 463 1 5 3 2 3
862 491 2 5 3 3 2
862 503 2 5 3 4 1
862 557 1 5 3 3 2
862 563 2 5 3 3 2
862 571 4 3 3 1 2
862 587 2 5 3 3 2
862 601 3 5 3 3 2
862 607 1 5 3 2 3
862 617 2 5 3 3 2
862 631 4 4 3 1 3
862 643 3 5 3 3 2
862 653 1 5 3 3 2
862 719 2 5 3 3 2
862 733 1 5 3 3 2
862 743 3 5 3 3 2
862 797 1 5 3 3 2
862 839 4 3 3 2 1
863 2 2 5 2 2 3
863 8 1 5 2 2 3
863 14 4 3 3 1 2
863 26 4 4 3 2 2
863 38 3 5 3 2 3
863 58 1 5 3 2 3
863 64 4 4 2 2 2
863 68 1 5 3 2 3
863 72 2 5 3 3 2
863 82 2 5 3 3 2
863 86 3 5 3 2 3
863 122 1 5 3 2 3
863 142 3 5 3 3 2
863 146 4 3 3 1 2
863 148 2 5 3 2 3
863 152 2 5 3 3 2
863 160 3 5 3 3 2
863 206 4 3 3 1 2
863 208 1 5 3 3 2
863 212 1 5 3 2 3
863 218 1 5 3 2 3
863 236 2 5 3 2 3
863 242 1 5 3 3 2
863 248 3 5 3 2 3
863 268 1 6 3 3 3
863 278 2 5 3 2 3
863 292 2 5 3 4 1
863 302 1 5 3 2 3
863 324 4 3 3 1 2
863 346 3 5 3 3 2
863 358 2 5 3 3 2
863 382 2 5 3 3 2
863 398 2 5 3 2 3
863 404 4 4 3 2 2
863 412 1 5 3 3 2
863 424 4 4 3 3 1
863 446 3 5 3 3 2
863 448 1 5 3 3 2
863 472 2 5 3 3 2
863 478 1 5 3 2 3
863 502 2 5 3 4 1
863 526 4 3 3 2 1
863 544 2 5 3 3 2
863 548 2 5 3 2 3
863 556 4 4 3 3 1
863 562 3 5 3 3 2
863 578 1 5 3 2 3
863 628 3 5 3 3 2
863 632 1 6 3 3 3
863 662 4 4 3 2 2
863 664 5 3 3 2 1
863 688 2 5 3 3 2
863 698 2 5 3 2 3
863 716 4 3 3 1 2
863 718 1 5 3 3 2
863 752 2 5 3 3 2
863 766 4 3 3 2 1
863 772 1 5 3 3 2
863 842 2 5 3 3 2
863 844 4 3 3 2 1
864 43 4 2 3 1 1
864 59 2 5 3 2 3
864 71 2 5 3 3 2
864 73 4 3 3 1 2
864 107 4 2 3 1 1
864 151 1 5 3 3 2
864 241 1 5 3 3 2
864 269 2 5 3 2 3
864 277 4 3 3 2 1
864 409 2 5 3 2 3
864 479 3 5 3 2 3
864 599 2 5 3 3 2
864 607 4 2 3 1 1
864 617 4 3 3 1 2
864 683 4 4 3 3 1
864 797 4 3 3 2 1
865 4 2 5 3 2 3
865 32 1 5 3 3 2
865 256 2 5 3 2 3
866 5 2 5 3 2 3
866 19 2 5 3 3 2
866 31 1 5 3 3 2
866 47 3 5 3 2 3
866 49 2 5 3 3 2
866 53 4 3 3 1 2
866 61 1 5 3 2 3
866 89 3 5 3 2 3
866 103 3 5 3 3 2
866 107 3 5 3 2 3
866 121 2 5 3 3 2
866 127 4 3 3 2 1
866 149 3 5 3 3 2
866 151 1 5 3 2 3
866 157 4 4 3 3 1
866 169 3 5 3 3 2
866 179 1 5 3 3 2
866 193 4 3 3 2 1
866 199 1 5 3 3 2
866 229 2 5 3 3 2
866 239 1 6 3 3 3
866 271 2 5 3 2 3
866 281 1 5 3 2 3
866 289 1 5 3 4 1
866 307 3 5 3 3 2
866 311 2 5 3 2 3
866 331 2 5 3 3 2
866 373 3 5 3 3 2
866 401 2 5 3 2 3
866 421 2 5 3 3 2
866 439 2 5 3 3 2
866 443 3 5 3 3 2
866 467 4 5 3 2 3
866 499 1 5 3 4 1
866 509 1 5 3 2 3
866 521 2 5 3 2 3
866 541 3 5 3 3 2
866 569 1 5 3 3 2
866 599 4 4 3 2 2
866 613 3 5 3 3 2
866 619 3 5 3 3 2
866 677 4 3 3 1 2
866 701 4 4 3 1 3
866 727 4 3 3 2 1
866 733 3 5 3 3 2
866 751 1 5 3 3 2
866 811 2 5 3 3 2
866 857 4 2 3 1 1
869 64 2 5 3 2 3
869 128 4 4 3 1 3
871 64 1 5 3 3 2
871 256 2 5 3 2 3
872 17 2 5 3 2 3
872 25 1 5 3 3 2
872 31 4 4 3 3 1
872 53 2 5 3 2 3
872 67 2 5 3 2 3
872 73 2 5 3 3 2
872 97 2 5 3 3 2
872 107 2 5 3 2 3
872 113 1 5 3 2 3
872 131 2 5 3 2 3
872 151 3 5 3 3 2
872 157 1 5 3 2 3
872 173 2 5 3 3 2
872 181 4 3 3 2 1
872 193 1 5 3 3 2
872 223 2 5 3 3 2
872 227 2 5 3 2 3
872 229 4 3 3 2 1
872 233 2 5 3 3 2
872 263 2 5 3 2 3
872 269 4 4 3 2 2
872 277 1 5 3 2 3
872 281 4 3 3 1 2
872 283 1 6 3 4 2
872 311 4 5 3 2 3
872 313 2 5 3 3 2
872 317 2 5 3 2 3
872 337 3 5 3 3 2
872 343 4 3 3 2 1
872 347 1 5 3 2 3
872 367 2 5 3 3 2
872 389 2 5 3 2 3
872 443 1 5 3 2 3
872 487 1 5 3 2 3
872 499 4 3 3 2 1
872 541 4 3 3 2 1
872 547 3 5 3 3 2
872 563 1 5 3 3 2
872 571 2 5 3 3 2
872 577 3 5 3 3 2
872 607 2 5 3 3 2
872 613 1 5 3 3 2
872 619 4 5 3 3 2
872 641 3 5 3 2 3
872 701 4 4 3 2 2
872 727 2 5 3 3 2
872 743 2 5 3 3 2
872 773 2 5 3 3 2
872 787 1 5 3 3 2
872 857 2 5 3 3 2
873 16 4 3 3 2 1
873 128 1 5 3 3 2
877 8 2 5 2 3 2
877 16 2 5 2 2 3
877 22 3 5 3 2 3
877 26 3 5 3 3 2
877 58 1 6 3 3 3
877 72 1 5 3 2 3
877 74 4 4 3 2 2
877 82 3 5 3 2 3
877 92 2 5 3 3 2
877 98 1 5 3 3 2
877 112 1 5 3 2 3
877 118 2 5 3 2 3
877 124 2 5 3 3 2
877 128 2 5 2 3 2
877 146 3 5 3 3 2
877 188 1 5 3 3 2
877 208 1 5 3 3 2
877 212 2 5 3 2 3
877 250 2 5 3 2 3
877 254 3 5 3 3 2
877 262 1 5 3 2 3
877 268 2 5 3 2 3
877 278 2 5 3 4 1
877 292 2 5 3 2 3
877 296 3 5 3 3 2
877 316 4 4 3 1 3
877 332 1 5 3 3 2
877 334 4 4 3 2 2
877 344 2 5 3 3 2
877 358 2 5 3 3 2
877 362 2 5 3 3 2
877 388 2 5 3 3 2
877 394 3 5 3 2 3
877 404 2 5 3 3 2
877 422 2 5 3 2 3
877 432 2 5 3 3 2
877 436 4 4 3 2 2
877 446 4 3 3 2 1
877 448 3 5 3 2 3
877 478 2 5 3 2 3
877 488 2 5 3 4 1
877 542 2 5 3 3 2
877 548 2 5 3 3 2
877 554 4 4 3 2 2
877 578 1 5 3 3 2
877 584 4 3 3 2 1
877 586 2 5 3 3 2
877 592 2 5 3 2 3
877 628 2 5 3 3 2
877 656 2 5 3 3 2
877 668 2 5 3 3 2
877 674 4 5 3 3 2
877 712 2 5 3 2 3
877 718 2 5 3 3 2
877 722 2 5 3 3 2
877 724 4 3 3 1 2
877 758 3 5 3 3 2
877 772 2 5 3 2 3
877 776 4 4 3 3 1
877 784 4 4 3 2 2
877 800 2 5 3 3 2
877 844 4 3 3 1 2
878 7 3 5 3 3 2
878 9 4 3 3 1 2
878 17 3 5 3 2 3
878 23 2 5 3 2 3
878 41 4 3 3 1 2
878 53 1 5 3 2 3
878 61 4 4 3 2 2
878 73 2 5 3 2 3
878 79 2 5 3 3 2
878 97 2 5 3 3 2
878 101 2 5 3 2 3
878 137 1 6 3 3 3
878 157 1 5 3 3 2
878 163 3 5 3 2 3
878 167 1 5 3 3 2
878 193 2 5 3 3 2
878 199 4 4 3 2 2
878 211 4 4 3 2 2
878 227 2 6 3 3 3
878 233 2 5 3 2 3
878 263 1 5 3 2 3
878 269 3 5 3 2 3
878 277 3 5 3 4 1
878 283 1 5 3 2 3
878 317 3 5 3 2 3
878 343 1 5 3 3 2
878 347 4 4 3 2 2
878 361 2 5 3 3 2
878 367 2 5 3 3 2
878 383 1 5 3 2 3
878 397 3 5 3 3 2
878 401 4 3 3 1 2
878 409 2 5 3 3 2
878 431 3 5 3 3 2
878 433 2 5 3 3 2
878 479 2 5 3 2 3
878 487 2 6 3 4 2
878 503 4 3 3 1 2
878 529 4 4 3 3 1
878 557 1 5 3 3 2
878 563 3 5 3 2 3
878 569 4 3 3 1 2
878 571 4 4 3 3 1
878 577 2 5 3 3 2
878 613 2 5 3 3 2
878 617 2 5 3 3 2
878 647 2 5 3 2 3
878 673 3 5 3 3 2
878 683 1 5 3 2 3
878 773 2 5 3 2 3
878 787 1 5 3 3 2
878 809 4 4 3 2 2
878 827 2 5 3 3 2
881 16 3 5 2 3 2
881 20 1 5 3 2 3
881 34 1 5 3 3 2
881 62 3 5 3 2 3
881 64 1 5 2 3 2
881 76 2 6 3 3 3
881 88 2 5 3 3 2
881 104 2 5 3 2 3
881 106 3 5 3 3 2
881 122 2 5 3 2 3
881 128 4 3 2 1 2
881 134 2 5 3 3 2
881 146 2 5 3 2 3
881 148 4 3 3 2 1
881 158 4 3 3 1 2
881 164 1 5 3 3 2
881 166 1 5 3 2 3
881 176 3 5 3 2 3
881 184 2 5 3 3 2
881 214 2 5 3 3 2
881 218 3 5 3 2 3
881 224 2 5 3 3 2
881 232 3 5 3 3 2
881 248 4 3 3 1 2
881 254 2 5 3 2 3
881 262 4 3 3 2 1
881 274 3 5 3 4 1
881 292 2 5 3 3 2
881 296 2 5 3 2 3
881 316 1 5 3 3 2
881 326 2 5 3 2 3
881 328 4 5 3 3 2
881 362 4 4 3 2 2
881 384 1 5 3 3 2
881 386 2 5 3 2 3
881 388 4 4 3 2 2
881 400 1 5 3 3 2
881 428 3 5 3 3 2
881 452 3 5 3 2 3
881 454 2 5 3 3 2
881 482 3 5 3 2 3
881 484 2 5 3 4 1
881 496 3 5 3 2 3
881 524 1 5 3 2 3
881 526 2 5 3 3 2
881 536 1 5 3 2 3
881 554 1 5 3 3 2
881 562 2 5 3 3 2
881 596 3 5 3 2 3
881 614 1 5 3 3 2
881 622 4 4 3 2 2
881 626 2 5 3 2 3
881 634 3 5 3 3 2
881 664 1 5 3 3 2
881 668 4 3 3 1 2
881 694 2 5 3 3 2
881 734 1 5 3 3 2
881 736 2 5 3 3 2
881 764 1 5 3 3 2
881 778 4 4 3 3 1
881 796 3 5 3 3 2
881 824 2 5 3 3 2
881 848 2 5 3 3 2
881 862 4 4 3 3 1
883 14 3 5 3 3 2
883 22 1 5 3 2 3
883 32 2 5 2 3 2
883 34 4 4 3 2 2
883 52 1 5 3 3 2
883 92 1 5 3 3 2
883 96 4 3 3 2 1
883 104 3 5 3 3 2
883 106 3 5 3 2 3
883 116 4 4 3 2 2
883 118 3 6 3 3 3
883 124 2 5 3 2 3
883 142 1 5 3 2 3
883 152 1 5 3 3 2
883 162 1 5 3 3 2
883 188 1 5 3 3 2
883 202 3 5 3 3 2
883 212 2 5 3 3 2
883 218 1 5 3 2 3
883 232 2 5 3 2 3
883 248 1 5 3 3 2
883 256 2 5 2 2 3
883 272 2 6 3 4 2
883 274 2 5 3 2 3
883 302 2 5 3 3 2
883 328 2 5 3 2 3
883 338 1 5 3 3 2
883 346 4 3 3 1 2
883 352 2 5 3 3 2
883 356 3 5 3 3 2
883 358 2 5 3 2 3
883 382 2 5 3 3 2
883 388 2 5 3 2 3
883 398 2 5 3 3 2
883 412 2 5 3 3 2
883 424 4 3 3 1 2
883 428 2 6 3 3 3
883 446 4 4 3 2 2
883 454 2 5 3 2 3
883 482 2 5 3 4 1
883 512 2 5 2 3 2
883 538 2 5 3 2 3
883 542 2 5 3 3 2
883 554 4 4 3 2 2
883 596 2 5 3 3 2
883 608 3 5 3 3 2
883 622 3 5 3 3 2
883 652 2 5 3 2 3
883 662 1 5 3 3 2
883 664 3 5 3 3 2
883 668 3 5 3 3 2
883 698 1 5 3 3 2
883 712 1 5 3 3 2
883 722 2 5 3 3 2
883 736 4 3 3 1 2
883 746 4 3 3 2 1
883 772 4 4 3 2 2
883 778 3 5 3 2 3
883 866 4 4 3 3 1
886 11 2 5 3 3 2
886 17 2 5 3 3 2
886 31 2 5 3 2 3
886 47 4 3 3 2 1
886 49 3 5 3 3 2
886 71 2 5 3 3 2
886 83 3 5 3 3 2
886 101 2 5 3 3 2
886 109 1 5 3 2 3
886 121 1 5 3 2 3
886 127 4 4 3 1 3
886 137 2 5 3 3 2
886 149 1 5 3 3 2
886 151 1 5 3 2 3
886 179 3 5 3 3 2
886 181 1 5 3 2 3
886 193 2 5 3 2 3
886 197 4 4 3 2 2
886 199 2 5 3 3 2
886 241 2 5 3 2 3
886 263 4 4 3 2 2
886 269 1 5 3 4 1
886 271 2 5 3 2 3
886 311 2 5 3 3 2
886 349 3 5 3 3 2
886 353 3 5 3 3 2
886 359 2 5 3 3 2
886 361 3 5 3 2 3
886 379 1 5 3 3 2
886 383 4 3 3 2 1
886 389 2 5 3 3 2
886 401 2 5 3 3 2
886 409 1 5 3 3 2
886 431 2 5 3 2 3
886 449 1 5 3 3 2
886 457 2 5 3 2 3
886 479 2 6 3 4 2
886 509 2 5 3 3 2
886 521 2 5 3 3 2
886 529 2 5 3 2 3
886 557 3 5 3 3 2
886 563 3 5 3 3 2
886 569 4 4 3 3 1
886 571 2 5 3 2 3
886 577 3 5 3 3 2
886 587 4 4 3 2 2
886 599 2 5 3 3 2
886 619 2 5 3 3 2
886 631 1 5 3 2 3
886 661 1 5 3 3 2
886 691 3 5 3 2 3
886 709 2 5 3 3 2
886 757 4 4 3 2 2
886 809 2 5 3 3 2
886 881 4 4 3 3 1
887 2 2 5 2 2 3
887 16 2 5 2 3 2
887 26 2 5 3 2 3
887 62 1 5 3 2 3
887 68 3 5 3 2 3
887 76 4 3 3 2 1
887 80 4 3 3 1 2
887 82 1 6 3 3 3
887 88 2 5 3 3 2
887 92 1 5 3 2 3
887 128 2 6 2 3 3
887 172 1 5 3 2 3
887 184 3 5 3 3 2
887 194 2 5 3 2 3
887 208 2 5 3 3 2
887 216 4 3 3 1 2
887 218 2 5 3 3 2
887 224 3 5 3 2 3
887 268 2 5 3 4 1
887 272 1 5 3 2 3
887 278 1 5 3 2 3
887 284 4 3 3 1 2
887 292 1 5 3 2 3
887 298 2 5 3 3 2
887 302 3 5 3 2 3
887 314 4 3 3 1 2
887 332 2 5 3 2 3
887 334 2 5 3 3 2
887 352 2 5 3 3 2
887 376 4 4 3 2 2
887 386 4 4 3 2 2
887 394 2 5 3 3 2
887 422 3 6 3 3 3
887 452 1 5 3 2 3
887 458 2 5 3 2 3
887 478 2 5 3 4 1
887 488 2 5 3 2 3
887 502 2 5 3 2 3
887 548 2 5 3 3 2
887 562 2 5 3 3 2
887 568 1 5 3 3 2
887 586 4 4 3 2 2
887 592 1 5 3 3 2
887 608 2 5 3 3 2
887 614 2 5 3 2 3
887 628 1 5 3 3 2
887 632 2 5 3 2 3
887 668 4 4 3 2 2
887 674 4 4 3 2 2
887 704 4 4 3 2 2
887 712 2 5 3 3 2
887 746 4 4 3 2 2
887 758 2 5 3 3 2
887 772 1 5 3 3 2
887 796 3 5 3 3 2
887 808 4 4 3 3 1
887 818 1 5 3 3 2
887 842 2 5 3 3 2
887 856 4 4 3 3 1
889 4 2 5 3 2 3
892 7 1 5 3 2 3
892 23 1 5 3 3 2
892 31 2 5 3 2 3
892 43 2 5 3 3 2
892 49 4 3 3 1 2
892 61 4 3 3 1 2
892 67 3 5 3 2 3
892 73 1 5 3 2 3
892 97 1 5 3 2 3
892 109 3 5 3 3 2
892 113 3 5 3 3 2
892 131 4 4 3 3 1
892 151 3 5 3 2 3
892 179 2 5 3 3 2
892 193 1 5 3 3 2
892 227 1 5 3 2 3
892 229 3 5 3 2 3
892 241 2 5 3 2 3
892 263 2 6 3 4 2
892 277 1 5 3 2 3
892 281 2 5 3 3 2
892 283 2 5 3 2 3
892 307 2 5 3 2 3
892 317 2 5 3 3 2
892 343 2 5 3 3 2
892 347 1 5 3 3 2
892 353 1 5 3 3 2
892 359 4 4 3 2 2
892 373 1 5 3 3 2
892 389 4 4 3 3 1
892 419 3 5 3 3 2
892 457 3 5 3 2 3
892 461 4 4 3 3 1
892 463 1 5 3 2 3
892 557 1 5 3 3 2
892 563 2 5 3 3 2
892 571 3 5 3 3 2
892 577 2 5 3 2 3
892 587 1 5 3 3 2
892 593 2 5 3 3 2
892 613 2 5 3 3 2
892 641 4 4 3 3 1
892 683 2 5 3 3 2
892 729 4 2 3 1 1
892 773 1 5 3 3 2
892 787 2 5 3 2 3
892 809 4 3 3 2 1
892 857 2 5 3 3 2
893 4 3 5 3 3 2
893 8 2 5 3 2 3
893 32 3 5 3 2 3
895 2 2 5 3 3 2
895 128 1 5 3 3 2
896 1 2 5 2 3 2
896 61 2 5 3 3 2
896 79 2 5 3 3 2
896 131 1 5 3 2 3
896 149 1 5 3 3 2
896 167 4 2 3 1 1
896 173 4 3 3 1 2
896 181 2 5 3 2 3
896 199 1 5 3 3 2
896 233 4 4 3 1 3
896 251 1 5 3 2 3
896 269 2 5 3 2 3
896 281 2 5 3 2 3
896 307 4 4 3 2 2
896 311 1 5 3 2 3
896 313 3 5 3 3 2
896 379 2 5 3 3 2
896 433 4 3 3 2 1
896 461 2 5 3 2 3
896 467 3 5 3 2 3
896 577 4 4 3 2 2
896 587 4 3 3 1 2
896 599 1 5 3 3 2
896 641 2 5 3 2 3
896 643 4 4 3 2 2
896 677 4 4 3 2 2
896 683 4 3 3 1 2
896 709 2 5 3 3 2
896 719 1 5 3 3 2
896 733 4 3 3 2 1
896 751 4 4 3 2 2
896 809 2 5 3 3 2
896 827 4 3 3 1 2
896 853 4 4 3 3 1
896 863 4 3 3 1 2
896 877 4 3 3 2 1
898 1 2 5 2 2 3
898 5 4 5 3 3 2
898 37 2 6 3 3 3
898 47 2 5 3 3 2
898 103 1 6 3 3 3
898 107 2 5 3 3 2
898 139 2 5 3 2 3
898 157 2 5 3 2 3
898 167 2 5 3 3 2
898 173 2 5 3 3 2
898 199 4 3 3 1 2
898 229 4 4 3 2 2
898 233 3 6 3 3 3
898 257 1 5 3 4 1
898 271 3 5 3 2 3
898 281 4 3 3 2 1
898 313 2 5 3 2 3
898 337 2 6 3 3 3
898 343 2 5 3 2 3
898 347 2 5 3 3 2
898 367 1 5 3 3 2
898 373 2 5 3 2 3
898 383 1 5 3 3 2
898 397 2 5 3 3 2
898 421 4 3 3 1 2
898 443 1 5 3 2 3
898 467 2 5 3 4 1
898 499 3 5 3 2 3
898 521 3 5 3 3 2
898 541 4 4 3 1 3
898 557 1 5 3 3 2
898 569 4 4 3 2 2
898 593 3 5 3 3 2
898 607 2 5 3 3 2
898 643 2 5 3 2 3
898 653 2 5 3 3 2
898 677 1 5 3 3 2
898 683 1 5 3 3 2
898 733 3 5 3 2 3
898 811 4 3 3 1 2
898 887 3 5 3 4 1
899 2 2 5 3 2 3
899 4 1 5 3 3 2
899 8 4 3 3 1 2
899 128 4 4 3 2 2
899 256 2 5 3 4 1
901 2 3 5 3 3 2
901 4 2 5 3 2 3
901 16 1 5 3 2 3
901 32 4 4 3 2 2
901 256 2 5 3 2 3
902 1 3 5 3 3 2
904 1 2 5 2 2 3
904 11 1 5 3 3 2
904 19 2 5 3 2 3
904 31 3 5 3 3 2
904 53 2 5 3 3 2
904 71 2 5 3 3 2
904 97 3 5 3 3 2
904 101 1 5 3 3 2
904 139 3 5 3 2 3
904 163 3 5 3 2 3
904 167 3 5 3 3 2
904 169 1 5 3 2 3
904 181 2 5 3 3 2
904 191 3 5 3 3 2
904 211 2 5 3 2 3
904 239 1 5 3 2 3
904 241 1 5 3 2 3
904 243 4 3 3 2 1
904 251 2 5 3 4 1
904 269 3 5 3 3 2
904 277 4 4 3 1 3
904 281 3 5 3 3 2
904 293 3 5 3 3 2
904 331 1 5 3 3 2
904 343 3 5 3 2 3
904 349 2 5 3 2 3
904 361 2 5 3 3 2
904 409 1 5 3 2 3
904 421 1 5 3 2 3
904 431 2 5 3 3 2
904 433 4 4 3 2 2
904 439 1 5 3 2 3
904 449 1 6 3 3 3
904 461 2 5 3 4 1
904 491 2 5 3 3 2
904 503 4 4 3 3 1
904 601 1 5 3 3 2
904 607 5 3 3 1 2
904 631 2 5 3 2 3
904 643 2 5 3 3 2
904 673 3 5 3 2 3
904 691 2 5 3 3 2
904 701 2 5 3 3 2
904 739 2 5 3 2 3
904 743 4 4 3 2 2
904 761 2 5 3 3 2
904 797 4 3 3 2 1
904 839 2 5 3 3 2
904 881 1 5 3 4 1
905 8 2 5 3 2 3
907 8 1 5 2 3 2
907 10 2 5 3 2 3
907 24 4 3 3 2 1
907 28 3 5 3 3 2
907 34 4 3 3 1 2
907 38 3 5 3 3 2
907 44 4 3 3 2 1
907 52 1 5 3 2 3
907 62 1 5 3 3 2
907 82 2 5 3 2 3
907 88 2 5 3 2 3
907 94 2 5 3 3 2
907 108 2 5 3 3 2
907 116 2 5 3 3 2
907 128 3 5 2 3 2
907 148 1 5 3 2 3
907 158 3 5 3 3 2
907 166 3 5 3 2 3
907 172 1 5 3 2 3
907 192 1 5 3 2 3
907 194 4 4 3 2 2
907 214 3 5 3 2 3
907 242 2 5 3 2 3
907 248 2 5 3 4 1
907 262 4 5 3 2 3
907 278 2 5 3 3 2
907 292 1 5 3 2 3
907 298 1 5 3 2 3
907 302 1 5 3 3 2
907 328 2 5 3 3 2
907 332 3 5 3 3 2
907 346 2 5 3 2 3
907 358 1 5 3 3 2
907 368 2 5 3 3 2
907 384 4 2 3 1 1
907 388 2 5 3 3 2
907 452 3 5 3 2 3
907 458 2 5 3 4 1
907 466 4 3 3 1 2
907 472 2 5 3 2 3
907 478 2 5 3 2 3
907 484 4 4 3 2 2
907 496 4 4 3 2 2
907 500 2 5 3 3 2
907 508 1 5 3 2 3
907 512 1 5 2 3 2
907 536 2 5 3 3 2
907 542 3 5 3 3 2
907 554 4 3 3 2 1
907 556 2 5 3 3 2
907 562 2 5 3 2 3
907 578 3 5 3 3 2
907 584 2 5 3 3 2
907 608 2 5 3 3 2
907 622 3 5 3 2 3
907 626 4 4 3 3 1
907 634 3 5 3 2 3
907 640 2 5 3 3 2
907 688 1 5 3 3 2
907 692 2 5 3 3 2
907 698 3 5 3 3 2
907 704 4 4 3 2 2
907 734 4 3 3 2 1
907 746 3 5 3 3 2
907 752 2 5 3 3 2
907 788 2 5 3 3 2
907 842 2 5 3 3 2
907 878 2 5 3 4 1
908 5 1 5 3 2 3
908 7 1 5 3 3 2
908 11 4 4 3 1 3
908 23 3 5 3 2 3
908 37 2 5 3 3 2
908 47 1 5 3 2 3
908 61 3 5 3 3 2
908 79 4 4 3 3 1
908 103 2 5 3 2 3
908 107 2 5 3 3 2
908 127 2 5 3 3 2
908 137 2 5 3 3 2
908 149 3 5 3 2 3
908 163 1 5 3 3 2
908 167 3 5 3 2 3
908 173 2 5 3 2 3
908 193 3 5 3 2 3
908 197 2 5 3 3 2
908 211 4 4 3 2 2
908 223 1 5 3 3 2
908 257 2 5 3 2 3
908 281 2 5 3 2 3
908 289 4 4 3 3 1
908 313 2 6 3 3 3
908 347 1 5 3 2 3
908 353 2 5 3 2 3
908 361 4 3 3 2 1
908 373 2 5 3 3 2
908 397 3 5 3 3 2
908 401 3 5 3 3 2
908 419 4 3 3 1 2
908 443 3 5 3 2 3
908 457 1 6 3 4 2
908 479 4 5 3 2 3
908 499 4 4 3 3 1
908 509 3 5 3 2 3
908 523 3 5 3 2 3
908 587 2 5 3 3 2
908 593 1 5 3 2 3
908 601 5 3 3 2 1
908 607 2 5 3 3 2
908 643 3 5 3 3 2
908 653 2 5 3 2 3
908 673 3 5 3 3 2
908 677 2 5 3 2 3
908 691 3 5 3 3 2
908 743 1 5 3 2 3
908 751 4 4 3 3 1
908 797 2 5 3 3 2
908 809 4 4 3 2 2
908 821 2 5 3 3 2
908 863 2 5 3 3 2
908 877 1 5 3 4 1
908 907 4 3 3 3 0
909 512 4 3 3 2 1
911 14 1 5 3 2 3
911 18 4 3 3 1 2
911 28 4 3 3 2 1
911 46 2 5 3 3 2
911 64 2 5 2 3 2
911 76 2 5 3 3 2
911 88 4 3 3 2 1
911 92 2 5 3 2 3
911 94 1 5 3 3 2
911 104 2 5 3 3 2
911 106 1 5 3 2 3
911 112 3 5 3 3 2
911 116 1 5 3 2 3
911 122 4 3 3 1 2
911 134 2 6 3 3 3
911 142 4 3 3 2 1
911 146 3 5 3 2 3
911 194 2 5 3 3 2
911 196 1 5 3 2 3
911 232 4 4 3 2 2
911 244 2 6 3 4 2
911 248 3 5 3 2 3
911 262 3 5 3 3 2
911 274 1 5 3 3 2
911 278 4 4 3 2 2
911 284 1 5 3 2 3
911 288 4 4 3 2 2
911 296 2 5 3 2 3
911 316 1 5 3 2 3
911 328 3 5 3 3 2
911 356 2 5 3 2 3
911 368 4 3 3 1 2
911 376 2 5 3 3 2
911 384 2 5 3 3 2
911 394 2 5 3 3 2
911 398 3 5 3 3 2
911 400 1 5 3 3 2
911 428 2 5 3 2 3
911 446 1 5 3 2 3
911 454 2 5 3 4 1
911 482 3 5 3 2 3
911 484 1 5 3 3 2
911 496 2 5 3 3 2
911 508 3 5 3 3 2
911 512 4 4 2 1 3
911 524 2 5 3 3 2
911 526 2 5 3 2 3
911 538 4 4 3 3 1
911 554 3 5 3 2 3
911 566 3 5 3 2 3
911 584 2 5 3 3 2
911 596 2 5 3 2 3
911 626 2 5 3 2 3
911 664 1 5 3 3 2
911 668 4 2 3 1 1
911 694 3 5 3 3 2
911 704 2 5 3 3 2
911 706 1 5 3 3 2
911 724 3 5 3 3 2
911 734 2 5 3 3 2
911 766 2 5 3 3 2
911 788 4 3 3 1 2
911 794 2 5 3 3 2
911 818 3 5 3 3 2
911 856 2 5 3 3 2
911 878 4 3 3 1 2
911 892 4 3 3 2 1
911 898 4 3 3 2 1
913 64 4 3 3 1 2
914 1 3 5 2 3 2
914 11 2 5 3 2 3
914 17 3 5 3 2 3
914 29 3 5 3 2 3
914 43 2 5 3 3 2
914 59 3 5 3 2 3
914 67 4 4 3 2 2
914 89 2 5 3 2 3
914 97 4 4 3 2 2
914 101 2 5 3 3 2
914 103 4 3 3 2 1
914 109 1 6 3 3 3
914 121 2 5 3 3 2
914 131 1 5 3 3 2
914 137 4 4 3 1 3
914 151 3 5 3 3 2
914 163 4 3 3 2 1
914 191 2 5 3 3 2
914 193 4 4 3 2 2
914 199 2 6 3 3 3
914 241 2 5 3 4 1
914 251 2 5 3 2 3
914 263 3 5 3 2 3
914 269 1 5 3 2 3
914 313 4 3 3 2 1
914 331 2 5 3 3 2
914 353 3 5 3 2 3
914 359 2 5 3 2 3
914 361 2 5 3 3 2
914 383 4 3 3 1 2
914 397 3 5 3 3 2
914 419 1 5 3 2 3
914 421 1 5 3 3 2
914 431 1 5 3 2 3
914 439 1 5 3 3 2
914 443 4 4 3 2 2
914 449 2 5 3 2 3
914 479 2 5 3 2 3
914 487 4 4 3 2 2
914 521 1 5 3 3 2
914 529 1 6 3 3 3
914 599 2 5 3 2 3
914 617 4 3 3 1 2
914 619 1 5 3 3 2
914 641 3 5 3 2 3
914 659 2 5 3 2 3
914 661 3 5 3 3 2
914 701 1 5 3 3 2
914 719 2 5 3 2 3
914 739 1 5 3 3 2
914 769 2 5 3 3 2
914 829 2 5 3 3 2
914 857 2 5 3 3 2
916 1 2 5 2 2 3
916 17 4 4 3 2 2
916 19 2 6 3 3 3
916 41 2 5 3 3 2
916 43 4 4 3 2 2
916 71 2 5 3 3 2
916 121 3 5 3 2 3
916 139 2 5 3 2 3
916 149 2 5 3 3 2
916 151 1 5 3 2 3
916 157 2 5 3 2 3
916 169 1 5 3 3 2
916 173 4 3 3 2 1
916 179 2 5 3 3 2
916 211 1 5 3 2 3
916 223 3 5 3 2 3
916 233 4 3 3 2 1
916 239 3 5 3 4 1
916 243 4 3 3 2 1
916 251 2 5 3 2 3
916 277 4 3 3 1 2
916 281 2 5 3 3 2
916 289 2 5 3 2 3
916 293 3 5 3 3 2
916 331 3 5 3 2 3
916 347 4 3 3 2 1
916 349 3 5 3 3 2
916 373 4 3 3 1 2
916 379 1 5 3 3 2
916 389 1 5 3 3 2
916 419 1 5 3 3 2
916 421 2 5 3 2 3
916 433 4 5 3 2 3
916 449 1 5 3 4 1
916 461 3 5 3 2 3
916 479 1 5 3 3 2
916 487 2 5 3 2 3
916 491 1 5 3 3 2
916 503 4 5 3 3 2
916 509 2 5 3 3 2
916 547 2 5 3 3 2
916 601 2 5 3 2 3
916 617 3 5 3 3 2
916 631 1 6 3 3 3
916 661 1 5 3 2 3
916 701 2 5 3 3 2
916 729 2 5 3 3 2
916 757 4 4 3 2 2
916 761 2 5 3 3 2
916 797 4 4 3 2 2
916 811 2 5 3 2 3
916 823 4 4 3 2 2
916 839 2 5 3 3 2
917 4 4 4 3 2 2
917 32 1 5 3 2 3
917 128 1 5 3 3 2
919 4 2 5 2 2 3
919 16 2 6 2 3 3
919 26 1 5 3 3 2
919 38 4 4 3 3 1
919 50 2 5 3 3 2
919 68 2 5 3 3 2
919 72 4 3 3 1 2
919 82 3 5 3 3 2
919 86 1 5 3 3 2
919 98 4 3 3 2 1
919 104 1 5 3 3 2
919 112 4 3 3 1 2
919 116 2 5 3 3 2
919 124 3 5 3 2 3
919 152 3 5 3 3 2
919 160 1 5 3 2 3
919 166 3 5 3 3 2
919 194 2 5 3 3 2
919 202 4 4 3 2 2
919 212 3 5 3 3 2
919 214 2 5 3 2 3
919 226 2 5 3 2 3
919 236 2 5 3 4 1
919 254 2 6 3 3 3
919 256 1 5 2 2 3
919 292 3 5 3 2 3
919 298 4 3 3 1 2
919 302 4 4 3 3 1
919 316 1 5 3 3 2
919 324 2 5 3 2 3
919 332 4 3 3 2 1
919 334 2 5 3 2 3
919 346 2 5 3 3 2
919 358 4 4 3 1 3
919 368 2 5 3 3 2
919 376 1 5 3 3 2
919 386 1 5 3 3 2
919 392 2 5 3 3 2
919 394 2 5 3 2 3
919 424 1 5 3 2 3
919 436 2 5 3 2 3
919 446 2 6 3 4 2
919 464 1 5 3 2 3
919 472 4 4 3 2 2
919 484 1 5 3 2 3
919 514 4 3 3 1 2
919 524 2 5 3 3 2
919 544 2 5 3 3 2
919 586 2 5 3 3 2
919 596 1 5 3 3 2
919 614 1 5 3 3 2
919 628 3 5 3 3 2
919 632 2 5 3 3 2
919 688 4 4 3 1 3
919 698 2 5 3 3 2
919 716 2 5 3 3 2
919 724 1 5 3 2 3
919 734 3 5 3 3 2
919 752 4 3 3 2 1
919 758 2 5 3 3 2
919 764 1 5 3 3 2
919 776 3 5 3 3 2
919 778 4 3 3 1 2
919 824 2 5 3 3 2
919 838 4 3 3 2 1
919 866 1 5 3 4 1
919 878 4 3 3 2 1
921 256 2 5 3 2 3
922 1 4 4 2 2 2
922 13 1 5 3 3 2
922 23 1 5 3 3 2
922 37 2 5 3 2 3
922 47 3 5 3 3 2
922 53 1 5 3 3 2
922 67 2 5 3 2 3
922 79 2 5 3 3 2
922 101 4 4 3 3 1
922 103 3 5 3 2 3
922 109 4 3 3 1 2
922 157 2 5 3 2 3
922 163 1 6 3 3 3
922 173 2 5 3 3 2
922 191 3 5 3 3 2
922 233 2 6 3 4 2
922 239 4 3 3 2 1
922 251 2 5 3 3 2
922 257 2 5 3 2 3
922 271 4 4 3 1 3
922 277 2 5 3 2 3
922 313 1 6 3 3 3
922 317 2 5 3 3 2
922 343 2 5 3 3 2
922 373 2 5 3 3 2
922 383 2 5 3 3 2
922 389 3 5 3 3 2
922 421 4 4 3 2 2
922 443 3 5 3 4 1
922 457 2 5 3 2 3
922 467 2 5 3 2 3
922 499 4 4 3 2 2
922 523 2 5 3 2 3
922 541 3 5 3 3 2
922 557 2 5 3 3 2
922 577 4 4 3 1 3
922 593 3 5 3 3 2
922 607 1 5 3 2 3
922 625 1 5 3 3 2
922 673 1 5 3 3 2
922 677 1 5 3 3 2
922 727 1 5 3 2 3
922 757 2 5 3 2 3
922 761 2 5 3 3 2
922 827 3 5 3 3 2
922 863 2 5 3 4 1
923 8 2 5 3 2 3
923 512 2 5 3 3 2
925 32 1 5 3 3 2
925 64 2 5 3 2 3
926 9 2 5 3 3 2
926 23 3 5 3 2 3
926 29 1 5 3 2 3
926 31 2 5 3 3 2
926 37 4 4 3 2 2
926 53 4 4 3 2 2
926 61 2 5 3 3 2
926 67 4 3 3 2 1
926 79 2 5 3 3 2
926 89 2 5 3 3 2
926 101 1 5 3 2 3
926 109 2 5 3 3 2
926 121 3 5 3 2 3
926 131 1 5 3 2 3
926 149 2 5 3 2 3
926 167 4 4 3 1 3
926 179 3 5 3 3 2
926 211 1 5 3 2 3
926 223 4 4 3 2 2
926 229 1 6 3 4 2
926 233 2 5 3 2 3
926 257 4 4 3 2 2
926 263 3 5 3 2 3
926 271 3 5 3 3 2
926 281 1 5 3 2 3
926 317 3 5 3 2 3
926 331 2 5 3 2 3
926 353 4 3 3 1 2
926 361 1 5 3 3 2
926 383 3 5 3 3 2
926 401 4 4 3 1 3
926 409 1 5 3 3 2
926 431 2 5 3 2 3
926 439 1 5 3 4 1
926 457 4 4 3 2 2
926 461 3 5 3 2 3
926 487 4 3 3 2 1
926 491 2 5 3 2 3
926 499 1 5 3 3 2
926 509 2 5 3 3 2
926 523 2 5 3 3 2
926 541 2 5 3 2 3
926 563 4 3 3 1 2
926 569 1 6 3 3 3
926 607 2 5 3 3 2
926 625 1 5 3 3 2
926 673 3 5 3 3 2
926 691 3 5 3 3 2
926 709 2 5 3 3 2
926 719 1 5 3 3 2
926 733 4 4 3 3 1
926 739 3 5 3 3 2
926 751 2 5 3 3 2
926 761 2 5 3 2 3
926 841 2 5 3 3 2
926 859 1 5 3 4 1
928 7 2 5 3 3 2
928 31 3 5 3 2 3
928 59 2 5 3 3 2
928 67 2 5 3 2 3
928 73 1 6 3 3 3
928 79 4 4 3 2 2
928 109 2 5 3 2 3
928 137 1 5 3 3 2
928 151 2 5 3 2 3
928 157 2 5 3 3 2
928 181 4 3 3 1 2
928 193 3 5 3 2 3
928 227 3 5 3 4 1
928 257 1 5 3 3 2
928 263 2 5 3 2 3
928 277 2 5 3 2 3
928 283 2 5 3 2 3
928 293 1 5 3 3 2
928 307 1 5 3 3 2
928 313 3 5 3 2 3
928 317 2 5 3 3 2
928 337 3 5 3 3 2
928 343 2 5 3 2 3
928 347 2 5 3 3 2
928 353 2 5 3 3 2
928 367 2 6 3 3 3
928 383 1 5 3 3 2
928 389 4 4 3 2 2
928 431 4 4 3 2 2
928 439 4 3 3 1 2
928 463 3 5 3 2 3
928 491 3 5 3 3 2
928 499 4 4 3 1 3
928 521 4 5 3 3 2
928 529 2 5 3 2 3
928 557 2 5 3 3 2
928 563 2 5 3 3 2
928 577 2 5 3 3 2
928 587 1 5 3 3 2
928 601 4 4 3 2 2
928 613 1 5 3 2 3
928 619 2 5 3 3 2
928 653 1 5 3 3 2
928 733 1 5 3 2 3
928 823 2 5 3 2 3
928 857 2 5 3 4 1
928 859 4 3 3 1 2
929 6 2 5 3 3 2
929 14 2 5 3 2 3
929 16 2 5 2 3 2
929 26 2 5 3 2 3
929 28 3 5 3 3 2
929 40 1 5 3 3 2
929 44 3 5 3 2 3
929 58 3 5 3 3 2
929 74 2 5 3 2 3
929 86 1 5 3 3 2
929 94 2 5 3 3 2
929 98 4 4 3 2 2
929 116 1 5 3 3 2
929 124 2 5 3 2 3
929 136 1 5 3 3 2
929 152 3 5 3 2 3
929 166 1 5 3 3 2
929 176 2 5 3 3 2
929 184 1 5 3 3 2
929 212 4 4 3 2 2
929 214 3 5 3 2 3
929 226 1 6 3 4 2
929 236 1 5 3 2 3
929 244 2 5 3 3 2
929 248 4 4 3 2 2
929 262 4 4 3 2 2
929 278 3 5 3 2 3
929 292 2 5 3 3 2
929 314 1 5 3 2 3
929 334 3 5 3 2 3
929 344 1 5 3 2 3
929 346 2 5 3 3 2
929 376 2 5 3 3 2
929 394 4 4 3 2 2
929 398 4 3 3 1 2
929 404 1 5 3 2 3
929 424 2 5 3 3 2
929 432 4 3 3 1 2
929 436 2 6 3 4 2
929 446 2 5 3 2 3
929 452 4 3 3 1 2
929 464 3 5 3 2 3
929 478 2 5 3 3 2
929 514 2 5 3 3 2
929 526 1 5 3 3 2
929 544 1 5 3 2 3
929 566 1 5 3 3 2
929 568 5 3 3 2 1
929 584 1 5 3 2 3
929 604 2 5 3 3 2
929 628 4 4 3 2 2
929 656 2 5 3 2 3
929 674 1 5 3 2 3
929 676 2 5 3 3 2
929 716 2 5 3 3 2
929 724 3 5 3 3 2
929 758 4 4 3 2 2
929 776 3 5 3 3 2
929 796 1 5 3 3 2
929 800 2 5 3 3 2
929 838 3 5 3 3 2
929 842 2 5 3 3 2
929 856 2 5 3 4 1
931 4 1 5 3 3 2
932 17 2 5 3 2 3
932 19 4 4 3 2 2
932 29 4 4 3 1 3
932 37 2 5 3 3 2
932 43 2 5 3 3 2
932 47 1 5 3 2 3
932 71 3 5 3 2 3
932 83 1 5 3 3 2
932 97 4 4 3 2 2
932 113 1 6 3 3 3
932 127 2 5 3 2 3
932 139 2 5 3 3 2
932 167 2 5 3 2 3
932 173 1 6 3 3 3
932 223 1 5 3 4 1
932 227 3 5 3 2 3
932 241 4 4 3 3 1
932 271 4 3 3 2 1
932 277 2 5 3 3 2
932 311 4 4 3 2 2
932 331 4 3 3 2 1
932 337 2 5 3 2 3
932 343 2 5 3 3 2
932 349 3 5 3 3 2
932 373 1 5 3 3 2
932 379 3 5 3 3 2
932 421 2 5 3 3 2
932 433 1 5 3 4 1
932 449 4 4 3 1 3
932 463 1 5 3 3 2
932 487 2 5 3 3 2
932 503 2 6 3 3 3
932 547 1 6 3 3 3
932 563 3 5 3 3 2
932 587 2 5 3 2 3
932 613 1 5 3 3 2
932 619 4 4 3 3 1
932 659 2 5 3 2 3
932 673 2 5 3 3 2
932 683 2 5 3 3 2
932 701 2 5 3 2 3
932 709 4 3 3 2 1
932 727 1 5 3 3 2
932 773 3 5 3 3 2
932 797 3 5 3 3 2
932 839 3 5 3 3 2
932 853 1 5 3 4 1
932 919 4 3 3 2 1
933 2 3 5 3 3 2
934 1 2 5 2 3 2
934 11 1 5 3 3 2
934 17 4 4 3 2 2
934 31 1 5 3 2 3
934 41 1 5 3 3 2
934 67 3 5 3 3 2
934 73 3 5 3 2 3
934 81 4 4 3 3 1
934 89 3 5 3 3 2
934 101 3 5 3 3 2
934 109 2 5 3 2 3
934 131 3 5 3 3 2
934 139 1 5 3 2 3
934 151 1 5 3 3 2
934 157 4 4 3 1 3
934 179 3 5 3 3 2
934 193 3 5 3 2 3
934 197 2 5 3 3 2
934 199 1 5 3 2 3
934 239 2 5 3 3 2
934 241 1 5 3 2 3
934 263 3 5 3 3 2
934 269 1 5 3 2 3
934 271 2 5 3 2 3
934 307 3 5 3 2 3
934 311 2 5 3 3 2
934 331 2 5 3 3 2
934 353 4 5 3 3 2
934 361 3 5 3 3 2
934 379 2 5 3 2 3
934 401 2 5 3 3 2
934 409 2 5 3 2 3
934 419 3 5 3 3 2
934 431 1 5 3 4 1
934 461 3 5 3 3 2
934 479 2 5 3 2 3
934 509 1 5 3 3 2
934 521 2 5 3 3 2
934 523 4 4 3 2 2
934 529 2 5 3 3 2
934 557 3 5 3 3 2
934 571 1 5 3 3 2
934 599 2 5 3 3 2
934 613 2 5 3 3 2
934 647 3 5 3 3 2
934 653 4 3 3 2 1
934 661 2 6 3 3 3
934 719 2 5 3 3 2
934 739 3 5 3 2 3
934 757 4 4 3 2 2
934 769 3 5 3 2 3
934 797 4 3 3 2 1
934 829 3 5 3 2 3
934 907 4 3 3 2 1
937 2 3 5 2 2 3
937 8 4 4 2 3 1
937 20 2 5 3 3 2
937 22 1 5 3 2 3
937 32 2 5 2 3 2
937 38 1 5 3 3 2
937 52 1 5 3 2 3
937 64 2 5 2 3 2
937 68 1 5 3 3 2
937 76 4 4 3 1 3
937 86 4 5 3 3 2
937 118 1 5 3 2 3
937 124 4 3 3 1 2
937 134 2 5 3 3 2
937 142 1 5 3 2 3
937 144 4 4 3 2 2
937 148 2 5 3 3 2
937 158 1 5 3 3 2
937 178 3 5 3 2 3
937 196 3 5 3 2 3
937 202 2 5 3 2 3
937 218 2 5 3 4 1
937 224 4 4 3 2 2
937 232 2 5 3 2 3
937 248 2 5 3 3 2
937 272 2 6 3 3 3
937 274 3 5 3 2 3
937 298 4 5 3 3 2
937 302 2 5 3 3 2
937 328 2 6 3 3 3
937 356 4 4 3 2 2
937 358 1 5 3 3 2
937 376 2 5 3 2 3
937 382 4 4 3 1 3
937 398 3 5 3 3 2
937 412 1 5 3 2 3
937 428 2 5 3 4 1
937 454 3 5 3 2 3
937 482 2 6 3 3 3
937 486 4 3 3 1 2
937 508 2 5 3 2 3
937 512 2 5 2 3 2
937 526 2 5 3 3 2
937 538 3 5 3 2 3
937 542 2 5 3 3 2
937 568 2 5 3 3 2
937 592 2 5 3 2 3
937 596 2 5 3 3 2
937 608 3 5 3 3 2
937 614 2 5 3 3 2
937 652 1 5 3 2 3
937 662 1 5 3 3 2
937 706 3 5 3 2 3
937 716 2 5 3 3 2
937 722 3 5 3 3 2
937 746 4 4 3 3 1
937 818 1 5 3 3 2
937 824 4 3 3 2 1
937 832 1 5 3 2 3
937 848 2 5 3 4 1
937 886 4 3 3 1 2
939 4 2 5 3 2 3
939 128 4 3 3 2 1
941 16 1 5 2 3 2
941 18 4 4 3 2 2
941 28 3 5 3 3 2
941 38 3 5 3 2 3
941 44 2 5 3 2 3
941 46 2 5 3 3 2
941 74 1 5 3 3 2
941 86 1 5 3 2 3
941 92 4 3 3 1 2
941 94 2 5 3 3 2
941 104 1 5 3 3 2
941 116 2 5 3 2 3
941 118 4 3 3 2 1
941 124 2 5 3 3 2
941 136 2 5 3 2 3
941 164 2 6 3 3 3
941 200 2 5 3 2 3
941 206 2 5 3 2 3
941 214 3 5 3 4 1
941 226 1 5 3 2 3
941 236 2 5 3 2 3
941 244 2 5 3 3 2
941 248 4 5 3 2 3
941 256 2 5 2 3 2
941 272 4 3 3 1 2
941 278 2 5 3 2 3
941 304 1 5 3 3 2
941 314 2 5 3 2 3
941 326 2 5 3 2 3
941 332 3 5 3 2 3
941 346 2 6 3 3 3
941 352 4 4 3 2 2
941 368 3 5 3 3 2
941 392 4 4 3 2 2
941 416 2 5 3 2 3
941 424 3 6 3 4 2
941 428 4 3 3 1 2
941 446 3 5 3 2 3
941 466 3 5 3 3 2
941 482 4 3 3 1 2
941 508 4 4 3 3 1
941 514 2 5 3 3 2
941 538 2 5 3 3 2
941 554 2 5 3 3 2
941 556 2 5 3 2 3
941 568 4 3 3 2 1
941 584 2 5 3 2 3
941 596 2 5 3 2 3
941 640 1 5 3 3 2
941 674 2 5 3 3 2
941 676 2 5 3 3 2
941 688 4 4 3 2 2
941 694 1 5 3 3 2
941 704 3 5 3 3 2
941 724 3 5 3 3 2
941 736 2 5 3 3 2
941 746 2 5 3 2 3
941 758 4 3 3 1 2
941 764 2 5 3 3 2
941 772 4 3 3 2 1
941 776 2 5 3 2 3
941 788 2 5 3 3 2
941 808 2 5 3 3 2
941 844 3 5 3 4 1
941 886 1 5 3 3 2
943 8 1 5 3 2 3
943 64 4 4 3 2 2
943 128 2 5 3 3 2
943 256 4 4 3 2 2
944 1 2 5 2 3 2
944 13 2 5 3 3 2
944 29 2 5 3 2 3
944 31 1 5 3 3 2
944 41 1 5 3 2 3
944 43 2 5 3 3 2
944 47 4 4 3 1 3
944 53 4 3 3 1 2
944 71 3 5 3 3 2
944 79 2 5 3 3 2
944 83 3 5 3 2 3
944 101 2 5 3 3 2
944 127 3 5 3 3 2
944 139 1 5 3 2 3
944 151 3 5 3 3 2
944 157 4 3 3 2 1
944 167 2 5 3 2 3
944 169 2 5 3 3 2
944 211 2 5 3 4 1
944 229 2 6 3 3 3
944 239 2 5 3 2 3
944 241 2 5 3 3 2
944 251 2 5 3 2 3
944 277 2 5 3 3 2
944 281 3 5 3 2 3
944 317 2 5 3 2 3
944 337 4 4 3 3 1
944 349 2 5 3 2 3
944 361 1 5 3 3 2
944 389 4 5 3 2 3
944 409 2 5 3 3 2
944 419 2 5 3 2 3
944 421 1 5 3 4 1
944 449 2 5 3 2 3
944 461 2 5 3 2 3
944 463 2 5 3 3 2
944 491 2 5 3 3 2
944 499 1 5 3 3 2
944 541 2 5 3 3 2
944 563 4 4 3 2 2
944 659 1 5 3 2 3
944 691 1 5 3 3 2
944 709 1 5 3 3 2
944 729 4 4 3 2 2
944 739 1 5 3 3 2
944 743 4 4 3 2 2
944 761 2 5 3 3 2
944 811 3 5 3 3 2
944 827 2 5 3 3 2
944 841 2 5 3 4 1
944 857 4 3 3 1 2
944 883 4 4 3 3 1
944 911 3 5 3 3 2
944 937 4 4 3 3 1
947 2 2 5 2 2 3
947 12 1 5 3 2 3
947 14 4 3 3 1 2
947 16 4 4 2 2 2
947 22 2 5 3 3 2
947 32 2 5 2 2 3
947 36 4 2 3 1 1
947 54 4 5 3 3 2
947 58 2 5 3 3 2
947 68 2 5 3 3 2
947 76 3 5 3 3 2
947 98 2 5 3 3 2
947 128 2 5 2 2 3
947 142 1 5 3 2 3
947 148 2 5 3 3 2
947 152 1 5 3 2 3
947 158 2 5 3 3 2
947 166 3 5 3 3 2
947 184 3 5 3 3 2
947 188 1 5 3 2 3
947 208 1 5 3 4 1
947 212 1 5 3 2 3
947 224 4 3 3 1 2
947 226 3 5 3 3 2
947 232 1 5 3 2 3
947 242 2 5 3 2 3
947 250 3 5 3 3 2
947 262 1 5 3 3 2
947 292 3 5 3 3 2
947 296 3 5 3 2 3
947 298 1 5 3 3 2
947 320 3 5 3 2 3
947 338 2 5 3 2 3
947 352 3 5 3 2 3
947 358 2 5 3 3 2
947 362 1 6 3 3 3
947 386 3 5 3 2 3
947 388 2 5 3 3 2
947 392 1 5 3 2 3
947 464 3 5 3 2 3
947 472 2 5 3 3 2
947 478 2 5 3 3 2
947 488 2 5 3 3 2
947 496 3 5 3 3 2
947 502 3 5 3 3 2
947 544 3 5 3 3 2
947 548 1 6 3 3 3
947 562 2 5 3 2 3
947 576 4 3 3 1 2
947 628 1 5 3 3 2
947 634 4 4 3 3 1
947 648 2 5 3 3 2
947 652 2 5 3 3 2
947 668 1 5 3 3 2
947 686 4 4 3 2 2
947 688 2 5 3 3 2
947 692 4 5 3 2 3
947 698 1 5 3 3 2
947 712 2 5 3 3 2
947 758 3 5 3 3 2
947 784 4 3 3 2 1
947 796 4 4 3 3 1
947 802 3 5 3 3 2
947 824 3 5 3 3 2
947 838 1 5 3 4 1
947 866 4 3 3 2 1
947 904 4 3 3 2 1
947 908 1 5 3 3 2
947 926 4 3 3 1 2
948 1 4 3 3 2 1
949 256 2 5 3 2 3
953 4 3 5 2 3 2
953 6 4 3 3 2 1
953 22 2 5 3 3 2
953 48 2 5 3 3 2
953 50 1 5 3 2 3
953 52 3 5 3 3 2
953 62 1 5 3 3 2
953 82 2 5 3 3 2
953 92 2 6 3 3 3
953 106 4 4 3 2 2
953 118 2 5 3 3 2
953 128 2 5 2 2 3
953 136 4 4 3 2 2
953 148 1 5 3 2 3
953 152 1 5 3 3 2
953 158 1 5 3 2 3
953 160 1 5 3 3 2
953 166 4 3 3 2 1
953 178 2 5 3 3 2
953 184 4 3 3 2 1
953 188 3 5 3 2 3
953 194 2 5 3 2 3
953 202 3 5 3 4 1
953 212 2 5 3 2 3
953 232 1 5 3 3 2
953 242 4 4 3 2 2
953 254 4 4 3 2 2
953 256 2 5 2 3 2
953 268 2 5 3 3 2
953 288 2 5 3 2 3
953 302 2 5 3 2 3
953 344 4 4 3 1 3
953 356 3 5 3 3 2
953 358 3 6 3 3 3
953 384 4 3 3 2 1
953 392 2 5 3 2 3
953 398 2 5 3 2 3
953 400 2 5 3 3 2
953 412 2 5 3 4 1
953 436 4 4 3 2 2
953 458 1 5 3 2 3
953 472 2 5 3 3 2
953 482 1 5 3 3 2
953 488 3 5 3 2 3
953 502 1 5 3 3 2
953 514 4 3 3 2 1
953 524 3 5 3 2 3
953 526 3 5 3 3 2
953 538 2 5 3 3 2
953 542 2 5 3 3 2
953 554 2 5 3 2 3
953 562 1 5 3 3 2
953 566 4 4 3 2 2
953 568 2 5 3 2 3
953 608 2 5 3 2 3
953 628 2 5 3 3 2
953 652 1 5 3 3 2
953 662 2 5 3 3 2
953 686 4 4 3 2 2
953 692 2 5 3 3 2
953 698 1 5 3 2 3
953 706 4 5 3 3 2
953 722 2 5 3 2 3
953 734 4 4 3 2 2
953 752 2 5 3 3 2
953 758 1 5 3 2 3
953 776 3 5 3 3 2
953 818 2 5 3 3 2
953 832 1 5 3 4 1
953 862 2 5 3 3 2
953 914 4 3 3 1 2
953 932 1 5 3 3 2
955 32 2 5 3 3 2
956 1 3 5 2 3 2
956 13 2 5 3 3 2
956 17 4 4 3 2 2
956 31 1 5 3 3 2
956 43 4 4 3 2 2
956 59 2 6 3 3 3
956 67 3 5 3 3 2
956 71 2 5 3 2 3
956 89 2 5 3 3 2
956 101 2 5 3 2 3
956 103 4 3 3 2 1
956 109 2 5 3 3 2
956 113 4 3 3 1 2
956 139 2 5 3 3 2
956 149 2 5 3 3 2
956 151 1 5 3 2 3
956 157 3 5 3 3 2
956 179 2 5 3 2 3
956 191 3 5 3 2 3
956 199 3 5 3 4 1
956 241 1 6 3 3 3
956 251 2 5 3 2 3
956 263 3 5 3 2 3
956 289 2 5 3 3 2
956 307 4 4 3 2 2
956 311 2 5 3 2 3
956 353 2 5 3 3 2
956 361 1 5 3 2 3
956 373 4 4 3 2 2
956 397 2 5 3 3 2
956 401 2 5 3 2 3
956 409 2 5 3 4 1
956 431 2 5 3 2 3
956 439 2 5 3 3 2
956 443 4 3 3 1 2
956 461 1 5 3 2 3
956 463 3 5 3 3 2
956 479 2 5 3 3 2
956 487 2 5 3 3 2
956 521 1 5 3 2 3
956 529 3 5 3 3 2
956 557 2 5 3 2 3
956 563 4 4 3 2 2
956 571 2 5 3 2 3
956 599 2 5 3 2 3
956 607 4 3 3 2 1
956 647 4 4 3 2 2
956 659 3 5 3 3 2
956 661 1 5 3 3 2
956 683 2 5 3 2 3
956 709 1 5 3 3 2
956 739 2 5 3 3 2
956 761 1 5 3 2 3
956 769 2 5 3 3 2
956 773 4 5 3 3 2
956 811 1 5 3 3 2
956 829 2 5 3 4 1
956 887 4 4 3 2 2
956 919 4 3 3 2 1
956 953 4 3 3 2 1
958 1 3 5 2 2 3
958 23 2 5 3 2 3
958 41 4 4 3 2 2
958 43 1 6 3 3 3
958 61 4 4 3 1 3
958 97 3 5 3 2 3
958 107 2 5 3 3 2
958 113 2 5 3 3 2
958 127 1 5 3 3 2
958 163 3 5 3 2 3
958 173 2 5 3 3 2
958 181 3 5 3 2 3
958 197 2 5 3 4 1
958 199 2 5 3 2 3
958 227 2 5 3 3 2
958 251 3 5 3 3 2
958 263 1 5 3 3 2
958 277 2 5 3 3 2
958 293 2 5 3 2 3
958 307 2 6 3 3 3
958 313 3 5 3 2 3
958 331 4 4 3 1 3
958 337 2 5 3 3 2
958 347 3 5 3 3 2
958 353 1 5 3 3 2
958 389 4 3 3 2 1
958 397 2 5 3 2 3
958 433 2 5 3 2 3
958 449 4 4 3 3 1
958 461 3 5 3 3 2
958 463 3 5 3 2 3
958 503 3 5 3 2 3
958 521 3 5 3 3 2
958 547 1 5 3 3 2
958 587 2 5 3 3 2
958 593 1 5 3 3 2
958 617 2 5 3 3 2
958 659 3 5 3 3 2
958 673 2 5 3 2 3
958 727 2 5 3 2 3
958 797 2 5 3 3 2
958 809 4 4 3 3 1
958 827 3 5 3 4 1
958 839 4 4 3 2 2
958 911 4 4 3 3 1
959 16 1 5 3 3 2
959 64 2 5 3 3 2
961 2 4 4 2 2 2
961 4 2 5 2 2 3
961 18 4 4 3 2 2
961 26 1 6 3 3 3
961 32 4 3 2 2 1
961 40 1 5 3 3 2
961 44 3 5 3 3 2
961 46 1 5 3 2 3
961 64 2 5 2 2 3
961 68 4 4 3 2 2
961 76 2 5 3 2 3
961 106 2 5 3 2 3
961 144 1 5 3 3 2
961 166 2 5 3 2 3
961 184 2 5 3 2 3
961 194 1 6 3 4 2
961 196 1 5 3 2 3
961 212 3 5 3 3 2
961 224 2 5 3 3 2
961 236 2 5 3 3 2
961 242 4 3 3 2 1
961 274 2 5 3 3 2
961 278 4 4 3 3 1
961 296 1 5 3 2 3
961 304 3 5 3 3 2
961 326 2 5 3 3 2
961 334 1 6 3 3 3
961 338 4 4 3 2 2
961 352 2 5 3 2 3
961 376 3 5 3 2 3
961 404 2 5 3 4 1
961 436 1 5 3 2 3
961 446 1 5 3 3 2
961 464 2 5 3 3 2
961 488 2 5 3 3 2
961 502 3 5 3 3 2
961 512 5 3 2 2 1
961 524 2 5 3 3 2
961 544 1 5 3 3 2
961 554 2 5 3 3 2
961 576 3 5 3 2 3
961 584 1 5 3 3 2
961 586 3 5 3 3 2
961 604 1 5 3 2 3
961 628 4 4 3 2 2
961 634 3 5 3 3 2
961 648 4 2 3 1 1
961 656 1 5 3 3 2
961 674 2 5 3 3 2
961 688 3 5 3 2 3
961 716 2 5 3 3 2
961 746 4 4 3 2 2
961 766 2 5 3 2 3
961 772 4 3 3 1 2
961 796 1 5 3 2 3
961 818 4 4 3 2 2
961 824 2 5 3 4 1
961 856 1 5 3 2 3
961 866 3 5 3 3 2
961 926 2 5 3 3 2
964 3 4 2 3 1 1
964 5 2 5 3 3 2
964 29 2 5 3 2 3
964 37 3 5 3 3 2
964 41 1 5 3 3 2
964 59 2 5 3 3 2
964 61 2 5 3 2 3
964 71 3 5 3 3 2
964 79 1 5 3 2 3
964 103 3 5 3 2 3
964 107 4 4 3 3 1
964 109 2 5 3 2 3
964 113 4 4 3 2 2
964 121 2 5 3 3 2
964 131 2 5 3 3 2
964 149 1 5 3 3 2
964 169 2 5 3 2 3
964 173 4 4 3 2 2
964 191 1 5 3 4 1
964 233 2 5 3 3 2
964 257 3 5 3 3 2
964 271 3 6 3 3 3
964 283 4 4 3 2 2
964 331 2 5 3 3 2
964 343 4 3 3 1 2
964 349 2 5 3 2 3
964 353 4 4 3 2 2
964 379 1 5 3 2 3
964 389 2 5 3 3 2
964 401 1 5 3 4 1
964 431 1 5 3 3 2
964 439 3 5 3 2 3
964 467 4 4 3 2 2
964 479 2 5 3 3 2
964 491 3 5 3 3 2
964 499 1 6 3 3 3
964 509 1 5 3 2 3
964 541 2 5 3 3 2
964 547 4 3 3 1 2
964 569 3 5 3 3 2
964 587 2 5 3 3 2
964 617 4 4 3 3 1
964 631 2 5 3 3 2
964 641 3 5 3 3 2
964 647 4 3 3 2 1
964 691 3 5 3 2 3
964 709 1 5 3 2 3
964 719 1 5 3 3 2
964 751 4 4 3 2 2
964 757 4 3 3 1 2
964 761 1 5 3 3 2
964 821 1 6 3 4 2
964 853 4 4 3 2 2
964 887 4 4 3 2 2
965 8 1 5 3 2 3
967 2 1 5 2 3 2
967 8 2 5 2 3 2
967 22 2 5 3 2 3
967 26 4 3 3 2 1
967 32 1 5 2 2 3
967 34 3 5 3 3 2
967 68 1 5 3 3 2
967 98 2 5 3 3 2
967 106 2 5 3 2 3
967 112 3 5 3 2 3
967 118 3 5 3 3 2
967 144 4 3 3 2 1
967 148 1 5 3 2 3
967 164 3 5 3 3 2
967 172 2 5 3 2 3
967 178 4 4 3 2 2
967 188 1 6 3 4 2
967 194 4 3 3 2 1
967 196 4 3 3 1 2
967 202 2 5 3 2 3
967 208 2 5 3 2 3
967 218 1 5 3 3 2
967 232 2 5 3 2 3
967 242 2 5 3 3 2
967 254 2 5 3 3 2
967 268 2 5 3 3 2
967 272 2 5 3 3 2
967 274 3 5 3 2 3
967 278 1 5 3 3 2
967 298 4 5 3 3 2
967 302 1 5 3 2 3
967 304 3 5 3 2 3
967 326 4 3 3 2 1
967 328 2 5 3 3 2
967 338 1 5 3 3 2
967 344 3 5 3 3 2
967 358 2 5 3 2 3
967 382 2 5 3 2 3
967 386 3 5 3 3 2
967 398 1 5 3 4 1
967 404 4 3 3 2 1
967 412 1 5 3 2 3
967 428 2 5 3 3 2
967 452 1 5 3 3 2
967 454 4 4 3 2 2
967 482 3 5 3 3 2
967 496 3 5 3 3 2
967 502 2 5 3 2 3
967 512 2 6 2 3 3
967 526 4 3 3 1 2
967 536 4 3 3 2 1
967 538 1 6 3 3 3
967 568 1 5 3 2 3
967 584 4 4 3 3 1
967 586 4 3 3 1 2
967 604 4 3 3 1 2
967 622 2 5 3 2 3
967 628 2 5 3 3 2
967 632 3 5 3 3 2
967 648 3 5 3 3 2
967 668 1 5 3 3 2
967 692 2 5 3 3 2
967 694 3 5 3 2 3
967 712 2 5 3 2 3
967 736 2 5 3 2 3
967 758 2 5 3 3 2
967 772 2 5 3 2 3
967 802 1 5 3 2 3
967 818 2 5 3 4 1
967 844 4 3 3 1 2
967 848 1 5 3 3 2
967 862 1 5 3 2 3
968 19 2 5 3 3 2
968 37 1 5 3 3 2
968 47 2 5 3 3 2
968 61 4 3 3 2 1
968 67 1 5 3 3 2
968 71 4 4 3 1 3
968 97 2 5 3 3 2
968 103 3 5 3 3 2
968 107 2 5 3 2 3
968 113 2 5 3 2 3
968 137 1 5 3 3 2
968 149 4 4 3 1 3
968 163 2 6 3 3 3
968 173 2 5 3 2 3
968 191 4 5 3 2 3
968 227 2 5 3 2 3
968 251 4 4 3 2 2
968 269 4 3 3 1 2
968 271 3 5 3 3 2
968 313 1 5 3 3 2
968 317 2 5 3 2 3
968 361 4 3 3 2 1
968 373 2 5 3 2 3
968 383 1 5 3 2 3
968 397 1 5 3 4 1
968 443 3 5 3 2 3
968 457 1 5 3 3 2
968 467 2 5 3 3 2
968 487 1 5 3 3 2
968 509 4 4 3 2 2
968 523 2 5 3 3 2
968 529 4 3 3 2 1
968 569 2 5 3 2 3
968 577 1 5 3 3 2
968 613 2 5 3 3 2
968 641 4 3 3 1 2
968 647 2 5 3 3 2
968 659 4 3 3 1 2
968 677 2 5 3 3 2
968 683 2 5 3 2 3
968 709 3 5 3 3 2
968 761 3 5 3 3 2
968 829 4 3 3 2 1
968 841 4 3 3 2 1
968 877 1 5 3 3 2
968 881 4 3 3 1 2
968 961 4 3 3 2 1
971 2 3 5 2 2 3
971 6 4 3 3 1 2
971 14 2 5 3 2 3
971 16 1 5 2 3 2
971 36 1 5 3 2 3
971 44 1 5 3 3 2
971 56 2 5 3 2 3
971 74 1 6 3 3 3
971 86 2 5 3 2 3
971 100 2 5 3 3 2
971 124 2 5 3 3 2
971 128 4 4 2 2 2
971 134 2 5 3 3 2
971 162 4 3 3 2 1
971 166 2 5 3 2 3
971 176 3 5 3 2 3
971 184 2 5 3 4 1
971 188 4 4 3 2 2
971 194 2 5 3 2 3
971 202 4 4 3 3 1
971 206 1 5 3 2 3
971 212 3 5 3 2 3
971 226 2 5 3 3 2
971 236 1 5 3 2 3
971 250 2 5 3 3 2
971 256 2 5 2 2 3
971 268 2 5 3 3 2
971 274 2 5 3 3 2
971 298 4 3 3 2 1
971 304 1 5 3 3 2
971 316 2 5 3 3 2
971 332 4 3 3 1 2
971 334 2 5 3 3 2
971 338 3 5 3 3 2
971 344 2 5 3 2 3
971 362 3 5 3 2 3
971 376 1 5 3 2 3
971 382 3 5 3 3 2
971 386 1 5 3 2 3
971 394 1 5 3 4 1
971 416 3 5 3 2 3
971 436 2 5 3 3 2
971 446 1 5 3 2 3
971 448 4 4 3 3 1
971 454 1 5 3 3 2
971 464 3 5 3 3 2
971 478 2 5 3 3 2
971 524 1 5 3 3 2
971 536 2 5 3 2 3
971 542 3 5 3 2 3
971 544 2 5 3 3 2
971 576 1 5 3 3 2
971 586 3 5 3 2 3
971 592 4 3 3 2 1
971 604 4 4 3 3 1
971 614 2 5 3 2 3
971 674 1 5 3 3 2
971 706 3 5 3 3 2
971 712 2 5 3 3 2
971 716 2 5 3 2 3
971 722 4 3 3 1 2
971 724 1 5 3 3 2
971 734 2 5 3 3 2
971 758 3 5 3 3 2
971 784 2 5 3 3 2
971 796 2 5 3 3 2
971 800 3 5 3 3 2
971 856 1 5 3 3 2
971 866 2 5 3 2 3
971 892 4 3 3 2 1
971 908 4 3 3 1 2
971 914 2 5 3 3 2
971 916 3 5 3 3 2
972 29 3 5 3 3 2
972 73 2 5 3 3 2
972 139 4 4 3 2 2
972 149 4 3 3 2 1
972 167 2 5 3 2 3
972 199 4 2 3 1 1
972 293 2 5 3 3 2
972 337 1 5 3 3 2
972 349 4 3 3 1 2
972 379 4 3 3 2 1
972 401 4 2 3 1 1
972 491 2 5 3 3 2
972 641 4 2 3 1 1
972 643 2 5 3 3 2
972 661 4 3 3 2 1
972 673 2 5 3 3 2
972 719 4 4 3 2 2
972 757 2 5 3 3 2
972 821 4 3 3 2 1
972 911 4 3 3 2 1
973 16 4 5 3 2 3
974 1 2 5 2 3 2
974 5 2 5 3 2 3
974 29 1 5 3 2 3
974 31 3 5 3 3 2
974 41 1 5 3 3 2
974 49 2 5 3 3 2
974 61 1 5 3 3 2
974 71 2 6 3 3 3
974 83 4 4 3 2 2
974 131 2 5 3 3 2
974 139 2 5 3 3 2
974 157 2 5 3 3 2
974 169 2 5 3 2 3
974 173 4 4 3 2 2
974 181 1 6 3 4 2
974 199 2 5 3 3 2
974 211 1 5 3 3 2
974 233 3 5 3 2 3
974 269 2 5 3 2 3
974 271 2 5 3 3 2
974 281 3 5 3 2 3
974 307 3 5 3 3 2
974 311 1 5 3 2 3
974 337 3 5 3 3 2
974 343 4 3 3 2 1
974 347 4 4 3 1 3
974 359 2 5 3 2 3
974 379 2 6 3 3 3
974 389 1 5 3 2 3
974 419 2 5 3 2 3
974 421 3 5 3 3 2
974 461 2 5 3 3 2
974 463 4 4 3 2 2
974 491 1 5 3 2 3
974 521 2 5 3 3 2
974 541 4 4 3 3 1
974 547 4 4 3 2 2
974 571 2 5 3 3 2
974 617 2 5 3 2 3
974 641 2 5 3 3 2
974 659 1 5 3 2 3
974 701 2 5 3 2 3
974 709 2 5 3 3 2
974 743 2 5 3 2 3
974 769 2 5 3 3 2
974 797 2 5 3 3 2
974 811 3 5 3 4 1
974 841 2 5 3 3 2
974 853 5 4 3 3 1
974 859 2 5 3 3 2
974 881 3 5 3 3 2
974 911 1 5 3 3 2
974 937 4 4 3 3 1
974 967 4 3 3 2 1
976 11 2 5 3 3 2
976 19 1 5 3 2 3
976 25 2 5 3 3 2
976 31 3 5 3 2 3
976 41 1 5 3 2 3
976 47 4 4 3 3 1
976 59 1 5 3 3 2
976 79 2 5 3 2 3
976 83 4 4 3 2 2
976 109 2 5 3 3 2
976 113 4 3 3 2 1
976 151 2 5 3 2 3
976 157 2 5 3 2 3
976 179 1 5 3 4 1
976 181 3 5 3 2 3
976 197 2 5 3 3 2
976 199 2 5 3 2 3
976 263 3 5 3 3 2
976 269 2 5 3 3 2
976 271 2 5 3 2 3
976 289 3 5 3 3 2
976 311 1 6 3 3 3
976 317 4 3 3 2 1
976 343 4 3 3 1 2
976 349 1 5 3 2 3
976 361 2 5 3 2 3
976 367 3 5 3 2 3
976 389 2 5 3 4 1
976 397 4 3 3 1 2
976 421 3 5 3 2 3
976 431 3 5 3 3 2
976 443 2 5 3 3 2
976 449 1 5 3 3 2
976 479 2 5 3 3 2
976 487 3 5 3 3 2
976 503 2 5 3 3 2
976 521 3 5 3 2 3
976 529 1 5 3 3 2
976 541 2 5 3 2 3
976 547 4 4 3 1 3
976 569 2 5 3 3 2
976 571 1 5 3 3 2
976 599 1 5 3 3 2
976 619 3 6 3 3 3
976 641 2 5 3 3 2
976 677 3 5 3 3 2
976 701 1 5 3 3 2
976 729 3 5 3 3 2
976 773 2 5 3 3 2
976 787 4 4 3 2 2
976 809 1 5 3 4 1
976 827 4 3 3 2 1
976 857 2 5 3 3 2
976 877 4 4 3 2 2
976 911 1 5 3 3 2
976 953 4 3 3 2 1
976 967 4 3 3 2 1
977 2 2 5 2 2 3
977 8 2 5 2 2 3
977 16 4 3 2 2 1
977 28 1 5 3 3 2
977 36 4 2 3 1 1
977 38 2 5 3 3 2
977 46 3 5 3 3 2
977 68 3 5 3 3 2
977 80 2 5 3 2 3
977 88 2 5 3 3 2
977 104 4 4 3 2 2
977 108 2 5 3 3 2
977 122 2 5 3 2 3
977 128 2 5 2 3 2
977 158 2 5 3 2 3
977 166 4 3 3 2 1
977 172 4 5 3 2 3
977 178 1 6 3 4 2
977 196 2 5 3 3 2
977 200 2 5 3 2 3
977 206 4 4 3 2 2
977 212 2 5 3 2 3
977 218 2 5 3 2 3
977 224 4 3 3 1 2
977 232 1 5 3 3 2
977 242 2 5 3 2 3
977 262 1 6 3 3 3
977 284 2 5 3 2 3
977 288 2 5 3 3 2
977 298 2 5 3 3 2
977 304 4 4 3 3 1
977 328 2 5 3 3 2
977 332 1 6 3 3 3
977 362 2 5 3 2 3
977 368 2 5 3 2 3
977 382 2 5 3 2 3
977 388 2 6 3 4 2
977 416 3 5 3 2 3
977 458 2 5 3 3 2
977 466 3 5 3 3 2
977 472 2 5 3 3 2
977 478 4 4 3 3 1
977 502 2 5 3 3 2
977 508 2 5 3 3 2
977 542 3 5 3 2 3
977 548 1 5 3 2 3
977 576 4 2 3 1 1
977 578 1 5 3 2 3
977 592 2 5 3 2 3
977 614 4 4 3 2 2
977 622 2 5 3 3 2
977 634 4 3 3 2 1
977 662 1 5 3 2 3
977 668 1 5 3 3 2
977 676 3 5 3 3 2
977 704 4 4 3 1 3
977 716 4 3 3 1 2
977 718 2 5 3 3 2
977 746 4 4 3 1 3
977 752 2 5 3 3 2
977 772 1 5 3 3 2
977 794 3 5 3 3 2
977 796 4 3 3 2 1
977 808 2 5 3 4 1
977 878 2 5 3 3 2
977 892 1 5 3 3 2
977 904 4 4 3 3 1
977 908 1 5 3 3 2
977 926 4 4 3 2 2
979 32 4 3 3 2 1
979 64 1 5 3 2 3
979 256 1 5 3 3 2
981 64 2 5 3 3 2
982 7 1 5 3 2 3
982 9 4 3 3 1 2
982 13 2 5 3 2 3
982 19 3 5 3 3 2
982 23 3 5 3 3 2
982 25 2 5 3 2 3
982 47 2 5 3 2 3
982 61 4 4 3 2 2
982 83 2 5 3 3 2
982 89 3 5 3 3 2
982 97 2 5 3 2 3
982 103 2 5 3 3 2
982 113 2 5 3 3 2
982 131 3 5 3 3 2
982 139 4 4 3 2 2
982 149 2 5 3 3 2
982 157 2 5 3 2 3
982 163 1 5 3 2 3
982 173 2 5 3 4 1
982 191 4 5 3 3 2
982 223 2 5 3 2 3
982 227 1 5 3 3 2
982 239 4 4 3 3 1
982 251 4 4 3 2 2
982 257 2 5 3 3 2
982 269 4 4 3 2 2
982 271 4 4 3 2 2
982 283 2 5 3 3 2
982 289 2 5 3 2 3
982 293 2 5 3 3 2
982 313 1 5 3 3 2
982 317 1 5 3 2 3
982 331 3 5 3 2 3
982 353 1 5 3 3 2
982 361 4 4 3 2 2
982 367 2 5 3 2 3
982 373 3 5 3 2 3
982 379 4 3 3 1 2
982 383 1 5 3 4 1
982 397 1 5 3 2 3
982 421 3 5 3 2 3
982 443 3 5 3 3 2
982 467 1 5 3 3 2
982 487 1 5 3 2 3
982 509 4 5 3 3 2
982 523 1 5 3 3 2
982 547 2 5 3 2 3
982 569 3 5 3 3 2
982 613 2 5 3 3 2
982 617 1 5 3 3 2
982 653 1 5 3 3 2
982 677 2 5 3 3 2
982 683 1 5 3 3 2
982 709 3 5 3 2 3
982 761 3 5 3 3 2
982 773 2 5 3 3 2
982 787 2 5 3 2 3
982 863 1 5 3 3 2
982 877 2 5 3 2 3
982 887 1 5 3 3 2
982 919 4 3 3 1 2
982 953 4 4 3 3 1
982 971 4 4 3 3 1
983 4 2 5 2 3 2
983 18 1 5 3 3 2
983 22 4 4 3 3 1
983 32 2 5 2 3 2
983 40 2 5 3 3 2
983 52 2 5 3 3 2
983 62 1 5 3 3 2
983 82 2 5 3 3 2
983 88 1 5 3 3 2
983 98 2 5 3 2 3
983 112 2 5 3 3 2
983 122 1 6 3 3 3
983 128 2 5 2 2 3
983 148 2 5 3 3 2
983 158 2 5 3 2 3
983 164 2 5 3 2 3
983 172 2 5 3 4 1
983 178 1 5 3 2 3
983 196 4 3 3 2 1
983 202 2 5 3 3 2
983 206 3 5 3 2 3
983 224 2 5 3 2 3
983 242 1 5 3 2 3
983 262 2 5 3 3 2
983 268 2 5 3 2 3
983 274 4 3 3 2 1
983 278 2 5 3 2 3
983 284 4 4 3 2 2
983 296 4 3 3 1 2
983 298 3 5 3 3 2
983 304 2 5 3 3 2
983 326 4 5 3 3 2
983 328 3 5 3 3 2
983 332 1 5 3 2 3
983 356 2 5 3 2 3
983 368 2 5 3 2 3
983 382 2 5 3 4 1
983 388 2 5 3 2 3
983 422 3 5 3 2 3
983 424 2 5 3 3 2
983 428 3 5 3 2 3
983 452 1 5 3 3 2
983 454 4 3 3 2 1
983 458 2 5 3 2 3
983 466 3 5 3 3 2
983 472 3 5 3 3 2
983 502 2 5 3 3 2
983 508 3 5 3 3 2
983 512 2 5 2 3 2
983 554 3 5 3 2 3
983 568 2 5 3 3 2
983 592 2 5 3 3 2
983 614 4 3 3 1 2
983 632 2 5 3 3 2
983 662 2 5 3 3 2
983 668 2 5 3 2 3
983 674 4 3 3 1 2
983 688 4 4 3 2 2
983 716 4 3 3 1 2
983 722 2 5 3 3 2
983 736 4 4 3 2 2
983 746 2 5 3 3 2
983 752 1 5 3 2 3
983 766 3 5 3 3 2
983 788 2 6 3 3 3
983 802 1 5 3 4 1
983 872 3 5 3 3 2
983 896 4 3 3 1 2
983 898 2 5 3 3 2
983 928 2 5 3 3 2
983 964 4 4 3 3 1
983 974 4 3 3 2 1
983 976 4 3 3 2 1
985 16 1 6 3 3 3
986 1 1 5 3 3 2
988 1 2 5 3 2 3
989 8 4 3 3 1 2
989 16 2 5 3 3 2
991 2 4 4 2 2 2
991 4 1 5 2 2 3
991 10 2 5 3 3 2
991 16 1 5 2 2 3
991 32 3 5 2 3 2
991 34 2 5 3 2 3
991 46 2 5 3 2 3
991 48 4 3 3 1 2
991 56 3 5 3 2 3
991 74 2 5 3 3 2
991 76 2 5 3 2 3
991 88 3 5 3 2 3
991 94 1 6 3 3 3
991 122 4 5 3 3 2
991 136 1 5 3 2 3
991 164 2 5 3 4 1
991 166 1 5 3 2 3
991 206 2 5 3 3 2
991 214 2 5 3 2 3
991 244 1 5 3 3 2
991 250 2 5 3 2 3
991 254 1 5 3 3 2
991 256 2 5 2 2 3
991 262 4 3 3 2 1
991 268 4 3 3 1 2
991 274 1 5 3 3 2
991 284 2 5 3 3 2
991 288 4 3 3 1 2
991 292 4 3 3 1 2
991 296 1 5 3 3 2
991 304 2 5 3 3 2
991 320 2 5 3 3 2
991 326 3 5 3 2 3
991 346 2 5 3 2 3
991 362 3 5 3 3 2
991 388 4 4 3 2 2
991 392 4 3 3 2 1
991 416 2 5 3 3 2
991 452 2 5 3 3 2
991 458 2 5 3 3 2
991 464 2 5 3 3 2
991 466 3 5 3 2 3
991 472 3 5 3 3 2
991 514 3 5 3 3 2
991 526 2 5 3 2 3
991 536 1 5 3 2 3
991 548 4 3 3 2 1
991 554 1 5 3 3 2
991 556 1 6 3 3 3
991 584 1 5 3 3 2
991 592 4 4 3 1 3
991 604 2 5 3 3 2
991 614 1 5 3 3 2
991 626 3 5 3 3 2
991 634 2 5 3 2 3
991 662 2 5 3 3 2
991 668 2 5 3 3 2
991 686 2 5 3 3 2
991 692 4 5 3 3 2
991 704 3 5 3 3 2
991 736 2 5 3 2 3
991 752 4 4 3 3 1
991 776 1 5 3 3 2
991 794 1 5 3 4 1
991 842 4 4 3 3 1
991 872 4 4 3 2 2
991 896 2 5 3 3 2
991 898 4 3 3 1 2
991 914 2 5 3 3 2
991 934 2 5 3 3 2
991 956 1 5 3 3 2
992 7 4 4 3 2 2
992 13 2 5 3 3 2
992 23 1 6 3 3 3
992 43 2 5 3 3 2
992 53 2 5 3 3 2
992 79 4 5 3 3 2
992 89 2 5 3 2 3
992 103 2 5 3 3 2
992 107 1 5 3 2 3
992 113 2 5 3 3 2
992 121 2 5 3 3 2
992 149 4 4 3 2 2
992 163 3 5 3 4 1
992 167 2 5 3 2 3
992 173 1 5 3 2 3
992 193 2 5 3 3 2
992 197 2 5 3 2 3
992 227 3 5 3 2 3
992 229 2 5 3 3 2
992 233 2 5 3 2 3
992 243 1 5 3 3 2
992 251 3 5 3 2 3
992 277 2 5 3 2 3
992 289 3 5 3 3 2
992 313 2 5 3 3 2
992 317 1 5 3 3 2
992 343 2 5 3 3 2
992 347 2 5 3 2 3
992 359 4 4 3 2 2
992 373 2 5 3 4 1
992 383 2 5 3 2 3
992 397 3 5 3 2 3
992 433 1 5 3 3 2
992 443 1 5 3 3 2
992 449 5 4 3 2 2
992 457 2 5 3 3 2
992 461 4 3 3 1 2
992 487 2 5 3 3 2
992 499 2 5 3 3 2
992 503 3 5 3 3 2
992 509 3 5 3 2 3
992 523 3 5 3 3 2
992 541 2 5 3 3 2
992 563 1 5 3 2 3
992 593 2 5 3 2 3
992 607 2 6 3 3 3
992 647 1 5 3 2 3
992 653 3 5 3 3 2
992 673 3 5 3 3 2
992 691 2 5 3 3 2
992 709 4 3 3 2 1
992 719 2 5 3 2 3
992 733 2 5 3 3 2
992 739 4 4 3 2 2
992 757 1 5 3 3 2
992 769 4 3 3 2 1
992 809 4 3 3 1 2
992 827 3 5 3 2 3
992 863 2 5 3 3 2
992 877 3 5 3 3 2
992 929 4 4 3 2 2
992 971 4 4 3 2 2
993 8 1 5 3 3 2
993 512 1 5 3 3 2
995 8 2 5 3 2 3
995 512 3 5 3 2 3
997 4 2 5 2 3 2
997 6 4 3 3 2 1
997 8 1 5 2 3 2
997 10 2 5 3 2 3
997 18 3 5 3 3 2
997 28 1 5 3 2 3
997 38 2 5 3 3 2
997 40 2 5 3 2 3
997 48 2 5 3 3 2
997 62 3 5 3 2 3
997 74 4 5 3 3 2
997 82 2 5 3 2 3
997 88 3 5 3 3 2
997 98 2 5 3 3 2
997 108 2 5 3 3 2
997 124 4 4 3 2 2
997 136 4 5 3 2 3
997 142 1 5 3 2 3
997 158 3 5 3 4 1
997 172 2 5 3 2 3
997 178 1 5 3 2 3
997 192 1 5 3 2 3
997 194 4 4 3 2 2
997 202 2 5 3 2 3
997 212 1 5 3 3 2
997 214 4 4 3 2 2
997 242 1 5 3 3 2
997 248 3 5 3 3 2
997 256 3 5 2 2 3
997 274 4 4 3 2 2
997 284 3 5 3 3 2
997 298 2 5 3 3 2
997 332 3 5 3 2 3
997 344 4 3 3 2 1
997 346 2 5 3 2 3
997 352 1 5 3 2 3
997 368 1 6 3 4 2
997 382 2 5 3 2 3
997 384 4 2 3 1 1
997 388 2 5 3 2 3
997 422 3 5 3 3 2
997 446 2 5 3 3 2
997 452 2 5 3 3 2
997 458 1 5 3 3 2
997 466 3 5 3 3 2
997 472 1 5 3 2 3
997 482 2 5 3 3 2
997 486 4 3 3 1 2
997 508 1 5 3 3 2
997 526 4 3 3 1 2
997 542 2 5 3 2 3
997 566 4 3 3 2 1
997 568 3 5 3 2 3
997 584 3 5 3 3 2
997 604 4 3 3 1 2
997 652 2 5 3 2 3
997 656 4 5 3 3 2
997 662 3 5 3 3 2
997 668 1 5 3 3 2
997 698 2 5 3 3 2
997 724 4 4 3 1 3
997 752 3 5 3 3 2
997 766 2 5 3 2 3
997 788 2 6 3 4 2
997 802 2 5 3 2 3
997 832 2 5 3 2 3
997 928 3 5 3 3 2
997 956 4 4 3 3 1
997 958 2 5 3 3 2
998 3 3 5 3 3 2
998 17 1 5 3 3 2
998 25 1 5 3 3 2
998 29 3 5 3 2 3
998 31 4 3 3 2 1
998 47 1 5 3 3 2
998 59 4 4 3 2 2
998 67 2 5 3 3 2
998 73 2 5 3 3 2
998 83 1 5 3 2 3
998 97 1 5 3 3 2
998 101 3 5 3 2 3
998 107 2 5 3 3 2
998 113 1 5 3 2 3
998 137 2 5 3 2 3
998 157 2 5 3 4 1
998 167 4 4 3 2 2
998 179 3 5 3 2 3
998 193 2 5 3 2 3
998 199 2 5 3 3 2
998 223 3 5 3 3 2
998 257 2 5 3 2 3
998 263 1 5 3 2 3
998 277 1 5 3 3 2
998 283 2 6 3 3 3
998 311 3 5 3 3 2
998 313 2 5 3 3 2
998 347 3 5 3 2 3
998 349 4 4 3 2 2
998 353 2 5 3 2 3
998 367 1 5 3 4 1
998 379 4 3 3 2 1
998 389 2 5 3 2 3
998 409 3 5 3 3 2
998 443 1 5 3 2 3
998 479 4 4 3 2 2
998 487 2 5 3 3 2
998 503 1 5 3 2 3
998 547 3 5 3 3 2
998 563 2 5 3 2 3
998 607 1 5 3 3 2
998 613 2 5 3 2 3
998 617 1 5 3 3 2
998 641 3 5 3 2 3
998 647 1 5 3 3 2
998 653 2 5 3 2 3
998 751 3 5 3 3 2
998 773 2 5 3 3 2
998 787 2 5 3 4 1
998 857 2 5 3 3 2
998 883 2 5 3 3 2
998 887 2 5 3 3 2
998 907 2 5 3 3 2
1000 1 2 5 2 3 2
1000 43 2 5 3 2 3
1000 131 2 5 3 3 2
1000 139 2 5 3 2 3
1000 197 3 5 3 3 2
1000 241 2 5 3 2 3
1000 311 2 5 3 3 2
1000 337 1 5 3 2 3
1000 349 2 5 3 2 3
1000 419 1 5 3 3 2
1000 449 1 5 3 3 2
1000 463 3 5 3 3 2
1000 547 1 5 3 3 2
1000 643 1 5 3 2 3
1000 659 1 5 3 3 2
1000 677 2 5 3 3 2
1000 727 1 5 3 2 3
1000 769 2 5 3 2 3
1000 881 2 5 3 3 2
