# m n lo up gens time_s logN
302 1 2 2 1 0.50700000000000000000000000000000000000 17.058985271578021531567962485549363859
302 17 2 2 2 0.054000000000000000000000000000000000000 18.279757180145046842300341175183059788
302 43 1 1 1 0.20200000000000000000000000000000000000 18.627468047969283623535810230211080052
359 226 1 3 1 0.96100000000000000000000000000000000000 19.329068966778245266811381414747653076
302 83 1 1 0 0.62000000000000000000000000000000000000 18.686321175011466567814289552360143252
302 97 2 2 2 0.064000000000000000000000000000000000000 18.591408959652163171562117478639326492
302 127 2 2 2 0.067000000000000000000000000000000000000 16.853515321952241009505615420742151636
359 236 0 2 0 0.73500000000000000000000000000000000000 19.859807793247579385191769296301957950
302 271 0 2 0 0.57600000000000000000000000000000000000 16.232406227225791599455103462580228010
359 248 1 1 0 0.56900000000000000000000000000000000000 17.534494574989155861381582558381221807
304 31 1 1 1 0.052000000000000000000000000000000000000 17.935918561793263370091509821207349268
359 268 1 1 1 0.049000000000000000000000000000000000000 19.967058460465825231528176822069732320
304 73 2 2 2 0.049000000000000000000000000000000000000 18.132348139575265919197289336691679635
359 298 0 0 0 0.036000000000000000000000000000000000000 19.499225595298402681007222556498446610
304 109 0 0 0 0.037000000000000000000000000000000000000 17.844152403734595374060993194827378734
304 151 1 1 1 0.042000000000000000000000000000000000000 17.678523544105935809097685199750643879
359 304 3 3 3 0.074000000000000000000000000000000000000 19.362456893550221214125287556394652395
359 332 1 1 1 0.20200000000000000000000000000000000000 18.843658337666222566192579315786098210
361 4 0 0 0 0.044000000000000000000000000000000000000 16.924453453652647918195648031530995895
361 16 0 0 0 0.036000000000000000000000000000000000000 16.918825423847553088082959093844288885
361 18 0 0 0 0.024000000000000000000000000000000000000 15.403116457078040817054582956113775810
361 46 2 2 2 0.063000000000000000000000000000000000000 17.456906020239328691767878540303026028
304 233 1 3 1 0.71900000000000000000000000000000000000 17.953137637102741035285929799068498915
361 74 1 1 0 0.46500000000000000000000000000000000000 16.686485818513651027275642756665982827
361 94 0 0 0 0.18600000000000000000000000000000000000 18.041948817640227076065161130461767439
361 128 0 0 0 0.033000000000000000000000000000000000000 16.283921611379150345597596416465581529
307 8 1 1 0 0.68000000000000000000000000000000000000 17.231809495054838931016038072522598466
307 22 1 1 1 0.053000000000000000000000000000000000000 18.435545166688434946488461680764522856
361 166 1 1 0 0.48000000000000000000000000000000000000 17.789901065211397969322723036309201183
361 200 1 1 1 0.049000000000000000000000000000000000000 17.338122937268404521205128026708749102
307 34 1 1 1 0.18600000000000000000000000000000000000 18.601930503779244869312234713004922634
307 64 0 0 0 0.035000000000000000000000000000000000000 15.653112973341714350724986508406111355
307 92 0 0 0 0.030000000000000000000000000000000000000 18.703253203063629178775784803217477878
307 122 1 1 1 0.13100000000000000000000000000000000000 18.009429790077532050544075496713942093
307 144 0 0 0 0.028000000000000000000000000000000000000 17.514252107476092056029826007130702881
307 148 2 2 2 0.051000000000000000000000000000000000000 18.696349108770038135548951852770104946
307 188 0 0 0 0.095000000000000000000000000000000000000 18.746942640237874137943512488279845765
311 46 0 0 0 0.10300000000000000000000000000000000000 18.740570817349038514681804444212591196
361 284 0 2 0 0.60600000000000000000000000000000000000 18.724546998296587806373837928866230973
311 74 1 1 0 0.51400000000000000000000000000000000000 18.814058058530536907473491166337175636
361 288 1 1 0 0.43600000000000000000000000000000000000 17.345179991582034703263343983595300656
311 80 1 1 1 0.052000000000000000000000000000000000000 18.203037013361923141704721677804699723
362 23 0 0 0 0.038000000000000000000000000000000000000 18.959259897650198311102260598847395659
311 116 0 0 0 0.13200000000000000000000000000000000000 18.413980704883849685070109332132894265
311 122 0 0 0 0.041000000000000000000000000000000000000 17.209422819648111713989974060636489234
362 37 0 0 0 0.18100000000000000000000000000000000000 18.446538708518743314890210302979977901
311 124 2 2 2 0.056000000000000000000000000000000000000 18.020441822519466292274020515275647924
362 67 1 1 1 0.060000000000000000000000000000000000000 19.321583266441442410414587097008533142
362 81 0 0 0 0.031000000000000000000000000000000000000 17.911145482481090061823719656111910121
311 206 1 1 1 0.10600000000000000000000000000000000000 19.369675622004934658893081626000584506
313 28 1 1 1 0.18700000000000000000000000000000000000 18.590108196114416904480258800067293336
313 44 1 1 1 0.052000000000000000000000000000000000000 18.747945987572168326215060164896883259
362 89 0 2 0 0.63800000000000000000000000000000000000 19.339087588532115511144723890070657391
313 58 1 1 0 0.44900000000000000000000000000000000000 18.816485407022570371125040377229603472
313 82 2 2 2 0.065000000000000000000000000000000000000 18.823701114249675877896176575199477481
313 96 2 2 2 0.23000000000000000000000000000000000000 17.851855274780861966700845058037383011
362 101 1 1 0 0.47600000000000000000000000000000000000 18.833519375112905771332172309597801393
362 103 1 1 0 0.42200000000000000000000000000000000000 19.302781177169750266013824706137683217
313 142 2 2 1 0.59300000000000000000000000000000000000 18.027430770143915894946517375688916899
313 152 0 0 0 0.045000000000000000000000000000000000000 18.487316940943341360256817184589777617
362 107 1 1 0 0.48600000000000000000000000000000000000 19.283940998427193059546196514930780004
362 131 0 0 0 0.038000000000000000000000000000000000000 19.030631534669026313882796085896850798
362 139 0 0 0 0.13000000000000000000000000000000000000 18.820720683145539152540635327139710653
313 164 0 2 0 0.52200000000000000000000000000000000000 18.523397274268157842753307202890600318
313 176 1 1 1 0.035000000000000000000000000000000000000 18.547696988785713596269692569981191249
362 197 3 3 3 0.057000000000000000000000000000000000000 19.590225370709233108733162672871626307
313 248 1 1 1 0.066000000000000000000000000000000000000 19.207218097878001191877161728677734097
313 304 2 2 2 0.059000000000000000000000000000000000000 17.901260248694134639871408439215553930
362 211 0 0 0 0.12700000000000000000000000000000000000 19.719138584407746703719307042380979687
362 233 1 1 1 0.17300000000000000000000000000000000000 19.863589228349017464100388095897441887
365 64 1 1 1 0.056000000000000000000000000000000000000 18.135461195041535668030412284861019638
367 10 1 1 1 0.052000000000000000000000000000000000000 18.649371155815435439114588997279097405
314 3 1 1 0 0.37100000000000000000000000000000000000 17.654321230572565562661130920910032324
367 32 0 0 0 0.13600000000000000000000000000000000000 18.230127381445176573559888281502822143
367 54 0 0 0 0.035000000000000000000000000000000000000 18.360081441031027122671742162034882954
314 41 0 0 0 0.11800000000000000000000000000000000000 18.736066750158924635132143184177964740
367 62 0 0 0 0.040000000000000000000000000000000000000 19.350305112895532257708653471140010529
314 169 0 0 0 0.11000000000000000000000000000000000000 17.958553805826594864583044962119838775
314 181 1 1 1 0.18700000000000000000000000000000000000 18.728713143614111983372863702531994298
367 68 1 1 0 0.56600000000000000000000000000000000000 18.524344176882800924201847045684649715
314 257 1 1 0 0.36600000000000000000000000000000000000 19.516098901183534684878759586452041621
367 88 0 0 0 0.075000000000000000000000000000000000000 18.610693124766040653742257072590649956
314 263 0 0 0 0.16600000000000000000000000000000000000 19.506422386432864878353633120172041782
314 281 2 2 2 0.081000000000000000000000000000000000000 19.425558565506236962966862243758890087
316 7 0 0 0 0.045000000000000000000000000000000000000 18.040384010970662571561616304388879851
367 158 1 1 1 0.31100000000000000000000000000000000000 17.952826033075154480919984166307205521
316 29 2 2 2 0.077000000000000000000000000000000000000 18.633016832277672412961512647576592375
316 41 0 0 0 0.054000000000000000000000000000000000000 18.057114121563087974475092667375058231
367 172 0 0 0 0.18000000000000000000000000000000000000 18.365131597278286955919151512894482536
316 61 2 2 2 0.070000000000000000000000000000000000000 18.856488419526288699763319439731651243
367 236 0 0 0 0.11200000000000000000000000000000000000 19.432983580265624515448345618057172464
316 113 0 0 0 0.14100000000000000000000000000000000000 18.586823057708445348366431503290613554
316 121 1 1 1 0.055000000000000000000000000000000000000 17.320901401886779687402093554549110955
316 139 0 0 0 0.090000000000000000000000000000000000000 18.338050366522707365375154274537829508
367 248 1 1 0 0.57100000000000000000000000000000000000 19.665205893960118127675245388495213626
316 211 0 2 0 0.61000000000000000000000000000000000000 19.433870682372890958382463640183880064
367 262 2 2 1 0.53800000000000000000000000000000000000 20.015266917290160042040157858566401140
316 227 1 1 0 0.35400000000000000000000000000000000000 19.500050456442649006962341356858170646
316 239 0 0 0 0.049000000000000000000000000000000000000 19.529834956109282992307564401667574193
367 298 1 1 0 0.56100000000000000000000000000000000000 20.059802656336929789327027268711766744
316 283 1 1 0 0.51100000000000000000000000000000000000 19.446053973893090553518622037265324967
317 2 1 1 1 0.10600000000000000000000000000000000000 17.030172558048047251449821825591292953
367 314 0 0 0 0.25500000000000000000000000000000000000 19.187358581446547362230710783871397176
317 24 2 2 2 0.26600000000000000000000000000000000000 18.267885272111340073377674514681948037
317 68 2 2 2 0.057000000000000000000000000000000000000 18.879388350975081145942374273111002473
317 82 2 2 2 0.26100000000000000000000000000000000000 18.870438629544497990615236806622692190
317 86 0 0 0 0.11100000000000000000000000000000000000 18.858819497620886788898421409740556477
367 346 0 2 0 0.68000000000000000000000000000000000000 19.786053094420831672595579667043742376
317 112 0 0 0 0.13000000000000000000000000000000000000 18.021503667650963725931144829765226493
368 17 2 2 2 0.038000000000000000000000000000000000000 17.327528653707825862041319617956912014
317 152 0 0 0 0.035000000000000000000000000000000000000 18.487796805308415350394868621685176134
368 67 2 2 2 0.048000000000000000000000000000000000000 18.773568985000341197844047723219814280
317 274 0 0 0 0.028000000000000000000000000000000000000 19.513120215011639924052869995289478181
368 83 1 1 1 0.044000000000000000000000000000000000000 18.797710976446313968034469889242252510
317 278 0 0 0 0.15200000000000000000000000000000000000 19.494329738882069139492337601036640129
368 113 0 0 0 0.13500000000000000000000000000000000000 18.714469575739223230215009736653530636
319 4 0 0 0 0.030000000000000000000000000000000000000 17.349965341970269339919402321520129425
323 128 0 0 0 0.041000000000000000000000000000000000000 16.707244674686629635992217102332405548
368 137 2 2 2 0.053000000000000000000000000000000000000 18.403103887614963895516206690867443337
368 193 0 0 0 0.049000000000000000000000000000000000000 18.264157964728515817821670630972066708
324 47 1 1 0 0.41600000000000000000000000000000000000 17.445886363649318973882281612581398939
368 211 0 2 0 0.78500000000000000000000000000000000000 19.145743446589208169999147405772937036
368 227 0 0 0 0.14800000000000000000000000000000000000 19.262139638832550980829850939721756944
324 317 0 2 0 0.66800000000000000000000000000000000000 17.556227850651377128624458491293727281
368 277 0 0 0 0.16100000000000000000000000000000000000 19.454976667508665901312802514262963823
326 31 0 0 0 0.18500000000000000000000000000000000000 18.754721549812503966722351562876812583
368 283 0 0 0 0.15200000000000000000000000000000000000 19.463085479032596003345092323003674997
368 347 1 1 1 0.049000000000000000000000000000000000000 19.192523483668178467817626476683625476
371 256 0 0 0 0.047000000000000000000000000000000000000 18.218083582701731817593942994334022232
326 59 2 2 1 0.58400000000000000000000000000000000000 18.953433329841444682843213310432469904
326 73 0 0 0 0.13300000000000000000000000000000000000 18.978598636303085120306583258062745858
373 46 0 2 0 0.68700000000000000000000000000000000000 19.315587080595626784016628988469576816
326 109 0 0 0 0.22500000000000000000000000000000000000 18.811122876741309273555387758370157484
373 82 2 2 1 0.49200000000000000000000000000000000000 19.445932064353721991118351968872210680
326 139 1 1 0 0.45700000000000000000000000000000000000 18.108919280901839848783283849093584106
373 100 1 1 1 0.18100000000000000000000000000000000000 18.728413006344257441415580659030638100
373 106 1 1 0 0.58300000000000000000000000000000000000 19.407307864272112424215313220861216064
326 269 1 1 0 0.67500000000000000000000000000000000000 19.643780722099561742559515007624912752
327 16 1 1 1 0.24200000000000000000000000000000000000 16.205345975066063229738521665929980926
328 13 1 1 1 0.031000000000000000000000000000000000000 15.789826269103441832749878550106205782
328 29 0 0 0 0.044000000000000000000000000000000000000 18.447211628317673193981147965605916722
328 43 0 0 0 0.038000000000000000000000000000000000000 18.587874078194600177160979492609216219
328 97 1 1 1 0.16100000000000000000000000000000000000 17.940973850729929385374568102164605505
373 142 0 2 0 0.54000000000000000000000000000000000000 18.965414446948671629057235714482377435
373 152 0 0 0 0.15000000000000000000000000000000000000 17.298150456644548811423961529770625351
328 107 0 0 0 0.17200000000000000000000000000000000000 18.561062110688400007310411237377636094
328 127 0 0 0 0.035000000000000000000000000000000000000 18.132068893535410184488648763395616707
328 167 0 0 0 0.054000000000000000000000000000000000000 18.312915315565616587968556994533613425
373 166 1 1 0 0.33600000000000000000000000000000000000 17.676546530839255862064715854046171957
373 178 0 0 0 0.17000000000000000000000000000000000000 19.336775736989589245715758458037397063
328 223 1 1 0 0.63200000000000000000000000000000000000 19.281008464310851062886965005963358603
328 233 0 0 0 0.029000000000000000000000000000000000000 17.629883103867208821955943706690195555
373 188 1 1 0 0.52200000000000000000000000000000000000 19.510272231430446241824296142071083083
373 208 1 1 1 0.048000000000000000000000000000000000000 19.141149736450893063248656464178369968
373 212 2 2 2 0.063000000000000000000000000000000000000 19.301812103093486372306589721443436261
373 254 1 1 1 0.24000000000000000000000000000000000000 20.030300924669439449178954527068087887
328 269 1 1 0 0.64400000000000000000000000000000000000 19.366047447102682258722249625252236573
373 278 0 0 0 0.17900000000000000000000000000000000000 20.099147838945868092968121755488532516
373 344 0 0 0 0.034000000000000000000000000000000000000 19.639858400108373909908696336155413121
376 19 0 0 0 0.15100000000000000000000000000000000000 18.695195765366832214443852731907209268
331 26 0 2 0 0.70300000000000000000000000000000000000 18.733685599721669446832187174358266596
331 46 1 1 1 0.23300000000000000000000000000000000000 18.938748100111135307620289760171285122
331 76 0 0 0 0.033000000000000000000000000000000000000 19.031674913937770220942770414470570458
331 124 0 0 0 0.038000000000000000000000000000000000000 18.137943647172176743344819087060291772
376 31 1 1 0 0.68400000000000000000000000000000000000 18.894591377147113181926209080350477126
331 166 1 1 1 0.055000000000000000000000000000000000000 19.081216401072277269532409204152864567
376 53 1 1 1 0.046000000000000000000000000000000000000 19.084879926614642720867452014709473099
376 61 0 0 0 0.039000000000000000000000000000000000000 18.646590639028089708992963318369698651
331 178 0 0 0 0.15000000000000000000000000000000000000 18.776740244146337811733739114105701973
331 202 1 1 1 0.21900000000000000000000000000000000000 19.480543376591178212164560181089594955
331 254 0 0 0 0.19300000000000000000000000000000000000 19.219198628933289219251488372683125778
376 73 1 1 0 0.54300000000000000000000000000000000000 19.160337300802774025623267952591289939
331 296 1 1 1 0.054000000000000000000000000000000000000 19.309213269168685260863090336454199419
376 79 0 0 0 0.029000000000000000000000000000000000000 18.215546642325155503819506305352238389
332 13 0 0 0 0.032000000000000000000000000000000000000 18.456200823420527873387821949789555485
376 89 0 0 0 0.030000000000000000000000000000000000000 19.172711523759633687009189128859510345
376 121 0 0 0 0.038000000000000000000000000000000000000 18.008520397644760252537653690870988958
376 233 2 2 2 0.31100000000000000000000000000000000000 19.644359204645029739967424763782475764
376 289 2 2 2 0.15000000000000000000000000000000000000 18.608226438086206806519979653089926415
377 8 1 1 1 0.056000000000000000000000000000000000000 17.856927723793264859302946759707722492
379 34 0 0 0 0.043000000000000000000000000000000000000 19.255949651653685410826531649123994823
332 53 1 1 0 0.60800000000000000000000000000000000000 18.511144003695195121306995666460426739
332 59 0 0 0 0.027000000000000000000000000000000000000 19.013145985358476162490576407401818692
379 50 1 1 1 0.043000000000000000000000000000000000000 18.694067101801231353811205484096621455
332 67 0 0 0 0.12800000000000000000000000000000000000 19.034222912040169595323925734302326350
379 56 1 1 1 0.16000000000000000000000000000000000000 19.126277162336256732838826189309976402
332 97 2 2 2 0.049000000000000000000000000000000000000 18.144562334041350277965588246923820897
332 121 0 0 0 0.024000000000000000000000000000000000000 16.825072356489784350391507272519871422
332 137 3 3 3 0.058000000000000000000000000000000000000 17.266644664039001060534267381714771799
332 191 0 0 0 0.054000000000000000000000000000000000000 19.396060831361745483788415848097465203
332 227 0 0 0 0.059000000000000000000000000000000000000 19.629703007745948839826078939925616717
379 76 1 1 0 0.40400000000000000000000000000000000000 19.493446531854479827448883458821763337
379 82 1 1 1 0.054000000000000000000000000000000000000 18.546325395057868558015477699249859768
332 263 1 1 0 0.52000000000000000000000000000000000000 19.712985548299633623688495611195249555
332 277 0 0 0 0.051000000000000000000000000000000000000 19.702216439550521730238575448680054516
333 64 0 0 0 0.031000000000000000000000000000000000000 17.356621044960644273143906710723664790
334 7 1 1 1 0.044000000000000000000000000000000000000 18.208956522822997336182612911081113382
334 11 2 2 2 0.040000000000000000000000000000000000000 18.403281554853974249791251486581816803
379 88 1 1 0 0.52600000000000000000000000000000000000 19.200975505678708949942275062586294260
379 94 2 2 2 0.089000000000000000000000000000000000000 17.422019535978587976401525235760526669
379 104 1 1 1 0.061000000000000000000000000000000000000 18.475892473123730543476774421782721248
334 61 2 2 2 0.32200000000000000000000000000000000000 19.039413543158194305239873983196731641
379 106 1 1 0 0.47400000000000000000000000000000000000 19.469174294414863185026804956070891520
334 79 1 1 0 0.49600000000000000000000000000000000000 19.062244818179607114580842360831945048
379 148 0 0 0 0.12100000000000000000000000000000000000 18.882502514417349305832732571813652596
334 103 0 0 0 0.11100000000000000000000000000000000000 18.976545862386667338839050824057329714
379 176 0 0 0 0.12600000000000000000000000000000000000 18.680786443164622165064898574668591426
334 121 2 2 2 0.039000000000000000000000000000000000000 17.706767724265799760054502726672965967
334 131 1 1 1 0.028000000000000000000000000000000000000 18.412806702232018880782405606184330398
334 139 1 1 1 0.032000000000000000000000000000000000000 17.388288103713686980801439102521702031
334 149 1 1 1 0.13000000000000000000000000000000000000 18.630843442204201753769881792696821453
334 191 1 1 1 0.055000000000000000000000000000000000000 18.707316471790547542862348819233395973
379 218 1 1 0 0.41800000000000000000000000000000000000 19.855754407818964707079323910991008360
379 236 2 2 2 0.047000000000000000000000000000000000000 19.979741186000528637486444666601831353
379 284 2 2 2 0.048000000000000000000000000000000000000 20.157273617873578411639007822606596813
334 197 0 2 0 0.49000000000000000000000000000000000000 18.136877343299538897205739479565134235
379 314 1 1 0 0.52300000000000000000000000000000000000 19.688421143421745808994786927256101130
337 8 1 1 0 0.41600000000000000000000000000000000000 17.992723704872055409444967984922251029
381 4 1 1 1 0.14900000000000000000000000000000000000 18.367169650030131176168217397425297181
337 62 2 2 2 0.043000000000000000000000000000000000000 18.372883442458377933964449068457986383
382 17 1 1 0 0.44700000000000000000000000000000000000 18.997811640343191502378944651660318708
337 92 0 2 0 0.58800000000000000000000000000000000000 18.224370344584492754878277304555861335
382 25 1 1 1 0.17200000000000000000000000000000000000 18.459221081998517996469466040436995871
382 47 1 1 1 0.15800000000000000000000000000000000000 19.397642230827559834200585430204750969
382 53 0 0 0 0.036000000000000000000000000000000000000 19.436128332699151293131273232596403771
382 73 0 0 0 0.050000000000000000000000000000000000000 19.513908237103600221291024218768887462
337 118 1 1 0 0.32700000000000000000000000000000000000 18.853696538442046980387783792826337587
337 124 0 0 0 0.031000000000000000000000000000000000000 18.736480184117350910224536653576179885
337 128 0 0 0 0.12600000000000000000000000000000000000 17.117737578122612217384437349500041040
337 216 0 0 0 0.13500000000000000000000000000000000000 17.313066441437435126807901350267760683
337 218 1 1 1 0.17400000000000000000000000000000000000 19.621107776848797119799255384884234840
382 83 0 2 0 0.55800000000000000000000000000000000000 19.528200848348324087468705975866065644
337 226 1 1 0 0.45400000000000000000000000000000000000 19.662034599477860963895106587452065726
382 151 1 1 0 0.44800000000000000000000000000000000000 18.817619965822742105279778886436088038
382 173 2 2 1 0.54100000000000000000000000000000000000 19.187160755808874802259646420096860638
337 272 0 2 0 0.75300000000000000000000000000000000000 19.162361568498498201696961252001354591
338 19 1 1 1 0.039000000000000000000000000000000000000 16.194786209660502185189718844991886281
382 179 1 1 0 0.30900000000000000000000000000000000000 19.348717076501286631227499347641540048
338 47 0 0 0 0.13800000000000000000000000000000000000 17.897690343548297000338914502357196702
338 53 2 2 2 0.036000000000000000000000000000000000000 17.086798448944016027236284022388640438
382 227 1 1 1 0.10800000000000000000000000000000000000 19.937664553256444827084153989129612819
382 263 2 2 2 0.050000000000000000000000000000000000000 20.123692503854149133005602293995441791
382 283 1 1 1 0.22100000000000000000000000000000000000 19.701658289117023917598376028450819944
382 359 0 0 0 0.053000000000000000000000000000000000000 19.942369353074701379035300820355084631
338 107 2 2 1 0.63400000000000000000000000000000000000 17.882424899433719621694298691451508508
338 173 2 2 2 0.049000000000000000000000000000000000000 18.095315242680990198851434683625384521
338 223 0 0 0 0.11200000000000000000000000000000000000 18.540551800702215383815186001773045877
383 2 1 1 0 0.56500000000000000000000000000000000000 18.082308513986888632821663372451385778
338 229 1 1 0 0.45100000000000000000000000000000000000 17.137584733116814484229303259263188222
383 4 1 1 0 0.46000000000000000000000000000000000000 17.905968475700305168727333927010201059
383 68 0 0 0 0.035000000000000000000000000000000000000 19.032319146382076322108915292884537318
383 82 0 0 0 0.13000000000000000000000000000000000000 19.536373590472089303826104508668017850
339 8 1 1 0 0.36400000000000000000000000000000000000 18.010732497691904320092053067176457805
383 98 1 1 1 0.093000000000000000000000000000000000000 18.684446681676473110463258021807522336
341 16 1 1 1 0.049000000000000000000000000000000000000 17.324610608833020448129348828349351574
343 2 2 2 2 0.081000000000000000000000000000000000000 16.056759391103013265674970641454958458
383 128 0 0 0 0.14400000000000000000000000000000000000 17.866420545960574023998307112837614452
383 134 1 1 1 0.13700000000000000000000000000000000000 19.299741085403138245139995077496279106
383 152 0 0 0 0.036000000000000000000000000000000000000 18.489678360691188863233583868505995682
343 122 1 1 0 0.43200000000000000000000000000000000000 17.193270802736029642586149354710422170
344 41 1 1 1 0.069000000000000000000000000000000000000 18.721826247659652617980038249984008276
344 59 0 0 0 0.042000000000000000000000000000000000000 16.815017978686445190768198472109198157
383 178 2 2 1 0.49500000000000000000000000000000000000 19.322845040380901367144374252486820072
344 71 0 0 0 0.15600000000000000000000000000000000000 17.628619532294952533621606864351553627
344 103 0 0 0 0.099000000000000000000000000000000000000 18.798110486971845434798084014806564628
383 212 2 2 2 0.36400000000000000000000000000000000000 19.343535024231257216089251856314108609
383 268 1 1 1 0.039000000000000000000000000000000000000 20.147331864359475304223712074134940305
383 304 0 0 0 0.11200000000000000000000000000000000000 19.607514926568941352507564440028798172
344 139 2 2 2 0.49600000000000000000000000000000000000 17.891763955628025493236637181171051180
383 332 0 0 0 0.18400000000000000000000000000000000000 20.166894715033687874302182331195860260
383 334 0 0 0 0.10000000000000000000000000000000000000 19.314215081220061530299271669949937315
344 149 1 1 1 0.19700000000000000000000000000000000000 18.193264677936326494007010767951616005
344 211 1 1 1 0.18000000000000000000000000000000000000 19.320748169327084679874998339473698542
384 113 1 1 0 0.33900000000000000000000000000000000000 17.986234952720473526736284887026145435
344 239 1 1 0 0.41400000000000000000000000000000000000 19.466935002082650839114780722370329423
384 193 1 1 0 0.54800000000000000000000000000000000000 18.098240190691928933054664757342888449
386 1 2 2 2 0.25600000000000000000000000000000000000 17.327939478332066042638443254317504616
344 251 2 2 1 0.56900000000000000000000000000000000000 19.504644938542127765840834008652901906
344 307 0 0 0 0.029000000000000000000000000000000000000 19.447188100380747649947662536390621472
386 29 2 2 2 0.061000000000000000000000000000000000000 19.250072219602519432689092898029627992
386 37 0 0 0 0.13000000000000000000000000000000000000 18.867564114326973731183725125508507344
346 11 1 1 0 0.37700000000000000000000000000000000000 18.510814919913115237441955116015363100
386 41 1 1 0 0.49000000000000000000000000000000000000 19.382555546554073408089513388011418666
386 131 2 2 2 0.054000000000000000000000000000000000000 19.377334547946253868392090575708062381
346 27 2 2 1 0.55000000000000000000000000000000000000 17.085725222399037701082355271608351609
386 137 0 2 0 0.59500000000000000000000000000000000000 19.298384068018666755267349205402479820
346 31 0 2 0 0.74000000000000000000000000000000000000 18.461834373511947260035411542326385189
346 61 0 0 0 0.034000000000000000000000000000000000000 19.154997212244464588072890549099039064
386 139 0 2 0 0.65500000000000000000000000000000000000 18.566783292307471919249690592493089273
386 163 1 1 1 0.11000000000000000000000000000000000000 18.036039866501812260638402386752902508
346 109 1 1 0 0.47400000000000000000000000000000000000 19.081945964515156237290827048822436486
386 169 1 1 0 0.41400000000000000000000000000000000000 17.881190044655340495716771304598235661
386 199 1 1 1 0.14200000000000000000000000000000000000 19.212026725649662865152690138735223451
386 241 1 1 1 0.24500000000000000000000000000000000000 20.046987374063383984676781440296855359
346 137 0 2 0 0.67100000000000000000000000000000000000 18.458944591809688637491921741944212362
346 151 1 1 1 0.047000000000000000000000000000000000000 18.586985898366884888194279882341181179
346 181 2 2 2 0.084000000000000000000000000000000000000 19.344943697941857955689314287074604795
386 281 1 1 0 0.78900000000000000000000000000000000000 20.204423645976437668065554615297661439
388 3 0 0 0 0.20400000000000000000000000000000000000 18.297731566490325259545792924334472859
388 11 3 3 3 0.070000000000000000000000000000000000000 18.859736389236573002310137369684411608
388 29 0 0 0 0.068000000000000000000000000000000000000 19.265964729421489467038081819595751067
346 269 0 2 0 1.0040000000000000000000000000000000000 19.853824251853072870779249935570511255
388 47 1 1 1 0.079000000000000000000000000000000000000 19.446548103217429369082623145099228980
346 281 1 1 1 0.11000000000000000000000000000000000000 19.855048953771882331145854654197244056
346 313 0 0 0 0.041000000000000000000000000000000000000 19.737890377869859435440518062714513507
388 67 1 1 0 0.55200000000000000000000000000000000000 19.548580055635250711696296151118001773
346 337 1 1 0 0.54000000000000000000000000000000000000 18.812388104112286375308752052765099353
347 6 0 0 0 0.023000000000000000000000000000000000000 18.258517977602075626384840010960516470
347 38 0 0 0 0.12300000000000000000000000000000000000 19.023456631463185662212880171484250930
388 157 1 1 0 0.33400000000000000000000000000000000000 18.586530030166465765176740837820857136
388 167 1 1 1 0.056000000000000000000000000000000000000 18.842201162215014735527838685235917093
388 173 0 0 0 0.037000000000000000000000000000000000000 19.148147379835870905814247439184789137
388 193 0 0 0 0.11200000000000000000000000000000000000 19.609601037885135647387972266206338419
347 52 1 1 0 0.40600000000000000000000000000000000000 19.124814930460796995977798898934826075
347 82 0 0 0 0.13800000000000000000000000000000000000 19.194950145692731646043473689324044618
347 88 2 2 2 0.044000000000000000000000000000000000000 18.887024276432361083057091704848151620
347 176 0 0 0 0.027000000000000000000000000000000000000 18.197290976066892718141204767083562683
347 214 2 2 2 0.081000000000000000000000000000000000000 19.659745842152034299144759178536755146
388 223 1 1 0 0.44700000000000000000000000000000000000 19.935900761177159285115046541008199744
347 242 1 1 1 0.11600000000000000000000000000000000000 18.760091212291459896152439585095525855
388 227 0 0 0 0.11900000000000000000000000000000000000 19.966387672254339228657894619816289017
347 244 1 1 0 0.37800000000000000000000000000000000000 19.808517921885408196989112686931148566
388 277 1 1 0 0.50600000000000000000000000000000000000 20.208614565942160167404030964427248417
388 283 1 1 1 0.067000000000000000000000000000000000000 20.223624312078568262178634241528193902
347 248 1 1 0 0.60400000000000000000000000000000000000 19.043269291365263784004573984624928540
347 262 1 1 0 0.34300000000000000000000000000000000000 19.854250580191030593621898987106667717
349 8 1 1 1 0.028000000000000000000000000000000000000 18.099208489950420833722257221247322678
388 353 0 2 0 0.70600000000000000000000000000000000000 20.120824991596493630877054057353877518
349 50 1 1 1 0.035000000000000000000000000000000000000 18.432874297712899526537796056153890646
388 361 0 0 0 0.039000000000000000000000000000000000000 17.810627055079318194004484680509416986
349 64 2 2 2 0.037000000000000000000000000000000000000 17.988693988275692076815344845366999266
349 76 1 1 1 0.057000000000000000000000000000000000000 18.515446823649035139685297557976226293
349 134 1 1 1 0.034000000000000000000000000000000000000 18.693967381774923646974254325378939921
389 4 0 0 0 0.12100000000000000000000000000000000000 18.430355677562911983523624474444830923
349 146 1 1 1 0.17700000000000000000000000000000000000 17.390528657132986774215737120569630268
389 8 1 1 0 0.49700000000000000000000000000000000000 18.429390073736582579441775390587259797
389 94 1 1 1 0.081000000000000000000000000000000000000 19.590564857229842579416181213738789928
349 172 1 1 0 0.48900000000000000000000000000000000000 19.213683256587925781416788072974087752
389 104 0 0 0 0.13900000000000000000000000000000000000 19.273020939759634753920746626281103602
349 184 1 1 1 0.087000000000000000000000000000000000000 19.092321104691605416893486039055943302
349 206 0 0 0 0.038000000000000000000000000000000000000 19.612935346829906526065649190248549627
389 116 0 0 0 0.10700000000000000000000000000000000000 19.528743686369980526875668064943300300
389 136 0 0 0 0.049000000000000000000000000000000000000 18.355105962454662384945538002722854583
349 302 1 1 0 0.38100000000000000000000000000000000000 19.845958269441550372795954246879398997
389 172 1 1 0 0.50900000000000000000000000000000000000 19.099382612552712479303576109686579473
389 194 0 0 0 0.033000000000000000000000000000000000000 19.626133542125378874427555864045970608
389 206 0 0 0 0.17100000000000000000000000000000000000 19.780573563332037672227745056182465706
349 314 1 1 0 0.44600000000000000000000000000000000000 19.780981002043326431194834530656684796
389 256 0 0 0 0.13300000000000000000000000000000000000 18.333712130002464932201475287312402533
349 316 1 1 1 0.15000000000000000000000000000000000000 19.765582660359053924395167971899650469
389 262 1 1 0 0.36100000000000000000000000000000000000 20.165105618744041736972842575857644117
352 31 2 2 1 0.59500000000000000000000000000000000000 18.088990521733174586136841870616730307
389 274 1 1 0 0.41300000000000000000000000000000000000 20.206894667791212015097103941447855118
352 47 2 2 2 0.23700000000000000000000000000000000000 18.236984566417630555703510314213780573
352 71 0 0 0 0.033000000000000000000000000000000000000 17.857186644097939392271343139930764280
352 103 1 1 1 0.047000000000000000000000000000000000000 18.289011889985288002144779990064378530
352 131 3 3 3 0.063000000000000000000000000000000000000 17.948751137915093293264771968757173152
352 151 2 2 2 0.036000000000000000000000000000000000000 17.559073934134552727305314560529533038
352 233 0 0 0 0.046000000000000000000000000000000000000 18.418970580777413439728258135655623731
352 257 0 0 0 0.024000000000000000000000000000000000000 18.982862893312509092587433453153091058
352 313 2 2 2 0.048000000000000000000000000000000000000 18.932028996722037881974621045945052233
389 304 1 1 0 0.55200000000000000000000000000000000000 19.182659665624167085703886677256774484
389 326 1 1 1 0.040000000000000000000000000000000000000 19.773137416000798303849898732623073078
353 16 0 2 0 0.51200000000000000000000000000000000000 17.652053767015266333831542178959954989
353 32 0 0 0 0.10400000000000000000000000000000000000 18.109940780672905853851049116952649117
389 382 0 2 0 0.53800000000000000000000000000000000000 19.549078062966705622305781071345064354
353 38 0 0 0 0.13600000000000000000000000000000000000 18.599758472275502037850814257799928919
353 98 1 1 0 0.48100000000000000000000000000000000000 18.379889238230434345928506398988280468
353 122 2 2 2 0.079000000000000000000000000000000000000 18.339162391285021018940321600215221568
391 64 1 1 0 0.58700000000000000000000000000000000000 18.358734295182547843485232166062823727
392 37 1 1 1 0.051000000000000000000000000000000000000 18.246337680181377405989798915290761790
392 73 0 0 0 0.047000000000000000000000000000000000000 18.453180608097041985572499585869714382
353 158 1 1 1 0.26600000000000000000000000000000000000 18.844193261166670193060851014007421865
353 208 1 1 1 0.045000000000000000000000000000000000000 18.202544385683351026597338562442723844
353 242 0 0 0 0.13600000000000000000000000000000000000 18.803957185928310813861725524256805100
353 262 0 0 0 0.043000000000000000000000000000000000000 19.905479283637697372967161852706774708
392 81 1 1 0 0.40900000000000000000000000000000000000 17.036544704509185741846806016839280745
392 197 2 2 2 0.051000000000000000000000000000000000000 17.298154847945997131196895329061844634
353 298 1 1 1 0.20800000000000000000000000000000000000 19.908182304400218746262769870416967390
353 324 1 1 0 0.51400000000000000000000000000000000000 18.334400878435919078283011368779230694
392 289 1 1 0 0.66400000000000000000000000000000000000 17.889235024424465859251590373117199962
392 361 0 0 0 0.13800000000000000000000000000000000000 17.693720465472019326693942228552613640
394 9 1 1 1 0.10100000000000000000000000000000000000 18.342976476486868358351854059641139721
394 61 0 0 0 0.076000000000000000000000000000000000000 19.097971883472295105844785475286451699
356 1 0 2 0 0.75300000000000000000000000000000000000 17.559096002318349432908360558717226538
394 71 0 2 0 0.64100000000000000000000000000000000000 17.920620097079504677666102432891864885
394 79 0 0 0 0.14100000000000000000000000000000000000 19.151168745455939424245416962347793556
394 89 0 0 0 0.043000000000000000000000000000000000000 19.636978278227935569146377659156218971
356 27 0 2 0 0.58000000000000000000000000000000000000 18.018497374607017609430595142237614383
356 29 1 1 1 0.048000000000000000000000000000000000000 19.001001285854584504885847577798076722
394 97 1 1 0 0.44100000000000000000000000000000000000 18.679003710572418781694243175568562206
356 47 1 1 0 0.54400000000000000000000000000000000000 19.175755687470270900930135436949638328
394 107 1 1 0 0.33900000000000000000000000000000000000 19.614005864769848502803843624983327202
356 71 0 0 0 0.043000000000000000000000000000000000000 19.275234927487456098661294632589573884
394 121 1 1 0 0.41000000000000000000000000000000000000 18.512225674126275140746266557344682679
394 139 0 0 0 0.060000000000000000000000000000000000000 19.382030321601559319092377767262723542
394 191 0 0 0 0.045000000000000000000000000000000000000 19.104991686258881029143194132879192003
394 229 3 3 3 0.080000000000000000000000000000000000000 20.008619627243176295206623661941298131
356 109 1 1 0 0.56700000000000000000000000000000000000 19.203434956375821309851043223343111514
356 125 0 0 0 0.15200000000000000000000000000000000000 17.641026409730852484015827750495189924
394 233 3 3 3 0.31100000000000000000000000000000000000 20.037355318943683261679434417105648169
394 251 1 1 1 0.059000000000000000000000000000000000000 20.144938721545478015902821215940980916
394 271 1 1 1 0.13700000000000000000000000000000000000 20.230249468600069292173807881767506772
395 4 0 0 0 0.034000000000000000000000000000000000000 18.476897833888358425287943853868085406
356 139 1 1 0 0.40900000000000000000000000000000000000 18.188754895911221885150046759384578543
397 2 0 0 0 0.12800000000000000000000000000000000000 18.191456387933950311848054561317752625
397 32 2 2 2 0.053000000000000000000000000000000000000 18.472483037522567199058249861132450165
356 157 1 1 1 0.19900000000000000000000000000000000000 17.817836882485421895152408130340891145
397 40 0 0 0 0.045000000000000000000000000000000000000 19.159856955269360395873200630344528589
397 58 0 0 0 0.16400000000000000000000000000000000000 19.585273207283024608252805088760060025
356 169 1 1 1 0.20600000000000000000000000000000000000 17.342284211840118987189373671500066129
397 68 0 0 0 0.14900000000000000000000000000000000000 19.626444848299987421394232402867803219
397 98 2 2 2 0.057000000000000000000000000000000000000 18.337094117031330536003638765502021343
356 239 1 1 0 0.63200000000000000000000000000000000000 19.376612897808212392382502921994996588
397 134 1 1 0 0.46500000000000000000000000000000000000 19.005698999049511143596493274113595898
356 271 2 2 2 0.058000000000000000000000000000000000000 19.946509416606899695386678299865036490
397 142 1 1 0 0.49000000000000000000000000000000000000 18.533999117489407896007813869690479807
356 293 1 1 0 0.46900000000000000000000000000000000000 19.473435543826168923865637763693838258
397 188 0 0 0 0.053000000000000000000000000000000000000 19.047404617780270845728084898539357826
397 212 1 1 0 0.42600000000000000000000000000000000000 19.870147503372750296750804735267674445
397 232 2 2 2 0.069000000000000000000000000000000000000 19.743115291300119770955046960219137012
397 254 1 1 1 0.059000000000000000000000000000000000000 20.176754898299811218544344108137372302
358 13 0 2 0 0.58800000000000000000000000000000000000 18.686072566932711863338000961875729080
358 71 1 1 1 0.040000000000000000000000000000000000000 19.293957672446852403303179667602174395
358 97 0 0 0 0.14900000000000000000000000000000000000 18.804664532796781862238245581003144226
397 268 1 1 1 0.28200000000000000000000000000000000000 20.238190668598587476463709061126525644
397 292 0 0 0 0.30600000000000000000000000000000000000 20.308469955364609751977962315863690445
358 127 1 1 0 0.55400000000000000000000000000000000000 19.037780101947918480776460328107479806
358 137 0 0 0 0.037000000000000000000000000000000000000 18.321634435021023862415904068156286018
358 149 0 0 0 0.041000000000000000000000000000000000000 16.522844717364622391706044835941547151
358 191 0 0 0 0.13200000000000000000000000000000000000 19.031740674569078463639609494973338708
358 193 2 2 2 0.081000000000000000000000000000000000000 19.531689823183926820049736055238806584
397 316 1 1 0 0.51200000000000000000000000000000000000 18.903031469981235442702725404995230944
397 334 1 1 0 0.38400000000000000000000000000000000000 19.841479217091445054764047825255217661
397 356 0 0 0 0.16100000000000000000000000000000000000 20.236118343238246642991963744733932725
358 197 1 1 0 0.59800000000000000000000000000000000000 19.574399127079977859272261794334571041
358 199 1 1 0 0.41300000000000000000000000000000000000 19.594416698609833650722100173865929085
358 251 1 1 1 0.11900000000000000000000000000000000000 19.914485833169904448380957051958473096
397 362 1 1 0 0.65700000000000000000000000000000000000 20.194111352603287323764885360464382655
397 384 0 0 0 0.035000000000000000000000000000000000000 18.351357748397175099418826934100325309
358 293 0 2 0 0.73400000000000000000000000000000000000 19.971737810364636664149383007576899746
397 386 1 1 0 0.58300000000000000000000000000000000000 17.992634205275466498100482474647550104
398 13 0 0 0 0.043000000000000000000000000000000000000 19.008842757147787200708340648691708764
358 307 0 0 0 0.13200000000000000000000000000000000000 19.944022293569898285731940370400219799
359 8 1 1 1 0.033000000000000000000000000000000000000 17.230937108470052653626107170777200417
359 26 3 3 3 0.059000000000000000000000000000000000000 18.506324317254483098284822177271457176
359 40 0 0 0 0.16100000000000000000000000000000000000 18.846690510801705222055906457597959477
398 53 1 1 0 0.58500000000000000000000000000000000000 19.565953405036972372578687986173463043
398 79 0 0 0 0.13800000000000000000000000000000000000 19.184950680568326892254383138433031017
359 44 1 1 0 0.46700000000000000000000000000000000000 18.703476471768104807821355757436008584
359 86 1 1 1 0.077000000000000000000000000000000000000 19.312332662857397376522062522805988936
359 106 1 1 1 0.057000000000000000000000000000000000000 19.255627354446414229165717114233636089
359 124 0 0 0 0.16400000000000000000000000000000000000 19.097692714175139829365082506325556505
359 194 2 2 2 0.076000000000000000000000000000000000000 19.546482171706146751814812815984261769
398 83 1 1 0 0.49300000000000000000000000000000000000 19.190587324143524533628128664869310576
398 97 0 0 0 0.035000000000000000000000000000000000000 19.192202895253566843491553460805116849
398 113 0 0 0 0.13000000000000000000000000000000000000 19.633095049956766968045693225908757666
398 131 1 1 0 0.49300000000000000000000000000000000000 18.162262783494365594677593765145898099
359 226 1 3 1 0.92800000000000000000000000000000000000 19.329068966778245266811381414747653076
398 163 1 1 0 0.45300000000000000000000000000000000000 18.368203369641455284696697830476789552
359 236 0 2 0 0.72100000000000000000000000000000000000 19.859807793247579385191769296301957950
398 167 2 2 1 0.54600000000000000000000000000000000000 18.441199883089547442125490806041346445
359 248 1 1 0 0.54100000000000000000000000000000000000 17.534494574989155861381582558381221807
359 268 1 1 1 0.082000000000000000000000000000000000000 19.967058460465825231528176822069732320
359 298 0 0 0 0.040000000000000000000000000000000000000 19.499225595298402681007222556498446610
359 304 3 3 3 0.068000000000000000000000000000000000000 19.362456893550221214125287556394652395
398 181 0 2 0 0.72000000000000000000000000000000000000 19.352177512776181216359446053098177990
398 197 0 0 0 0.13600000000000000000000000000000000000 19.683322725513348439204433081805516839
359 332 1 1 1 0.17700000000000000000000000000000000000 18.843658337666222566192579315786098210
398 211 2 2 2 0.055000000000000000000000000000000000000 19.862575985264119954895733215468425082
361 4 0 0 0 0.050000000000000000000000000000000000000 16.924453453652647918195648031530995895
361 16 0 0 0 0.042000000000000000000000000000000000000 16.918825423847553088082959093844288885
361 18 0 0 0 0.030000000000000000000000000000000000000 15.403116457078040817054582956113775810
361 46 2 2 2 0.076000000000000000000000000000000000000 17.456906020239328691767878540303026028
361 74 1 1 0 0.45800000000000000000000000000000000000 16.686485818513651027275642756665982827
361 94 0 0 0 0.16900000000000000000000000000000000000 18.041948817640227076065161130461767439
398 307 0 2 0 0.78200000000000000000000000000000000000 20.338310893359217592531688832823054849
361 128 0 0 0 0.054000000000000000000000000000000000000 16.283921611379150345597596416465581529
398 343 2 2 2 0.17600000000000000000000000000000000000 18.616760154013747577406589163209636459
400 29 1 1 1 0.064000000000000000000000000000000000000 16.828115441939136139841379658529526125
400 127 2 2 2 0.076000000000000000000000000000000000000 18.277819697052733805065906266765004319
401 2 1 1 1 0.055000000000000000000000000000000000000 18.221934980690987446753488593571174063
361 166 1 1 0 0.48800000000000000000000000000000000000 17.789901065211397969322723036309201183
361 200 1 1 1 0.062000000000000000000000000000000000000 17.338122937268404521205128026708749102
401 16 2 2 1 0.88400000000000000000000000000000000000 18.518181355305907437040162934378240274
361 284 0 2 0 0.67500000000000000000000000000000000000 18.724546998296587806373837928866230973
401 44 1 1 0 0.50300000000000000000000000000000000000 19.526677033987521725083954234346598233
361 288 1 1 0 0.49500000000000000000000000000000000000 17.345179991582034703263343983595300656
362 23 0 0 0 0.047000000000000000000000000000000000000 18.959259897650198311102260598847395659
362 37 0 0 0 0.17600000000000000000000000000000000000 18.446538708518743314890210302979977901
362 67 1 1 1 0.057000000000000000000000000000000000000 19.321583266441442410414587097008533142
362 81 0 0 0 0.040000000000000000000000000000000000000 17.911145482481090061823719656111910121
401 62 1 1 0 0.40300000000000000000000000000000000000 17.784657417296120702068918258618147419
401 82 0 0 0 0.060000000000000000000000000000000000000 19.691799372062373489346188213474135534
362 89 0 2 0 0.75100000000000000000000000000000000000 19.339087588532115511144723890070657391
401 116 1 1 0 0.62700000000000000000000000000000000000 19.650704471874046673821424726914457706
401 172 0 0 0 0.12500000000000000000000000000000000000 17.422104795165067395708565467470696107
401 184 0 0 0 0.13400000000000000000000000000000000000 18.645311307267943775199699515657737384
401 194 1 1 1 0.19600000000000000000000000000000000000 19.159354909702686926969160677745911793
362 101 1 1 0 0.49300000000000000000000000000000000000 18.833519375112905771332172309597801393
401 214 0 0 0 0.15700000000000000000000000000000000000 19.903563937224550708652130428392336690
362 103 1 1 0 0.45100000000000000000000000000000000000 19.302781177169750266013824706137683217
401 226 1 1 0 0.42100000000000000000000000000000000000 19.315887073392029253275446446422849547
401 236 0 0 0 0.051000000000000000000000000000000000000 19.245597439254697526934877761584695713
362 107 1 1 0 0.50500000000000000000000000000000000000 19.283940998427193059546196514930780004
362 131 0 0 0 0.041000000000000000000000000000000000000 19.030631534669026313882796085896850798
362 139 0 0 0 0.15500000000000000000000000000000000000 18.820720683145539152540635327139710653
362 197 3 3 3 0.082000000000000000000000000000000000000 19.590225370709233108733162672871626307
401 296 1 1 0 0.65900000000000000000000000000000000000 20.044359126886482352274199537868086218
362 211 0 0 0 0.15200000000000000000000000000000000000 19.719138584407746703719307042380979687
362 233 1 1 1 0.22500000000000000000000000000000000000 19.863589228349017464100388095897441887
365 64 1 1 1 0.094000000000000000000000000000000000000 18.135461195041535668030412284861019638
367 10 1 1 1 0.074000000000000000000000000000000000000 18.649371155815435439114588997279097405
367 32 0 0 0 0.16100000000000000000000000000000000000 18.230127381445176573559888281502822143
367 54 0 0 0 0.037000000000000000000000000000000000000 18.360081441031027122671742162034882954
367 62 0 0 0 0.042000000000000000000000000000000000000 19.350305112895532257708653471140010529
401 314 0 2 0 0.82700000000000000000000000000000000000 20.367735620746981166019417632988591711
403 4 1 1 1 0.037000000000000000000000000000000000000 18.537865748022519934802725976069401525
367 68 1 1 0 0.54600000000000000000000000000000000000 18.524344176882800924201847045684649715
367 88 0 0 0 0.043000000000000000000000000000000000000 18.610693124766040653742257072590649956
403 32 1 1 0 0.61300000000000000000000000000000000000 18.518687960288789323328254643077464526
404 19 1 1 1 0.048000000000000000000000000000000000000 18.738510425089722923456750463930494397
404 47 0 0 0 0.042000000000000000000000000000000000000 19.573124513645060026379481129344219634
367 158 1 1 1 0.25200000000000000000000000000000000000 17.952826033075154480919984166307205521
367 172 0 0 0 0.15600000000000000000000000000000000000 18.365131597278286955919151512894482536
367 236 0 0 0 0.14100000000000000000000000000000000000 19.432983580265624515448345618057172464
404 79 2 2 1 0.77300000000000000000000000000000000000 19.013002007177234442158037054881530489
367 248 1 1 0 0.61500000000000000000000000000000000000 19.665205893960118127675245388495213626
404 89 1 1 1 0.22000000000000000000000000000000000000 19.246276818183432336560893876115860807
404 131 0 0 0 0.18000000000000000000000000000000000000 19.592674103774913077109268113612664319
404 149 0 0 0 0.033000000000000000000000000000000000000 19.359472004383115771794350136324736374
367 262 2 2 1 0.55300000000000000000000000000000000000 20.015266917290160042040157858566401140
404 151 1 1 0 0.52100000000000000000000000000000000000 19.315726729360730157842518309954897098
404 157 1 1 1 0.19500000000000000000000000000000000000 18.290345330905024263877264864933265996
367 298 1 1 0 0.50200000000000000000000000000000000000 20.059802656336929789327027268711766744
367 314 0 0 0 0.14500000000000000000000000000000000000 19.187358581446547362230710783871397176
404 191 1 1 0 0.44500000000000000000000000000000000000 19.578883904310822551109792084838763226
404 289 0 0 0 0.16700000000000000000000000000000000000 18.642945907556056382370958438931203657
367 346 0 2 0 0.71400000000000000000000000000000000000 19.786053094420831672595579667043742376
368 17 2 2 2 0.041000000000000000000000000000000000000 17.327528653707825862041319617956912014
368 67 2 2 2 0.047000000000000000000000000000000000000 18.773568985000341197844047723219814280
368 83 1 1 1 0.040000000000000000000000000000000000000 18.797710976446313968034469889242252510
404 307 1 1 0 0.48300000000000000000000000000000000000 19.908169508043638358594634278548913623
368 113 0 0 0 0.15700000000000000000000000000000000000 18.714469575739223230215009736653530636
368 137 2 2 2 0.068000000000000000000000000000000000000 18.403103887614963895516206690867443337
368 193 0 0 0 0.049000000000000000000000000000000000000 18.264157964728515817821670630972066708
404 311 1 1 1 0.28000000000000000000000000000000000000 20.389716925490732292473462293185557342
404 343 1 1 0 0.71500000000000000000000000000000000000 18.205487784179570184942913896297268932
407 8 1 1 1 0.060000000000000000000000000000000000000 18.567015168673172491223239814897871987
368 211 0 2 0 0.93200000000000000000000000000000000000 19.145743446589208169999147405772937036
409 22 0 0 0 0.17500000000000000000000000000000000000 18.837474339495271454126805759103615806
409 46 1 1 1 0.050000000000000000000000000000000000000 18.562665637564076619349791126498843094
368 227 0 0 0 0.12500000000000000000000000000000000000 19.262139638832550980829850939721756944
409 64 3 3 3 0.071000000000000000000000000000000000000 18.503624461989248474781764248522135429
368 277 0 0 0 0.13500000000000000000000000000000000000 19.454976667508665901312802514262963823
409 74 0 0 0 0.15700000000000000000000000000000000000 19.741422386510504916127751893942182246
409 86 1 1 1 0.051000000000000000000000000000000000000 19.286048341593461568093288988641369130
368 283 0 0 0 0.15900000000000000000000000000000000000 19.463085479032596003345092323003674997
368 347 1 1 1 0.051000000000000000000000000000000000000 19.192523483668178467817626476683625476
371 256 0 0 0 0.040000000000000000000000000000000000000 18.218083582701731817593942994334022232
409 124 1 1 0 0.54700000000000000000000000000000000000 19.692444808871821868331385254204842537
409 136 0 0 0 0.14700000000000000000000000000000000000 19.305249401192143328110173191400695664
373 46 0 2 0 0.67200000000000000000000000000000000000 19.315587080595626784016628988469576816
409 152 0 0 0 0.17100000000000000000000000000000000000 19.076931763140866027285882954460286001
409 200 3 3 3 0.063000000000000000000000000000000000000 18.740336123564406459149789535468194067
409 206 1 1 1 0.17500000000000000000000000000000000000 19.828435792255901455312638984187758364
409 214 0 0 0 0.042000000000000000000000000000000000000 19.926605957849766858500615483500032185
373 82 2 2 1 0.53600000000000000000000000000000000000 19.445932064353721991118351968872210680
373 100 1 1 1 0.14200000000000000000000000000000000000 18.728413006344257441415580659030638100
409 254 0 2 0 0.65900000000000000000000000000000000000 19.395605819701252099126908090399817822
373 106 1 1 0 0.51600000000000000000000000000000000000 19.407307864272112424215313220861216064
409 256 1 1 0 0.60900000000000000000000000000000000000 17.968185594833934489641080209427223639
409 268 0 0 0 0.044000000000000000000000000000000000000 20.309111273486414103918338254754480136
373 142 0 2 0 0.57100000000000000000000000000000000000 18.965414446948671629057235714482377435
373 152 0 0 0 0.12400000000000000000000000000000000000 17.298150456644548811423961529770625351
373 166 1 1 0 0.37700000000000000000000000000000000000 17.676546530839255862064715854046171957
409 304 2 2 1 0.69400000000000000000000000000000000000 19.815776951205061212843074162038772935
409 332 2 2 2 0.055000000000000000000000000000000000000 20.436317264379872742486747182244634156
373 178 0 0 0 0.14100000000000000000000000000000000000 19.336775736989589245715758458037397063
412 13 1 1 1 0.18700000000000000000000000000000000000 18.415189565739966867917890054979975818
373 188 1 1 0 0.47900000000000000000000000000000000000 19.510272231430446241824296142071083083
373 208 1 1 1 0.048000000000000000000000000000000000000 19.141149736450893063248656464178369968
373 212 2 2 2 0.062000000000000000000000000000000000000 19.301812103093486372306589721443436261
412 17 1 1 0 0.46900000000000000000000000000000000000 19.228501365334136735674776533105567922
412 43 3 3 3 0.072000000000000000000000000000000000000 19.125541823571976060374021146343427990
373 254 1 1 1 0.21700000000000000000000000000000000000 20.030300924669439449178954527068087887
412 71 0 0 0 0.14000000000000000000000000000000000000 19.756655316555153800293785088917546256
412 83 0 0 0 0.043000000000000000000000000000000000000 19.306962996179414965085394249614484915
373 278 0 0 0 0.14000000000000000000000000000000000000 20.099147838945868092968121755488532516
373 344 0 0 0 0.060000000000000000000000000000000000000 19.639858400108373909908696336155413121
412 101 0 0 0 0.19700000000000000000000000000000000000 18.834646161615378010722783680618500740
412 113 1 1 1 0.052000000000000000000000000000000000000 19.067146584015213202533119925001459740
376 19 0 0 0 0.16000000000000000000000000000000000000 18.695195765366832214443852731907209268
412 127 1 1 1 0.053000000000000000000000000000000000000 18.860972215474749922998344414015143184
412 139 0 0 0 0.044000000000000000000000000000000000000 19.612312097208900875428070645715151148
412 197 0 0 0 0.14700000000000000000000000000000000000 19.689479292090059819895059813908478110
376 31 1 1 0 0.53900000000000000000000000000000000000 18.894591377147113181926209080350477126
376 53 1 1 1 0.069000000000000000000000000000000000000 19.084879926614642720867452014709473099
376 61 0 0 0 0.033000000000000000000000000000000000000 18.646590639028089708992963318369698651
412 251 1 1 0 0.49500000000000000000000000000000000000 20.238562333400373619413997214176351669
412 293 2 2 2 0.29400000000000000000000000000000000000 20.414173598347763300163169247648569050
412 347 1 1 1 0.061000000000000000000000000000000000000 20.446739345699209332803451342131322404
376 73 1 1 0 0.54100000000000000000000000000000000000 19.160337300802774025623267952591289939
376 79 0 0 0 0.047000000000000000000000000000000000000 18.215546642325155503819506305352238389
376 89 0 0 0 0.043000000000000000000000000000000000000 19.172711523759633687009189128859510345
376 121 0 0 0 0.049000000000000000000000000000000000000 18.008520397644760252537653690870988958
412 409 1 1 0 0.48800000000000000000000000000000000000 19.372332783058687760219079139286536512
376 233 2 2 2 0.27500000000000000000000000000000000000 19.644359204645029739967424763782475764
416 31 2 2 2 0.057000000000000000000000000000000000000 18.603773790616391093625935960750657491
376 289 2 2 2 0.10900000000000000000000000000000000000 18.608226438086206806519979653089926415
377 8 1 1 1 0.040000000000000000000000000000000000000 17.856927723793264859302946759707722492
379 34 0 0 0 0.034000000000000000000000000000000000000 19.255949651653685410826531649123994823
416 59 1 1 1 0.16200000000000000000000000000000000000 18.136932674268711708454807380730377816
379 50 1 1 1 0.053000000000000000000000000000000000000 18.694067101801231353811205484096621455
379 56 1 1 1 0.17500000000000000000000000000000000000 19.126277162336256732838826189309976402
416 83 1 1 0 0.60900000000000000000000000000000000000 18.436223175648326842789925437394899705
379 76 1 1 0 0.44300000000000000000000000000000000000 19.493446531854479827448883458821763337
416 101 0 0 0 0.058000000000000000000000000000000000000 18.443125746458600803458180445272004578
379 82 1 1 1 0.031000000000000000000000000000000000000 18.546325395057868558015477699249859768
416 179 1 1 1 0.039000000000000000000000000000000000000 18.177745484596570612606719072678636094
416 199 2 2 2 0.057000000000000000000000000000000000000 18.821546747612017706357846032887760310
379 88 1 1 0 0.49300000000000000000000000000000000000 19.200975505678708949942275062586294260
379 94 2 2 2 0.058000000000000000000000000000000000000 17.422019535978587976401525235760526669
379 104 1 1 1 0.044000000000000000000000000000000000000 18.475892473123730543476774421782721248
416 211 1 1 0 0.55900000000000000000000000000000000000 19.003529973977572176957480710032224548
416 229 2 2 2 0.059000000000000000000000000000000000000 19.193728124599637382383976574216875436
416 251 1 1 1 0.081000000000000000000000000000000000000 19.354549494269170535451702168229870598
379 106 1 1 0 0.43100000000000000000000000000000000000 19.469174294414863185026804956070891520
379 148 0 0 0 0.20800000000000000000000000000000000000 18.882502514417349305832732571813652596
379 176 0 0 0 0.19800000000000000000000000000000000000 18.680786443164622165064898574668591426
416 257 0 2 0 0.88900000000000000000000000000000000000 19.389235361253332110756054257081426498
416 361 1 1 1 0.070000000000000000000000000000000000000 18.270889438100413192611941532842603524
419 2 0 0 0 0.042000000000000000000000000000000000000 17.510330851731042805551955078781407466
419 16 0 0 0 0.032000000000000000000000000000000000000 18.652078941679873481668034730962950416
419 34 0 0 0 0.048000000000000000000000000000000000000 19.565591488274199872420776168258534689
379 218 1 1 0 0.56300000000000000000000000000000000000 19.855754407818964707079323910991008360
379 236 2 2 2 0.066000000000000000000000000000000000000 19.979741186000528637486444666601831353
419 62 1 1 1 0.23300000000000000000000000000000000000 19.776317985714353138859807763678887387
379 284 2 2 2 0.10500000000000000000000000000000000000 20.157273617873578411639007822606596813
419 64 1 1 0 0.58000000000000000000000000000000000000 18.581056144233893683754469625789668001
419 74 2 2 2 0.091000000000000000000000000000000000000 19.820468495568211669951603653891227228
379 314 1 1 0 0.67500000000000000000000000000000000000 19.688421143421745808994786927256101130
381 4 1 1 1 0.23900000000000000000000000000000000000 18.367169650030131176168217397425297181
419 134 1 1 0 0.69000000000000000000000000000000000000 19.733279690331494863568775368658113805
419 146 1 1 1 0.072000000000000000000000000000000000000 19.619339001154442626562694166590116536
382 17 1 1 0 0.55800000000000000000000000000000000000 18.997811640343191502378944651660318708
419 164 0 0 0 0.18400000000000000000000000000000000000 19.215245673263987641065967643785648250
419 166 1 1 1 0.095000000000000000000000000000000000000 18.641743695523831943027430804952514830
382 25 1 1 1 0.23400000000000000000000000000000000000 18.459221081998517996469466040436995871
419 232 0 0 0 0.18100000000000000000000000000000000000 19.832370862018002573392914550670596528
382 47 1 1 1 0.26600000000000000000000000000000000000 19.397642230827559834200585430204750969
382 53 0 0 0 0.051000000000000000000000000000000000000 19.436128332699151293131273232596403771
382 73 0 0 0 0.046000000000000000000000000000000000000 19.513908237103600221291024218768887462
419 244 0 2 0 0.86000000000000000000000000000000000000 19.526662501899903462200631498025794875
382 83 0 2 0 0.77700000000000000000000000000000000000 19.528200848348324087468705975866065644
419 274 1 1 1 0.25500000000000000000000000000000000000 19.913573210831800346054318106096836008
419 288 1 1 0 0.49600000000000000000000000000000000000 19.063141553413769204076229944813820816
382 151 1 1 0 0.58100000000000000000000000000000000000 18.817619965822742105279778886436088038
419 296 1 1 1 0.058000000000000000000000000000000000000 19.321288555195763007920592681551290061
419 362 0 0 0 0.041000000000000000000000000000000000000 20.482868923175789148866602615781435512
382 173 2 2 1 0.65700000000000000000000000000000000000 19.187160755808874802259646420096860638
419 386 2 2 2 0.75200000000000000000000000000000000000 20.348804728269625607200700658481445811
419 388 0 0 0 0.047000000000000000000000000000000000000 20.329823822476661105716591879812325613
382 179 1 1 0 0.44800000000000000000000000000000000000 19.348717076501286631227499347641540048
382 227 1 1 1 0.14700000000000000000000000000000000000 19.937664553256444827084153989129612819
382 263 2 2 2 0.082000000000000000000000000000000000000 20.123692503854149133005602293995441791
421 8 1 1 0 0.57400000000000000000000000000000000000 18.669905937627458985981170589359394162
382 283 1 1 1 0.26900000000000000000000000000000000000 19.701658289117023917598376028450819944
382 359 0 0 0 0.053000000000000000000000000000000000000 19.942369353074701379035300820355084631
421 14 1 1 0 0.66400000000000000000000000000000000000 19.211701559389933724419718484285993937
383 2 1 1 0 0.65000000000000000000000000000000000000 18.082308513986888632821663372451385778
383 4 1 1 0 0.62000000000000000000000000000000000000 17.905968475700305168727333927010201059
383 68 0 0 0 0.087000000000000000000000000000000000000 19.032319146382076322108915292884537318
383 82 0 0 0 0.17300000000000000000000000000000000000 19.536373590472089303826104508668017850
383 98 1 1 1 0.12700000000000000000000000000000000000 18.684446681676473110463258021807522336
421 34 1 3 1 1.2750000000000000000000000000000000000 19.103142940918174893258868695007760626
383 128 0 0 0 0.16800000000000000000000000000000000000 17.866420545960574023998307112837614452
421 44 2 2 2 0.088000000000000000000000000000000000000 19.678244609598245730456775255402441722
421 52 0 0 0 0.071000000000000000000000000000000000000 19.259568870014234306260310131887981075
421 64 2 2 2 0.093000000000000000000000000000000000000 18.596294914280788427063308331993360616
383 134 1 1 1 0.19600000000000000000000000000000000000 19.299741085403138245139995077496279106
421 76 0 0 0 0.051000000000000000000000000000000000000 19.841452154489752223526951346184975175
383 152 0 0 0 0.051000000000000000000000000000000000000 18.489678360691188863233583868505995682
383 178 2 2 1 0.52600000000000000000000000000000000000 19.322845040380901367144374252486820072
421 106 1 1 0 0.70300000000000000000000000000000000000 19.383630899944821917320328705714692588
383 212 2 2 2 0.52300000000000000000000000000000000000 19.343535024231257216089251856314108609
383 268 1 1 1 0.11400000000000000000000000000000000000 20.147331864359475304223712074134940305
421 118 1 1 0 0.80900000000000000000000000000000000000 18.988398140479913852668499607641056714
383 304 0 0 0 0.35800000000000000000000000000000000000 19.607514926568941352507564440028798172
383 332 0 0 0 0.35800000000000000000000000000000000000 20.166894715033687874302182331195860260
383 334 0 0 0 0.19600000000000000000000000000000000000 19.314215081220061530299271669949937315
421 134 1 1 0 1.0060000000000000000000000000000000000 19.754332230207329046826467542459656916
421 188 1 1 1 0.081000000000000000000000000000000000000 18.079873253948589539572372574352121406
384 113 1 1 0 0.64500000000000000000000000000000000000 17.986234952720473526736284887026145435
421 206 1 1 0 0.59000000000000000000000000000000000000 19.842854055921348409942491846333141083
384 193 1 1 0 0.64900000000000000000000000000000000000 18.098240190691928933054664757342888449
386 1 2 2 2 0.30300000000000000000000000000000000000 17.327939478332066042638443254317504616
386 29 2 2 2 0.064000000000000000000000000000000000000 19.250072219602519432689092898029627992
421 244 1 1 0 0.63800000000000000000000000000000000000 20.234057509419717847516584980042832733
386 37 0 0 0 0.15100000000000000000000000000000000000 18.867564114326973731183725125508507344
421 316 1 1 1 0.29800000000000000000000000000000000000 20.523210321416835158354496354340865144
421 344 4 4 4 0.083000000000000000000000000000000000000 19.757208812553222031467498482018671203
421 352 0 0 0 0.17300000000000000000000000000000000000 19.623145337683081331375506867948680720
386 41 1 1 0 0.62600000000000000000000000000000000000 19.382555546554073408089513388011418666
386 131 2 2 2 0.085000000000000000000000000000000000000 19.377334547946253868392090575708062381
421 356 1 1 0 0.54700000000000000000000000000000000000 20.519053236886076425663297005045984805
386 137 0 2 0 0.72400000000000000000000000000000000000 19.298384068018666755267349205402479820
422 7 0 2 0 0.79200000000000000000000000000000000000 18.920418149002012384944444544416747684
386 139 0 2 0 0.78500000000000000000000000000000000000 18.566783292307471919249690592493089273
386 163 1 1 1 0.12900000000000000000000000000000000000 18.036039866501812260638402386752902508
422 23 1 1 0 0.61400000000000000000000000000000000000 19.428786641394441115779232925678983261
386 169 1 1 0 0.57600000000000000000000000000000000000 17.881190044655340495716771304598235661
422 37 1 1 0 0.64800000000000000000000000000000000000 18.666283578877065384248477243933786122
386 199 1 1 1 0.16700000000000000000000000000000000000 19.212026725649662865152690138735223451
422 103 1 1 1 0.068000000000000000000000000000000000000 19.173656520688216151746883366449196737
422 137 0 0 0 0.17500000000000000000000000000000000000 17.845227488751924773105130760407473878
386 241 1 1 1 0.25000000000000000000000000000000000000 20.046987374063383984676781440296855359
422 163 0 2 0 0.72500000000000000000000000000000000000 18.845189224764659661171454363197349432
386 281 1 1 0 0.69700000000000000000000000000000000000 20.204423645976437668065554615297661439
388 3 0 0 0 0.14600000000000000000000000000000000000 18.297731566490325259545792924334472859
422 167 1 1 1 0.21700000000000000000000000000000000000 19.153761612049587155649584986003186431
388 11 3 3 3 0.078000000000000000000000000000000000000 18.859736389236573002310137369684411608
388 29 0 0 0 0.071000000000000000000000000000000000000 19.265964729421489467038081819595751067
388 47 1 1 1 0.062000000000000000000000000000000000000 19.446548103217429369082623145099228980
422 173 2 2 1 0.57400000000000000000000000000000000000 18.532660993750914664299192259969121738
388 67 1 1 0 0.56800000000000000000000000000000000000 19.548580055635250711696296151118001773
422 199 2 2 2 0.20400000000000000000000000000000000000 18.766057866033129212763068287140967592
388 157 1 1 0 0.46800000000000000000000000000000000000 18.586530030166465765176740837820857136
388 167 1 1 1 0.063000000000000000000000000000000000000 18.842201162215014735527838685235917093
388 173 0 0 0 0.055000000000000000000000000000000000000 19.148147379835870905814247439184789137
388 193 0 0 0 0.18000000000000000000000000000000000000 19.609601037885135647387972266206338419
422 227 1 1 0 0.75800000000000000000000000000000000000 20.098343781346183577971280764720306517
422 243 0 0 0 0.18600000000000000000000000000000000000 18.322579798103170139464392360893419658
422 257 1 1 1 0.060000000000000000000000000000000000000 20.321353637667878929276884738358991363
422 293 1 1 1 0.067000000000000000000000000000000000000 20.477411520984109840347495787728012009
388 223 1 1 0 0.63000000000000000000000000000000000000 19.935900761177159285115046541008199744
388 227 0 0 0 0.19900000000000000000000000000000000000 19.966387672254339228657894619816289017
422 311 1 1 0 0.49300000000000000000000000000000000000 20.521803844638589945674542993167873991
422 337 2 2 2 0.062000000000000000000000000000000000000 20.546578451455534656508827969896094985
422 383 1 1 1 0.50500000000000000000000000000000000000 20.419308121154807539858417652338628344
388 277 1 1 0 0.61200000000000000000000000000000000000 20.208614565942160167404030964427248417
423 32 2 2 2 0.065000000000000000000000000000000000000 18.190638764025824413208651230741956254
388 283 1 1 1 0.072000000000000000000000000000000000000 20.223624312078568262178634241528193902
424 11 1 1 1 0.059000000000000000000000000000000000000 18.828844095104630219950816134065781841
424 13 1 1 1 0.27400000000000000000000000000000000000 18.900579780499218285120239309836965501
424 31 0 0 0 0.17400000000000000000000000000000000000 19.264390247242610137573707768781721930
388 353 0 2 0 0.93100000000000000000000000000000000000 20.120824991596493630877054057353877518
388 361 0 0 0 0.053000000000000000000000000000000000000 17.810627055079318194004484680509416986
389 4 0 0 0 0.17400000000000000000000000000000000000 18.430355677562911983523624474444830923
424 59 1 1 0 0.82300000000000000000000000000000000000 19.498410342855793334847247222846532858
424 101 2 2 2 0.081000000000000000000000000000000000000 18.890840569076488042131956465547672787
424 103 0 0 0 0.048000000000000000000000000000000000000 19.588440129998044876335046631973614397
424 109 0 0 0 0.055000000000000000000000000000000000000 19.103902151311928757592265132367324979
424 137 2 2 2 0.072000000000000000000000000000000000000 19.463216207656666846296997673557633057
389 8 1 1 0 0.62100000000000000000000000000000000000 18.429390073736582579441775390587259797
389 94 1 1 1 0.083000000000000000000000000000000000000 19.590564857229842579416181213738789928
389 104 0 0 0 0.12400000000000000000000000000000000000 19.273020939759634753920746626281103602
424 151 1 1 0 0.53300000000000000000000000000000000000 18.617326602463738715797594879317251890
389 116 0 0 0 0.18500000000000000000000000000000000000 19.528743686369980526875668064943300300
389 136 0 0 0 0.059000000000000000000000000000000000000 18.355105962454662384945538002722854583
424 157 1 1 0 0.46500000000000000000000000000000000000 19.213926792069239531431013198470999087
424 239 2 2 2 0.094000000000000000000000000000000000000 19.062793356133121587143929834588307976
389 172 1 1 0 0.64000000000000000000000000000000000000 19.099382612552712479303576109686579473
389 194 0 0 0 0.052000000000000000000000000000000000000 19.626133542125378874427555864045970608
389 206 0 0 0 0.20100000000000000000000000000000000000 19.780573563332037672227745056182465706
389 256 0 0 0 0.20300000000000000000000000000000000000 18.333712130002464932201475287312402533
424 241 1 1 0 0.84900000000000000000000000000000000000 19.923260860300444119617569333142238963
424 269 1 1 1 0.26400000000000000000000000000000000000 19.616425772670449489686900457319026229
389 262 1 1 0 0.57500000000000000000000000000000000000 20.165105618744041736972842575857644117
424 281 0 0 0 0.24200000000000000000000000000000000000 20.146086381716569345927036002668863907
427 2 1 1 1 0.28200000000000000000000000000000000000 17.713958423207457776331870292899645454
427 128 0 0 0 0.063000000000000000000000000000000000000 18.344229982332233622024124283484155399
389 274 1 1 0 0.58800000000000000000000000000000000000 20.206894667791212015097103941447855118
428 1 1 1 0 0.88500000000000000000000000000000000000 18.119059791530855576305823032735218021
389 304 1 1 0 0.83400000000000000000000000000000000000 19.182659665624167085703886677256774484
428 37 0 0 0 0.10800000000000000000000000000000000000 18.051337874611736920281713805498800026
389 326 1 1 1 0.067000000000000000000000000000000000000 19.773137416000798303849898732623073078
389 382 0 2 0 0.74400000000000000000000000000000000000 19.549078062966705622305781071345064354
428 43 2 2 1 0.89500000000000000000000000000000000000 19.721054134980588830975012356814570115
391 64 1 1 0 0.66200000000000000000000000000000000000 18.358734295182547843485232166062823727
392 37 1 1 1 0.066000000000000000000000000000000000000 18.246337680181377405989798915290761790
392 73 0 0 0 0.066000000000000000000000000000000000000 18.453180608097041985572499585869714382
428 83 1 1 0 0.69900000000000000000000000000000000000 19.911241210325657472838971407225853838
428 127 0 0 0 0.067000000000000000000000000000000000000 19.863608024387127934324379066453288716
392 81 1 1 0 0.54100000000000000000000000000000000000 17.036544704509185741846806016839280745
392 197 2 2 2 0.086000000000000000000000000000000000000 17.298154847945997131196895329061844634
428 167 1 1 0 0.56300000000000000000000000000000000000 18.833163275729090881991307028751890978
428 181 0 0 0 0.15500000000000000000000000000000000000 18.904682652332148423657254269379272350
428 223 0 0 0 0.18700000000000000000000000000000000000 20.074219517555325185898604304529227514
428 281 1 1 1 0.24400000000000000000000000000000000000 19.624038511438436137541245239985228785
392 289 1 1 0 0.78100000000000000000000000000000000000 17.889235024424465859251590373117199962
428 311 0 0 0 0.21800000000000000000000000000000000000 20.084938955806462186335747462305075663
392 361 0 0 0 0.18400000000000000000000000000000000000 17.693720465472019326693942228552613640
394 9 1 1 1 0.062000000000000000000000000000000000000 18.342976476486868358351854059641139721
394 61 0 0 0 0.046000000000000000000000000000000000000 19.097971883472295105844785475286451699
428 313 0 2 0 0.99700000000000000000000000000000000000 19.721096169735331078942601083271024057
394 71 0 2 0 0.84000000000000000000000000000000000000 17.920620097079504677666102432891864885
428 337 1 1 1 0.22800000000000000000000000000000000000 20.117774243435412596813200673782908923
394 79 0 0 0 0.18900000000000000000000000000000000000 19.151168745455939424245416962347793556
394 89 0 0 0 0.059000000000000000000000000000000000000 19.636978278227935569146377659156218971
431 4 0 0 0 0.17800000000000000000000000000000000000 18.742108983271794726605632671295677081
431 24 1 1 1 0.059000000000000000000000000000000000000 19.209991701522328217593176385254469906
431 46 0 0 0 0.064000000000000000000000000000000000000 19.290287228406990218103988117534069906
394 97 1 1 0 0.44000000000000000000000000000000000000 18.679003710572418781694243175568562206
431 68 1 1 0 0.64600000000000000000000000000000000000 18.850545255657184587518827656965295328
394 107 1 1 0 0.40000000000000000000000000000000000000 19.614005864769848502803843624983327202
394 121 1 1 0 0.51900000000000000000000000000000000000 18.512225674126275140746266557344682679
394 139 0 0 0 0.065000000000000000000000000000000000000 19.382030321601559319092377767262723542
394 191 0 0 0 0.061000000000000000000000000000000000000 19.104991686258881029143194132879192003
394 229 3 3 3 0.088000000000000000000000000000000000000 20.008619627243176295206623661941298131
431 74 2 2 1 0.97100000000000000000000000000000000000 19.912473069399220922839486158486126967
394 233 3 3 3 0.41200000000000000000000000000000000000 20.037355318943683261679434417105648169
431 86 0 0 0 0.19800000000000000000000000000000000000 19.094418784050440516983682366639676835
394 251 1 1 1 0.066000000000000000000000000000000000000 20.144938721545478015902821215940980916
431 158 3 3 3 0.086000000000000000000000000000000000000 19.602081277570530769656882503180243079
394 271 1 1 1 0.16200000000000000000000000000000000000 20.230249468600069292173807881767506772
395 4 0 0 0 0.078000000000000000000000000000000000000 18.476897833888358425287943853868085406
397 2 0 0 0 0.20300000000000000000000000000000000000 18.191456387933950311848054561317752625
431 164 1 1 0 0.44200000000000000000000000000000000000 19.469741367308483627902015699794289839
397 32 2 2 2 0.077000000000000000000000000000000000000 18.472483037522567199058249861132450165
397 40 0 0 0 0.057000000000000000000000000000000000000 19.159856955269360395873200630344528589
397 58 0 0 0 0.15600000000000000000000000000000000000 19.585273207283024608252805088760060025
431 178 1 1 0 0.43000000000000000000000000000000000000 18.066326600273616297125485804316410778
397 68 0 0 0 0.21300000000000000000000000000000000000 19.626444848299987421394232402867803219
431 184 2 2 2 0.085000000000000000000000000000000000000 17.952058137410610797392456316329701343
397 98 2 2 2 0.084000000000000000000000000000000000000 18.337094117031330536003638765502021343
431 196 0 0 0 0.072000000000000000000000000000000000000 18.783630253631588345405618702436344946
431 214 1 1 1 0.083000000000000000000000000000000000000 18.356610950330994285380952016185972088
431 218 0 0 0 0.20000000000000000000000000000000000000 20.022122291160657954910208888435665174
431 236 0 0 0 0.19600000000000000000000000000000000000 20.209112415282066612203017727751757509
397 134 1 1 0 0.54400000000000000000000000000000000000 19.005698999049511143596493274113595898
431 262 1 1 0 0.52500000000000000000000000000000000000 18.800886039953923434374417517236862288
397 142 1 1 0 0.57200000000000000000000000000000000000 18.533999117489407896007813869690479807
397 188 0 0 0 0.078000000000000000000000000000000000000 19.047404617780270845728084898539357826
397 212 1 1 0 0.48800000000000000000000000000000000000 19.870147503372750296750804735267674445
431 284 2 2 1 0.65800000000000000000000000000000000000 19.652456761119300908573030163698801356
397 232 2 2 2 0.079000000000000000000000000000000000000 19.743115291300119770955046960219137012
431 346 1 1 1 0.066000000000000000000000000000000000000 20.619694220260838756476274257450493629
397 254 1 1 1 0.083000000000000000000000000000000000000 20.176754898299811218544344108137372302
397 268 1 1 1 0.30100000000000000000000000000000000000 20.238190668598587476463709061126525644
432 89 1 1 0 0.54200000000000000000000000000000000000 16.704813810760068905659616717089548656
397 292 0 0 0 0.33100000000000000000000000000000000000 20.308469955364609751977962315863690445
432 181 0 2 0 0.56700000000000000000000000000000000000 17.116244457616029903104808532414765383
397 316 1 1 0 0.63800000000000000000000000000000000000 18.903031469981235442702725404995230944
397 334 1 1 0 0.45000000000000000000000000000000000000 19.841479217091445054764047825255217661
432 431 1 1 0 0.70700000000000000000000000000000000000 17.490619009020620651209939388750043307
397 356 0 0 0 0.20300000000000000000000000000000000000 20.236118343238246642991963744733932725
433 4 1 1 0 0.75900000000000000000000000000000000000 18.756185780979866952019332347128782032
433 22 0 0 0 0.069000000000000000000000000000000000000 18.258460016950716118557504862875221235
397 362 1 1 0 0.82500000000000000000000000000000000000 20.194111352603287323764885360464382655
433 48 1 1 1 0.17800000000000000000000000000000000000 19.195003844771581201388176471979864916
397 384 0 0 0 0.050000000000000000000000000000000000000 18.351357748397175099418826934100325309
433 62 0 0 0 0.064000000000000000000000000000000000000 19.403859202245537814960748126867376143
433 92 0 0 0 0.19600000000000000000000000000000000000 19.263161783836974201670093753491504145
433 118 2 2 2 0.27100000000000000000000000000000000000 19.463759342331660394971170448107536258
397 386 1 1 0 0.67400000000000000000000000000000000000 17.992634205275466498100482474647550104
433 128 0 0 0 0.19800000000000000000000000000000000000 18.400964818259640794115476064436919031
398 13 0 0 0 0.050000000000000000000000000000000000000 19.008842757147787200708340648691708764
433 148 0 0 0 0.063000000000000000000000000000000000000 19.765791883019849008450327062187300522
433 178 1 1 1 0.056000000000000000000000000000000000000 18.489077646289187118351982657039928021
398 53 1 1 0 0.68700000000000000000000000000000000000 19.565953405036972372578687986173463043
433 202 2 2 1 0.77500000000000000000000000000000000000 19.765506301837062708268911258933655828
398 79 0 0 0 0.22600000000000000000000000000000000000 19.184950680568326892254383138433031017
433 212 1 1 0 0.63400000000000000000000000000000000000 19.942427243282020817712600939887561775
398 83 1 1 0 0.58700000000000000000000000000000000000 19.190587324143524533628128664869310576
398 97 0 0 0 0.075000000000000000000000000000000000000 19.192202895253566843491553460805116849
398 113 0 0 0 0.20400000000000000000000000000000000000 19.633095049956766968045693225908757666
433 214 1 1 0 0.54400000000000000000000000000000000000 19.971585566527653976797563083903285935
398 131 1 1 0 0.57300000000000000000000000000000000000 18.162262783494365594677593765145898099
433 218 1 1 1 0.42100000000000000000000000000000000000 20.025428029156073300230840789768453041
433 232 1 1 1 0.065000000000000000000000000000000000000 19.878102589872655925618747510601742254
398 163 1 1 0 0.53400000000000000000000000000000000000 18.368203369641455284696697830476789552
433 272 1 1 0 0.65600000000000000000000000000000000000 18.361043572993968885186069353940524750
433 304 1 1 1 0.26000000000000000000000000000000000000 19.129325057295744354383135785722905081
398 167 2 2 1 0.64200000000000000000000000000000000000 18.441199883089547442125490806041346445
433 376 0 0 0 0.19500000000000000000000000000000000000 20.290052044304235325336354649796470703
436 1 1 1 0 0.63100000000000000000000000000000000000 18.175359436763072383462495156659111455
398 181 0 2 0 0.88200000000000000000000000000000000000 19.352177512776181216359446053098177990
398 197 0 0 0 0.18200000000000000000000000000000000000 19.683322725513348439204433081805516839
398 211 2 2 2 0.082000000000000000000000000000000000000 19.862575985264119954895733215468425082
436 17 1 1 0 0.73300000000000000000000000000000000000 19.401184924578051188660495920291230417
436 19 0 0 0 0.045000000000000000000000000000000000000 19.448328222753413980576686882054361475
436 29 1 1 1 0.065000000000000000000000000000000000000 19.624172653509466683719773664309692816
436 37 1 1 1 0.076000000000000000000000000000000000000 19.721278494312898638736208750860569844
436 59 2 2 2 0.10500000000000000000000000000000000000 19.410696376650355030079656847950852993
398 307 0 2 0 0.93700000000000000000000000000000000000 20.338310893359217592531688832823054849
398 343 2 2 2 0.21400000000000000000000000000000000000 18.616760154013747577406589163209636459
436 79 1 1 0 0.58600000000000000000000000000000000000 18.472449671207931573997162992644274170
400 29 1 1 1 0.063000000000000000000000000000000000000 16.828115441939136139841379658529526125
400 127 2 2 2 0.087000000000000000000000000000000000000 18.277819697052733805065906266765004319
401 2 1 1 1 0.093000000000000000000000000000000000000 18.221934980690987446753488593571174063
436 149 2 2 2 0.53600000000000000000000000000000000000 19.312923786406545610186284676989706388
436 191 0 0 0 0.16800000000000000000000000000000000000 18.578035590814573977005074006045545910
436 227 1 1 1 0.068000000000000000000000000000000000000 20.136759681742666519955077801600215743
436 229 0 0 0 0.082000000000000000000000000000000000000 19.680657199531184593368285285792184430
401 16 2 2 1 1.0220000000000000000000000000000000000 18.518181355305907437040162934378240274
436 271 1 1 0 0.58500000000000000000000000000000000000 20.464001356369922099564904605117528055
401 44 1 1 0 0.59200000000000000000000000000000000000 19.526677033987521725083954234346598233
436 307 1 1 0 0.54900000000000000000000000000000000000 20.602905963029291375927821920481091502
436 331 2 2 2 0.078000000000000000000000000000000000000 20.649757842027800734627774203846643177
401 62 1 1 0 0.53700000000000000000000000000000000000 17.784657417296120702068918258618147419
401 82 0 0 0 0.060000000000000000000000000000000000000 19.691799372062373489346188213474135534
436 347 0 2 0 0.68200000000000000000000000000000000000 17.170424207831496889050999003109411763
401 116 1 1 0 0.73100000000000000000000000000000000000 19.650704471874046673821424726914457706
436 359 1 1 1 0.44600000000000000000000000000000000000 20.654698329589641897357608994879400952
436 433 0 0 0 0.055000000000000000000000000000000000000 19.545073479044829949065379117757148393
401 172 0 0 0 0.14300000000000000000000000000000000000 17.422104795165067395708565467470696107
437 8 2 2 2 0.078000000000000000000000000000000000000 18.783380375099455911050306231877193061
401 184 0 0 0 0.14400000000000000000000000000000000000 18.645311307267943775199699515657737384
438 1 0 0 0 0.20200000000000000000000000000000000000 18.189272931129918380456611550701064920
401 194 1 1 1 0.23200000000000000000000000000000000000 19.159354909702686926969160677745911793
401 214 0 0 0 0.23100000000000000000000000000000000000 19.903563937224550708652130428392336690
439 16 1 1 0 0.65100000000000000000000000000000000000 18.317108653555452132109828202793324285
401 226 1 1 0 0.46200000000000000000000000000000000000 19.315887073392029253275446446422849547
401 236 0 0 0 0.078000000000000000000000000000000000000 19.245597439254697526934877761584695713
439 26 1 1 0 0.52300000000000000000000000000000000000 19.600436715772234320947990974664215542
439 44 1 1 1 0.10100000000000000000000000000000000000 19.808337543561138063175135342634713107
439 54 0 0 0 0.051000000000000000000000000000000000000 18.926527873013394551896928161357173216
439 94 1 1 1 0.16700000000000000000000000000000000000 20.010507224005765870688400099996354356
439 116 1 1 1 0.056000000000000000000000000000000000000 19.152007247041474765498861355110305871
401 296 1 1 0 0.70300000000000000000000000000000000000 20.044359126886482352274199537868086218
439 158 1 1 0 0.55800000000000000000000000000000000000 19.714067732679924332918500298711000394
439 166 1 1 1 0.078000000000000000000000000000000000000 18.518888961058132229815981716123349753
401 314 0 2 0 0.79100000000000000000000000000000000000 20.367735620746981166019417632988591711
403 4 1 1 1 0.064000000000000000000000000000000000000 18.537865748022519934802725976069401525
439 184 0 2 0 0.51000000000000000000000000000000000000 18.441233795341380416527206901748219300
439 192 1 1 1 0.057000000000000000000000000000000000000 16.616136216179365439583741685911115131
439 224 0 0 0 0.067000000000000000000000000000000000000 19.206436110116050510333663046532122935
403 32 1 1 0 0.55800000000000000000000000000000000000 18.518687960288789323328254643077464526
404 19 1 1 1 0.056000000000000000000000000000000000000 18.738510425089722923456750463930494397
404 47 0 0 0 0.040000000000000000000000000000000000000 19.573124513645060026379481129344219634
439 226 1 1 0 0.70900000000000000000000000000000000000 20.132534698832965184316989996804284723
439 254 0 0 0 0.17600000000000000000000000000000000000 19.899467882757841544820078879662747212
439 274 2 2 2 0.090000000000000000000000000000000000000 20.493552036807947941320358110008547654
439 296 1 1 1 0.12900000000000000000000000000000000000 19.440229371838817666591701819559151737
404 79 2 2 1 0.88100000000000000000000000000000000000 19.013002007177234442158037054881530489
439 320 0 0 0 0.23600000000000000000000000000000000000 19.448167733907343603436572565460667043
404 89 1 1 1 0.27200000000000000000000000000000000000 19.246276818183432336560893876115860807
439 362 1 1 1 0.16900000000000000000000000000000000000 20.200881357811605081301609243652367042
404 131 0 0 0 0.16300000000000000000000000000000000000 19.592674103774913077109268113612664319
404 149 0 0 0 0.057000000000000000000000000000000000000 19.359472004383115771794350136324736374
441 8 0 2 0 0.52700000000000000000000000000000000000 17.488879576717382846155881956901087213
443 8 1 1 1 0.064000000000000000000000000000000000000 18.824863856332963017272023623755645739
404 151 1 1 0 0.57600000000000000000000000000000000000 19.315726729360730157842518309954897098
404 157 1 1 1 0.35400000000000000000000000000000000000 18.290345330905024263877264864933265996
443 40 1 1 0 0.67600000000000000000000000000000000000 19.499519374240591230650227000148613496
443 52 1 1 1 0.065000000000000000000000000000000000000 19.419267917374360641163692086801300581
404 191 1 1 0 0.56700000000000000000000000000000000000 19.578883904310822551109792084838763226
404 289 0 0 0 0.15200000000000000000000000000000000000 18.642945907556056382370958438931203657
443 58 1 1 0 0.63300000000000000000000000000000000000 19.932722877762335875262012073107909498
404 307 1 1 0 0.60000000000000000000000000000000000000 19.908169508043638358594634278548913623
404 311 1 1 1 0.30000000000000000000000000000000000000 20.389716925490732292473462293185557342
443 96 0 2 0 0.81800000000000000000000000000000000000 18.294588392641251021710182898780800428
443 118 2 2 2 0.088000000000000000000000000000000000000 19.327672818482317030410386859307357814
443 142 0 0 0 0.17400000000000000000000000000000000000 19.447456781455569010045885820907454031
443 152 0 0 0 0.045000000000000000000000000000000000000 19.538045931267398797494646412246161954
443 184 1 1 1 0.066000000000000000000000000000000000000 17.832198459086117315726964178433122435
443 208 0 0 0 0.24000000000000000000000000000000000000 19.269593461892943914547787025481433660
404 343 1 1 0 0.71900000000000000000000000000000000000 18.205487784179570184942913896297268932
407 8 1 1 1 0.051000000000000000000000000000000000000 18.567015168673172491223239814897871987
409 22 0 0 0 0.18000000000000000000000000000000000000 18.837474339495271454126805759103615806
409 46 1 1 1 0.065000000000000000000000000000000000000 18.562665637564076619349791126498843094
443 212 2 2 2 0.32300000000000000000000000000000000000 19.944552050084076320329158486739646968
409 64 3 3 3 0.11100000000000000000000000000000000000 18.503624461989248474781764248522135429
409 74 0 0 0 0.20700000000000000000000000000000000000 19.741422386510504916127751893942182246
409 86 1 1 1 0.062000000000000000000000000000000000000 19.286048341593461568093288988641369130
443 216 1 1 0 0.58900000000000000000000000000000000000 18.753180763181023926161132496594092727
443 272 0 0 0 0.17800000000000000000000000000000000000 18.577728986840985867696228133873229640
409 124 1 1 0 0.57700000000000000000000000000000000000 19.692444808871821868331385254204842537
443 278 0 0 0 0.20200000000000000000000000000000000000 20.532430383866633705403957180976563310
409 136 0 0 0 0.13100000000000000000000000000000000000 19.305249401192143328110173191400695664
443 298 0 0 0 0.20700000000000000000000000000000000000 20.615448067530373523798504420096277218
409 152 0 0 0 0.17400000000000000000000000000000000000 19.076931763140866027285882954460286001
409 200 3 3 3 0.066000000000000000000000000000000000000 18.740336123564406459149789535468194067
443 338 0 0 0 0.14800000000000000000000000000000000000 19.593036591267627589425218381954320428
443 352 0 0 0 0.16100000000000000000000000000000000000 19.812165979813893954707358606005424755
409 206 1 1 1 0.18800000000000000000000000000000000000 19.828435792255901455312638984187758364
409 214 0 0 0 0.053000000000000000000000000000000000000 19.926605957849766858500615483500032185
446 9 1 1 0 0.58600000000000000000000000000000000000 18.720196073391917662414716125712368410
409 254 0 2 0 0.73100000000000000000000000000000000000 19.395605819701252099126908090399817822
409 256 1 1 0 0.61900000000000000000000000000000000000 17.968185594833934489641080209427223639
446 19 0 2 0 0.88000000000000000000000000000000000000 19.517525196521991546219667866047474000
409 268 0 0 0 0.052000000000000000000000000000000000000 20.309111273486414103918338254754480136
446 47 0 0 0 0.19100000000000000000000000000000000000 19.881672657025791525621944340447875277
446 61 1 1 0 0.60900000000000000000000000000000000000 18.855967010683374138656753414673485088
409 304 2 2 1 0.80200000000000000000000000000000000000 19.815776951205061212843074162038772935
446 89 0 0 0 0.039000000000000000000000000000000000000 20.058387684661356723264637245038511869
409 332 2 2 2 0.057000000000000000000000000000000000000 20.436317264379872742486747182244634156
446 137 1 1 1 0.23800000000000000000000000000000000000 19.984164850779968572424129851340891396
412 13 1 1 1 0.21700000000000000000000000000000000000 18.415189565739966867917890054979975818
412 17 1 1 0 0.53100000000000000000000000000000000000 19.228501365334136735674776533105567922
412 43 3 3 3 0.075000000000000000000000000000000000000 19.125541823571976060374021146343427990
446 149 1 1 0 0.66100000000000000000000000000000000000 18.946898764110638481020094661630671258
412 71 0 0 0 0.19300000000000000000000000000000000000 19.756655316555153800293785088917546256
446 181 0 0 0 0.19100000000000000000000000000000000000 19.014225004216809977026084433320234520
412 83 0 0 0 0.038000000000000000000000000000000000000 19.306962996179414965085394249614484915
412 101 0 0 0 0.22800000000000000000000000000000000000 18.834646161615378010722783680618500740
446 191 1 1 1 0.24400000000000000000000000000000000000 18.416768635678990805710141928932490883
412 113 1 1 1 0.082000000000000000000000000000000000000 19.067146584015213202533119925001459740
412 127 1 1 1 0.10100000000000000000000000000000000000 18.860972215474749922998344414015143184
412 139 0 0 0 0.055000000000000000000000000000000000000 19.612312097208900875428070645715151148
412 197 0 0 0 0.22400000000000000000000000000000000000 19.689479292090059819895059813908478110
446 199 1 1 0 0.58300000000000000000000000000000000000 19.636720666560390320075131519051286801
446 251 0 0 0 0.17000000000000000000000000000000000000 18.691488650726547122037269751331152446
446 269 0 0 0 0.068000000000000000000000000000000000000 20.499000230538505716268100840813434716
412 251 1 1 0 0.55100000000000000000000000000000000000 20.238562333400373619413997214176351669
446 313 0 0 0 0.19400000000000000000000000000000000000 20.678916717283910490917010307796804860
412 293 2 2 2 0.28200000000000000000000000000000000000 20.414173598347763300163169247648569050
412 347 1 1 1 0.070000000000000000000000000000000000000 20.446739345699209332803451342131322404
446 331 1 1 0 0.65700000000000000000000000000000000000 20.717918919107972495216512820243596810
446 359 2 2 2 0.10100000000000000000000000000000000000 20.738346977977693279378126907654337531
412 409 1 1 0 0.50300000000000000000000000000000000000 19.372332783058687760219079139286536512
416 31 2 2 2 0.065000000000000000000000000000000000000 18.603773790616391093625935960750657491
446 373 1 1 1 0.22500000000000000000000000000000000000 20.249391866503956829525172262687955869
416 59 1 1 1 0.25200000000000000000000000000000000000 18.136932674268711708454807380730377816
448 61 1 1 0 0.53800000000000000000000000000000000000 18.302830609274832686325173140529322858
448 103 0 0 0 0.19700000000000000000000000000000000000 18.879144440259009534102450261972140529
448 107 2 2 2 0.070000000000000000000000000000000000000 18.877865341957013728836020558649403702
416 83 1 1 0 0.68200000000000000000000000000000000000 18.436223175648326842789925437394899705
416 101 0 0 0 0.053000000000000000000000000000000000000 18.443125746458600803458180445272004578
416 179 1 1 1 0.079000000000000000000000000000000000000 18.177745484596570612606719072678636094
416 199 2 2 2 0.077000000000000000000000000000000000000 18.821546747612017706357846032887760310
448 109 3 3 2 0.68400000000000000000000000000000000000 18.876513899036919513404594183688829827
448 113 1 1 1 0.19700000000000000000000000000000000000 18.872340879726935214767281330719628730
416 211 1 1 0 0.67600000000000000000000000000000000000 19.003529973977572176957480710032224548
416 229 2 2 2 0.056000000000000000000000000000000000000 19.193728124599637382383976574216875436
416 251 1 1 1 0.066000000000000000000000000000000000000 19.354549494269170535451702168229870598
448 163 0 0 0 0.17600000000000000000000000000000000000 18.553105334080464302305326312542138214
448 191 0 0 0 0.036000000000000000000000000000000000000 17.530650652534328010770379744566467101
448 283 1 1 1 0.24700000000000000000000000000000000000 19.376097986339982394279579988248744187
448 293 0 0 0 0.22300000000000000000000000000000000000 19.419228992485373294116763122328199275
449 20 0 0 0 0.079000000000000000000000000000000000000 19.559662402476500313802531050863801272
449 34 0 0 0 0.22000000000000000000000000000000000000 19.778485834042096842965486428338248723
449 46 1 1 1 0.080000000000000000000000000000000000000 19.417550359351445324449540458467816534
416 257 0 2 0 0.89400000000000000000000000000000000000 19.389235361253332110756054257081426498
416 361 1 1 1 0.052000000000000000000000000000000000000 18.270889438100413192611941532842603524
419 2 0 0 0 0.037000000000000000000000000000000000000 17.510330851731042805551955078781407466
419 16 0 0 0 0.042000000000000000000000000000000000000 18.652078941679873481668034730962950416
419 34 0 0 0 0.047000000000000000000000000000000000000 19.565591488274199872420776168258534689
449 64 1 1 1 0.29000000000000000000000000000000000000 17.847343321885186798307177382308391884
449 104 0 0 0 0.068000000000000000000000000000000000000 18.559431662786083743286877521186893723
419 62 1 1 1 0.21100000000000000000000000000000000000 19.776317985714353138859807763678887387
449 108 1 1 0 0.46500000000000000000000000000000000000 17.444836832245730588446663711515740404
419 64 1 1 0 0.54400000000000000000000000000000000000 18.581056144233893683754469625789668001
419 74 2 2 2 0.066000000000000000000000000000000000000 19.820468495568211669951603653891227228
449 134 1 1 0 0.55000000000000000000000000000000000000 19.549512614552292712335177328890008580
419 134 1 1 0 0.66800000000000000000000000000000000000 19.733279690331494863568775368658113805
419 146 1 1 1 0.080000000000000000000000000000000000000 19.619339001154442626562694166590116536
419 164 0 0 0 0.16900000000000000000000000000000000000 19.215245673263987641065967643785648250
419 166 1 1 1 0.052000000000000000000000000000000000000 18.641743695523831943027430804952514830
449 146 0 2 0 0.63300000000000000000000000000000000000 19.956599672371038068237262171414945048
419 232 0 0 0 0.15400000000000000000000000000000000000 19.832370862018002573392914550670596528
449 178 0 0 0 0.15400000000000000000000000000000000000 19.353231304739064874919511581855921460
449 196 1 1 1 0.047000000000000000000000000000000000000 18.649491135807269425671472339489049984
419 244 0 2 0 0.80400000000000000000000000000000000000 19.526662501899903462200631498025794875
449 202 0 2 0 0.87700000000000000000000000000000000000 19.710962915455972860095605122365170623
419 274 1 1 1 0.24500000000000000000000000000000000000 19.913573210831800346054318106096836008
449 214 1 1 1 0.26000000000000000000000000000000000000 19.976469525543581902925174188292901829
419 288 1 1 0 0.56800000000000000000000000000000000000 19.063141553413769204076229944813820816
419 296 1 1 1 0.059000000000000000000000000000000000000 19.321288555195763007920592681551290061
419 362 0 0 0 0.057000000000000000000000000000000000000 20.482868923175789148866602615781435512
449 218 1 1 0 0.58800000000000000000000000000000000000 20.041282000796612288152090145295467735
449 244 1 1 0 0.56400000000000000000000000000000000000 19.858447832117655194906944103670116017
419 386 2 2 2 0.68400000000000000000000000000000000000 20.348804728269625607200700658481445811
419 388 0 0 0 0.075000000000000000000000000000000000000 20.329823822476661105716591879812325613
449 254 1 1 0 0.57900000000000000000000000000000000000 20.414618213132194189162909408052479208
421 8 1 1 0 0.66900000000000000000000000000000000000 18.669905937627458985981170589359394162
449 316 0 2 0 0.78700000000000000000000000000000000000 20.227460544853791413663606779765301168
421 14 1 1 0 0.71500000000000000000000000000000000000 19.211701559389933724419718484285993937
449 344 1 1 1 0.28200000000000000000000000000000000000 20.454118962554447414092762545498897647
449 356 0 0 0 0.051000000000000000000000000000000000000 20.761902737509098659990695335957840255
449 368 0 0 0 0.17900000000000000000000000000000000000 18.724820889460572322501974749902684173
449 412 0 0 0 0.33400000000000000000000000000000000000 20.602433612488725370629624981943531201
421 34 1 3 1 1.2110000000000000000000000000000000000 19.103142940918174893258868695007760626
421 44 2 2 2 0.079000000000000000000000000000000000000 19.678244609598245730456775255402441722
451 4 1 1 0 0.61700000000000000000000000000000000000 18.880026603405696329037358922559358737
421 52 0 0 0 0.048000000000000000000000000000000000000 19.259568870014234306260310131887981075
421 64 2 2 2 0.081000000000000000000000000000000000000 18.596294914280788427063308331993360616
421 76 0 0 0 0.056000000000000000000000000000000000000 19.841452154489752223526951346184975175
451 32 1 1 0 0.76100000000000000000000000000000000000 18.864764548774934363408826875569616381
451 256 1 1 1 0.078000000000000000000000000000000000000 18.630126764982234586612814906712108411
421 106 1 1 0 0.75100000000000000000000000000000000000 19.383630899944821917320328705714692588
421 118 1 1 0 0.55600000000000000000000000000000000000 18.988398140479913852668499607641056714
452 11 2 2 1 0.67300000000000000000000000000000000000 18.002309275993705667181365768473233228
452 17 1 1 1 0.055000000000000000000000000000000000000 19.511072334365447259687340208189124264
452 23 0 0 0 0.050000000000000000000000000000000000000 18.094675813457874178149343994842859610
452 53 1 1 1 0.24900000000000000000000000000000000000 18.735451446235888140374473177798382655
452 67 1 1 1 0.059000000000000000000000000000000000000 20.040209802928367943749540676302638975
452 107 2 2 2 0.079000000000000000000000000000000000000 20.113341571514731002489872210300113452
421 134 1 1 0 0.63100000000000000000000000000000000000 19.754332230207329046826467542459656916
421 188 1 1 1 0.065000000000000000000000000000000000000 18.079873253948589539572372574352121406
421 206 1 1 0 0.49200000000000000000000000000000000000 19.842854055921348409942491846333141083
452 137 2 2 1 0.80000000000000000000000000000000000000 19.562823696416507737251066049202406445
452 157 1 1 1 0.23800000000000000000000000000000000000 19.888392754592831486820535705597644453
452 193 0 0 0 0.21500000000000000000000000000000000000 19.266178549149917486633273179510834479
421 244 1 1 0 0.65200000000000000000000000000000000000 20.234057509419717847516584980042832733
452 197 0 0 0 0.17900000000000000000000000000000000000 18.658422373304070566815798900470155183
421 316 1 1 1 0.27000000000000000000000000000000000000 20.523210321416835158354496354340865144
421 344 4 4 4 0.12900000000000000000000000000000000000 19.757208812553222031467498482018671203
421 352 0 0 0 0.22200000000000000000000000000000000000 19.623145337683081331375506867948680720
452 199 0 2 0 0.72600000000000000000000000000000000000 19.588620575964860849877445246144400632
452 263 0 0 0 0.056000000000000000000000000000000000000 19.533386080881285880889440600236162224
452 307 1 1 1 0.17700000000000000000000000000000000000 20.695166112764775593487036954390643605
421 356 1 1 0 0.51700000000000000000000000000000000000 20.519053236886076425663297005045984805
452 347 1 1 1 0.064000000000000000000000000000000000000 20.778938593710451633404094163866000516
452 349 0 0 0 0.038000000000000000000000000000000000000 20.303507206412797358724509943442000486
452 353 0 0 0 0.19400000000000000000000000000000000000 20.306110721976530211221411527579408238
422 7 0 2 0 0.70300000000000000000000000000000000000 18.920418149002012384944444544416747684
452 367 1 1 0 0.82800000000000000000000000000000000000 20.306469882790479248363190307021864295
422 23 1 1 0 0.56900000000000000000000000000000000000 19.428786641394441115779232925678983261
452 379 1 1 0 0.63000000000000000000000000000000000000 20.771453860416392573411359220154216392
422 37 1 1 0 0.64900000000000000000000000000000000000 18.666283578877065384248477243933786122
452 401 0 0 0 0.24200000000000000000000000000000000000 20.708097584861337448487277048195747178
422 103 1 1 1 0.065000000000000000000000000000000000000 19.173656520688216151746883366449196737
452 419 2 2 2 0.079000000000000000000000000000000000000 20.589111409101892676587251568243090852
452 431 0 0 0 0.054000000000000000000000000000000000000 20.437072315307980928933858048846698806
422 137 0 0 0 0.15900000000000000000000000000000000000 17.845227488751924773105130760407473878
422 163 0 2 0 0.77900000000000000000000000000000000000 18.845189224764659661171454363197349432
453 2 2 2 1 1.0230000000000000000000000000000000000 18.592628153345335092511114781824432651
422 167 1 1 1 0.22600000000000000000000000000000000000 19.153761612049587155649584986003186431
453 16 0 0 0 0.058000000000000000000000000000000000000 18.889913022746117643369011613385727477
422 173 2 2 1 0.59200000000000000000000000000000000000 18.532660993750914664299192259969121738
454 1 1 1 0 0.57800000000000000000000000000000000000 18.298346224882781929562186380795219037
454 19 0 0 0 0.17700000000000000000000000000000000000 18.726668577555886279161171708349404639
422 199 2 2 2 0.20300000000000000000000000000000000000 18.766057866033129212763068287140967592
454 29 1 1 1 0.047000000000000000000000000000000000000 19.049256306824675199956865354512366661
454 41 1 1 1 0.063000000000000000000000000000000000000 19.408708327196568426721511345623233787
454 83 1 1 0 0.60800000000000000000000000000000000000 20.106080038120367488355721366104233696
422 227 1 1 0 0.78300000000000000000000000000000000000 20.098343781346183577971280764720306517
422 243 0 0 0 0.20200000000000000000000000000000000000 18.322579798103170139464392360893419658
422 257 1 1 1 0.097000000000000000000000000000000000000 20.321353637667878929276884738358991363
422 293 1 1 1 0.059000000000000000000000000000000000000 20.477411520984109840347495787728012009
454 97 2 2 1 0.65600000000000000000000000000000000000 20.127085244579887746289912824658723303
454 131 4 4 4 0.10300000000000000000000000000000000000 19.606089674231136878654359999255236703
422 311 1 1 0 0.50800000000000000000000000000000000000 20.521803844638589945674542993167873991
422 337 2 2 2 0.10200000000000000000000000000000000000 20.546578451455534656508827969896094985
454 169 1 1 0 0.53000000000000000000000000000000000000 18.621210395085775200599528233348072984
422 383 1 1 1 0.45400000000000000000000000000000000000 20.419308121154807539858417652338628344
423 32 2 2 2 0.14000000000000000000000000000000000000 18.190638764025824413208651230741956254
424 11 1 1 1 0.088000000000000000000000000000000000000 18.828844095104630219950816134065781841
454 181 1 1 0 0.49900000000000000000000000000000000000 19.335755885866178731825011986892668802
454 239 0 0 0 0.050000000000000000000000000000000000000 19.826581062199877789196584559715149245
424 13 1 1 1 0.27200000000000000000000000000000000000 18.900579780499218285120239309836965501
454 251 0 0 0 0.18900000000000000000000000000000000000 20.409145567272589516297287540627394433
454 311 1 1 1 0.066000000000000000000000000000000000000 20.241736581719386577361880392893500144
424 31 0 0 0 0.18900000000000000000000000000000000000 19.264390247242610137573707768781721930
454 317 0 0 0 0.16800000000000000000000000000000000000 20.736333788205376231647850275156396662
454 343 1 1 0 0.55300000000000000000000000000000000000 19.098128615477800394435270982118810029
424 59 1 1 0 0.87600000000000000000000000000000000000 19.498410342855793334847247222846532858
424 101 2 2 2 0.076000000000000000000000000000000000000 18.890840569076488042131956465547672787
424 103 0 0 0 0.072000000000000000000000000000000000000 19.588440129998044876335046631973614397
424 109 0 0 0 0.097000000000000000000000000000000000000 19.103902151311928757592265132367324979
424 137 2 2 2 0.092000000000000000000000000000000000000 19.463216207656666846296997673557633057
454 349 1 1 0 0.63100000000000000000000000000000000000 20.794691394479118621254164775545486565
457 2 0 0 0 0.19200000000000000000000000000000000000 17.665112663201821992926379749334438180
457 28 0 0 0 0.19900000000000000000000000000000000000 19.754020675129730012176734700346324166
424 151 1 1 0 0.53300000000000000000000000000000000000 18.617326602463738715797594879317251890
424 157 1 1 0 0.50400000000000000000000000000000000000 19.213926792069239531431013198470999087
457 36 0 2 0 0.64200000000000000000000000000000000000 19.378399993319025505786901930712802576
457 58 0 0 0 0.061000000000000000000000000000000000000 20.030742775322563790605522639756297318
424 239 2 2 2 0.10800000000000000000000000000000000000 19.062793356133121587143929834588307976
457 94 1 1 0 0.57100000000000000000000000000000000000 19.105212027597547008174115253109827976
457 128 1 1 1 0.058000000000000000000000000000000000000 18.136568629285825757796472329174720908
424 241 1 1 0 0.82900000000000000000000000000000000000 19.923260860300444119617569333142238963
424 269 1 1 1 0.19600000000000000000000000000000000000 19.616425772670449489686900457319026229
457 144 0 0 0 0.47400000000000000000000000000000000000 18.124195636666791794360924459861526600
424 281 0 0 0 0.18100000000000000000000000000000000000 20.146086381716569345927036002668863907
427 2 1 1 1 0.27900000000000000000000000000000000000 17.713958423207457776331870292899645454
427 128 0 0 0 0.058000000000000000000000000000000000000 18.344229982332233622024124283484155399
457 152 1 1 0 0.63300000000000000000000000000000000000 19.690466683577523590973431089866811719
457 158 2 2 2 0.10100000000000000000000000000000000000 19.934656644198123427261307876919044841
457 172 0 0 0 0.23100000000000000000000000000000000000 19.718406820309005022949364227196444847
428 1 1 1 0 0.78900000000000000000000000000000000000 18.119059791530855576305823032735218021
428 37 0 0 0 0.11300000000000000000000000000000000000 18.051337874611736920281713805498800026
457 208 0 2 0 0.91100000000000000000000000000000000000 19.234635173817672352624740283719086335
428 43 2 2 1 0.87700000000000000000000000000000000000 19.721054134980588830975012356814570115
457 236 1 1 0 0.55200000000000000000000000000000000000 19.802894747799659600456270437061589003
457 248 0 0 0 0.043000000000000000000000000000000000000 19.247857625451394344585518132896334266
428 83 1 1 0 0.70200000000000000000000000000000000000 19.911241210325657472838971407225853838
428 127 0 0 0 0.039000000000000000000000000000000000000 19.863608024387127934324379066453288716
457 292 1 1 0 0.75700000000000000000000000000000000000 20.664081109200365031772925420350479774
428 167 1 1 0 0.44500000000000000000000000000000000000 18.833163275729090881991307028751890978
428 181 0 0 0 0.13100000000000000000000000000000000000 18.904682652332148423657254269379272350
428 223 0 0 0 0.12500000000000000000000000000000000000 20.074219517555325185898604304529227514
457 302 1 1 0 0.48400000000000000000000000000000000000 20.704310816087098752648281968396223334
457 338 0 0 0 0.18800000000000000000000000000000000000 19.686733888491540935576424879273307413
428 281 1 1 1 0.23000000000000000000000000000000000000 19.624038511438436137541245239985228785
428 311 0 0 0 0.13300000000000000000000000000000000000 20.084938955806462186335747462305075663
457 362 0 0 0 0.14500000000000000000000000000000000000 20.346085625370133598145545612047014574
458 7 1 1 0 0.60900000000000000000000000000000000000 19.169415829569742283463609348657658703
428 313 0 2 0 0.85300000000000000000000000000000000000 19.721096169735331078942601083271024057
428 337 1 1 1 0.21400000000000000000000000000000000000 20.117774243435412596813200673782908923
431 4 0 0 0 0.14400000000000000000000000000000000000 18.742108983271794726605632671295677081
458 23 1 1 0 0.61100000000000000000000000000000000000 19.679040707829117001348075927642493162
431 24 1 1 1 0.065000000000000000000000000000000000000 19.209991701522328217593176385254469906
431 46 0 0 0 0.027000000000000000000000000000000000000 19.290287228406990218103988117534069906
458 59 1 1 0 0.53100000000000000000000000000000000000 20.043196068942420269457526717621210656
431 68 1 1 0 0.50100000000000000000000000000000000000 18.850545255657184587518827656965295328
458 67 1 1 1 0.17800000000000000000000000000000000000 19.383282891311120449314224344792995447
458 73 1 1 1 0.19900000000000000000000000000000000000 19.628561200918776519894959514125594704
458 89 0 0 0 0.025000000000000000000000000000000000000 18.824703372812686751913337372275492656
431 74 2 2 1 0.75100000000000000000000000000000000000 19.912473069399220922839486158486126967
458 101 1 1 0 0.52000000000000000000000000000000000000 20.159311713824174416208406737475759377
431 86 0 0 0 0.15400000000000000000000000000000000000 19.094418784050440516983682366639676835
458 103 1 1 1 0.065000000000000000000000000000000000000 20.159866755941317839543278798151577699
431 158 3 3 3 0.056000000000000000000000000000000000000 19.602081277570530769656882503180243079
458 137 0 0 0 0.041000000000000000000000000000000000000 20.094195114183366731959398745919018266
458 157 0 0 0 0.054000000000000000000000000000000000000 19.956257867488067491512608540058500327
431 164 1 1 0 0.38300000000000000000000000000000000000 19.469741367308483627902015699794289839
458 193 1 1 0 0.50300000000000000000000000000000000000 19.056154862275586024771271714278538495
431 178 1 1 0 0.37000000000000000000000000000000000000 18.066326600273616297125485804316410778
431 184 2 2 2 0.091000000000000000000000000000000000000 17.952058137410610797392456316329701343
431 196 0 0 0 0.051000000000000000000000000000000000000 18.783630253631588345405618702436344946
431 214 1 1 1 0.055000000000000000000000000000000000000 18.356610950330994285380952016185972088
431 218 0 0 0 0.15700000000000000000000000000000000000 20.022122291160657954910208888435665174
458 227 1 1 0 0.61300000000000000000000000000000000000 20.175173265789987584148543997768225031
431 236 0 0 0 0.17700000000000000000000000000000000000 20.209112415282066612203017727751757509
458 257 0 0 0 0.15400000000000000000000000000000000000 20.468410546571507080572460901314891996
458 263 0 0 0 0.14900000000000000000000000000000000000 20.510616283136086375795191502030697211
431 262 1 1 0 0.44100000000000000000000000000000000000 18.800886039953923434374417517236862288
458 283 1 1 0 0.62100000000000000000000000000000000000 19.927796937702738201858896048432993027
431 284 2 2 1 0.54900000000000000000000000000000000000 19.652456761119300908573030163698801356
431 346 1 1 1 0.051000000000000000000000000000000000000 20.619694220260838756476274257450493629
458 347 0 0 0 0.27400000000000000000000000000000000000 20.819979553790921701004759444144541810
458 367 1 1 1 0.065000000000000000000000000000000000000 18.901482586405085292462443636551072859
432 89 1 1 0 0.45400000000000000000000000000000000000 16.704813810760068905659616717089548656
458 421 1 1 0 0.54900000000000000000000000000000000000 20.665563332407296081361978538609407380
459 256 0 0 0 0.063000000000000000000000000000000000000 17.703941586625002029874906136543201219
461 8 0 0 0 0.040000000000000000000000000000000000000 18.946020278869398653283365268820793844
461 22 1 1 1 0.069000000000000000000000000000000000000 19.680335897204410749718697312730172636
432 181 0 2 0 0.50300000000000000000000000000000000000 17.116244457616029903104808532414765383
461 32 2 2 2 0.27100000000000000000000000000000000000 18.932108661168428904174739768764229787
461 34 1 1 1 0.18000000000000000000000000000000000000 19.382468224163793687609995840445815646
461 76 0 0 0 0.18300000000000000000000000000000000000 20.136795022266034038525399808563132635
432 431 1 1 0 0.65700000000000000000000000000000000000 17.490619009020620651209939388750043307
461 104 0 0 0 0.26400000000000000000000000000000000000 19.881569093546440905284907360593947933
461 134 0 0 0 0.25400000000000000000000000000000000000 20.132784186094368351226760965142702352
461 166 0 0 0 0.065000000000000000000000000000000000000 19.882774749732769047769635518069688694
461 176 1 1 1 0.045000000000000000000000000000000000000 18.241286526477850778344908048319615965
433 4 1 1 0 0.63700000000000000000000000000000000000 18.756185780979866952019332347128782032
461 188 1 1 1 0.17100000000000000000000000000000000000 19.014384559926188199681131222867785677
433 22 0 0 0 0.049000000000000000000000000000000000000 18.258460016950716118557504862875221235
433 48 1 1 1 0.14800000000000000000000000000000000000 19.195003844771581201388176471979864916
433 62 0 0 0 0.062000000000000000000000000000000000000 19.403859202245537814960748126867376143
433 92 0 0 0 0.19100000000000000000000000000000000000 19.263161783836974201670093753491504145
461 202 1 1 0 0.43100000000000000000000000000000000000 19.618847240845107540488635229969158700
461 206 1 1 1 0.059000000000000000000000000000000000000 19.761222042772009830916539700412458808
433 118 2 2 2 0.20700000000000000000000000000000000000 19.463759342331660394971170448107536258
461 212 0 0 0 0.14700000000000000000000000000000000000 19.073480633449062762397844476251968314
433 128 0 0 0 0.14100000000000000000000000000000000000 18.400964818259640794115476064436919031
433 148 0 0 0 0.059000000000000000000000000000000000000 19.765791883019849008450327062187300522
433 178 1 1 1 0.058000000000000000000000000000000000000 18.489077646289187118351982657039928021
461 244 1 1 0 0.47600000000000000000000000000000000000 20.369377346376784696073454578070260610
461 254 1 1 1 0.050000000000000000000000000000000000000 19.978364115072758653755785421209253207
433 202 2 2 1 0.62900000000000000000000000000000000000 19.765506301837062708268911258933655828
461 268 1 1 0 0.47400000000000000000000000000000000000 18.169021799128043254877233373179961324
461 274 0 0 0 0.17800000000000000000000000000000000000 19.745986674352891381511041679963807015
461 316 0 0 0 0.045000000000000000000000000000000000000 20.772639630339601688039921723920689129
461 344 1 1 1 0.047000000000000000000000000000000000000 20.057546287128776287940329395152509473
433 212 1 1 0 0.50900000000000000000000000000000000000 19.942427243282020817712600939887561775
433 214 1 1 0 0.45000000000000000000000000000000000000 19.971585566527653976797563083903285935
461 356 0 2 0 0.69400000000000000000000000000000000000 20.849167271999002819705140071807783355
461 368 0 0 0 0.15100000000000000000000000000000000000 19.406532647121253546266891620998126811
433 218 1 1 1 0.35300000000000000000000000000000000000 20.025428029156073300230840789768453041
433 232 1 1 1 0.042000000000000000000000000000000000000 19.878102589872655925618747510601742254
433 272 1 1 0 0.56800000000000000000000000000000000000 18.361043572993968885186069353940524750
463 8 0 2 0 0.71900000000000000000000000000000000000 18.959188642363330295919902741701792280
433 304 1 1 1 0.23200000000000000000000000000000000000 19.129325057295744354383135785722905081
463 34 1 1 1 0.23600000000000000000000000000000000000 19.872896475023915205329792932176172080
433 376 0 0 0 0.14600000000000000000000000000000000000 20.290052044304235325336354649796470703
463 64 1 1 0 0.55600000000000000000000000000000000000 18.899015719480117644220871977683453161
436 1 1 1 0 0.51500000000000000000000000000000000000 18.175359436763072383462495156659111455
436 17 1 1 0 0.87100000000000000000000000000000000000 19.401184924578051188660495920291230417
436 19 0 0 0 0.070000000000000000000000000000000000000 19.448328222753413980576686882054361475
436 29 1 1 1 0.097000000000000000000000000000000000000 19.624172653509466683719773664309692816
436 37 1 1 1 0.070000000000000000000000000000000000000 19.721278494312898638736208750860569844
463 92 0 2 0 1.2300000000000000000000000000000000000 20.187797488417447905910092582969159210
436 59 2 2 2 0.092000000000000000000000000000000000000 19.410696376650355030079656847950852993
463 98 1 1 1 0.27600000000000000000000000000000000000 19.349480957280011469673984354915679358
436 79 1 1 0 0.58800000000000000000000000000000000000 18.472449671207931573997162992644274170
463 118 1 1 0 0.58700000000000000000000000000000000000 20.189272963583647091354779152765670994
463 122 1 1 1 0.076000000000000000000000000000000000000 19.705571447282897695755982044420266345
463 148 1 1 1 0.063000000000000000000000000000000000000 19.603558784730618678034005450806027619
436 149 2 2 2 0.42400000000000000000000000000000000000 19.312923786406545610186284676989706388
463 164 1 1 1 0.043000000000000000000000000000000000000 19.934524566227602090277327586127383901
463 188 0 0 0 0.028000000000000000000000000000000000000 18.434029356486609145457652379299351427
436 191 0 0 0 0.11700000000000000000000000000000000000 18.578035590814573977005074006045545910
436 227 1 1 1 0.040000000000000000000000000000000000000 20.136759681742666519955077801600215743
463 202 0 0 0 0.12300000000000000000000000000000000000 19.119204816357347491880524088577830575
436 229 0 0 0 0.042000000000000000000000000000000000000 19.680657199531184593368285285792184430
463 208 0 0 0 0.042000000000000000000000000000000000000 19.207074918598333154207195446462493779
463 232 0 0 0 0.045000000000000000000000000000000000000 19.943769270590023425197760886625602894
463 242 0 0 0 0.16200000000000000000000000000000000000 18.468460924450089348578751589728328928
463 256 0 0 0 0.029000000000000000000000000000000000000 18.194233188485847101693246115177312312
436 271 1 1 0 0.48500000000000000000000000000000000000 20.464001356369922099564904605117528055
463 268 1 1 0 0.57900000000000000000000000000000000000 20.562254137785796826644112210562812055
436 307 1 1 0 0.43100000000000000000000000000000000000 20.602905963029291375927821920481091502
436 331 2 2 2 0.082000000000000000000000000000000000000 20.649757842027800734627774203846643177
463 274 1 1 0 0.48700000000000000000000000000000000000 19.644943370220115286464481341029683877
463 278 3 3 3 0.050000000000000000000000000000000000000 20.622067880022905179748445562790551483
436 347 0 2 0 0.52500000000000000000000000000000000000 17.170424207831496889050999003109411763
463 302 1 1 1 0.34900000000000000000000000000000000000 20.257510050286805510485209748006212250
436 359 1 1 1 0.38100000000000000000000000000000000000 20.654698329589641897357608994879400952
436 433 0 0 0 0.052000000000000000000000000000000000000 19.545073479044829949065379117757148393
463 398 2 2 2 0.29900000000000000000000000000000000000 20.835206924828196522097488901897393817
437 8 2 2 2 0.069000000000000000000000000000000000000 18.783380375099455911050306231877193061
463 404 0 0 0 0.032000000000000000000000000000000000000 19.587142652961001850480342703963575370
464 9 1 1 1 0.060000000000000000000000000000000000000 18.238512303507275440480702032218248323
438 1 0 0 0 0.16300000000000000000000000000000000000 18.189272931129918380456611550701064920
464 19 0 0 0 0.21600000000000000000000000000000000000 19.036170515740526984382681449789350175
464 61 1 1 1 0.051000000000000000000000000000000000000 18.793922644070506548267961460151306293
464 79 1 1 1 0.076000000000000000000000000000000000000 19.564847026780335226821118914650390266
439 16 1 1 0 0.59400000000000000000000000000000000000 18.317108653555452132109828202793324285
464 131 1 1 0 0.48600000000000000000000000000000000000 19.089327576492126861038009321379611336
464 163 1 1 1 0.24200000000000000000000000000000000000 19.356519607555652412164783337034960469
464 191 1 1 1 0.072000000000000000000000000000000000000 18.043461150969213424222209022541149191
439 26 1 1 0 0.59500000000000000000000000000000000000 19.600436715772234320947990974664215542
439 44 1 1 1 0.073000000000000000000000000000000000000 19.808337543561138063175135342634713107
439 54 0 0 0 0.053000000000000000000000000000000000000 18.926527873013394551896928161357173216
439 94 1 1 1 0.18200000000000000000000000000000000000 20.010507224005765870688400099996354356
439 116 1 1 1 0.071000000000000000000000000000000000000 19.152007247041474765498861355110305871
464 199 0 2 0 0.76600000000000000000000000000000000000 18.816916711841087568301890165817729170
464 229 0 0 0 0.036000000000000000000000000000000000000 19.128379885833682835968280420455503096
464 233 2 2 2 0.25700000000000000000000000000000000000 19.656308854710279545517226690922914712
439 158 1 1 0 0.62700000000000000000000000000000000000 19.714067732679924332918500298711000394
464 251 1 1 1 0.089000000000000000000000000000000000000 19.838012387647778203451306896045194053
439 166 1 1 1 0.078000000000000000000000000000000000000 18.518888961058132229815981716123349753
464 277 1 1 1 0.080000000000000000000000000000000000000 20.018527143232738314189043231493319418
439 184 0 2 0 0.57200000000000000000000000000000000000 18.441233795341380416527206901748219300
439 192 1 1 1 0.077000000000000000000000000000000000000 16.616136216179365439583741685911115131
439 224 0 0 0 0.082000000000000000000000000000000000000 19.206436110116050510333663046532122935
464 293 1 1 0 0.76400000000000000000000000000000000000 19.622474492788564841521447981592333692
439 226 1 1 0 0.73700000000000000000000000000000000000 20.132534698832965184316989996804284723
464 331 1 1 0 0.74900000000000000000000000000000000000 17.766555573368957477414761297467813321
439 254 0 0 0 0.19700000000000000000000000000000000000 19.899467882757841544820078879662747212
439 274 2 2 2 0.063000000000000000000000000000000000000 20.493552036807947941320358110008547654
439 296 1 1 1 0.085000000000000000000000000000000000000 19.440229371838817666591701819559151737
464 337 2 2 2 0.33100000000000000000000000000000000000 19.763159622284491323418038438113223715
466 11 3 3 3 0.066000000000000000000000000000000000000 18.940246555276656366426329554924480851
439 320 0 0 0 0.20700000000000000000000000000000000000 19.448167733907343603436572565460667043
439 362 1 1 1 0.16200000000000000000000000000000000000 20.200881357811605081301609243652367042
466 23 1 1 0 0.46600000000000000000000000000000000000 19.731948033583792623115688891426129610
466 29 0 0 0 0.15700000000000000000000000000000000000 18.505960906120976962200299263333002768
441 8 0 2 0 0.49500000000000000000000000000000000000 17.488879576717382846155881956901087213
443 8 1 1 1 0.041000000000000000000000000000000000000 18.824863856332963017272023623755645739
466 31 0 2 0 0.76100000000000000000000000000000000000 19.855428269845511388754951645652886187
443 40 1 1 0 0.63900000000000000000000000000000000000 19.499519374240591230650227000148613496
466 53 0 0 0 0.068000000000000000000000000000000000000 20.061285094744406956072212775560415010
443 52 1 1 1 0.052000000000000000000000000000000000000 19.419267917374360641163692086801300581
466 59 2 2 2 0.075000000000000000000000000000000000000 19.398740850732664186189912969021102048
466 67 1 1 0 0.51800000000000000000000000000000000000 20.137375214673813190207805059783259755
443 58 1 1 0 0.62300000000000000000000000000000000000 19.932722877762335875262012073107909498
466 89 1 1 0 0.55900000000000000000000000000000000000 20.204393851427462584308681891620915723
443 96 0 2 0 0.78100000000000000000000000000000000000 18.294588392641251021710182898780800428
443 118 2 2 2 0.073000000000000000000000000000000000000 19.327672818482317030410386859307357814
443 142 0 0 0 0.15300000000000000000000000000000000000 19.447456781455569010045885820907454031
466 109 1 1 0 0.56500000000000000000000000000000000000 19.520817311088965155859928939015771325
443 152 0 0 0 0.047000000000000000000000000000000000000 19.538045931267398797494646412246161954
466 127 1 1 1 0.052000000000000000000000000000000000000 18.505851790290919923749729345349257507
443 184 1 1 1 0.051000000000000000000000000000000000000 17.832198459086117315726964178433122435
443 208 0 0 0 0.17700000000000000000000000000000000000 19.269593461892943914547787025481433660
466 179 1 1 0 0.39000000000000000000000000000000000000 19.696265359954469136954500261760542930
443 212 2 2 2 0.29300000000000000000000000000000000000 19.944552050084076320329158486739646968
466 193 1 1 0 0.30600000000000000000000000000000000000 16.955363624277189533223990481201362460
443 216 1 1 0 0.55700000000000000000000000000000000000 18.753180763181023926161132496594092727
466 199 1 1 0 0.38900000000000000000000000000000000000 19.373817211276526959262200794475982957
443 272 0 0 0 0.16000000000000000000000000000000000000 18.577728986840985867696228133873229640
466 227 0 0 0 0.16600000000000000000000000000000000000 19.704115610113316973580284809275380305
443 278 0 0 0 0.17200000000000000000000000000000000000 20.532430383866633705403957180976563310
443 298 0 0 0 0.18100000000000000000000000000000000000 20.615448067530373523798504420096277218
443 338 0 0 0 0.16600000000000000000000000000000000000 19.593036591267627589425218381954320428
466 271 1 1 0 0.52900000000000000000000000000000000000 20.592693498257825120592106109592156492
443 352 0 0 0 0.18600000000000000000000000000000000000 19.812165979813893954707358606005424755
466 283 1 1 0 0.48600000000000000000000000000000000000 20.661766806334744007469505231868944518
466 311 1 1 1 0.072000000000000000000000000000000000000 20.782913770608064143162304206390555139
446 9 1 1 0 0.56700000000000000000000000000000000000 18.720196073391917662414716125712368410
466 317 1 1 0 0.57200000000000000000000000000000000000 19.848446556317034066107302921566673323
466 389 1 1 1 0.043000000000000000000000000000000000000 20.402809910086282227017351193053415584
446 19 0 2 0 0.88500000000000000000000000000000000000 19.517525196521991546219667866047474000
446 47 0 0 0 0.14800000000000000000000000000000000000 19.881672657025791525621944340447875277
466 431 0 2 0 0.79600000000000000000000000000000000000 20.703819019842931001449979880189857912
446 61 1 1 0 0.49700000000000000000000000000000000000 18.855967010683374138656753414673485088
446 89 0 0 0 0.053000000000000000000000000000000000000 20.058387684661356723264637245038511869
446 137 1 1 1 0.21400000000000000000000000000000000000 19.984164850779968572424129851340891396
467 2 1 1 0 0.64400000000000000000000000000000000000 18.685162403226966976363411449331850727
467 16 0 0 0 0.19500000000000000000000000000000000000 18.982669117214996559615593310988471672
446 149 1 1 0 0.61700000000000000000000000000000000000 18.946898764110638481020094661630671258
467 36 1 1 0 0.43500000000000000000000000000000000000 19.445029168971370850069165051251639584
446 181 0 0 0 0.16500000000000000000000000000000000000 19.014225004216809977026084433320234520
467 38 1 1 1 0.055000000000000000000000000000000000000 19.098403223575040362133029171728583124
446 191 1 1 1 0.22100000000000000000000000000000000000 18.416768635678990805710141928932490883
467 68 1 1 0 0.57800000000000000000000000000000000000 20.148521341125492176019574210805123598
446 199 1 1 0 0.47200000000000000000000000000000000000 19.636720666560390320075131519051286801
467 82 1 1 1 0.22100000000000000000000000000000000000 19.718949949239924869938657539928047762
446 251 0 0 0 0.16500000000000000000000000000000000000 18.691488650726547122037269751331152446
446 269 0 0 0 0.054000000000000000000000000000000000000 20.499000230538505716268100840813434716
446 313 0 0 0 0.18300000000000000000000000000000000000 20.678916717283910490917010307796804860
467 122 1 1 0 0.51800000000000000000000000000000000000 20.214492215010657986831811808563146104
446 331 1 1 0 0.58500000000000000000000000000000000000 20.717918919107972495216512820243596810
446 359 2 2 2 0.098000000000000000000000000000000000000 20.738346977977693279378126907654337531
467 128 1 1 0 0.57100000000000000000000000000000000000 18.696539566916199769374447641475785235
446 373 1 1 1 0.21800000000000000000000000000000000000 20.249391866503956829525172262687955869
448 61 1 1 0 0.51700000000000000000000000000000000000 18.302830609274832686325173140529322858
467 142 1 1 0 0.63500000000000000000000000000000000000 19.452240210145848586082306751514777137
467 148 0 0 0 0.068000000000000000000000000000000000000 20.118578668310446688639354894625501198
448 103 0 0 0 0.17800000000000000000000000000000000000 18.879144440259009534102450261972140529
448 107 2 2 2 0.088000000000000000000000000000000000000 18.877865341957013728836020558649403702
467 212 0 0 0 0.26000000000000000000000000000000000000 18.536411369769086066210200847140395630
467 226 0 0 0 0.054000000000000000000000000000000000000 19.689780483044806737113899643308287666
448 109 3 3 2 0.63500000000000000000000000000000000000 18.876513899036919513404594183688829827
467 236 1 1 0 0.56900000000000000000000000000000000000 20.298417462775722056554014470805979392
467 248 1 1 1 0.033000000000000000000000000000000000000 20.120866611931085699211255437901227972
448 113 1 1 1 0.17400000000000000000000000000000000000 18.872340879726935214767281330719628730
448 163 0 0 0 0.14600000000000000000000000000000000000 18.553105334080464302305326312542138214
448 191 0 0 0 0.037000000000000000000000000000000000000 17.530650652534328010770379744566467101
448 283 1 1 1 0.23500000000000000000000000000000000000 19.376097986339982394279579988248744187
467 292 1 1 0 0.53000000000000000000000000000000000000 20.011854202309091306806395795006716541
448 293 0 0 0 0.17300000000000000000000000000000000000 19.419228992485373294116763122328199275
449 20 0 0 0 0.064000000000000000000000000000000000000 19.559662402476500313802531050863801272
449 34 0 0 0 0.19300000000000000000000000000000000000 19.778485834042096842965486428338248723
449 46 1 1 1 0.060000000000000000000000000000000000000 19.417550359351445324449540458467816534
449 64 1 1 1 0.33700000000000000000000000000000000000 17.847343321885186798307177382308391884
467 304 2 2 1 0.79300000000000000000000000000000000000 20.160091343968122272815787570830364433
449 104 0 0 0 0.075000000000000000000000000000000000000 18.559431662786083743286877521186893723
467 338 0 0 0 0.20500000000000000000000000000000000000 19.748438410157862949315916174912113086
467 352 0 0 0 0.15200000000000000000000000000000000000 19.505188694558851054438897403398489660
449 108 1 1 0 0.42200000000000000000000000000000000000 17.444836832245730588446663711515740404
469 2 1 1 0 0.50400000000000000000000000000000000000 18.698154612848637598272476902508315861
469 4 0 0 0 0.052000000000000000000000000000000000000 18.999018719871323752382285460482978291
449 134 1 1 0 0.47500000000000000000000000000000000000 19.549512614552292712335177328890008580
472 17 0 0 0 0.038000000000000000000000000000000000000 19.342026437530081641683162788228126388
449 146 0 2 0 0.52600000000000000000000000000000000000 19.956599672371038068237262171414945048
449 178 0 0 0 0.17400000000000000000000000000000000000 19.353231304739064874919511581855921460
472 43 1 1 0 0.74000000000000000000000000000000000000 19.723230805986831199382835077512030749
449 196 1 1 1 0.062000000000000000000000000000000000000 18.649491135807269425671472339489049984
472 73 2 2 2 0.18000000000000000000000000000000000000 19.901349425982431900898399182261540624
472 137 2 2 2 0.062000000000000000000000000000000000000 19.914401028977690441608945271827212531
472 157 2 2 2 0.081000000000000000000000000000000000000 19.325463489759434355876605600493843608
472 173 1 1 1 0.089000000000000000000000000000000000000 19.617267286099939459631413821166656130
472 193 1 1 1 0.098000000000000000000000000000000000000 18.238405805456186843668530369862736562
472 199 1 1 1 0.24100000000000000000000000000000000000 18.872635592763352957104387003934214441
449 202 0 2 0 0.80900000000000000000000000000000000000 19.710962915455972860095605122365170623
449 214 1 1 1 0.23400000000000000000000000000000000000 19.976469525543581902925174188292901829
472 239 0 2 0 0.69400000000000000000000000000000000000 19.562681634895357462082931603631259125
449 218 1 1 0 0.55600000000000000000000000000000000000 20.041282000796612288152090145295467735
472 241 1 1 0 0.52300000000000000000000000000000000000 20.062082459390820088154729678593830965
472 263 1 1 1 0.061000000000000000000000000000000000000 19.413430035189584819281021681888409013
449 244 1 1 0 0.46200000000000000000000000000000000000 19.858447832117655194906944103670116017
472 269 0 0 0 0.068000000000000000000000000000000000000 20.300710542475556047306849936789051118
449 254 1 1 0 0.51100000000000000000000000000000000000 20.414618213132194189162909408052479208
472 277 0 2 0 0.77900000000000000000000000000000000000 20.351381626213012211487198620249691878
449 316 0 2 0 0.67700000000000000000000000000000000000 20.227460544853791413663606779765301168
472 307 1 1 0 0.66000000000000000000000000000000000000 20.497135955910720137478679896192948880
449 344 1 1 1 0.29200000000000000000000000000000000000 20.454118962554447414092762545498897647
449 356 0 0 0 0.066000000000000000000000000000000000000 20.761902737509098659990695335957840255
449 368 0 0 0 0.17000000000000000000000000000000000000 18.724820889460572322501974749902684173
449 412 0 0 0 0.30300000000000000000000000000000000000 20.602433612488725370629624981943531201
472 353 1 1 0 0.61900000000000000000000000000000000000 19.918747994987513469676152730750618131
451 4 1 1 0 0.56800000000000000000000000000000000000 18.880026603405696329037358922559358737
472 409 0 2 0 0.60200000000000000000000000000000000000 20.115122253272890394378026810033927125
472 461 1 1 0 0.53800000000000000000000000000000000000 20.023961494858038326062414631085212009
451 32 1 1 0 0.65900000000000000000000000000000000000 18.864764548774934363408826875569616381
451 256 1 1 1 0.049000000000000000000000000000000000000 18.630126764982234586612814906712108411
473 8 1 1 1 0.084000000000000000000000000000000000000 19.024187717154638499656352405462136541
478 5 0 0 0 0.18800000000000000000000000000000000000 19.153602559984525619963460928416409027
478 23 0 0 0 0.15800000000000000000000000000000000000 19.809613481080311961613835484223644709
478 49 3 3 3 0.098000000000000000000000000000000000000 19.267242862101590117922949718476061989
452 11 2 2 1 0.55400000000000000000000000000000000000 18.002309275993705667181365768473233228
452 17 1 1 1 0.050000000000000000000000000000000000000 19.511072334365447259687340208189124264
452 23 0 0 0 0.045000000000000000000000000000000000000 18.094675813457874178149343994842859610
452 53 1 1 1 0.21300000000000000000000000000000000000 18.735451446235888140374473177798382655
452 67 1 1 1 0.046000000000000000000000000000000000000 20.040209802928367943749540676302638975
452 107 2 2 2 0.071000000000000000000000000000000000000 20.113341571514731002489872210300113452
478 83 1 1 0 0.62100000000000000000000000000000000000 19.429465272046420824848170006719423257
452 137 2 2 1 0.69300000000000000000000000000000000000 19.562823696416507737251066049202406445
478 107 0 2 0 0.78700000000000000000000000000000000000 19.831152041019896820024513461008679175
452 157 1 1 1 0.29100000000000000000000000000000000000 19.888392754592831486820535705597644453
478 137 0 0 0 0.15400000000000000000000000000000000000 19.420217441641827700992614744652410422
452 193 0 0 0 0.15200000000000000000000000000000000000 19.266178549149917486633273179510834479
478 149 1 1 1 0.21800000000000000000000000000000000000 20.213619257265974431580269044557510516
478 173 0 0 0 0.040000000000000000000000000000000000000 19.996064393436041996236649478646344642
452 197 0 0 0 0.17300000000000000000000000000000000000 18.658422373304070566815798900470155183
478 193 0 0 0 0.095000000000000000000000000000000000000 17.856873222516495263009212099869650657
452 199 0 2 0 0.61200000000000000000000000000000000000 19.588620575964860849877445246144400632
452 263 0 0 0 0.046000000000000000000000000000000000000 19.533386080881285880889440600236162224
478 257 3 3 2 0.68000000000000000000000000000000000000 19.685128681787816752359426267595613278
452 307 1 1 1 0.13500000000000000000000000000000000000 20.695166112764775593487036954390643605
452 347 1 1 1 0.087000000000000000000000000000000000000 20.778938593710451633404094163866000516
452 349 0 0 0 0.038000000000000000000000000000000000000 20.303507206412797358724509943442000486
478 263 1 1 1 0.21600000000000000000000000000000000000 20.578501415069727279520580235508963409
452 353 0 0 0 0.18000000000000000000000000000000000000 20.306110721976530211221411527579408238
478 313 0 0 0 0.16800000000000000000000000000000000000 19.619511104082259304988370774236428888
452 367 1 1 0 0.67100000000000000000000000000000000000 20.306469882790479248363190307021864295
478 317 0 2 0 0.67800000000000000000000000000000000000 20.864354276263094419235935731231843277
452 379 1 1 0 0.52600000000000000000000000000000000000 20.771453860416392573411359220154216392
478 331 0 2 0 0.60600000000000000000000000000000000000 20.062836923445952483215777225209831253
452 401 0 0 0 0.19300000000000000000000000000000000000 20.708097584861337448487277048195747178
452 419 2 2 2 0.061000000000000000000000000000000000000 20.589111409101892676587251568243090852
452 431 0 0 0 0.047000000000000000000000000000000000000 20.437072315307980928933858048846698806
478 349 1 1 0 0.56200000000000000000000000000000000000 20.949045100445099474498381964592462506
453 2 2 2 1 0.86300000000000000000000000000000000000 18.592628153345335092511114781824432651
453 16 0 0 0 0.047000000000000000000000000000000000000 18.889913022746117643369011613385727477
478 373 1 1 0 0.71500000000000000000000000000000000000 20.977395030233551920084490486500279721
478 383 0 0 0 0.21300000000000000000000000000000000000 20.979404000459348828258861913313869612
454 1 1 1 0 0.55000000000000000000000000000000000000 18.298346224882781929562186380795219037
478 401 0 0 0 0.17200000000000000000000000000000000000 20.965473407069350525678142606352186059
454 19 0 0 0 0.15500000000000000000000000000000000000 18.726668577555886279161171708349404639
478 457 0 0 0 0.15600000000000000000000000000000000000 19.249487269594366249967849602099284924
454 29 1 1 1 0.049000000000000000000000000000000000000 19.049256306824675199956865354512366661
454 41 1 1 1 0.058000000000000000000000000000000000000 19.408708327196568426721511345623233787
479 4 0 0 0 0.17100000000000000000000000000000000000 18.364196550484038219946985378096438502
454 83 1 1 0 0.49800000000000000000000000000000000000 20.106080038120367488355721366104233696
479 12 1 1 0 0.46500000000000000000000000000000000000 19.538588863471044336210237656959542054
479 14 1 1 0 0.57200000000000000000000000000000000000 19.604844096960558449941006334849908345
454 97 2 2 1 0.68100000000000000000000000000000000000 20.127085244579887746289912824658723303
454 131 4 4 4 0.061000000000000000000000000000000000000 19.606089674231136878654359999255236703
479 62 0 0 0 0.16300000000000000000000000000000000000 20.200498352848418703578390389665354585
479 76 1 1 1 0.20700000000000000000000000000000000000 20.260267754218810805907729993156942588
454 169 1 1 0 0.44400000000000000000000000000000000000 18.621210395085775200599528233348072984
454 181 1 1 0 0.39800000000000000000000000000000000000 19.335755885866178731825011986892668802
454 239 0 0 0 0.072000000000000000000000000000000000000 19.826581062199877789196584559715149245
479 80 0 2 0 0.80300000000000000000000000000000000000 19.670923469415163396375498485799029697
454 251 0 0 0 0.16300000000000000000000000000000000000 20.409145567272589516297287540627394433
454 311 1 1 1 0.057000000000000000000000000000000000000 20.241736581719386577361880392893500144
454 317 0 0 0 0.15100000000000000000000000000000000000 20.736333788205376231647850275156396662
479 88 1 1 0 0.48700000000000000000000000000000000000 18.560841698640107197531349535170446590
454 343 1 1 0 0.47000000000000000000000000000000000000 19.098128615477800394435270982118810029
479 94 1 1 1 0.36400000000000000000000000000000000000 20.304116722797086840424457459921296838
479 116 0 0 0 0.084000000000000000000000000000000000000 19.272089644836991886794742228481197751
454 349 1 1 0 0.63500000000000000000000000000000000000 20.794691394479118621254164775545486565
457 2 0 0 0 0.18200000000000000000000000000000000000 17.665112663201821992926379749334438180
479 158 1 1 0 0.59700000000000000000000000000000000000 19.319965847989838117686699076760939886
479 184 1 1 1 0.062000000000000000000000000000000000000 19.490654591223635484992975287238163781
457 28 0 0 0 0.19000000000000000000000000000000000000 19.754020675129730012176734700346324166
479 192 1 1 0 0.54900000000000000000000000000000000000 18.255435161674095171515980075350307336
457 36 0 2 0 0.62900000000000000000000000000000000000 19.378399993319025505786901930712802576
457 58 0 0 0 0.036000000000000000000000000000000000000 20.030742775322563790605522639756297318
479 206 1 1 0 0.42600000000000000000000000000000000000 19.564402756564951242972545856615934394
479 214 0 0 0 0.24100000000000000000000000000000000000 19.415887189016706375201832892936121896
457 94 1 1 0 0.62700000000000000000000000000000000000 19.105212027597547008174115253109827976
457 128 1 1 1 0.051000000000000000000000000000000000000 18.136568629285825757796472329174720908
479 224 2 2 1 0.68700000000000000000000000000000000000 19.223404381444029384843940254105306267
457 144 0 0 0 0.50600000000000000000000000000000000000 18.124195636666791794360924459861526600
457 152 1 1 0 0.57800000000000000000000000000000000000 19.690466683577523590973431089866811719
479 226 1 1 0 0.63100000000000000000000000000000000000 20.162595882235704512529064759547152692
457 158 2 2 2 0.13200000000000000000000000000000000000 19.934656644198123427261307876919044841
479 262 0 0 0 0.17200000000000000000000000000000000000 20.573765433464587121344229284514007910
479 284 0 0 0 0.060000000000000000000000000000000000000 20.720234847009243718609894825414479109
457 172 0 0 0 0.25300000000000000000000000000000000000 19.718406820309005022949364227196444847
457 208 0 2 0 0.78600000000000000000000000000000000000 19.234635173817672352624740283719086335
479 314 0 2 0 0.93300000000000000000000000000000000000 20.858495694402312020305946311172895678
479 326 1 1 1 0.20100000000000000000000000000000000000 20.421640680638955838349064150021035664
457 236 1 1 0 0.51800000000000000000000000000000000000 19.802894747799659600456270437061589003
457 248 0 0 0 0.069000000000000000000000000000000000000 19.247857625451394344585518132896334266
479 328 1 1 0 0.65400000000000000000000000000000000000 20.603697584872213886543778288015107921
479 346 1 1 1 0.11400000000000000000000000000000000000 20.250195733878255466756289508198409099
479 424 0 0 0 0.29400000000000000000000000000000000000 20.612612871377096340617641901737691468
457 292 1 1 0 0.96200000000000000000000000000000000000 20.664081109200365031772925420350479774
479 432 1 1 1 0.74800000000000000000000000000000000000 19.319127894977518802286902519408237064
479 458 0 0 0 0.069000000000000000000000000000000000000 20.617717521873448604894762839221477747
481 16 0 0 0 0.24200000000000000000000000000000000000 19.072672370472005598760294989203478636
457 302 1 1 0 0.80400000000000000000000000000000000000 20.704310816087098752648281968396223334
457 338 0 0 0 0.28100000000000000000000000000000000000 19.686733888491540935576424879273307413
457 362 0 0 0 0.28100000000000000000000000000000000000 20.346085625370133598145545612047014574
482 1 0 2 0 0.90500000000000000000000000000000000000 18.480286186428828739582935075964621247
482 13 1 1 1 0.34300000000000000000000000000000000000 19.114905897713037806868433673403238892
458 7 1 1 0 0.90900000000000000000000000000000000000 19.169415829569742283463609348657658703
482 31 1 1 0 0.71900000000000000000000000000000000000 19.004711232595175585666308088472752020
482 53 2 2 2 0.065000000000000000000000000000000000000 20.166653324396487891892889623620391773
482 79 0 0 0 0.066000000000000000000000000000000000000 20.290142395879697865032878859664262811
458 23 1 1 0 0.85800000000000000000000000000000000000 19.679040707829117001348075927642493162
482 83 1 1 0 0.72100000000000000000000000000000000000 20.301685442115493928201243957993219365
458 59 1 1 0 0.63600000000000000000000000000000000000 20.043196068942420269457526717621210656
458 67 1 1 1 0.25600000000000000000000000000000000000 19.383282891311120449314224344792995447
482 97 1 1 0 0.67200000000000000000000000000000000000 20.329153883050932307733779543146563433
458 73 1 1 1 0.31200000000000000000000000000000000000 19.628561200918776519894959514125594704
458 89 0 0 0 0.057000000000000000000000000000000000000 18.824703372812686751913337372275492656
482 113 1 1 0 0.57300000000000000000000000000000000000 19.859881182073384364540872526110611207
482 127 0 0 0 0.066000000000000000000000000000000000000 20.322432883532154518522681460459850278
482 163 0 0 0 0.071000000000000000000000000000000000000 20.154168206015722210932988519072077491
458 101 1 1 0 0.63600000000000000000000000000000000000 20.159311713824174416208406737475759377
458 103 1 1 1 0.084000000000000000000000000000000000000 20.159866755941317839543278798151577699
458 137 0 0 0 0.086000000000000000000000000000000000000 20.094195114183366731959398745919018266
458 157 0 0 0 0.076000000000000000000000000000000000000 19.956257867488067491512608540058500327
482 167 1 1 0 0.80700000000000000000000000000000000000 19.638923182232138226808880066823953841
458 193 1 1 0 0.85400000000000000000000000000000000000 19.056154862275586024771271714278538495
482 181 1 1 0 1.2420000000000000000000000000000000000 19.912012032774707140895950597384875970
458 227 1 1 0 1.2030000000000000000000000000000000000 20.175173265789987584148543997768225031
458 257 0 0 0 0.24200000000000000000000000000000000000 20.468410546571507080572460901314891996
482 197 1 1 0 0.63800000000000000000000000000000000000 19.104022206242386808480135608196608698
458 263 0 0 0 0.34300000000000000000000000000000000000 20.510616283136086375795191502030697211
482 223 1 1 0 1.1130000000000000000000000000000000000 20.101457720620242052046093489811342819
482 233 2 2 2 0.22300000000000000000000000000000000000 20.272974332563461393808680700019344985
482 239 0 0 0 0.060000000000000000000000000000000000000 18.445452339201609111371249460649329556
482 277 3 3 3 0.15700000000000000000000000000000000000 20.689459399890655125747959909845443620
458 283 1 1 0 1.7660000000000000000000000000000000000 19.927796937702738201858896048432993027
482 317 1 1 1 0.54500000000000000000000000000000000000 20.038842914915811057133381338890664341
458 347 0 0 0 0.41900000000000000000000000000000000000 20.819979553790921701004759444144541810
458 367 1 1 1 0.10400000000000000000000000000000000000 18.901482586405085292462443636551072859
482 337 1 3 1 1.5380000000000000000000000000000000000 20.468297031688811241008278144999173921
458 421 1 1 0 1.1950000000000000000000000000000000000 20.665563332407296081361978538609407380
482 361 3 3 3 0.27000000000000000000000000000000000000 18.672147045249919446456966258268724751
484 1 0 0 0 0.016000000000000000000000000000000000000 17.451481873032537182832567143316747613
484 29 2 2 2 0.033000000000000000000000000000000000000 17.948636936197220936952050445420831571
484 49 1 1 1 0.13900000000000000000000000000000000000 18.264602990231434936112156075612301450
484 71 0 0 0 0.077000000000000000000000000000000000000 17.742135415682972340537474141612573719
459 256 0 0 0 0.58400000000000000000000000000000000000 17.703941586625002029874906136543201219
461 8 0 0 0 0.034000000000000000000000000000000000000 18.946020278869398653283365268820793844
461 22 1 1 1 0.12500000000000000000000000000000000000 19.680335897204410749718697312730172636
484 127 1 1 0 0.65100000000000000000000000000000000000 19.296366325130579927691546071971857959
461 32 2 2 2 0.46700000000000000000000000000000000000 18.932108661168428904174739768764229787
484 139 1 1 1 0.081000000000000000000000000000000000000 19.266339859178566013358193082581179820
461 34 1 1 1 0.19300000000000000000000000000000000000 19.382468224163793687609995840445815646
461 76 0 0 0 0.32900000000000000000000000000000000000 20.136795022266034038525399808563132635
461 104 0 0 0 0.41200000000000000000000000000000000000 19.881569093546440905284907360593947933
484 167 1 1 0 0.91000000000000000000000000000000000000 19.096068747332737666139274487089627829
461 134 0 0 0 0.41700000000000000000000000000000000000 20.132784186094368351226760965142702352
461 166 0 0 0 0.091000000000000000000000000000000000000 19.882774749732769047769635518069688694
461 176 1 1 1 0.10700000000000000000000000000000000000 18.241286526477850778344908048319615965
484 179 1 1 0 0.73200000000000000000000000000000000000 18.092129489734853587774422699890976450
461 188 1 1 1 0.24700000000000000000000000000000000000 19.014384559926188199681131222867785677
461 202 1 1 0 0.64700000000000000000000000000000000000 19.618847240845107540488635229969158700
484 181 1 1 0 0.76100000000000000000000000000000000000 18.900105633503468029440488728498056392
461 206 1 1 1 0.066000000000000000000000000000000000000 19.761222042772009830916539700412458808
484 211 2 2 2 0.082000000000000000000000000000000000000 18.702087265839402652173481195823570291
461 212 0 0 0 0.23900000000000000000000000000000000000 19.073480633449062762397844476251968314
484 223 1 1 0 0.79900000000000000000000000000000000000 18.578207934720823319316705576197555289
461 244 1 1 0 0.71700000000000000000000000000000000000 20.369377346376784696073454578070260610
461 254 1 1 1 0.048000000000000000000000000000000000000 19.978364115072758653755785421209253207
461 268 1 1 0 0.68000000000000000000000000000000000000 18.169021799128043254877233373179961324
484 229 1 1 0 0.86300000000000000000000000000000000000 19.168222026786662426881629613277644885
461 274 0 0 0 0.33200000000000000000000000000000000000 19.745986674352891381511041679963807015
461 316 0 0 0 0.071000000000000000000000000000000000000 20.772639630339601688039921723920689129
484 281 2 2 2 0.40400000000000000000000000000000000000 19.203020393330072881828311201359953718
461 344 1 1 1 0.077000000000000000000000000000000000000 20.057546287128776287940329395152509473
484 419 1 1 0 1.3480000000000000000000000000000000000 19.940224878405580600630255315094970180
461 356 0 2 0 1.3410000000000000000000000000000000000 20.849167271999002819705140071807783355
461 368 0 0 0 0.34200000000000000000000000000000000000 19.406532647121253546266891620998126811
484 457 0 2 0 1.3490000000000000000000000000000000000 18.743197961919184229880510870206424734
486 31 1 1 1 0.11900000000000000000000000000000000000 18.075803815783823618594755962782827494
463 8 0 2 0 1.4880000000000000000000000000000000000 18.959188642363330295919902741701792280
486 109 2 2 2 0.54700000000000000000000000000000000000 18.457496630764453629325805529834183958
486 113 0 0 0 0.068000000000000000000000000000000000000 18.457466374755484756184736554015765439
463 34 1 1 1 0.53800000000000000000000000000000000000 19.872896475023915205329792932176172080
486 233 1 1 0 1.5240000000000000000000000000000000000 18.364427132341088248907975261642539581
463 64 1 1 0 1.4690000000000000000000000000000000000 18.899015719480117644220871977683453161
486 313 0 0 0 0.36800000000000000000000000000000000000 18.979267067823716136729716877852206024
486 397 1 1 0 1.0820000000000000000000000000000000000 18.280681355445744982896008059390150452
463 92 0 2 0 1.9410000000000000000000000000000000000 20.187797488417447905910092582969159210
486 467 1 1 0 0.94200000000000000000000000000000000000 18.717559325004117518077751501817389179
463 98 1 1 1 0.37900000000000000000000000000000000000 19.349480957280011469673984354915679358
463 118 1 1 0 0.91600000000000000000000000000000000000 20.189272963583647091354779152765670994
487 4 0 2 0 1.1370000000000000000000000000000000000 19.113527599602628730488207850173293387
487 32 0 0 0 0.080000000000000000000000000000000000000 19.100462923918888392283732729421657716
463 122 1 1 1 0.15800000000000000000000000000000000000 19.705571447282897695755982044420266345
463 148 1 1 1 0.11300000000000000000000000000000000000 19.603558784730618678034005450806027619
487 44 0 0 0 0.29400000000000000000000000000000000000 19.652665592909685439880925362732806314
463 164 1 1 1 0.12600000000000000000000000000000000000 19.934524566227602090277327586127383901
463 188 0 0 0 0.069000000000000000000000000000000000000 18.434029356486609145457652379299351427
487 52 0 0 0 0.27100000000000000000000000000000000000 19.346884985033728523338617385431356151
463 202 0 0 0 0.23700000000000000000000000000000000000 19.119204816357347491880524088577830575
487 58 1 1 1 0.10500000000000000000000000000000000000 20.230363879121314797087394823980141290
463 208 0 0 0 0.080000000000000000000000000000000000000 19.207074918598333154207195446462493779
463 232 0 0 0 0.070000000000000000000000000000000000000 19.943769270590023425197760886625602894
463 242 0 0 0 0.26300000000000000000000000000000000000 18.468460924450089348578751589728328928
463 256 0 0 0 0.054000000000000000000000000000000000000 18.194233188485847101693246115177312312
487 74 2 2 2 0.51700000000000000000000000000000000000 20.306266193684826794124536407174118293
463 268 1 1 0 0.90000000000000000000000000000000000000 20.562254137785796826644112210562812055
487 88 1 1 0 1.1130000000000000000000000000000000000 19.347617829785788578530402827675460181
463 274 1 1 0 0.90200000000000000000000000000000000000 19.644943370220115286464481341029683877
463 278 3 3 3 0.13400000000000000000000000000000000000 20.622067880022905179748445562790551483
487 122 1 1 0 0.81700000000000000000000000000000000000 20.367427105011690158555187240785208528
463 302 1 1 1 0.68500000000000000000000000000000000000 20.257510050286805510485209748006212250
463 398 2 2 2 0.54400000000000000000000000000000000000 20.835206924828196522097488901897393817
463 404 0 0 0 0.066000000000000000000000000000000000000 19.587142652961001850480342703963575370
464 9 1 1 1 0.13100000000000000000000000000000000000 18.238512303507275440480702032218248323
464 19 0 0 0 0.36500000000000000000000000000000000000 19.036170515740526984382681449789350175
487 142 0 2 0 1.7360000000000000000000000000000000000 20.321826324944720231169268253445424585
464 61 1 1 1 0.11900000000000000000000000000000000000 18.793922644070506548267961460151306293
464 79 1 1 1 0.12800000000000000000000000000000000000 19.564847026780335226821118914650390266
464 131 1 1 0 0.80300000000000000000000000000000000000 19.089327576492126861038009321379611336
464 163 1 1 1 0.41100000000000000000000000000000000000 19.356519607555652412164783337034960469
464 191 1 1 1 0.087000000000000000000000000000000000000 18.043461150969213424222209022541149191
487 158 2 4 2 1.7710000000000000000000000000000000000 20.241273220067475641545071518540711764
487 160 0 0 0 0.23900000000000000000000000000000000000 19.324212035216315213621790521945583025
464 199 0 2 0 1.2570000000000000000000000000000000000 18.816916711841087568301890165817729170
464 229 0 0 0 0.086000000000000000000000000000000000000 19.128379885833682835968280420455503096
487 164 2 2 2 0.90600000000000000000000000000000000000 20.195948069921762239246139714325516725
464 233 2 2 2 0.29700000000000000000000000000000000000 19.656308854710279545517226690922914712
464 251 1 1 1 0.079000000000000000000000000000000000000 19.838012387647778203451306896045194053
487 178 0 0 0 0.41400000000000000000000000000000000000 20.034855287844924833727394305487921436
464 277 1 1 1 0.10400000000000000000000000000000000000 20.018527143232738314189043231493319418
487 194 1 1 0 0.59900000000000000000000000000000000000 19.588056658437645034909559739219095385
464 293 1 1 0 1.0630000000000000000000000000000000000 19.622474492788564841521447981592333692
487 202 1 1 0 0.66000000000000000000000000000000000000 18.162630596785339594027248784288386285
487 272 1 1 1 0.13200000000000000000000000000000000000 19.225653028910412865073119061230220178
487 278 1 1 1 0.26300000000000000000000000000000000000 19.391144332716767164943043417541814565
487 292 0 0 0 0.093000000000000000000000000000000000000 20.795477750315872465641530399986282649
487 316 1 1 1 0.091000000000000000000000000000000000000 17.891587504956042406629893602114063721
487 332 0 0 0 0.11600000000000000000000000000000000000 20.480838218980673512594560434296432649
464 331 1 1 0 1.0230000000000000000000000000000000000 17.766555573368957477414761297467813321
464 337 2 2 2 0.48200000000000000000000000000000000000 19.763159622284491323418038438113223715
466 11 3 3 3 0.11700000000000000000000000000000000000 18.940246555276656366426329554924480851
487 334 1 3 1 1.5630000000000000000000000000000000000 20.486651521015807334575804021003202033
487 368 1 1 1 0.12900000000000000000000000000000000000 19.953007397037803462638212337919324500
466 23 1 1 0 1.0620000000000000000000000000000000000 19.731948033583792623115688891426129610
466 29 0 0 0 0.25100000000000000000000000000000000000 18.505960906120976962200299263333002768
487 382 0 2 0 1.1850000000000000000000000000000000000 21.043078564685425662426154228884868217
487 448 2 2 2 0.11700000000000000000000000000000000000 19.672163583683543561729934214349006084
466 31 0 2 0 1.3070000000000000000000000000000000000 19.855428269845511388754951645652886187
466 53 0 0 0 0.090000000000000000000000000000000000000 20.061285094744406956072212775560415010
466 59 2 2 2 0.11400000000000000000000000000000000000 19.398740850732664186189912969021102048
466 67 1 1 0 0.70800000000000000000000000000000000000 20.137375214673813190207805059783259755
488 5 1 3 1 2.1600000000000000000000000000000000000 18.915529542152200970052180530004455193
488 7 2 2 2 0.11600000000000000000000000000000000000 17.222501873429638855831744387894093447
488 23 1 1 1 0.11700000000000000000000000000000000000 19.571815752519687779124870134218920833
466 89 1 1 0 1.1680000000000000000000000000000000000 20.204393851427462584308681891620915723
488 31 0 0 0 0.21900000000000000000000000000000000000 18.850748943552958018947330312926495482
488 37 0 0 0 0.20300000000000000000000000000000000000 19.068377543451233001463377383298745871
488 73 0 0 0 0.20900000000000000000000000000000000000 20.008009885873570962058689058022547061
466 109 1 1 0 0.66600000000000000000000000000000000000 19.520817311088965155859928939015771325
488 97 2 2 2 0.11500000000000000000000000000000000000 19.592401283089605042879319815566666573
466 127 1 1 1 0.047000000000000000000000000000000000000 18.505851790290919923749729345349257507
466 179 1 1 0 0.51700000000000000000000000000000000000 19.696265359954469136954500261760542930
488 103 1 1 0 0.85600000000000000000000000000000000000 20.076030175576948281784204700110335540
466 193 1 1 0 0.48200000000000000000000000000000000000 16.955363624277189533223990481201362460
466 199 1 1 0 0.63200000000000000000000000000000000000 19.373817211276526959262200794475982957
488 107 1 1 0 0.83000000000000000000000000000000000000 20.078475192191326215583510859985398158
466 227 0 0 0 0.22000000000000000000000000000000000000 19.704115610113316973580284809275380305
488 139 1 1 0 0.63700000000000000000000000000000000000 20.038977170004644782923591348112379585
488 163 2 2 2 0.10000000000000000000000000000000000000 19.214072767219711530413859032739896535
488 227 0 0 0 0.069000000000000000000000000000000000000 18.545236441565489427380940864619827880
488 233 0 0 0 0.060000000000000000000000000000000000000 19.971328911322556580822512691191225844
466 271 1 1 0 0.71800000000000000000000000000000000000 20.592693498257825120592106109592156492
488 251 1 1 0 0.52800000000000000000000000000000000000 20.196859359206033698239072494282911530
466 283 1 1 0 0.67500000000000000000000000000000000000 20.661766806334744007469505231868944518
488 257 2 2 2 0.26200000000000000000000000000000000000 20.254505481873760176123445438186375667
466 311 1 1 1 0.091000000000000000000000000000000000000 20.782913770608064143162304206390555139
466 317 1 1 0 0.62500000000000000000000000000000000000 19.848446556317034066107302921566673323
466 389 1 1 1 0.092000000000000000000000000000000000000 20.402809910086282227017351193053415584
488 269 0 2 0 0.81200000000000000000000000000000000000 20.353127904477283335478333085480570585
466 431 0 2 0 1.0170000000000000000000000000000000000 20.703819019842931001449979880189857912
488 271 1 1 0 0.99900000000000000000000000000000000000 20.367789411398406931056480176085630760
488 293 4 4 4 0.096000000000000000000000000000000000000 20.503691598466257515476822871280222545
488 317 2 2 2 0.067000000000000000000000000000000000000 20.134306885862237974549332913665194838
488 373 0 0 0 0.076000000000000000000000000000000000000 20.742709687878224273139114801077752433
488 383 0 0 0 0.095000000000000000000000000000000000000 19.518808060493233192160144509542303001
467 2 1 1 0 0.73800000000000000000000000000000000000 18.685162403226966976363411449331850727
467 16 0 0 0 0.28300000000000000000000000000000000000 18.982669117214996559615593310988471672
488 397 1 1 0 0.90900000000000000000000000000000000000 19.257074899516761413245391905929319026
488 439 0 0 0 0.065000000000000000000000000000000000000 19.322800927883027450062220104719654119
491 26 0 0 0 0.090000000000000000000000000000000000000 19.942928953020203643423579750206543953
467 36 1 1 0 0.52000000000000000000000000000000000000 19.445029168971370850069165051251639584
491 36 1 1 1 0.10600000000000000000000000000000000000 19.599154753786270833955756888511774131
467 38 1 1 1 0.093000000000000000000000000000000000000 19.098403223575040362133029171728583124
491 62 1 1 0 0.70800000000000000000000000000000000000 20.278401030775209003556335074234169440
467 68 1 1 0 0.72800000000000000000000000000000000000 20.148521341125492176019574210805123598
467 82 1 1 1 0.23900000000000000000000000000000000000 19.718949949239924869938657539928047762
467 122 1 1 0 0.66300000000000000000000000000000000000 20.214492215010657986831811808563146104
491 64 0 2 0 1.1540000000000000000000000000000000000 19.084602834321633474453313286883121618
491 92 1 1 1 0.086000000000000000000000000000000000000 20.382753344618798767970241908172264381
491 104 0 0 0 0.24900000000000000000000000000000000000 19.620487937225790073282664949829193810
467 128 1 1 0 0.68200000000000000000000000000000000000 18.696539566916199769374447641475785235
491 106 1 1 1 0.30400000000000000000000000000000000000 20.399975318131531156259072717631119577
467 142 1 1 0 0.77500000000000000000000000000000000000 19.452240210145848586082306751514777137
467 148 0 0 0 0.082000000000000000000000000000000000000 20.118578668310446688639354894625501198
491 128 1 1 0 0.84200000000000000000000000000000000000 17.842511079508440412726205507234253190
491 136 0 0 0 0.079000000000000000000000000000000000000 19.226126366375806395332871386244609032
467 212 0 0 0 0.26100000000000000000000000000000000000 18.536411369769086066210200847140395630
467 226 0 0 0 0.074000000000000000000000000000000000000 19.689780483044806737113899643308287666
491 146 1 1 0 0.65700000000000000000000000000000000000 19.494388906408769093574315759884697388
491 172 0 0 0 0.067000000000000000000000000000000000000 20.160464035066703111356070746065481118
467 236 1 1 0 0.71500000000000000000000000000000000000 20.298417462775722056554014470805979392
467 248 1 1 1 0.076000000000000000000000000000000000000 20.120866611931085699211255437901227972
491 176 0 0 0 0.24300000000000000000000000000000000000 19.033340985865096040367597545946349468
467 292 1 1 0 0.66100000000000000000000000000000000000 20.011854202309091306806395795006716541
491 206 1 1 0 0.67600000000000000000000000000000000000 19.167008254704396074347334093572843982
491 208 1 1 1 0.19500000000000000000000000000000000000 18.815441786801486736322873951587905430
491 224 1 1 1 0.069000000000000000000000000000000000000 19.195074875956090355497130166216198491
491 244 0 0 0 0.22700000000000000000000000000000000000 19.579666944986149735450517094748184112
491 274 1 1 1 0.075000000000000000000000000000000000000 20.222466885935174789968119007447627763
491 304 0 0 0 0.076000000000000000000000000000000000000 20.269263242946465316873843639209308628
467 304 2 2 1 0.98400000000000000000000000000000000000 20.160091343968122272815787570830364433
467 338 0 0 0 0.27500000000000000000000000000000000000 19.748438410157862949315916174912113086
491 314 1 1 0 0.69000000000000000000000000000000000000 20.914515505511412538598748824514117147
467 352 0 0 0 0.23300000000000000000000000000000000000 19.505188694558851054438897403398489660
491 326 1 1 1 0.26100000000000000000000000000000000000 20.958865052295135661482988779441082857
491 382 0 0 0 0.066000000000000000000000000000000000000 19.231170786903978327412437269363970426
494 1 1 1 1 0.072000000000000000000000000000000000000 18.077924934524322106959448245410785955
496 1 2 2 2 0.12600000000000000000000000000000000000 17.488148136424857487656473413571067890
469 2 1 1 0 0.55600000000000000000000000000000000000 18.698154612848637598272476902508315861
469 4 0 0 0 0.050000000000000000000000000000000000000 18.999018719871323752382285460482978291
472 17 0 0 0 0.099000000000000000000000000000000000000 19.342026437530081641683162788228126388
496 41 1 1 0 0.73900000000000000000000000000000000000 19.556928892064434122332148360853740378
496 59 1 1 1 0.096000000000000000000000000000000000000 19.691509850928993310216002857081540431
496 89 0 0 0 0.092000000000000000000000000000000000000 19.330670353743361195974261320236649120
472 43 1 1 0 0.99500000000000000000000000000000000000 19.723230805986831199382835077512030749
472 73 2 2 2 0.33700000000000000000000000000000000000 19.901349425982431900898399182261540624
496 107 1 1 0 0.69500000000000000000000000000000000000 19.355950092055540702146634645797974811
472 137 2 2 2 0.074000000000000000000000000000000000000 19.914401028977690441608945271827212531
472 157 2 2 2 0.10700000000000000000000000000000000000 19.325463489759434355876605600493843608
472 173 1 1 1 0.12600000000000000000000000000000000000 19.617267286099939459631413821166656130
472 193 1 1 1 0.097000000000000000000000000000000000000 18.238405805456186843668530369862736562
496 127 1 1 0 0.65100000000000000000000000000000000000 19.348509254412159784398820752896805717
472 199 1 1 1 0.27600000000000000000000000000000000000 18.872635592763352957104387003934214441
496 131 2 2 2 0.080000000000000000000000000000000000000 19.819293762731438271357941774238270860
496 139 1 1 0 0.72600000000000000000000000000000000000 19.801092044752500575781524078756193058
496 167 0 0 0 0.025000000000000000000000000000000000000 19.657765494493741474145319301492892304
496 169 2 2 2 0.064000000000000000000000000000000000000 18.526571725491000779313207270904859948
472 239 0 2 0 0.91700000000000000000000000000000000000 19.562681634895357462082931603631259125
496 197 1 1 1 0.29200000000000000000000000000000000000 18.602304171282330250551895316768847230
496 211 0 0 0 0.21500000000000000000000000000000000000 18.927616365764806231485512059423685440
496 241 1 1 1 0.067000000000000000000000000000000000000 19.787586641059566297713741963080022816
472 241 1 1 0 0.68200000000000000000000000000000000000 20.062082459390820088154729678593830965
472 263 1 1 1 0.094000000000000000000000000000000000000 19.413430035189584819281021681888409013
472 269 0 0 0 0.078000000000000000000000000000000000000 20.300710542475556047306849936789051118
496 243 1 1 0 0.62500000000000000000000000000000000000 17.905853962688829382667120123385642280
496 281 0 0 0 0.22900000000000000000000000000000000000 20.161145880377493731935424295143440912
496 283 0 0 0 0.062000000000000000000000000000000000000 20.174051098864617679251212512769483377
496 401 0 0 0 0.078000000000000000000000000000000000000 20.504962553939153633895699882712829923
472 277 0 2 0 1.0730000000000000000000000000000000000 20.351381626213012211487198620249691878
496 419 2 2 2 0.96700000000000000000000000000000000000 20.487307813335485338605822295008468531
472 307 1 1 0 0.86600000000000000000000000000000000000 20.497135955910720137478679896192948880
496 439 1 1 1 0.41100000000000000000000000000000000000 20.432941497442161135461440343050477717
496 461 0 0 0 0.27600000000000000000000000000000000000 20.299161718113165087022464576228694101
499 16 1 1 1 0.25800000000000000000000000000000000000 19.184600237773499784198924719104981892
472 353 1 1 0 0.65200000000000000000000000000000000000 19.918747994987513469676152730750618131
499 26 1 1 1 0.089000000000000000000000000000000000000 19.293367261641274942407536042675402286
472 409 0 2 0 0.91900000000000000000000000000000000000 20.115122253272890394378026810033927125
499 34 1 1 0 0.92700000000000000000000000000000000000 20.102872348403056916850878278404418028
499 44 2 2 2 0.13200000000000000000000000000000000000 20.205016354661336819320279342251019093
499 62 1 1 1 0.095000000000000000000000000000000000000 20.329209039515987012637963617168744292
499 86 0 0 0 0.24600000000000000000000000000000000000 19.945179447239943876536022734294452756
472 461 1 1 0 0.62600000000000000000000000000000000000 20.023961494858038326062414631085212009
473 8 1 1 1 0.072000000000000000000000000000000000000 19.024187717154638499656352405462136541
478 5 0 0 0 0.24700000000000000000000000000000000000 19.153602559984525619963460928416409027
478 23 0 0 0 0.26300000000000000000000000000000000000 19.809613481080311961613835484223644709
478 49 3 3 3 0.082000000000000000000000000000000000000 19.267242862101590117922949718476061989
499 92 2 2 1 0.88900000000000000000000000000000000000 20.436012167688621714758082245080323096
499 96 0 0 0 0.23300000000000000000000000000000000000 19.540179821428371347057036747065414267
499 128 1 1 1 0.083000000000000000000000000000000000000 18.943173466768712869492855532492927369
499 142 0 0 0 0.077000000000000000000000000000000000000 20.417858325375855602593239247834698090
499 164 0 0 0 0.25900000000000000000000000000000000000 19.466369208836346518898166553765288834
478 83 1 1 0 0.86400000000000000000000000000000000000 19.429465272046420824848170006719423257
499 166 2 2 2 0.071000000000000000000000000000000000000 18.589167248484140248603641074008559161
499 188 0 2 0 0.84900000000000000000000000000000000000 20.019918340768892396766127516024211963
478 107 0 2 0 0.98100000000000000000000000000000000000 19.831152041019896820024513461008679175
478 137 0 0 0 0.21300000000000000000000000000000000000 19.420217441641827700992614744652410422
478 149 1 1 1 0.33000000000000000000000000000000000000 20.213619257265974431580269044557510516
478 173 0 0 0 0.068000000000000000000000000000000000000 19.996064393436041996236649478646344642
499 194 1 1 0 0.80400000000000000000000000000000000000 19.389486211078738498680707548260948167
478 193 0 0 0 0.13600000000000000000000000000000000000 17.856873222516495263009212099869650657
499 214 1 1 1 0.25200000000000000000000000000000000000 19.670975555948173901676585161508709723
499 226 1 1 1 0.087000000000000000000000000000000000000 19.416806207391092432016839246505030221
499 248 0 0 0 0.061000000000000000000000000000000000000 19.703057474147841006347368598797500172
499 262 0 0 0 0.053000000000000000000000000000000000000 19.780787541976561205070582481524304290
499 268 0 0 0 0.082000000000000000000000000000000000000 20.677247416791754106146040438812311643
478 257 3 3 2 0.77200000000000000000000000000000000000 19.685128681787816752359426267595613278
478 263 1 1 1 0.32600000000000000000000000000000000000 20.578501415069727279520580235508963409
499 278 1 1 0 0.80900000000000000000000000000000000000 20.752516587718881195315667667059668014
478 313 0 0 0 0.22000000000000000000000000000000000000 19.619511104082259304988370774236428888
499 296 0 0 0 0.046000000000000000000000000000000000000 20.562094207036150729730140414890728278
499 304 0 0 0 0.23900000000000000000000000000000000000 20.302117179247260083168371788580740081
499 334 0 0 0 0.20600000000000000000000000000000000000 20.178668774523345518346482343255905095
478 317 0 2 0 0.81100000000000000000000000000000000000 20.864354276263094419235935731231843277
499 356 1 1 1 0.34800000000000000000000000000000000000 20.605121812245287757194097255287883077
499 394 3 3 3 0.12700000000000000000000000000000000000 21.128435946122981471782704891448467304
478 331 0 2 0 0.75900000000000000000000000000000000000 20.062836923445952483215777225209831253
499 404 1 1 0 0.72400000000000000000000000000000000000 19.276509853984049127953735262301296292
478 349 1 1 0 0.82100000000000000000000000000000000000 20.949045100445099474498381964592462506
499 428 1 1 0 0.76700000000000000000000000000000000000 20.620444124325152469563797527363750126
478 373 1 1 0 0.98200000000000000000000000000000000000 20.977395030233551920084490486500279721
478 383 0 0 0 0.30200000000000000000000000000000000000 20.979404000459348828258861913313869612
499 436 0 2 0 1.4230000000000000000000000000000000000 20.598789246529133352568241495900458031
478 401 0 0 0 0.26200000000000000000000000000000000000 20.965473407069350525678142606352186059
478 457 0 0 0 0.29500000000000000000000000000000000000 19.249487269594366249967849602099284924
499 478 1 1 0 0.48700000000000000000000000000000000000 19.383197268752130340922303507845166473
479 4 0 0 0 0.22500000000000000000000000000000000000 18.364196550484038219946985378096438502
500 17 1 1 0 0.61000000000000000000000000000000000000 18.420744435359995533863945225744904294
479 12 1 1 0 0.50800000000000000000000000000000000000 19.538588863471044336210237656959542054
500 109 0 0 0 0.064000000000000000000000000000000000000 19.065689087822189007519703004959268436
479 14 1 1 0 0.66400000000000000000000000000000000000 19.604844096960558449941006334849908345
479 62 0 0 0 0.21600000000000000000000000000000000000 20.200498352848418703578390389665354585
500 113 0 2 0 0.90700000000000000000000000000000000000 18.589713193560187370610771529714315215
479 76 1 1 1 0.25600000000000000000000000000000000000 20.260267754218810805907729993156942588
500 241 1 1 0 0.56100000000000000000000000000000000000 18.992455063904838025141953916830419232
502 37 1 1 1 0.10700000000000000000000000000000000000 17.697471836876137559118788865244750209
479 80 0 2 0 0.85400000000000000000000000000000000000 19.670923469415163396375498485799029697
502 47 0 2 0 0.81200000000000000000000000000000000000 18.409892265789548429124104391902621925
502 49 1 1 1 0.069000000000000000000000000000000000000 19.419313588935921887455185929075727565
502 73 1 1 1 0.10500000000000000000000000000000000000 19.700263416694341786898105523402160737
479 88 1 1 0 0.64600000000000000000000000000000000000 18.560841698640107197531349535170446590
479 94 1 1 1 0.46600000000000000000000000000000000000 20.304116722797086840424457459921296838
479 116 0 0 0 0.070000000000000000000000000000000000000 19.272089644836991886794742228481197751
502 79 0 2 0 0.82500000000000000000000000000000000000 19.943960944879819821034235013079546255
479 158 1 1 0 0.67800000000000000000000000000000000000 19.319965847989838117686699076760939886
479 184 1 1 1 0.063000000000000000000000000000000000000 19.490654591223635484992975287238163781
502 103 0 2 0 0.86200000000000000000000000000000000000 19.431248188374514694056368052200155155
479 192 1 1 0 0.58100000000000000000000000000000000000 18.255435161674095171515980075350307336
502 107 0 0 0 0.23200000000000000000000000000000000000 20.476096060664653323976434702030528608
502 125 0 0 0 0.065000000000000000000000000000000000000 19.075665298843022794065432547115124494
479 206 1 1 0 0.49500000000000000000000000000000000000 19.564402756564951242972545856615934394
479 214 0 0 0 0.24000000000000000000000000000000000000 19.415887189016706375201832892936121896
502 131 1 1 0 0.64500000000000000000000000000000000000 20.465819179141588232036107112236723091
502 151 0 0 0 0.055000000000000000000000000000000000000 19.455189504713041328121209202529984221
502 163 0 0 0 0.056000000000000000000000000000000000000 20.345798382520017990544386237765601737
502 229 2 2 2 0.078000000000000000000000000000000000000 20.174732782950063208808975262713117255
502 257 1 1 1 0.40700000000000000000000000000000000000 19.739055606172784320196149361174979881
479 224 2 2 1 0.69700000000000000000000000000000000000 19.223404381444029384843940254105306267
502 293 1 1 1 0.095000000000000000000000000000000000000 20.857388850887320949408943642340240727
479 226 1 1 0 0.71200000000000000000000000000000000000 20.162595882235704512529064759547152692
502 311 1 1 0 0.73100000000000000000000000000000000000 20.949156477020984357375923875645352770
479 262 0 0 0 0.20200000000000000000000000000000000000 20.573765433464587121344229284514007910
479 284 0 0 0 0.049000000000000000000000000000000000000 20.720234847009243718609894825414479109
502 317 1 1 1 0.24100000000000000000000000000000000000 19.267589390622675334278785431759882380
502 359 0 2 0 0.91800000000000000000000000000000000000 21.104878359277172997403693807980498190
479 314 0 2 0 1.0090000000000000000000000000000000000 20.858495694402312020305946311172895678
479 326 1 1 1 0.28100000000000000000000000000000000000 20.421640680638955838349064150021035664
502 383 0 2 0 0.84900000000000000000000000000000000000 21.141365036734788858574317899687087267
479 328 1 1 0 0.68600000000000000000000000000000000000 20.603697584872213886543778288015107921
479 346 1 1 1 0.086000000000000000000000000000000000000 20.250195733878255466756289508198409099
502 389 1 1 0 0.48300000000000000000000000000000000000 19.714716309992289288633501144198054877
479 424 0 0 0 0.24200000000000000000000000000000000000 20.612612871377096340617641901737691468
479 432 1 1 1 0.69100000000000000000000000000000000000 19.319127894977518802286902519408237064
502 397 1 1 0 0.74800000000000000000000000000000000000 21.149394378369417165055936056492648396
479 458 0 0 0 0.056000000000000000000000000000000000000 20.617717521873448604894762839221477747
481 16 0 0 0 0.20600000000000000000000000000000000000 19.072672370472005598760294989203478636
502 433 1 1 0 0.66100000000000000000000000000000000000 21.112594140547285699740441000321990161
482 1 0 2 0 0.97200000000000000000000000000000000000 18.480286186428828739582935075964621247
502 467 1 1 0 0.70700000000000000000000000000000000000 20.939205339078557215130574313557963440
503 6 0 0 0 0.045000000000000000000000000000000000000 19.387664433642270723850152314670998627
482 13 1 1 1 0.26600000000000000000000000000000000000 19.114905897713037806868433673403238892
503 8 1 1 1 0.30500000000000000000000000000000000000 18.734115149534943861829025844090009209
482 31 1 1 0 0.58500000000000000000000000000000000000 19.004711232595175585666308088472752020
482 53 2 2 2 0.078000000000000000000000000000000000000 20.166653324396487891892889623620391773
482 79 0 0 0 0.060000000000000000000000000000000000000 20.290142395879697865032878859664262811
503 22 1 1 0 0.72700000000000000000000000000000000000 19.247554997570420197302855838562365368
503 48 0 0 0 0.076000000000000000000000000000000000000 19.660790235663803956945273516563923306
482 83 1 1 0 0.56400000000000000000000000000000000000 20.301685442115493928201243957993219365
482 97 1 1 0 0.65700000000000000000000000000000000000 20.329153883050932307733779543146563433
503 52 0 2 0 1.0280000000000000000000000000000000000 20.292554015740420327073784035949553620
503 58 0 0 0 0.16500000000000000000000000000000000000 20.331537860543123395927342244959861950
482 113 1 1 0 0.48800000000000000000000000000000000000 19.859881182073384364540872526110611207
482 127 0 0 0 0.071000000000000000000000000000000000000 20.322432883532154518522681460459850278
482 163 0 0 0 0.091000000000000000000000000000000000000 20.154168206015722210932988519072077491
482 167 1 1 0 0.71200000000000000000000000000000000000 19.638923182232138226808880066823953841
503 92 2 2 1 1.1150000000000000000000000000000000000 20.462263078950237821211968149633904553
503 112 0 0 0 0.069000000000000000000000000000000000000 19.883198182667181758659840400431892934
503 118 0 0 0 0.23500000000000000000000000000000000000 19.530905172318827236855707769582640739
482 181 1 1 0 0.69200000000000000000000000000000000000 19.912012032774707140895950597384875970
503 146 1 1 0 0.63600000000000000000000000000000000000 20.436431713245726958627520466172155324
482 197 1 1 0 0.49800000000000000000000000000000000000 19.104022206242386808480135608196608698
503 148 1 1 0 0.51100000000000000000000000000000000000 20.429346268639008782415846412885229454
482 223 1 1 0 0.74300000000000000000000000000000000000 20.101457720620242052046093489811342819
482 233 2 2 2 0.094000000000000000000000000000000000000 20.272974332563461393808680700019344985
482 239 0 0 0 0.066000000000000000000000000000000000000 18.445452339201609111371249460649329556
503 162 1 1 0 0.62600000000000000000000000000000000000 18.929809928164167285848282084319347529
482 277 3 3 3 0.098000000000000000000000000000000000000 20.689459399890655125747959909845443620
482 317 1 1 1 0.16800000000000000000000000000000000000 20.038842914915811057133381338890664341
503 164 1 1 0 0.59700000000000000000000000000000000000 20.348239145458518084266989209073730135
503 176 0 0 0 0.050000000000000000000000000000000000000 19.644468434701607467652019882540485019
503 202 1 1 0 0.54500000000000000000000000000000000000 18.243305993900617335993847880000999541
503 212 1 1 1 0.085000000000000000000000000000000000000 19.386290057455108585268171097395385542
482 337 1 3 1 1.2590000000000000000000000000000000000 20.468297031688811241008278144999173921
503 218 0 0 0 0.23400000000000000000000000000000000000 19.820554267305944397910047329100015623
482 361 3 3 3 0.089000000000000000000000000000000000000 18.672147045249919446456966258268724751
484 1 0 0 0 0.054000000000000000000000000000000000000 17.451481873032537182832567143316747613
484 29 2 2 2 0.081000000000000000000000000000000000000 17.948636936197220936952050445420831571
503 256 1 1 1 0.22100000000000000000000000000000000000 18.769394233515236342729643311000123556
484 49 1 1 1 0.075000000000000000000000000000000000000 18.264602990231434936112156075612301450
503 272 0 0 0 0.065000000000000000000000000000000000000 19.418683092124741895522340237170520545
484 71 0 0 0 0.062000000000000000000000000000000000000 17.742135415682972340537474141612573719
503 302 2 2 2 0.50100000000000000000000000000000000000 20.909875451200171667119132638038173538
484 127 1 1 0 0.58900000000000000000000000000000000000 19.296366325130579927691546071971857959
484 139 1 1 1 0.079000000000000000000000000000000000000 19.266339859178566013358193082581179820
503 316 1 1 0 0.76300000000000000000000000000000000000 20.498102382046883159311921180998711279
484 167 1 1 0 0.65600000000000000000000000000000000000 19.096068747332737666139274487089627829
503 344 0 0 0 0.22300000000000000000000000000000000000 19.730948327971173323790147815154966625
503 358 2 2 2 0.50000000000000000000000000000000000000 21.108155104370638902368129060320238387
484 179 1 1 0 0.78200000000000000000000000000000000000 18.092129489734853587774422699890976450
503 384 0 0 0 0.30500000000000000000000000000000000000 19.643349985054792441478820327116245664
484 181 1 1 0 0.73500000000000000000000000000000000000 18.900105633503468029440488728498056392
503 386 1 1 0 0.69800000000000000000000000000000000000 20.673128522581814611271654340153763677
484 211 2 2 2 0.11900000000000000000000000000000000000 18.702087265839402652173481195823570291
503 398 0 0 0 0.22900000000000000000000000000000000000 21.156347546020722885626921779095055351
503 412 0 0 0 0.21500000000000000000000000000000000000 21.152997124610383734875916730958440041
484 223 1 1 0 0.65600000000000000000000000000000000000 18.578207934720823319316705576197555289
503 436 1 1 0 0.60600000000000000000000000000000000000 21.113905586928562243868776481679224055
508 25 1 1 1 0.087000000000000000000000000000000000000 19.331578338980932839510331185014937177
484 229 1 1 0 0.69200000000000000000000000000000000000 19.168222026786662426881629613277644885
484 281 2 2 2 0.29500000000000000000000000000000000000 19.203020393330072881828311201359953718
508 43 1 1 0 0.77600000000000000000000000000000000000 20.251301645898961812195969295456086163
508 53 1 1 1 0.086000000000000000000000000000000000000 20.330261624863667111622746654997076945
484 419 1 1 0 0.82500000000000000000000000000000000000 19.940224878405580600630255315094970180
508 73 1 1 0 0.67700000000000000000000000000000000000 20.437042074576409336829553640464779930
508 101 1 1 1 0.20100000000000000000000000000000000000 20.510135964319115304741017065423457668
484 457 0 2 0 0.74200000000000000000000000000000000000 18.743197961919184229880510870206424734
486 31 1 1 1 0.065000000000000000000000000000000000000 18.075803815783823618594755962782827494
486 109 2 2 2 0.30600000000000000000000000000000000000 18.457496630764453629325805529834183958
486 113 0 0 0 0.053000000000000000000000000000000000000 18.457466374755484756184736554015765439
508 137 2 2 1 0.89300000000000000000000000000000000000 20.498985968386479726560083501799367422
486 233 1 1 0 0.81900000000000000000000000000000000000 18.364427132341088248907975261642539581
508 151 1 1 0 0.73500000000000000000000000000000000000 20.457958136833799989191668634475862059
508 157 0 0 0 0.085000000000000000000000000000000000000 19.477593562159533704559096818555701614
508 163 1 1 1 0.095000000000000000000000000000000000000 20.399265837796565603198115879987077879
486 313 0 0 0 0.22800000000000000000000000000000000000 18.979267067823716136729716877852206024
508 223 1 1 0 0.55200000000000000000000000000000000000 19.971151352083666120075781351502434659
486 397 1 1 0 0.55100000000000000000000000000000000000 18.280681355445744982896008059390150452
508 229 0 0 0 0.22700000000000000000000000000000000000 19.674400972798684581221319125168588185
508 233 2 2 2 0.23300000000000000000000000000000000000 19.544214363952768203674355131237674102
486 467 1 1 0 0.55500000000000000000000000000000000000 18.717559325004117518077751501817389179
508 277 0 0 0 0.31600000000000000000000000000000000000 20.771578565551810996008422597538128737
508 281 0 0 0 0.28600000000000000000000000000000000000 20.800634222633771209761291343094339977
487 4 0 2 0 0.89300000000000000000000000000000000000 19.113527599602628730488207850173293387
487 32 0 0 0 0.059000000000000000000000000000000000000 19.100462923918888392283732729421657716
487 44 0 0 0 0.22700000000000000000000000000000000000 19.652665592909685439880925362732806314
508 343 1 1 0 0.71400000000000000000000000000000000000 19.404783691998285579984336385973518060
487 52 0 0 0 0.19300000000000000000000000000000000000 19.346884985033728523338617385431356151
487 58 1 1 1 0.13300000000000000000000000000000000000 20.230363879121314797087394823980141290
508 347 1 1 0 0.66000000000000000000000000000000000000 20.629443788704781117948957125913605060
487 74 2 2 2 0.48400000000000000000000000000000000000 20.306266193684826794124536407174118293
508 349 0 2 0 0.87500000000000000000000000000000000000 21.112078742717717868772770488214335908
487 88 1 1 0 0.81800000000000000000000000000000000000 19.347617829785788578530402827675460181
487 122 1 1 0 0.57600000000000000000000000000000000000 20.367427105011690158555187240785208528
508 353 1 1 0 0.83600000000000000000000000000000000000 21.122554170841744023763460390895380019
508 389 0 0 0 0.37300000000000000000000000000000000000 21.183915104183597319127225081931844379
487 142 0 2 0 1.0640000000000000000000000000000000000 20.321826324944720231169268253445424585
508 421 1 1 0 0.66200000000000000000000000000000000000 21.183212698146212919500417292492549718
508 499 0 2 0 0.96600000000000000000000000000000000000 19.992934688363165668505458850105739853
487 158 2 4 2 1.2330000000000000000000000000000000000 20.241273220067475641545071518540711764
509 16 0 0 0 0.22900000000000000000000000000000000000 18.546073110446057486027319114020211039
487 160 0 0 0 0.15000000000000000000000000000000000000 19.324212035216315213621790521945583025
509 26 0 0 0 0.22100000000000000000000000000000000000 20.052983372036346458928437248759563829
487 164 2 2 2 0.51300000000000000000000000000000000000 20.195948069921762239246139714325516725
509 44 2 2 2 0.52500000000000000000000000000000000000 20.266293283834728604723532859212626212
487 178 0 0 0 0.38200000000000000000000000000000000000 20.034855287844924833727394305487921436
509 74 0 0 0 0.17900000000000000000000000000000000000 16.550253662177000263506790223626668249
509 80 1 1 1 0.090000000000000000000000000000000000000 19.866801897185476019212074087997027932
487 194 1 1 0 0.45500000000000000000000000000000000000 19.588056658437645034909559739219095385
509 86 1 1 1 0.37100000000000000000000000000000000000 18.518265206901833960680163273462994188
487 202 1 1 0 0.56700000000000000000000000000000000000 18.162630596785339594027248784288386285
487 272 1 1 1 0.12200000000000000000000000000000000000 19.225653028910412865073119061230220178
487 278 1 1 1 0.23000000000000000000000000000000000000 19.391144332716767164943043417541814565
487 292 0 0 0 0.084000000000000000000000000000000000000 20.795477750315872465641530399986282649
487 316 1 1 1 0.071000000000000000000000000000000000000 17.891587504956042406629893602114063721
509 98 2 2 1 1.1660000000000000000000000000000000000 19.667231071379317147465609688559670872
487 332 0 0 0 0.12100000000000000000000000000000000000 20.480838218980673512594560434296432649
509 106 1 1 0 0.99900000000000000000000000000000000000 20.522254944127662666704357054846989090
509 118 2 2 2 0.11900000000000000000000000000000000000 20.526665826905501935045376281875219363
509 124 0 0 0 0.045000000000000000000000000000000000000 20.524039741505208570194932548772687175
487 334 1 3 1 1.2680000000000000000000000000000000000 20.486651521015807334575804021003202033
487 368 1 1 1 0.091000000000000000000000000000000000000 19.953007397037803462638212337919324500
509 184 0 0 0 0.25900000000000000000000000000000000000 18.740252007461853843250036001642202212
509 192 1 1 0 0.80000000000000000000000000000000000000 18.879985052633650334925519448027691609
509 194 2 2 2 0.16100000000000000000000000000000000000 19.563142773589400093397589608499794659
487 382 0 2 0 1.3860000000000000000000000000000000000 21.043078564685425662426154228884868217
487 448 2 2 2 0.10400000000000000000000000000000000000 19.672163583683543561729934214349006084
509 206 1 1 0 0.86500000000000000000000000000000000000 19.526244695054543928238977360842326076
509 218 2 2 1 1.0100000000000000000000000000000000000 19.722194845231285467064130484612457717
509 236 0 0 0 0.23600000000000000000000000000000000000 20.300533229712914223550415462522843415
488 5 1 3 1 1.9760000000000000000000000000000000000 18.915529542152200970052180530004455193
488 7 2 2 2 0.11100000000000000000000000000000000000 17.222501873429638855831744387894093447
488 23 1 1 1 0.085000000000000000000000000000000000000 19.571815752519687779124870134218920833
488 31 0 0 0 0.28300000000000000000000000000000000000 18.850748943552958018947330312926495482
488 37 0 0 0 0.38400000000000000000000000000000000000 19.068377543451233001463377383298745871
509 242 1 3 0 1.2820000000000000000000000000000000000 19.361680916027030830621292211982611168
488 73 0 0 0 0.28200000000000000000000000000000000000 20.008009885873570962058689058022547061
488 97 2 2 2 0.22800000000000000000000000000000000000 19.592401283089605042879319815566666573
509 250 1 1 0 1.0840000000000000000000000000000000000 19.116304916144188233559651423532466112
488 103 1 1 0 1.1890000000000000000000000000000000000 20.076030175576948281784204700110335540
509 254 1 3 1 1.2590000000000000000000000000000000000 20.562043219105590153691340223524802670
509 256 3 3 3 0.10100000000000000000000000000000000000 18.301093644245954778017953698715929613
488 107 1 1 0 1.0420000000000000000000000000000000000 20.078475192191326215583510859985398158
509 296 1 1 0 1.0480000000000000000000000000000000000 20.598281455196052592455603157981431994
488 139 1 1 0 0.85700000000000000000000000000000000000 20.038977170004644782923591348112379585
488 163 2 2 2 0.084000000000000000000000000000000000000 19.214072767219711530413859032739896535
488 227 0 0 0 0.097000000000000000000000000000000000000 18.545236441565489427380940864619827880
488 233 0 0 0 0.086000000000000000000000000000000000000 19.971328911322556580822512691191225844
509 302 1 1 0 1.0540000000000000000000000000000000000 20.455302216043994036357308973107046462
488 251 1 1 0 0.82600000000000000000000000000000000000 20.196859359206033698239072494282911530
488 257 2 2 2 0.38000000000000000000000000000000000000 20.254505481873760176123445438186375667
509 376 1 1 0 1.2880000000000000000000000000000000000 20.873370309344545491756536745748378351
488 269 0 2 0 1.4780000000000000000000000000000000000 20.353127904477283335478333085480570585
509 394 1 1 0 1.4910000000000000000000000000000000000 21.193924274737904060430672092798639721
488 271 1 1 0 1.6960000000000000000000000000000000000 20.367789411398406931056480176085630760
488 293 4 4 4 0.13800000000000000000000000000000000000 20.503691598466257515476822871280222545
488 317 2 2 2 0.11000000000000000000000000000000000000 20.134306885862237974549332913665194838
488 373 0 0 0 0.11800000000000000000000000000000000000 20.742709687878224273139114801077752433
488 383 0 0 0 0.059000000000000000000000000000000000000 19.518808060493233192160144509542303001
509 404 0 2 0 1.4170000000000000000000000000000000000 21.197725853238797293999761865288329672
511 16 2 2 2 0.085000000000000000000000000000000000000 18.779867268737643825830739387602761891
511 32 1 1 0 0.83700000000000000000000000000000000000 19.247935885794530716780935386013571549
488 397 1 1 0 1.1200000000000000000000000000000000000 19.257074899516761413245391905929319026
488 439 0 0 0 0.048000000000000000000000000000000000000 19.322800927883027450062220104719654119
491 26 0 0 0 0.080000000000000000000000000000000000000 19.942928953020203643423579750206543953
511 256 0 0 0 0.27400000000000000000000000000000000000 18.780761905700183834911904150343140741
491 36 1 1 1 0.13600000000000000000000000000000000000 19.599154753786270833955756888511774131
512 25 1 1 0 0.94100000000000000000000000000000000000 17.248328098332955357665511548288335668
512 43 1 1 1 0.051000000000000000000000000000000000000 18.168286985138690141909592088925687173
491 62 1 1 0 0.96900000000000000000000000000000000000 20.278401030775209003556335074234169440
512 47 1 1 1 0.075000000000000000000000000000000000000 17.357474423727932281911412240472530000
512 77 1 1 1 0.11200000000000000000000000000000000000 18.370124565620794251839693950692968441
512 83 2 2 2 0.15300000000000000000000000000000000000 18.389996931922931338932000221108986205
512 97 1 1 0 0.96300000000000000000000000000000000000 18.422932681671798294479279802561694627
491 64 0 2 0 1.7450000000000000000000000000000000000 19.084602834321633474453313286883121618
491 92 1 1 1 0.10600000000000000000000000000000000000 20.382753344618798767970241908172264381
491 104 0 0 0 0.30700000000000000000000000000000000000 19.620487937225790073282664949829193810
512 127 1 1 0 1.0670000000000000000000000000000000000 17.958269078183297694582066583117921750
491 106 1 1 1 0.38700000000000000000000000000000000000 20.399975318131531156259072717631119577
512 149 0 2 0 1.1050000000000000000000000000000000000 16.503041730374213419380009091498172438
512 155 0 0 0 0.071000000000000000000000000000000000000 18.366585123129992188550475321540153956
491 128 1 1 0 1.1200000000000000000000000000000000000 17.842511079508440412726205507234253190
491 136 0 0 0 0.076000000000000000000000000000000000000 19.226126366375806395332871386244609032
512 167 0 0 0 0.21800000000000000000000000000000000000 18.302212221590887155995863978377506866
512 193 1 1 1 0.097000000000000000000000000000000000000 17.154897174401339193247567414424838624
491 146 1 1 0 0.91800000000000000000000000000000000000 19.494388906408769093574315759884697388
491 172 0 0 0 0.086000000000000000000000000000000000000 20.160464035066703111356070746065481118
512 203 1 1 0 1.1740000000000000000000000000000000000 17.701095347974528310766560693627888240
491 176 0 0 0 0.28600000000000000000000000000000000000 19.033340985865096040367597545946349468
512 247 1 1 1 0.098000000000000000000000000000000000000 16.678405700273265295208076718683229821
512 253 1 1 1 0.12300000000000000000000000000000000000 17.968984401916529565440933253457697662
512 265 0 0 0 0.30800000000000000000000000000000000000 18.573281158554136070715449864930312997
491 206 1 1 0 0.96000000000000000000000000000000000000 19.167008254704396074347334093572843982
491 208 1 1 1 0.22300000000000000000000000000000000000 18.815441786801486736322873951587905430
491 224 1 1 1 0.099000000000000000000000000000000000000 19.195074875956090355497130166216198491
512 281 1 1 1 0.78000000000000000000000000000000000000 18.704944801752441237727590234791696850
491 244 0 0 0 0.33400000000000000000000000000000000000 19.579666944986149735450517094748184112
491 274 1 1 1 0.12000000000000000000000000000000000000 20.222466885935174789968119007447627763
491 304 0 0 0 0.093000000000000000000000000000000000000 20.269263242946465316873843639209308628
512 293 0 2 0 1.1250000000000000000000000000000000000 18.784542393229124737700402740404032092
512 307 2 2 2 0.12200000000000000000000000000000000000 18.385126399352449882348774116089047993
491 314 1 1 0 0.99500000000000000000000000000000000000 20.914515505511412538598748824514117147
512 457 1 1 0 0.98700000000000000000000000000000000000 19.022395320150358479040091294939384684
512 467 0 0 0 0.063000000000000000000000000000000000000 18.492752892538893806265690309281612157
514 19 0 0 0 0.34200000000000000000000000000000000000 18.628077909912272057016550026202916908
514 31 1 1 0 1.2840000000000000000000000000000000000 20.155913490105307781905036309298293376
514 41 1 1 0 0.58500000000000000000000000000000000000 20.268837377523262468488756750094342538
514 59 2 2 1 1.2060000000000000000000000000000000000 20.405119209089243825341441429192607952
514 67 1 1 0 0.57500000000000000000000000000000000000 20.447785598116049676087192277964858436
514 101 1 1 0 0.61000000000000000000000000000000000000 20.549322421698913042638254610888532276
514 103 0 0 0 0.075000000000000000000000000000000000000 20.551950510130273180650490673736043217
514 137 1 1 1 0.054000000000000000000000000000000000000 20.542953453809231938231702465169351670
514 149 0 0 0 0.042000000000000000000000000000000000000 20.512231891934891163666542761609878593
514 151 1 1 0 0.65700000000000000000000000000000000000 19.463964523721361716845744349444643011
514 157 1 1 0 0.65300000000000000000000000000000000000 20.481240687132626311340241471038417599
514 179 1 1 1 0.076000000000000000000000000000000000000 19.853243730623582412103677400475068225
514 191 0 2 0 0.90200000000000000000000000000000000000 20.172261495232591019502142909682434856
514 199 1 1 0 0.53400000000000000000000000000000000000 19.517220496333265715084563767280602493
514 227 1 1 0 0.57100000000000000000000000000000000000 20.058755839332959744792009599134496419
514 241 0 0 0 0.13800000000000000000000000000000000000 20.382422250537520326954552274292805508
514 311 1 1 0 0.66100000000000000000000000000000000000 20.297874425837976153386822959917312410
514 347 1 1 1 0.10400000000000000000000000000000000000 21.135623720173272198710136059161215042
514 373 0 0 0 0.042000000000000000000000000000000000000 20.352240850897512749146402469079010382
514 409 1 1 0 0.96700000000000000000000000000000000000 21.231770109614378601116347358507679837
514 421 0 0 0 0.36000000000000000000000000000000000000 20.383066819526521372834004413900171531
514 503 1 1 0 0.71600000000000000000000000000000000000 20.110012366054524843601523634698879607
519 64 1 1 1 0.058000000000000000000000000000000000000 19.259107313748121928924477299271177280
519 512 2 2 1 0.74400000000000000000000000000000000000 16.963680757187089376091185902389965103
521 4 0 0 0 0.062000000000000000000000000000000000000 18.619744832599664121636725524837729507
521 18 0 0 0 0.046000000000000000000000000000000000000 18.646247693120244789130101343088569439
521 38 0 0 0 0.17400000000000000000000000000000000000 20.280225755176227037802938544701048399
521 40 0 0 0 0.085000000000000000000000000000000000000 19.999674400849715793958261997684104215
521 58 1 1 0 0.49800000000000000000000000000000000000 20.441360947967480056495563663134037739
521 74 0 2 0 0.80800000000000000000000000000000000000 20.521383563078270003344148081747368590
521 92 1 1 0 0.55800000000000000000000000000000000000 20.577425615661793208593960809749194254
521 94 1 1 1 0.053000000000000000000000000000000000000 20.581787883952923498931845123674483368
521 106 1 1 0 0.59800000000000000000000000000000000000 20.600776968161141848962374829877898181
521 112 0 0 0 0.40400000000000000000000000000000000000 20.003697733959147657817258247439110665
521 136 1 1 0 0.57800000000000000000000000000000000000 19.816674945428311418750896776729001151
521 144 1 1 1 0.043000000000000000000000000000000000000 19.499872733779131160976439224269103364
521 164 1 1 0 0.41000000000000000000000000000000000000 20.504725381479998420682382941178225638
521 176 1 1 0 0.58900000000000000000000000000000000000 19.823962338737559902665140096905590465
521 194 0 0 0 0.034000000000000000000000000000000000000 18.522176598820470385871470917614177553
521 256 0 0 0 0.061000000000000000000000000000000000000 18.790319876475989103329151592319664699
521 274 1 1 1 0.048000000000000000000000000000000000000 20.779642210896464483401461889095877522
521 278 1 1 0 0.50800000000000000000000000000000000000 18.904305810958756950711934033460811607
521 284 0 2 0 0.67400000000000000000000000000000000000 20.858723604768450690921527720792301116
521 302 0 0 0 0.050000000000000000000000000000000000000 20.974745618385581062226314007113283426
521 304 1 1 0 0.57800000000000000000000000000000000000 19.684934926290860000944527579214940387
521 326 1 1 1 0.11600000000000000000000000000000000000 20.050581670028686900530535901895341636
521 334 0 0 0 0.14300000000000000000000000000000000000 20.646518054409645275697341497214671203
521 376 0 0 0 0.17900000000000000000000000000000000000 20.939526062661260925601222112571849302
521 398 1 1 0 0.59500000000000000000000000000000000000 21.270887213067207044097693742507418043
521 436 2 2 2 0.074000000000000000000000000000000000000 21.266182272341647747626385349624989231
521 452 0 0 0 0.065000000000000000000000000000000000000 21.235004895081566322543278139966426186
521 466 0 0 0 0.21600000000000000000000000000000000000 21.185918591159736335597295213011069999
523 28 1 1 0 0.63100000000000000000000000000000000000 19.689741930113469067964307541022101743
523 38 0 0 0 0.043000000000000000000000000000000000000 20.292000339882954415489746123328297191
523 58 1 1 0 0.46300000000000000000000000000000000000 20.453315403429206070276640356804219688
523 68 1 1 1 0.061000000000000000000000000000000000000 20.507276335522709213052724135605022339
523 72 1 1 1 0.050000000000000000000000000000000000000 19.747103201666571637632347490325887529
523 86 0 0 0 0.17100000000000000000000000000000000000 20.574576642477706602422790899309057785
523 88 1 1 1 0.060000000000000000000000000000000000000 20.279027544450584804262656565045470376
523 104 0 0 0 0.025000000000000000000000000000000000000 20.310232359618255025331162984117670800
523 128 1 1 0 0.61000000000000000000000000000000000000 17.751006935628674431016156861418441420
523 142 1 1 1 0.053000000000000000000000000000000000000 20.598119437089869153906813005575617887
523 166 0 2 0 0.55300000000000000000000000000000000000 20.510672507365274477393971714368395581
523 208 0 2 0 0.85600000000000000000000000000000000000 18.773398925248775486686130471295890775
523 218 0 0 0 0.17200000000000000000000000000000000000 17.842680614896998200244203087458389349
523 236 1 1 0 0.61800000000000000000000000000000000000 20.258412062728573520881998870246268230
523 254 1 1 0 0.63400000000000000000000000000000000000 20.572256071833614410057945406199607941
523 268 0 0 0 0.13700000000000000000000000000000000000 20.728949533315713553940946893815943011
523 292 0 0 0 0.061000000000000000000000000000000000000 20.919889931657422197336731387908632283
523 302 1 1 1 0.033000000000000000000000000000000000000 20.282472567920373539888763812973803285
523 324 1 1 0 0.44200000000000000000000000000000000000 18.618740675815417503021280423799594292
523 328 0 0 0 0.059000000000000000000000000000000000000 20.807349646124183309083536926968154999
523 338 1 1 0 0.65100000000000000000000000000000000000 20.032985975863547684467317149207026527
523 362 1 1 0 0.57800000000000000000000000000000000000 21.220120531870681480713554020812644435
523 412 0 0 0 0.064000000000000000000000000000000000000 19.601217145795207247398671723885946564
523 446 1 1 1 0.19600000000000000000000000000000000000 21.266100451251782387126287310016670262
523 478 1 1 1 0.18300000000000000000000000000000000000 20.667804711688106761487035833577062486
524 29 1 1 0 0.58200000000000000000000000000000000000 19.710182200545572625205509234559367999
524 31 1 1 1 0.27200000000000000000000000000000000000 19.369818276386409691588625779200561363
524 41 1 1 0 0.52000000000000000000000000000000000000 20.328169455349162655944344626156920602
524 59 1 1 0 0.53600000000000000000000000000000000000 20.465316275068298609309049815385293775
524 71 1 1 0 0.64200000000000000000000000000000000000 20.526978650300022102029872000384714270
524 73 1 1 0 0.79500000000000000000000000000000000000 20.535517083714162710218273198962349972
524 97 2 2 1 0.94600000000000000000000000000000000000 19.652353524300745330884073804690122793
524 121 0 0 0 0.088000000000000000000000000000000000000 19.586247344366743795092883912336625815
524 125 0 0 0 0.064000000000000000000000000000000000000 19.228542610998602850190508848364473468
524 139 2 2 2 0.099000000000000000000000000000000000000 20.611098839548156672550188675915025662
524 163 1 1 0 0.75100000000000000000000000000000000000 19.255759707479624255437452430638827630
524 169 1 1 1 0.094000000000000000000000000000000000000 18.910793846663583798316456524966650417
524 179 0 0 0 0.037000000000000000000000000000000000000 20.429437816501889178857498207543257917
524 191 1 1 1 0.064000000000000000000000000000000000000 19.819646978057836523326279440120953440
524 227 0 0 0 0.14200000000000000000000000000000000000 18.158727416682951456871219269586152296
524 233 1 1 0 0.50900000000000000000000000000000000000 19.328850027688232229556975633746837885
524 239 1 1 0 0.31700000000000000000000000000000000000 20.322984305237446715852590769805643936
524 251 1 1 0 0.45600000000000000000000000000000000000 19.832397619068573394036802943655233047
524 269 1 1 1 0.17800000000000000000000000000000000000 20.740268216948900360331050450186645005
524 271 0 0 0 0.047000000000000000000000000000000000000 20.759041062043086467303398644572693716
524 293 1 1 0 0.85200000000000000000000000000000000000 20.929422142075464824994450902306665547
524 337 0 0 0 0.21000000000000000000000000000000000000 21.147576994198157480408559528859352485
524 379 1 1 0 0.53700000000000000000000000000000000000 21.262035659160031274607789555228048220
524 397 0 2 0 0.80900000000000000000000000000000000000 21.287701539210812491592827226939749233
524 419 1 1 0 0.57300000000000000000000000000000000000 21.298703890023063778683772269137790328
524 433 0 2 0 0.86300000000000000000000000000000000000 21.292143571124662824465803876686362764
524 491 0 0 0 0.18500000000000000000000000000000000000 21.055404232209001483932994131535181428
526 1 0 0 0 0.15000000000000000000000000000000000000 18.046889221173922417349029727090249534
526 29 0 0 0 0.15900000000000000000000000000000000000 20.198956427375286891701678132278822417
526 71 0 0 0 0.18200000000000000000000000000000000000 20.539026725067229593687911792845384762
526 89 0 0 0 0.043000000000000000000000000000000000000 20.601223231962080303935506937461524647
526 97 0 0 0 0.16300000000000000000000000000000000000 20.619135568492934473741516066030255424
526 101 1 1 1 0.069000000000000000000000000000000000000 19.927079301766962264659568639639051631
526 113 0 0 0 0.047000000000000000000000000000000000000 20.161777330371046837052444876956599198
526 139 1 1 1 0.043000000000000000000000000000000000000 20.148134358877814052597445152796798863
526 169 0 0 0 0.14600000000000000000000000000000000000 19.404984912422957302180394169237987862
526 173 1 1 0 0.68500000000000000000000000000000000000 20.493697255175030492289518651437246886
526 181 1 1 0 0.60100000000000000000000000000000000000 20.431067794709116956211724158450804691
526 211 0 0 0 0.044000000000000000000000000000000000000 19.297948058015520180262284028877299975
526 239 2 2 2 0.17100000000000000000000000000000000000 19.839203901016697883292445969218196012
526 241 0 0 0 0.11200000000000000000000000000000000000 19.513859422463559815486241734931070448
526 251 1 1 0 0.51600000000000000000000000000000000000 19.831825266807482617911669412695399209
526 347 0 0 0 0.14300000000000000000000000000000000000 19.868712744894616309753881859381449498
526 409 1 1 0 0.53400000000000000000000000000000000000 20.832011092417551276075842672165779738
526 431 1 1 0 0.52700000000000000000000000000000000000 21.308232855406436080851259306114937495
526 433 1 1 0 0.51500000000000000000000000000000000000 21.306776268194826738067912245598900579
526 449 1 1 0 0.49700000000000000000000000000000000000 20.586139516340908386531013445159599277
526 461 1 1 0 0.75000000000000000000000000000000000000 21.254653257189600383011476786477895719
526 463 1 1 0 0.85800000000000000000000000000000000000 20.770980356460065166349284259067951024
526 503 0 0 0 0.051000000000000000000000000000000000000 19.251768677004645061877048434785120406
527 32 1 1 1 0.062000000000000000000000000000000000000 18.865269410471181051189453853035771265
527 128 0 2 0 0.81600000000000000000000000000000000000 19.139892196784489594419884256787429388
529 4 0 0 0 0.24900000000000000000000000000000000000 17.304348018210547697712877520583429352
529 8 0 2 0 0.60300000000000000000000000000000000000 15.467502080001587400714777908169515966
529 32 1 1 0 0.54400000000000000000000000000000000000 17.992264408521698404800424643511042054
529 56 1 1 0 0.49400000000000000000000000000000000000 18.336403539694929510151779203178838212
529 74 1 1 1 0.22100000000000000000000000000000000000 18.730907316654784711260511109557158330
529 94 1 1 0 0.44800000000000000000000000000000000000 19.269939120108932872700880255164774537
529 98 1 1 0 0.47400000000000000000000000000000000000 18.432903003266890044978240298758761587
529 100 0 0 0 0.066000000000000000000000000000000000000 18.582561169765272226400622102123867430
529 116 0 0 0 0.051000000000000000000000000000000000000 19.298068129188278007539401328104217924
529 122 2 2 2 0.71100000000000000000000000000000000000 19.298924398390802003310634148896389875
529 134 0 0 0 0.046000000000000000000000000000000000000 19.291515765186172635814623438222894126
529 136 1 1 0 0.71400000000000000000000000000000000000 18.988004657697286944852993298275679298
529 162 1 1 0 0.80500000000000000000000000000000000000 17.786252080165132870297742865722582323
529 164 2 2 2 0.093000000000000000000000000000000000000 18.731322745354933447770606630339851256
529 206 0 0 0 0.18100000000000000000000000000000000000 17.852380963203578932754238293930161630
529 256 0 0 0 0.29600000000000000000000000000000000000 17.432047703815206159956130837305989204
529 274 1 1 1 0.43900000000000000000000000000000000000 19.434075616629524589654330229864867888
529 292 0 2 0 0.72000000000000000000000000000000000000 18.084091538067638355388503524261811361
529 326 0 2 0 0.75000000000000000000000000000000000000 19.284848849918181312251143530689174943
529 332 0 0 0 0.044000000000000000000000000000000000000 19.787246249837176123262870167109876872
529 386 1 1 1 0.20800000000000000000000000000000000000 19.939149017193514541640076132155060070
529 472 1 1 1 0.045000000000000000000000000000000000000 19.581067250045588221491194565479976435
533 16 0 0 0 0.15900000000000000000000000000000000000 18.908253532914488148647356811001207039
533 512 2 2 2 0.058000000000000000000000000000000000000 18.842444449543068888333382571725430638
535 128 1 1 1 0.051000000000000000000000000000000000000 17.831608778886172192802785425010774488
536 19 1 1 1 0.046000000000000000000000000000000000000 19.777015109915867673935582684420346172
536 25 2 2 2 0.060000000000000000000000000000000000000 19.194413751049711914538385021916055135
536 53 1 1 0 0.63000000000000000000000000000000000000 20.195890914283421026838904171293899639
536 59 0 0 0 0.24400000000000000000000000000000000000 19.757819752798835808279313179546840811
536 101 1 1 1 0.24500000000000000000000000000000000000 19.542262956999106324995625809933680842
536 109 1 1 0 0.66800000000000000000000000000000000000 20.398309041087859211088066017387817264
536 151 1 1 1 0.054000000000000000000000000000000000000 20.369527502301132123235373195425395650
536 179 1 1 1 0.042000000000000000000000000000000000000 20.239241670240178734716918473960874985
536 197 0 0 0 0.037000000000000000000000000000000000000 18.187742703088887765607933571796405042
536 223 0 0 0 0.052000000000000000000000000000000000000 17.857167428496812176120976824952993567
536 241 1 1 0 0.45300000000000000000000000000000000000 20.021844013267871396362525194887658509
536 263 1 1 0 0.57800000000000000000000000000000000000 20.389676633715210972081840178145948040
536 269 2 2 1 0.62500000000000000000000000000000000000 20.456885010219722788077600617480626656
536 281 1 1 1 0.078000000000000000000000000000000000000 20.569776339375230630499935950735685744
536 283 1 1 1 0.10000000000000000000000000000000000000 20.109275852980286062182117249913517767
536 289 1 1 0 0.36500000000000000000000000000000000000 18.703786306136453456217815685574577768
536 349 0 0 0 0.061000000000000000000000000000000000000 20.940188557564867307333992228676894248
536 361 0 0 0 0.20900000000000000000000000000000000000 19.000051375399677684858953822586801206
536 383 0 0 0 0.16900000000000000000000000000000000000 20.553798971942785716887173972682895829
536 421 1 1 0 0.70100000000000000000000000000000000000 21.075325119909150596778419612611760218
536 457 0 0 0 0.39700000000000000000000000000000000000 19.360342341904668298809151078433901658
536 479 0 0 0 0.097000000000000000000000000000000000000 20.985293291613597919927630024338184408
538 1 2 2 1 0.89400000000000000000000000000000000000 17.969337390788522399050308408499064473
538 13 2 2 2 0.070000000000000000000000000000000000000 19.227641660102723923748133200731483338
538 23 1 1 0 0.61500000000000000000000000000000000000 20.170592062402059539083809182866407485
538 43 2 2 2 0.064000000000000000000000000000000000000 19.951055017795858037259934730499505556
538 73 1 1 0 0.60500000000000000000000000000000000000 20.619025950960055698655876472999124486
538 83 1 1 0 0.53900000000000000000000000000000000000 19.702186588990575466325841784002549923
538 113 1 1 1 0.054000000000000000000000000000000000000 20.016575993677535209728382202843128061
538 125 1 1 1 0.11600000000000000000000000000000000000 19.321195802020962753425791294083871646
538 127 1 1 0 0.59500000000000000000000000000000000000 20.718619318081530091516916696900437957
538 131 0 0 0 0.090000000000000000000000000000000000000 20.716599428039151827949318501477743760
538 167 1 1 0 0.44200000000000000000000000000000000000 20.627801199445692993689227078470750607
538 193 0 0 0 0.12900000000000000000000000000000000000 20.428297964822680039416070350819084885
538 197 1 1 1 0.042000000000000000000000000000000000000 17.917886077033412499227246967511462528
538 239 1 3 1 0.69000000000000000000000000000000000000 20.259152625021555667105903139899350221
538 307 2 2 2 0.10300000000000000000000000000000000000 19.944785299190612545076993804645894884
538 317 1 1 1 0.26900000000000000000000000000000000000 20.636597904834489899742433064084639226
538 397 0 0 0 0.33200000000000000000000000000000000000 21.366308615590096605346004820388187657
538 419 0 0 0 0.20300000000000000000000000000000000000 21.387843392663895249907440470889222949
538 449 0 0 0 0.063000000000000000000000000000000000000 21.379222728090831279360832972219906143
538 463 0 0 0 0.35300000000000000000000000000000000000 20.656668888735493377798746702136149774
541 12 1 1 0 0.92600000000000000000000000000000000000 18.547306706883414941217368882791631953
541 14 1 1 0 0.72700000000000000000000000000000000000 19.975439637554439125002524766230910182
541 44 1 1 0 0.71900000000000000000000000000000000000 19.977232031279713635616370129344563426
541 68 0 0 0 0.063000000000000000000000000000000000000 20.613811495531836191666739255261141703
541 86 2 2 1 1.0700000000000000000000000000000000000 20.683651417606772012952748283214479637
541 92 0 0 0 0.26800000000000000000000000000000000000 20.700069389277157809988869361892354946
541 104 1 1 1 0.087000000000000000000000000000000000000 20.422892824294299287965506081160527179
541 118 0 0 0 0.30600000000000000000000000000000000000 20.260352617641567455399692712076600527
541 124 1 1 0 0.85600000000000000000000000000000000000 20.738639908487564184836353807360738968
541 158 1 1 0 0.65400000000000000000000000000000000000 20.686341558868000491037055734235140256
541 164 1 1 1 0.051000000000000000000000000000000000000 20.664316318273778275231071735443746710
541 184 1 1 1 0.24700000000000000000000000000000000000 19.547017696805764452337978008693509585
541 196 2 2 1 1.1810000000000000000000000000000000000 19.578552163845917009093132362277597214
541 200 1 1 1 0.16200000000000000000000000000000000000 19.366696943254169612739304185430728253
541 218 0 0 0 0.24500000000000000000000000000000000000 18.964739664954506526449682189742003369
541 226 1 1 0 0.70800000000000000000000000000000000000 18.845441770629094203299557816108397022
541 236 1 1 0 0.57400000000000000000000000000000000000 20.136100831554408941947129828920944754
541 254 0 0 0 0.33900000000000000000000000000000000000 20.565784609087361814667462439789916652
541 320 2 2 2 0.11900000000000000000000000000000000000 19.935189857479854260768233132625853058
541 352 0 2 0 1.2900000000000000000000000000000000000 19.415283869627632489292507775367351748
541 356 0 0 0 0.084000000000000000000000000000000000000 21.285774666309366929700568530875794040
541 376 0 0 0 0.068000000000000000000000000000000000000 21.040356008476048648796549111937254251
541 394 2 2 2 0.085000000000000000000000000000000000000 20.532475180176388203875822477801206567
541 446 1 1 0 1.0070000000000000000000000000000000000 21.403953462937544324447689587182268338
541 454 0 0 0 0.072000000000000000000000000000000000000 21.395431228576787218393824339449355219
541 464 1 1 0 0.57100000000000000000000000000000000000 20.776329694676814064791673827964986693
541 482 0 0 0 0.054000000000000000000000000000000000000 21.324634352229782255467274472342400071
541 508 0 0 0 0.24400000000000000000000000000000000000 20.310678303372092486468452946942354137
542 17 0 0 0 0.26000000000000000000000000000000000000 19.365445783556657944841982728396621264
542 47 0 0 0 0.049000000000000000000000000000000000000 20.008639025816250554959385186696428655
542 53 1 1 0 0.82600000000000000000000000000000000000 20.531450322021156690526301932352753972
542 59 1 1 0 0.70700000000000000000000000000000000000 20.570675645298930488408664404162637712
542 67 2 2 1 0.94900000000000000000000000000000000000 19.915729854268229397174692412565688865
542 73 1 3 1 1.2890000000000000000000000000000000000 20.642452076437107229820419464815616489
542 107 1 1 1 0.088000000000000000000000000000000000000 20.734263354148529153183429212861759206
542 113 0 0 0 0.23900000000000000000000000000000000000 20.740613359788385046051751582002283789
542 151 0 2 0 0.84100000000000000000000000000000000000 20.236386378451510201297332510634504490
542 157 0 2 0 1.0550000000000000000000000000000000000 20.696885856737032910148505269688865561
542 173 0 0 0 0.26000000000000000000000000000000000000 20.152297964756957250717106426649576273
542 223 1 1 1 0.10100000000000000000000000000000000000 17.895228923558816243915293637768593270
542 257 1 3 0 1.0160000000000000000000000000000000000 20.611191903146126167232945881012888708
542 263 1 1 0 0.65600000000000000000000000000000000000 20.216241263821123992935424557506220253
542 277 1 1 0 1.0330000000000000000000000000000000000 20.368898126303905675707390978075572291
542 283 1 1 1 0.39500000000000000000000000000000000000 20.200851630484410836901534721287500675
542 331 1 1 0 0.69700000000000000000000000000000000000 20.717824883856809146404206600293352751
542 347 1 1 1 0.38800000000000000000000000000000000000 21.259258165747411090637221665865778935
542 409 1 1 0 0.84800000000000000000000000000000000000 21.403362161547620010460296207978747291
542 503 2 2 2 0.11100000000000000000000000000000000000 21.215479565250130964877884567761423077
544 3 1 1 0 0.67000000000000000000000000000000000000 18.422101108632261754847389245408608659
544 11 3 3 3 0.11500000000000000000000000000000000000 18.985220731302969389284227901628143824
544 61 1 1 1 0.11100000000000000000000000000000000000 18.649522594679565249262386635043865784
544 71 2 2 2 0.10500000000000000000000000000000000000 19.742186868234615491847802721135013196
544 79 2 2 2 0.091000000000000000000000000000000000000 19.774909629308775144328991666814170433
544 89 2 2 2 0.14600000000000000000000000000000000000 19.807021407986320854092767553944492653
544 107 1 1 0 1.0190000000000000000000000000000000000 19.843457210473916030238209463508127987
544 121 2 2 2 0.084000000000000000000000000000000000000 18.335870483615725736955557693956206496
544 149 1 1 0 1.0410000000000000000000000000000000000 19.351962012506106411088024531373848251
544 263 0 0 0 0.058000000000000000000000000000000000000 19.790674784551285729493081918657498481
544 271 0 0 0 0.29500000000000000000000000000000000000 19.885003584008653513946637660846027311
544 349 0 0 0 0.089000000000000000000000000000000000000 19.526456705946525525023266446794937485
544 359 0 0 0 0.077000000000000000000000000000000000000 20.405141632628306207199434714874807012
544 379 1 1 1 0.10000000000000000000000000000000000000 20.459649345551947348166590842730070394
544 401 1 1 1 0.40200000000000000000000000000000000000 19.546893536964789185330706921429917842
544 457 1 1 1 0.12500000000000000000000000000000000000 20.510907042435338486223364597630106813
544 479 0 0 0 0.088000000000000000000000000000000000000 20.461403826155552229993940341265088622
545 64 2 2 2 0.10400000000000000000000000000000000000 19.412357118402107014730203013841987581
547 8 1 1 0 1.1120000000000000000000000000000000000 18.621192631031211238924695734740985310
547 14 0 2 0 0.79200000000000000000000000000000000000 20.009014630816883208770501576795923744
547 44 1 1 0 0.67600000000000000000000000000000000000 20.488337353035346186398784369080878696
547 62 1 1 0 0.60200000000000000000000000000000000000 20.616897548717352662183642661198842222
547 64 1 1 0 0.98000000000000000000000000000000000000 19.423821697650547127370920935396317426
547 82 0 2 0 0.97600000000000000000000000000000000000 20.706176203486072364126061707470964909
547 86 0 0 0 0.054000000000000000000000000000000000000 20.719102189610624750140935484970829586
547 92 1 1 0 0.69500000000000000000000000000000000000 20.258724475353551566487397301898036820
547 118 1 1 1 0.057000000000000000000000000000000000000 20.775175483833827680155637688577345032
547 148 0 0 0 0.092000000000000000000000000000000000000 20.755035351915986934978966139100218758
547 164 0 0 0 0.20700000000000000000000000000000000000 20.232627960082431378982395653712349908
547 202 1 1 0 0.57900000000000000000000000000000000000 20.408370265083843917144109508203462139
547 212 0 0 0 0.046000000000000000000000000000000000000 20.204413320503410117051129520253766017
547 216 0 0 0 0.24000000000000000000000000000000000000 18.818499585404262643822416016313161909
547 218 0 0 0 0.048000000000000000000000000000000000000 19.509846394599938272652622109069023985
547 226 1 1 0 0.39200000000000000000000000000000000000 18.829587895845816170813131154582307480
547 232 1 1 0 0.47400000000000000000000000000000000000 19.037877364095545140169246337428761887
547 248 0 0 0 0.053000000000000000000000000000000000000 20.139579365814304706470536384084227565
547 272 2 2 2 0.080000000000000000000000000000000000000 19.023717858425448054716489736550582555
547 284 1 1 0 0.39700000000000000000000000000000000000 19.227758757013028339162336201674431201
547 338 1 1 1 0.046000000000000000000000000000000000000 20.129825786107147654416472980842498301
547 352 0 0 0 0.034000000000000000000000000000000000000 20.394467303769511812830251235419295081
547 388 2 2 2 0.085000000000000000000000000000000000000 19.905499828132508821124357708139911548
547 428 1 1 0 0.52000000000000000000000000000000000000 20.747384580006980000523051630375036280
547 454 1 1 0 0.70300000000000000000000000000000000000 21.439545014875282031084445034934329986
548 13 1 1 1 0.074000000000000000000000000000000000000 19.982664019638964748139263059168362162
548 29 1 1 0 0.65600000000000000000000000000000000000 20.324257986593792912136251287213681896
548 37 1 1 1 0.057000000000000000000000000000000000000 19.947494883227597006784647826521276603
548 47 0 0 0 0.19100000000000000000000000000000000000 20.519746364084774023373801524193759980
548 67 0 2 0 0.80700000000000000000000000000000000000 20.649264117852121483781901171040327246
548 79 0 0 0 0.033000000000000000000000000000000000000 20.701314595115885363629674035517514933
548 97 0 0 0 0.17100000000000000000000000000000000000 19.908369107302827797945493306689117917
548 101 0 0 0 0.053000000000000000000000000000000000000 20.761390169917157371995677264754763189
548 103 1 1 0 0.60600000000000000000000000000000000000 20.764883674177647855627276283567157032
548 149 0 0 0 0.20000000000000000000000000000000000000 20.759919826097150406767935063511562457
548 157 1 1 0 0.51000000000000000000000000000000000000 20.740317859770394332427722986647886035
548 163 0 0 0 0.044000000000000000000000000000000000000 20.243774664647409530380913293927287707
548 167 0 0 0 0.11900000000000000000000000000000000000 18.652312380693166881155252166310650599
548 169 0 0 0 0.060000000000000000000000000000000000000 19.582848610420763258077484228590474842
548 193 1 1 0 0.57700000000000000000000000000000000000 20.531701467940234808654044296867560959
548 229 1 1 0 0.51200000000000000000000000000000000000 16.660603208421032414667611718094123246
548 233 1 1 1 0.22500000000000000000000000000000000000 19.390067355728646816675553218391034054
548 257 1 1 0 0.43600000000000000000000000000000000000 20.605894885273639628135844660443430832
548 313 1 1 0 0.55200000000000000000000000000000000000 21.124401732914119431612009576500244235
548 317 1 3 0 0.90000000000000000000000000000000000000 21.146757676819458959231436783850051861
548 353 1 1 1 0.40800000000000000000000000000000000000 21.305150794562580764131933500267899690
548 383 2 2 1 0.84100000000000000000000000000000000000 20.545861100329148484081066595804287902
548 439 0 0 0 0.16700000000000000000000000000000000000 21.454234216720905789422125963684542482
548 457 1 1 1 0.078000000000000000000000000000000000000 21.443601618149893417121499410143918284
553 2 0 0 0 0.17100000000000000000000000000000000000 19.199036153648043179257077050407844508
553 8 1 1 1 0.089000000000000000000000000000000000000 19.499469354705338037956303447019262639
553 256 1 1 1 0.17900000000000000000000000000000000000 17.821141338734930273230375847137430194
554 1 1 1 0 0.71500000000000000000000000000000000000 18.903528452164084495885790924012591688
554 29 0 2 0 0.83500000000000000000000000000000000000 19.658578420395992582311225675638092853
554 41 1 1 0 0.60200000000000000000000000000000000000 19.545196239281845882494464634102590477
554 61 0 0 0 0.20800000000000000000000000000000000000 18.960643562505111607006010620646994440
554 73 1 1 1 0.088000000000000000000000000000000000000 20.711621994264344058333367394727282073
554 109 0 0 0 0.087000000000000000000000000000000000000 20.809876788977166232715442831269449040
554 125 0 2 0 1.1560000000000000000000000000000000000 19.423131930125511007942656264399406527
554 139 0 0 0 0.18000000000000000000000000000000000000 20.337941787387220553144921315876740278
554 151 0 0 0 0.072000000000000000000000000000000000000 20.797003432016836993302492603698915575
554 169 1 1 1 0.053000000000000000000000000000000000000 19.628574327530390462188008744058161026
554 181 0 0 0 0.15200000000000000000000000000000000000 19.836397568723009105815887584862095550
554 239 0 0 0 0.15000000000000000000000000000000000000 19.629399026620005329585600364434799786
554 251 1 1 0 0.64000000000000000000000000000000000000 20.481018843851448990742076261832740114
554 281 0 0 0 0.14000000000000000000000000000000000000 20.901997645186837005409040917038854329
554 283 0 0 0 0.16000000000000000000000000000000000000 19.966630948415332643354272472383673674
554 307 1 1 0 0.63900000000000000000000000000000000000 19.743649231253521262850595238706776070
554 349 0 0 0 0.21700000000000000000000000000000000000 21.314437252495263935556010053869591117
554 359 1 1 0 0.69700000000000000000000000000000000000 21.350259737701690304958553164482967673
554 389 0 0 0 0.082000000000000000000000000000000000000 20.202314070483320180031507235126700000
554 421 1 1 1 0.21600000000000000000000000000000000000 20.783361622422964688018283269825700846
554 449 2 2 1 0.58200000000000000000000000000000000000 21.490876749020435735778468869584182430
554 461 1 1 0 0.52300000000000000000000000000000000000 21.482519825111182694776102573384944518
554 467 0 2 0 0.65000000000000000000000000000000000000 21.475063994739189747814621815087439015
554 487 0 2 0 0.81300000000000000000000000000000000000 21.430354395770628025355737648006372442
554 491 1 1 1 0.055000000000000000000000000000000000000 20.939732346587733794822983317261702787
556 5 2 2 1 0.77400000000000000000000000000000000000 19.613217648574267704831485315103124810
556 29 0 0 0 0.16600000000000000000000000000000000000 19.891443009715937662884722391832355731
556 37 1 1 0 0.49900000000000000000000000000000000000 20.469080843445749147905716242954392797
556 59 0 0 0 0.18100000000000000000000000000000000000 20.650106264467189497388904288041986151
556 71 2 2 2 0.12600000000000000000000000000000000000 20.714022938098848811293185056700038714
556 73 1 1 0 0.66800000000000000000000000000000000000 20.722992621730712243479580985820465719
556 101 1 1 1 0.058000000000000000000000000000000000000 19.101440669174604897459341194462415496
556 109 0 0 0 0.14500000000000000000000000000000000000 20.821886155218531845335337390567334878
556 149 1 1 1 0.070000000000000000000000000000000000000 20.814422211075173018668219924418772165
556 157 0 0 0 0.029000000000000000000000000000000000000 20.796896280091347785125781638628931150
556 167 0 0 0 0.037000000000000000000000000000000000000 20.765319349269424752567879273577418723
556 179 0 2 0 0.64700000000000000000000000000000000000 19.864522094265623472848375893253838715
556 197 1 1 0 0.39800000000000000000000000000000000000 20.569860443445119570515882449614517746
556 199 1 1 1 0.15600000000000000000000000000000000000 20.547908259745271164392857868667977969
556 211 1 1 0 0.46400000000000000000000000000000000000 20.366132258850015564506485776130893015
556 269 0 0 0 0.042000000000000000000000000000000000000 20.073106458709548635311447559852574702
556 347 1 1 0 0.46400000000000000000000000000000000000 21.314335269594613767856067671019152063
556 361 0 0 0 0.18500000000000000000000000000000000000 20.086373573518649162872407986664963104
556 379 1 1 0 0.54800000000000000000000000000000000000 21.418225034863686103535681362465665548
556 401 1 1 0 0.56600000000000000000000000000000000000 20.620901123533185781137955473603473801
556 479 1 1 0 0.67200000000000000000000000000000000000 20.991738027571706104539398200651336642
557 2 0 0 0 0.15200000000000000000000000000000000000 17.530751089808346145509458020076425108
557 4 0 0 0 0.23300000000000000000000000000000000000 19.521859561199282354385215769616144563
557 16 0 0 0 0.070000000000000000000000000000000000000 19.519502683567147559683822099194440444
557 32 1 1 1 0.32400000000000000000000000000000000000 18.812928562452898287681624502978256651
557 38 1 1 1 0.075000000000000000000000000000000000000 20.485422925365802757625716641957891337
557 52 1 1 1 0.30100000000000000000000000000000000000 18.936768813478760839272638391589587420
557 86 0 2 0 0.83000000000000000000000000000000000000 20.777228062358679750602826042124178239
557 88 1 1 1 0.14300000000000000000000000000000000000 20.482289042944318359631633596628337688
557 92 1 1 0 0.70000000000000000000000000000000000000 20.794486175170062925225980230989019284
557 106 1 1 0 0.93400000000000000000000000000000000000 20.823566384058842641860310555517592985
557 122 2 2 2 0.11600000000000000000000000000000000000 20.838939920338869450146216559200707958
557 128 3 3 3 0.11000000000000000000000000000000000000 19.334735937495174953248429105686794286
557 158 0 0 0 0.24900000000000000000000000000000000000 20.801254720614488261884712706302475302
557 202 1 1 1 0.10700000000000000000000000000000000000 20.522338502662929165397738197676551593
557 242 2 2 2 0.10400000000000000000000000000000000000 18.680975001054556112130620970733641857
557 248 0 2 0 0.82200000000000000000000000000000000000 20.093933493374908165081408612438590275
557 262 0 0 0 0.25900000000000000000000000000000000000 20.197472004116001968250810220336329307
557 298 1 1 0 0.77600000000000000000000000000000000000 20.573706965713110868506064372650701739
557 304 1 1 1 0.11600000000000000000000000000000000000 20.491368663501877601727236519861475064
557 356 0 0 0 0.25900000000000000000000000000000000000 21.351966996079594725717845654393711003
557 392 2 2 2 0.57000000000000000000000000000000000000 20.307305731724351962631717801621890215
557 412 0 0 0 0.035000000000000000000000000000000000000 21.488242804220123259070862775131016271
557 458 1 1 1 0.49800000000000000000000000000000000000 21.028991030037736155855258545599707704
557 466 0 0 0 0.32900000000000000000000000000000000000 21.498474728663314792642852387003779087
557 488 1 1 1 0.34400000000000000000000000000000000000 20.307984184228706177375012021238627851
557 536 0 0 0 0.22100000000000000000000000000000000000 20.785257190531635444207504512368194352
559 64 1 1 1 0.072000000000000000000000000000000000000 19.014567599908996712488976044575107412
559 128 0 0 0 0.17300000000000000000000000000000000000 19.347210691723255021875479264265890821
560 1 0 0 0 0.073000000000000000000000000000000000000 18.334216507900921067229181291917772343
562 23 1 1 1 0.11200000000000000000000000000000000000 18.981519567890299454778891935218430502
562 47 0 0 0 0.22300000000000000000000000000000000000 20.597578075668678491781085544648046441
562 67 0 0 0 0.083000000000000000000000000000000000000 20.251246813652091856891166912384407098
562 89 1 1 0 0.72700000000000000000000000000000000000 20.814982306436549767202657077616441170
562 103 1 1 0 0.74600000000000000000000000000000000000 19.893749092576004945095498100069076588
562 107 0 0 0 0.099000000000000000000000000000000000000 20.854689512695850841785416911952657275
562 127 0 0 0 0.29300000000000000000000000000000000000 20.870903837336823833535192349239852847
562 149 0 0 0 0.055000000000000000000000000000000000000 20.377349779815810606930904261669663650
562 163 2 2 2 0.36900000000000000000000000000000000000 18.892739671699138865909581838265320114
562 197 0 0 0 0.090000000000000000000000000000000000000 20.628469578878087373715521261440341628
562 233 1 1 0 0.67300000000000000000000000000000000000 18.480127883511059886879355353693780951
562 243 1 1 0 0.81700000000000000000000000000000000000 16.781440800824007827993307643836195970
562 257 1 1 0 0.49600000000000000000000000000000000000 20.102295832478383016662147435483284496
562 263 1 1 0 0.72200000000000000000000000000000000000 19.985683736492279542745266085941243239
562 271 0 0 0 0.20500000000000000000000000000000000000 19.952905812015919994352540360880044483
562 289 2 2 2 0.092000000000000000000000000000000000000 19.757429363074524820612982388581129176
562 307 2 2 1 0.97400000000000000000000000000000000000 21.126301509017243263454180522872671132
562 331 0 0 0 0.18900000000000000000000000000000000000 21.264653578957087043669638439769906188
562 353 1 1 0 0.67500000000000000000000000000000000000 21.360320915002023950210785384444913890
562 361 2 2 2 0.77000000000000000000000000000000000000 20.110554180331772488846111899625279225
562 373 2 2 2 0.067000000000000000000000000000000000000 20.473446271259755426560115715994607023
562 397 0 0 0 0.065000000000000000000000000000000000000 21.487551032171200126980946855811747446
562 439 1 1 0 0.73000000000000000000000000000000000000 21.540053629075132249538389186580052222
562 443 1 1 1 0.29800000000000000000000000000000000000 21.541357835998594601196886567701694003
562 509 0 2 0 0.87100000000000000000000000000000000000 20.943040089165174597720577927747511660
562 523 0 0 0 0.20800000000000000000000000000000000000 21.329982221799888944253898810769430457
563 2 1 1 0 0.63700000000000000000000000000000000000 19.253520398601445003401651210980906896
563 26 1 1 0 0.62900000000000000000000000000000000000 20.360983724623930439747395343389879459
563 32 1 1 0 0.50600000000000000000000000000000000000 19.067565976834433185224585120591370308
563 46 0 0 0 0.059000000000000000000000000000000000000 20.594644434383421154851144621295587118
563 52 1 1 0 0.75900000000000000000000000000000000000 20.642026273520473125533448389433863585
563 82 1 1 1 0.055000000000000000000000000000000000000 19.567680220035995396234460529181193505
563 88 0 0 0 0.070000000000000000000000000000000000000 19.817731404684198585461375856102416564
563 108 1 1 0 0.90400000000000000000000000000000000000 19.907835005636976475187517698041313214
563 134 0 0 0 0.079000000000000000000000000000000000000 20.876026456030039264402868869677365697
563 144 1 1 0 0.61900000000000000000000000000000000000 19.788909051829902977428849739719020943
563 152 1 1 0 0.82800000000000000000000000000000000000 18.942015402017897688905148239167858551
563 172 1 1 0 0.81100000000000000000000000000000000000 19.952369282147939161314672457727509726
563 176 1 1 1 0.30200000000000000000000000000000000000 18.855642760351712065562038856244244687
563 178 0 0 0 0.26300000000000000000000000000000000000 20.770244740238354145803248506001388307
563 196 0 0 0 0.058000000000000000000000000000000000000 19.802217385192252186498346823169126094
563 218 2 2 2 0.10200000000000000000000000000000000000 20.309933721610781095230498924337505986
563 242 1 1 0 0.68900000000000000000000000000000000000 19.078030778615246290712585925651605392
563 262 1 1 1 0.24900000000000000000000000000000000000 19.968095378866702939834329514780852716
563 298 1 1 1 0.25700000000000000000000000000000000000 21.063937271868050703438686992995004973
563 332 0 2 0 1.0680000000000000000000000000000000000 21.272853986485227807867479670114760704
563 344 0 0 0 0.075000000000000000000000000000000000000 21.026736034001372396251009936641540812
563 368 2 2 2 0.10800000000000000000000000000000000000 19.969361219599170039571061912929050235
563 436 1 1 0 0.87800000000000000000000000000000000000 20.590122362339981917645207608242988262
563 452 1 1 0 1.3620000000000000000000000000000000000 21.547938563839296198997384452288358185
563 472 2 2 2 0.37400000000000000000000000000000000000 20.756353763971578669166544082891875859
563 508 1 1 0 0.63100000000000000000000000000000000000 20.958547047126401545817501953092507890
563 542 1 1 0 1.0770000000000000000000000000000000000 21.119506284855586668210254228227471755
565 128 1 1 0 0.77500000000000000000000000000000000000 18.907155684664938078170554634098506409
566 29 1 1 0 0.75600000000000000000000000000000000000 20.423049332679945486187836850858365261
566 49 0 0 0 0.22400000000000000000000000000000000000 19.790558997354555113909085570614685219
566 61 0 0 0 0.10700000000000000000000000000000000000 20.717631011273230303389972530100237504
566 71 1 1 1 0.093000000000000000000000000000000000000 19.447884412840698478945419811636273022
566 83 1 1 1 0.096000000000000000000000000000000000000 20.818558185988649090314540183945055899
566 97 0 0 0 0.19300000000000000000000000000000000000 20.858774620987820823255732134534582930
566 101 1 1 1 0.60100000000000000000000000000000000000 20.022316650182044924253871097793007184
566 131 0 0 0 0.059000000000000000000000000000000000000 20.895484844903117008705938715971534953
566 137 0 0 0 0.078000000000000000000000000000000000000 20.893369571346396852525353603222975355
566 139 1 1 0 0.67900000000000000000000000000000000000 20.892064207785191598579864513250079868
566 149 2 2 2 0.091000000000000000000000000000000000000 19.190597135028387724724179541544200029
566 173 0 0 0 0.069000000000000000000000000000000000000 20.815590569339164944664607113774811071
566 181 1 1 1 0.085000000000000000000000000000000000000 20.301041121670446401276220871867520952
566 211 0 0 0 0.073000000000000000000000000000000000000 20.496263599131113215324745607397481970
566 239 1 1 1 0.50200000000000000000000000000000000000 18.611539359743345334821987065517508636
566 251 1 1 0 0.50200000000000000000000000000000000000 19.946221465758013705191383910735771538
566 277 0 0 0 0.22500000000000000000000000000000000000 19.641253792465923185104556345476110445
566 281 0 0 0 0.21500000000000000000000000000000000000 19.874396717382036503868046781044565315
566 331 0 0 0 0.19600000000000000000000000000000000000 21.277562995409728869234321303187036102
566 349 1 1 0 0.74400000000000000000000000000000000000 21.359394695502864321461483826116588455
566 379 0 0 0 0.19800000000000000000000000000000000000 20.507684582587699690772131886465200291
566 421 1 1 0 0.82500000000000000000000000000000000000 21.546965910387870688950531578569282560
566 449 0 0 0 0.23300000000000000000000000000000000000 21.089368854232263707766338740810867795
566 461 1 1 0 0.80600000000000000000000000000000000000 21.564390004992079676233450725656718197
566 479 1 1 0 0.74900000000000000000000000000000000000 21.546737145185865155506984178996657103
566 547 1 1 0 0.79300000000000000000000000000000000000 21.098183197196559890204936470377063668
566 563 0 0 0 0.055000000000000000000000000000000000000 20.340807404194907110837654009099993663
568 7 0 2 0 1.0060000000000000000000000000000000000 18.824044495643563501249736172490485681
568 13 1 1 0 0.82600000000000000000000000000000000000 19.790727147218062082974610646441464161
568 17 1 1 1 0.076000000000000000000000000000000000000 19.428976681013145028665920602356340009
568 41 1 1 1 0.33100000000000000000000000000000000000 20.275111779709378254271104483046943054
568 43 0 0 0 0.071000000000000000000000000000000000000 19.595198628299096160116015443698311373
568 59 2 2 1 0.99800000000000000000000000000000000000 20.415506413355026605429950257711533715
568 79 1 1 0 0.69300000000000000000000000000000000000 20.514125083814449148489731797583639408
568 83 1 1 1 0.43200000000000000000000000000000000000 20.528767183987712482205775486081187936
568 97 1 1 0 0.95800000000000000000000000000000000000 20.569205905726595425897966304175360389
568 103 2 2 2 0.097000000000000000000000000000000000000 20.581831818702132011679454182618702700
568 113 0 0 0 0.23500000000000000000000000000000000000 20.597065985838429470528873549581367647
568 139 1 1 0 0.81300000000000000000000000000000000000 20.603637160443019769543846795065417099
568 169 0 0 0 0.083000000000000000000000000000000000000 19.430286754043422284546883452208921204
568 173 1 1 0 0.83700000000000000000000000000000000000 20.529282685712537808382304561046978369
568 181 1 1 0 0.48800000000000000000000000000000000000 20.015618144435861114196845833682238446
568 191 2 2 2 0.10500000000000000000000000000000000000 20.431474495557971667624493042301997778
568 197 0 0 0 0.049000000000000000000000000000000000000 19.906513961098233272634238454509997584
568 211 0 0 0 0.24000000000000000000000000000000000000 20.219348066250860773057506751024821099
568 223 0 2 0 1.3330000000000000000000000000000000000 19.949282857190148454169407261931903007
568 227 0 2 0 1.1190000000000000000000000000000000000 19.786194286257026492263920502664007955
568 283 0 0 0 0.064000000000000000000000000000000000000 20.637514650884256360555040503484805885
568 293 1 1 0 0.97700000000000000000000000000000000000 20.032710674733073865889605030307976676
568 331 1 1 0 0.70400000000000000000000000000000000000 20.982860277137211212445530394003429971
568 337 2 2 2 0.42300000000000000000000000000000000000 21.012409901242445885281353246212334774
568 347 1 1 0 0.84100000000000000000000000000000000000 21.057223119757023363845427111636649275
568 367 1 1 0 0.81400000000000000000000000000000000000 20.287301428885090537087422679233505010
568 397 0 2 0 0.87300000000000000000000000000000000000 20.737397773408003778444568681779199498
568 433 0 0 0 0.068000000000000000000000000000000000000 20.314952682729775847140187504330640617
568 503 2 2 2 0.093000000000000000000000000000000000000 20.726836113166134428751372598076397036
568 521 1 1 0 0.80000000000000000000000000000000000000 19.600909861388856227861601080203957937
569 2 1 1 0 0.62600000000000000000000000000000000000 17.854384540118669065836660174263111385
569 14 1 3 1 1.2910000000000000000000000000000000000 20.129040705927965564324145838654350730
569 16 0 0 0 0.069000000000000000000000000000000000000 19.107286042700450220611819456163450419
569 26 0 2 0 0.91600000000000000000000000000000000000 20.393348292603123046908935731572568257
569 58 3 3 3 0.12000000000000000000000000000000000000 20.715742103837166182217009498730203366
569 76 1 1 0 0.69500000000000000000000000000000000000 20.808737400462355576481339228046079583
569 86 2 2 2 0.20200000000000000000000000000000000000 20.845459325269962704762505157900662735
569 94 1 1 0 0.61500000000000000000000000000000000000 20.169618885286572919718336901649839721
569 96 1 1 1 0.081000000000000000000000000000000000000 19.970482684877847338207208394617145149
569 124 0 0 0 0.074000000000000000000000000000000000000 20.435628590248418771277674528170259960
569 134 1 1 1 0.075000000000000000000000000000000000000 20.068259607348291134770235078216756769
569 146 1 1 1 0.28100000000000000000000000000000000000 20.427242374434233588270196086234759039
569 158 0 0 0 0.096000000000000000000000000000000000000 20.883610606030819568206660779001723601
569 166 1 1 0 0.52100000000000000000000000000000000000 20.017115196295260712929592246853788531
569 184 0 0 0 0.089000000000000000000000000000000000000 20.484350769631085878879471980076406021
569 212 1 1 0 0.66200000000000000000000000000000000000 20.516538835394876931888345097097696370
569 224 3 3 3 0.11600000000000000000000000000000000000 19.332589208061699795472575701053358688
569 232 1 1 0 0.41900000000000000000000000000000000000 18.127481474187270701844738105824042607
569 236 0 0 0 0.13600000000000000000000000000000000000 18.209358493808570041756133201531582249
569 250 3 3 3 0.095000000000000000000000000000000000000 18.497255534598640347396200894029681682
569 296 0 0 0 0.38300000000000000000000000000000000000 20.758714465676857099997566887640201390
569 316 1 1 1 0.25400000000000000000000000000000000000 21.202473130053040744926176412063706477
569 332 1 1 0 0.99000000000000000000000000000000000000 21.292122346351424178832279689910624694
569 334 0 0 0 0.25100000000000000000000000000000000000 21.302140951761366585846617189722918442
569 404 1 1 1 0.57300000000000000000000000000000000000 21.534631850781754836469072201324901763
569 436 0 0 0 0.26700000000000000000000000000000000000 21.578123479463703215871547884190581403
569 446 1 1 0 1.0030000000000000000000000000000000000 21.583637203846536313372193069668108002
569 454 1 1 0 0.67600000000000000000000000000000000000 20.739886729804405852011902174220030526
569 478 1 1 0 0.56900000000000000000000000000000000000 21.570106350282901899705362441202905808
569 512 0 0 0 0.062000000000000000000000000000000000000 19.371782974779987838600345187011870486
569 536 3 3 3 0.12800000000000000000000000000000000000 21.013152495494843836813408574180512872
571 8 1 1 0 0.72400000000000000000000000000000000000 19.596885713508076814204204296552201227
571 10 1 1 0 0.73500000000000000000000000000000000000 19.994489629374500417605703583778443997
571 38 0 0 0 0.24600000000000000000000000000000000000 18.710332280475419722478004019942505676
571 44 2 2 1 1.1920000000000000000000000000000000000 20.620549684209379585082551066031571428
571 56 1 1 0 1.1620000000000000000000000000000000000 20.412610320154286614183399479352550118
571 74 1 1 0 0.94800000000000000000000000000000000000 20.811304115545749592517527279252828269
571 94 1 1 0 0.68800000000000000000000000000000000000 20.402808110004974219401658508239240620
571 96 0 0 0 0.046000000000000000000000000000000000000 19.282887124000898746251323017880309993
571 108 1 1 1 0.49100000000000000000000000000000000000 19.954554151963549252236354069051288135
571 116 0 0 0 0.074000000000000000000000000000000000000 20.918992931660390751977887549132903485
571 134 1 1 0 0.60200000000000000000000000000000000000 20.925680208320371225029261211157680467
571 136 2 2 2 0.11100000000000000000000000000000000000 20.623979338136362158324682961416169964
571 142 0 0 0 0.075000000000000000000000000000000000000 20.921221232925252825739683751108515112
571 144 0 0 0 0.080000000000000000000000000000000000000 19.840169272252838594866156819360374886
571 148 0 2 0 1.0980000000000000000000000000000000000 20.437540279760919687745872942943088592
571 164 1 1 1 0.51500000000000000000000000000000000000 20.036919866459296762883578719707863015
571 194 0 0 0 0.11600000000000000000000000000000000000 20.258966409267710799735733001713038372
571 206 0 0 0 0.25700000000000000000000000000000000000 20.621658320968952414439479581851651423
571 214 1 1 0 0.82100000000000000000000000000000000000 20.507987314715061625986800499389538414
571 232 0 0 0 0.15600000000000000000000000000000000000 19.546797406516807608740703579543142244
571 242 0 2 0 0.61900000000000000000000000000000000000 18.909542362924953948898071113632276582
571 248 0 0 0 0.23100000000000000000000000000000000000 19.504331354054342620669306698062739153
571 278 0 0 0 0.24700000000000000000000000000000000000 20.885498226510478098825658221720406458
571 284 1 1 1 0.081000000000000000000000000000000000000 20.474620965369408620283433900631973654
571 298 0 2 0 1.0080000000000000000000000000000000000 21.079766840891484378688442877072171048
571 326 0 0 0 0.31700000000000000000000000000000000000 20.421394448629001490611438744628596985
571 368 0 0 0 0.22000000000000000000000000000000000000 20.846552147258341420638503860355377456
571 382 0 0 0 0.058000000000000000000000000000000000000 20.537272184634677807441784187037364987
571 386 0 2 0 0.86700000000000000000000000000000000000 19.812189434620822522107394484816668520
571 398 1 1 0 0.69400000000000000000000000000000000000 20.686356982800194136376745320587778171
571 416 1 1 1 0.24000000000000000000000000000000000000 20.662230563734548409946892059531879512
571 452 2 2 2 0.072000000000000000000000000000000000000 21.596922698958997224279694135312978632
571 466 1 1 1 0.23000000000000000000000000000000000000 21.594491662159576828384945787889785487
571 514 0 0 0 0.21700000000000000000000000000000000000 21.490284336496082653460019191320824929
571 538 1 1 0 0.68300000000000000000000000000000000000 21.325186978858160338051562337773781312
576 59 1 1 1 0.089000000000000000000000000000000000000 18.233672227142962975391407996504616880
576 97 1 3 0 1.0320000000000000000000000000000000000 19.234380147247146836033113885084429347
576 121 1 1 1 0.24900000000000000000000000000000000000 16.868319248077248328333623923472720374
576 139 0 0 0 0.077000000000000000000000000000000000000 19.273208513288873392869102181750522497
576 163 1 1 0 0.61600000000000000000000000000000000000 19.237548047378337146493089822496911928
576 191 1 1 1 0.10000000000000000000000000000000000000 19.118105133938999501523215989695576183
576 263 1 1 0 0.39400000000000000000000000000000000000 18.975957635860799664226754216122766280
576 359 1 1 1 0.20600000000000000000000000000000000000 19.754032938807063218735750332110113046
576 383 1 1 0 0.56500000000000000000000000000000000000 19.833969186409328512842784718415225087
576 433 0 0 0 0.15800000000000000000000000000000000000 19.931798651641531074997225237902683436
576 503 1 1 1 0.22300000000000000000000000000000000000 19.894004644002689307744633693547000497
577 18 0 0 0 0.19400000000000000000000000000000000000 19.802386193840079852491138490520228838
577 32 1 1 0 0.66600000000000000000000000000000000000 19.619837529189161059404884946345536875
577 38 0 0 0 0.061000000000000000000000000000000000000 19.748555344467869322600852674765263301
577 50 1 1 1 0.056000000000000000000000000000000000000 17.209443340278629033305197362520176449
577 52 2 2 2 0.32000000000000000000000000000000000000 20.019025766360058272896562248790250462
577 64 1 1 0 0.67900000000000000000000000000000000000 18.636409467441710896306099762358759867
577 88 1 1 1 0.28900000000000000000000000000000000000 20.595425187988430280222911079599344429
577 94 0 0 0 0.19000000000000000000000000000000000000 20.913681713737521223410428227458673317
577 112 0 0 0 0.21200000000000000000000000000000000000 20.347178966855770766927735149976185254
577 122 1 1 0 0.65900000000000000000000000000000000000 20.959252260851999970887672887913494685
577 148 1 1 1 0.21600000000000000000000000000000000000 19.408867131464941055782943924838758318
577 164 0 0 0 0.15100000000000000000000000000000000000 20.922973921945123199014026081271165009
577 178 2 2 2 0.38700000000000000000000000000000000000 20.875714798094941677442012652207292542
577 196 0 2 0 0.55100000000000000000000000000000000000 19.927598458756758787293624000197828011
577 200 1 1 0 0.65500000000000000000000000000000000000 19.740339168012114394450502182182715136
577 242 2 2 2 0.14200000000000000000000000000000000000 18.197459814533627007765697641812928363
577 248 1 1 0 0.66100000000000000000000000000000000000 19.203875625271343249389688037285517528
577 278 0 2 0 1.1170000000000000000000000000000000000 20.409501307456668702246479903267949651
577 292 0 0 0 0.051000000000000000000000000000000000000 21.037142679756299130045175571466037999
577 326 1 1 0 0.37700000000000000000000000000000000000 21.283728518754453254763579772646578567
577 346 1 1 0 0.71200000000000000000000000000000000000 21.384818254739059027118967094940381390
577 358 1 1 1 0.27200000000000000000000000000000000000 21.435029595433482455240925384630356247
577 368 0 0 0 0.25200000000000000000000000000000000000 19.915528425248775556426490568866241747
577 382 0 2 0 0.61600000000000000000000000000000000000 21.516437511021195046257492879749122550
577 392 1 1 0 0.59100000000000000000000000000000000000 20.397590636994396501405048501848044692
577 404 1 1 0 0.59700000000000000000000000000000000000 21.094558760662042450340599396752372889
577 412 0 2 0 0.97500000000000000000000000000000000000 21.587495153146667116809042914669814949
577 424 1 1 0 0.70900000000000000000000000000000000000 20.828848661184421220236719985712123228
577 458 2 2 1 0.60400000000000000000000000000000000000 21.156271464620925136859654964905671000
577 508 1 1 0 0.63300000000000000000000000000000000000 21.569286243381146382492327844144294413
578 9 0 0 0 0.034000000000000000000000000000000000000 18.278399684422364244325283257389693726
578 67 0 2 0 0.70700000000000000000000000000000000000 19.585795812890111855062833115947378212
578 73 0 0 0 0.18700000000000000000000000000000000000 19.614787104159037586608325790415230635
578 121 0 0 0 0.035000000000000000000000000000000000000 18.692575920003062308972576766563566167
578 127 0 0 0 0.052000000000000000000000000000000000000 19.737212725885652513677148807235160992
578 137 1 1 1 0.21600000000000000000000000000000000000 18.414928241047793607978858299125777076
578 163 1 1 0 0.48900000000000000000000000000000000000 19.701798950050057793479499573818247768
578 169 1 1 0 0.50400000000000000000000000000000000000 18.094074673797084703282799571241027897
578 193 2 2 1 0.57600000000000000000000000000000000000 19.572103636149533929734329409724724503
578 227 1 1 1 0.10200000000000000000000000000000000000 18.123829623449047547414315421678859373
578 251 0 2 0 0.62800000000000000000000000000000000000 19.092791776989092202810817776774779651
578 277 1 1 1 0.23200000000000000000000000000000000000 19.166296066804725417390326906963167649
578 283 2 2 2 0.33500000000000000000000000000000000000 19.715575676545891433448783745544582616
578 293 1 1 0 0.57300000000000000000000000000000000000 19.817294475606657220130323855220220920
578 347 0 0 0 0.052000000000000000000000000000000000000 19.463202570501366684012286729294675586
578 467 1 1 1 0.086000000000000000000000000000000000000 20.408226967423890706187037207198070649
578 487 1 1 1 0.16800000000000000000000000000000000000 20.392277490683682384725343123524248066
579 4 1 1 0 0.40800000000000000000000000000000000000 18.940664827523772299838179023392996451
581 64 0 0 0 0.20200000000000000000000000000000000000 19.612201134250972586137875002329402919
583 2 0 0 0 0.061000000000000000000000000000000000000 18.882522850432682708421893900724327241
583 32 2 2 2 0.074000000000000000000000000000000000000 19.651481157097371251779065575453684737
583 128 2 2 2 0.065000000000000000000000000000000000000 19.015282819535471852829673455473675378
584 1 1 1 1 0.056000000000000000000000000000000000000 18.285699770001668791359694856426141200
584 11 2 2 2 0.058000000000000000000000000000000000000 19.803143111371885557417798338868154276
584 25 1 1 1 0.060000000000000000000000000000000000000 18.225754274642170489694470089175288106
584 31 1 1 0 0.56600000000000000000000000000000000000 20.245564599125836089553683629156066353
584 67 1 1 1 0.048000000000000000000000000000000000000 20.547504918839990563106488009975652536
584 79 0 0 0 0.22300000000000000000000000000000000000 20.602089950869425187448763988728773395
584 83 0 2 0 0.76200000000000000000000000000000000000 20.617140406003323746057254233646408836
584 101 1 1 1 0.053000000000000000000000000000000000000 20.668536178055940628125264633227128043
584 109 1 1 1 0.061000000000000000000000000000000000000 19.507600076219592441216768990907768982
584 131 1 1 1 0.22900000000000000000000000000000000000 20.703167475269380756943340201293095784
584 157 1 1 1 0.55200000000000000000000000000000000000 20.683232926521289420260539864558301296
584 181 0 0 0 0.14600000000000000000000000000000000000 20.135897389696228279913250404515310199
584 193 1 1 0 0.56000000000000000000000000000000000000 20.550375097765964064247002968101867181
584 197 1 1 1 0.046000000000000000000000000000000000000 20.046493728559570632769448642411667731
584 199 0 0 0 0.048000000000000000000000000000000000000 19.554629091800487208548716204090657213
584 307 1 1 0 0.55300000000000000000000000000000000000 18.597738486691147696126260193082210113
584 311 0 0 0 0.16200000000000000000000000000000000000 20.903933876952694975484895760873499723
584 331 1 1 0 0.53100000000000000000000000000000000000 21.030431513775690725137875035933615641
584 347 1 1 0 0.50100000000000000000000000000000000000 20.266164064569927772850121006249993071
584 367 0 0 0 0.050000000000000000000000000000000000000 21.193366598292830521532653600502535209
584 389 1 1 1 0.26800000000000000000000000000000000000 21.264012183828401676290023458301964541
584 419 2 2 2 0.11000000000000000000000000000000000000 21.331925050931825540596789619961697366
584 431 1 1 1 0.31100000000000000000000000000000000000 20.873276227656412059778001365665524037
584 439 1 1 0 0.64900000000000000000000000000000000000 21.359918257546751928434933691528756462
584 461 0 0 0 0.077000000000000000000000000000000000000 21.373881639631605613552844713000694826
584 503 1 1 0 0.44600000000000000000000000000000000000 19.062329845065562912081036668567886364
584 521 2 2 2 0.078000000000000000000000000000000000000 20.809612095079672402805726179993075850
584 529 1 1 1 0.40400000000000000000000000000000000000 19.890451637047846615292153298726106678
584 571 0 0 0 0.17500000000000000000000000000000000000 20.745452017893407052185139136468265306
586 25 2 2 2 0.22800000000000000000000000000000000000 19.767664887037084572867300520674592583
586 41 0 0 0 0.044000000000000000000000000000000000000 20.671969817696445413922428757305815898
586 59 2 2 2 0.056000000000000000000000000000000000000 20.813475894078068301784587135834986518
586 73 0 0 0 0.035000000000000000000000000000000000000 19.934210584011551648758520539724020475
586 79 1 1 0 0.51100000000000000000000000000000000000 18.569538710152877173937315677920515539
586 83 0 0 0 0.055000000000000000000000000000000000000 20.929029799173962825719113001568013492
586 103 2 2 2 0.25400000000000000000000000000000000000 20.984932646315222148888325766659770533
586 121 2 2 2 0.084000000000000000000000000000000000000 19.969463347657322276409186478342061870
586 131 0 2 0 0.72900000000000000000000000000000000000 21.015999722450336993342805340605110421
586 149 2 2 2 0.24200000000000000000000000000000000000 20.163087492155641547906892128920857657
586 151 1 1 0 0.54600000000000000000000000000000000000 21.005876875542187616764791022013326721
586 173 0 0 0 0.16400000000000000000000000000000000000 20.958133674960031684471772755676330337
586 179 0 0 0 0.052000000000000000000000000000000000000 20.459564774504264504229623390545530391
586 191 0 2 0 0.66700000000000000000000000000000000000 20.879230627702331541081243808951876994
586 229 0 2 0 0.61800000000000000000000000000000000000 20.391680963842719482484695960441257391
586 311 1 1 1 0.24100000000000000000000000000000000000 20.510150998368073964442135041345849439
586 313 0 2 0 0.93900000000000000000000000000000000000 21.223523193822670521088212181560500598
586 331 1 1 0 0.64500000000000000000000000000000000000 19.845665288580907007140661577822272664
586 343 1 1 0 0.56300000000000000000000000000000000000 17.801011169223987002712362676381011461
586 349 0 2 0 0.87000000000000000000000000000000000000 21.427868866863846651645807069286709966
586 383 1 1 0 0.74500000000000000000000000000000000000 21.555529991175316673316133612483407212
586 401 2 2 1 0.66700000000000000000000000000000000000 21.604577988750518538543471972460580060
586 421 1 1 0 0.61500000000000000000000000000000000000 21.645810994338701056925659688688659725
586 457 1 1 0 0.54300000000000000000000000000000000000 21.685036609996467980342343219946486515
586 499 0 0 0 0.34400000000000000000000000000000000000 20.432060304137660663580229462323914785
586 509 1 1 0 0.59400000000000000000000000000000000000 21.642017535019718448712530958066505324
586 569 0 0 0 0.22100000000000000000000000000000000000 21.162713884014767126531631707262224253
587 2 1 1 0 0.72000000000000000000000000000000000000 18.903310161812597627120356688851262180
587 8 0 0 0 0.19600000000000000000000000000000000000 19.680931783185671758103175141953630873
587 22 0 2 0 0.78600000000000000000000000000000000000 20.417574085678115726915947369839539310
587 28 0 0 0 0.040000000000000000000000000000000000000 20.519637984889110431160197479740636028
587 36 1 1 0 0.43100000000000000000000000000000000000 20.147074541735623037721535495066267250
587 62 0 0 0 0.033000000000000000000000000000000000000 20.137955648796569332818989128381437087
587 76 1 1 0 0.56300000000000000000000000000000000000 20.907007783931656069855527221486146458
587 92 1 1 0 0.64500000000000000000000000000000000000 20.486362710720575442570322084547863469
587 104 0 0 0 0.037000000000000000000000000000000000000 20.691490269963327981008570448156940836
587 106 3 3 3 0.084000000000000000000000000000000000000 20.519240566660585052448495700252780391
587 118 1 1 0 0.72400000000000000000000000000000000000 21.013745540488245628969492653092529976
587 128 1 1 1 0.081000000000000000000000000000000000000 18.561594910551427616353798862347761136
587 158 0 0 0 0.18800000000000000000000000000000000000 19.311528343929450140130372036887378902
587 172 0 0 0 0.069000000000000000000000000000000000000 19.104818476633510000688423048039287574
587 188 0 0 0 0.049000000000000000000000000000000000000 20.204301852235458847266317595081236433
587 202 0 0 0 0.20300000000000000000000000000000000000 20.812209697879198861911836985694368736
587 206 0 2 0 0.64600000000000000000000000000000000000 20.777492106921590317874368429676266177
587 218 1 1 0 0.45700000000000000000000000000000000000 20.158451827283830369421408933918308968
587 232 1 1 1 0.22600000000000000000000000000000000000 19.533327263796531013241956682178294518
587 268 1 1 1 0.055000000000000000000000000000000000000 20.245374636224648167198614504465673268
587 296 1 1 0 0.54600000000000000000000000000000000000 20.785982175705575771500707045755756567
587 302 0 0 0 0.16800000000000000000000000000000000000 21.140310652002772893298008359098758291
587 304 0 0 0 0.17300000000000000000000000000000000000 19.123499316330929178074123408206448506
587 314 1 1 0 0.63500000000000000000000000000000000000 21.232737689347131135736157602946194577
587 328 1 1 0 0.68400000000000000000000000000000000000 21.021519928454478236649078748152637072
587 356 1 1 0 0.56300000000000000000000000000000000000 21.461757551161477425920079712333770827
587 382 1 1 0 0.62400000000000000000000000000000000000 21.556361650431522110223728699236734713
587 392 2 2 1 0.85700000000000000000000000000000000000 20.439480997988980086810749499014584941
587 400 0 0 0 0.16300000000000000000000000000000000000 20.305378916712938240118146260872897706
587 428 0 2 0 0.64700000000000000000000000000000000000 21.661854747438890144903024016612918361
587 458 2 2 2 0.20400000000000000000000000000000000000 21.691053189816514511000863378163398040
587 556 0 2 0 0.63400000000000000000000000000000000000 20.913173736196321868876933865815607955
587 568 1 1 1 0.28300000000000000000000000000000000000 20.909824289581744081476850329233401490
587 576 0 0 0 0.19700000000000000000000000000000000000 19.313787449676090306858668268898409557
589 32 1 1 0 0.59600000000000000000000000000000000000 18.728554293218709300879245539351923540
592 3 1 1 0 0.75200000000000000000000000000000000000 18.980205140266680458009225937295970382
592 17 2 2 2 0.047000000000000000000000000000000000000 19.032128794120857780291474189405145127
592 31 0 0 0 0.16300000000000000000000000000000000000 19.986129818556790982969394310722839797
592 53 1 1 1 0.092000000000000000000000000000000000000 19.357469811077921460701778942889693512
592 59 4 4 4 0.081000000000000000000000000000000000000 20.243039114715025026753252493826601092
592 73 1 1 0 0.46700000000000000000000000000000000000 20.318393276683980435366428898710024171
592 97 1 1 1 0.069000000000000000000000000000000000000 19.925085110225508162205994671819893655
592 121 2 2 2 0.044000000000000000000000000000000000000 19.401713050219423397434704929546588221
592 157 2 2 2 0.072000000000000000000000000000000000000 20.433021933011855669824659015257085974
592 163 0 0 0 0.22100000000000000000000000000000000000 20.422168777212150309959891663602512966
592 167 1 1 1 0.058000000000000000000000000000000000000 19.714243333449277597481427335078132034
592 193 0 0 0 0.14600000000000000000000000000000000000 20.312310855185384804930136697089274024
592 199 1 1 1 0.060000000000000000000000000000000000000 20.274716497482334314638637164177844910
592 227 1 1 1 0.049000000000000000000000000000000000000 19.457366400954803190515208241254057922
592 263 0 0 0 0.039000000000000000000000000000000000000 19.512576835977412641766351616157919126
592 269 1 1 0 0.55100000000000000000000000000000000000 20.125178304141251137025688018142244677
592 277 2 2 2 0.076000000000000000000000000000000000000 19.785566370050427927077178608428734655
592 289 0 0 0 0.070000000000000000000000000000000000000 18.342111664634889370018970331943544433
592 293 0 0 0 0.063000000000000000000000000000000000000 20.460513439792589178253615442108618072
592 307 2 2 2 0.17900000000000000000000000000000000000 19.742550631807467912278862757155445854
592 343 1 1 1 0.25600000000000000000000000000000000000 19.125583003368889537319707075927015748
592 383 0 0 0 0.072000000000000000000000000000000000000 20.277753328146396769004400499614081860
592 397 1 1 1 0.074000000000000000000000000000000000000 20.172387332651384843352768921557341935
592 409 0 0 0 0.049000000000000000000000000000000000000 21.046923584893239595393426076361101129
592 431 1 1 1 0.071000000000000000000000000000000000000 21.088293766682180383691794539854361903
592 487 2 2 1 0.70200000000000000000000000000000000000 21.115633944301270918316259210764630551
592 563 0 2 0 1.0970000000000000000000000000000000000 20.791342365543627786831582452273961632
593 2 0 0 0 0.19300000000000000000000000000000000000 19.411348271932047364057956089702337850
593 34 0 2 0 1.0460000000000000000000000000000000000 20.631754799989250918342539777445430627
593 58 1 1 1 0.43500000000000000000000000000000000000 20.843976688461845909246193365155893201
593 100 0 0 0 0.30600000000000000000000000000000000000 19.840906726604000984281670861276228854
593 112 1 1 1 0.084000000000000000000000000000000000000 19.207394413459425737678471953108606984
593 116 1 1 0 0.67200000000000000000000000000000000000 20.568289919178916201773081735420714582
593 122 0 0 0 0.090000000000000000000000000000000000000 21.051735302389589477708366100778413881
593 128 1 1 0 0.82000000000000000000000000000000000000 19.550601249940337324669491658754567164
593 142 1 1 0 0.52500000000000000000000000000000000000 20.210941474333830174436982031498269980
593 144 1 1 0 0.45400000000000000000000000000000000000 19.975831268196558236067965655919085493
593 148 1 1 0 0.64500000000000000000000000000000000000 21.052122974247895063972394229129803966
593 166 0 0 0 0.39500000000000000000000000000000000000 21.024159468188718377299264576174992831
593 194 0 0 0 0.054000000000000000000000000000000000000 20.916362435607271970018648491757173394
593 196 0 2 0 1.0280000000000000000000000000000000000 20.059283158124418702918819728965867014
593 202 2 2 2 0.55400000000000000000000000000000000000 20.018438791461517854415598641717152039
593 208 0 0 0 0.068000000000000000000000000000000000000 19.734614182087220759947733316292993202
593 212 1 1 0 0.84500000000000000000000000000000000000 20.774335265388916411283450998124658656
593 268 1 1 0 0.81900000000000000000000000000000000000 20.004586016308358662003944128275301733
593 278 3 3 3 0.13300000000000000000000000000000000000 20.401429069795782196970819969277919276
593 292 1 1 1 0.24300000000000000000000000000000000000 21.052856581662957473272497118495045620
593 320 1 1 1 0.35400000000000000000000000000000000000 20.083026986549366950618070842019634324
593 338 1 1 0 0.50800000000000000000000000000000000000 19.435815805683785456699617210547346462
593 362 0 2 0 0.81900000000000000000000000000000000000 21.506798512264078982743067280156851090
593 376 1 1 1 0.34100000000000000000000000000000000000 21.258299642332542861278261571411346909
593 422 0 2 0 0.82500000000000000000000000000000000000 21.202825458980379598929875455843460147
593 452 0 0 0 0.055000000000000000000000000000000000000 21.719829019969438572812598541070909345
593 478 1 1 0 0.44400000000000000000000000000000000000 21.250845201349041512684704922885539972
593 484 0 0 0 0.14100000000000000000000000000000000000 18.167229122655024323964437255796190777
593 488 1 1 0 0.74300000000000000000000000000000000000 21.422405427345621960222077919589507315
593 502 0 0 0 0.13300000000000000000000000000000000000 21.708421927432086871919446285554766999
593 538 1 1 0 0.56100000000000000000000000000000000000 21.602218825029873027495362064064220788
593 562 2 2 1 0.89300000000000000000000000000000000000 21.422091662090718618511380914671454897
593 586 0 0 0 0.11700000000000000000000000000000000000 20.363316268724798534560600248471336142
596 1 1 1 0 0.50700000000000000000000000000000000000 19.125685264111607030264057793444739905
596 13 1 1 0 0.44800000000000000000000000000000000000 20.238189090944021945765014139462892741
596 31 0 0 0 0.049000000000000000000000000000000000000 20.608774741962214603809146964776119531
596 41 0 2 0 0.69300000000000000000000000000000000000 19.878819737290283760546800608040258703
596 71 1 1 0 0.50300000000000000000000000000000000000 20.233221130436182159954185754976765199
596 101 0 0 0 0.13200000000000000000000000000000000000 20.558541494479430701654344579532696078
596 127 0 0 0 0.056000000000000000000000000000000000000 21.072415672930389374217246194348626453
596 157 1 1 0 0.49600000000000000000000000000000000000 20.214983568074168290975429985814402060
596 167 0 2 0 0.98700000000000000000000000000000000000 21.041324414263878934601261761660492137
596 169 0 0 0 0.064000000000000000000000000000000000000 19.445474916274583582928579331422378815
596 181 0 0 0 0.21800000000000000000000000000000000000 20.999489926390574171927702233708073929
596 197 0 0 0 0.20000000000000000000000000000000000000 20.921861877890715562085652114316611403
596 211 0 0 0 0.27900000000000000000000000000000000000 20.812926208150429660329171699004382241
596 239 0 0 0 0.25400000000000000000000000000000000000 20.213428925216848862642773792248837407
596 251 0 0 0 0.19800000000000000000000000000000000000 18.913754989390590735984835008455600339
596 283 0 2 0 0.84400000000000000000000000000000000000 20.946468989715460609846172850369779081
596 337 1 1 0 0.82000000000000000000000000000000000000 21.397750225633837728197955483253416256
596 349 0 2 0 0.96200000000000000000000000000000000000 20.504939733055412122323753047045625252
596 361 1 1 0 0.72300000000000000000000000000000000000 20.233964576006099604350003222165447630
596 379 0 0 0 0.29800000000000000000000000000000000000 20.881648316320920815174193901633948426
596 409 2 2 2 0.12100000000000000000000000000000000000 21.666080466773944437772742024062715898
596 419 0 0 0 0.54600000000000000000000000000000000000 21.687674197833464876163732275446031754
596 431 0 0 0 0.082000000000000000000000000000000000000 20.864135427967054001638010540796375931
596 449 1 1 0 1.2240000000000000000000000000000000000 20.887506229508274303833893218500234093
596 509 0 2 0 1.3160000000000000000000000000000000000 21.718761115438822229017135389103101349
596 523 1 1 0 0.63400000000000000000000000000000000000 21.686905547057495525606264596231706731
599 4 1 1 0 0.86900000000000000000000000000000000000 19.265760917207058824467761993476070245
599 10 1 1 0 0.65500000000000000000000000000000000000 20.140109886662208545283476851821866390
599 16 2 2 2 0.099000000000000000000000000000000000000 19.740844827378588899801887751481543612
599 38 1 1 1 0.073000000000000000000000000000000000000 19.863283536198909165538921865423706732
599 46 1 1 0 0.91800000000000000000000000000000000000 20.785516680853404600758141062494241472
599 62 0 2 0 1.1660000000000000000000000000000000000 20.899870380267702391546728466890092716
599 64 1 1 0 1.0610000000000000000000000000000000000 19.707277460110490444097815936954576056
599 94 1 1 0 1.1960000000000000000000000000000000000 20.557006798866757275799712379752082339
599 104 1 1 1 0.092000000000000000000000000000000000000 20.280381581001991827113021731671289582
599 106 0 0 0 0.10300000000000000000000000000000000000 21.062583677217015672554322073235073468
599 112 0 0 0 0.075000000000000000000000000000000000000 19.993966758389781443277554375689134603
599 116 1 1 1 0.17200000000000000000000000000000000000 21.078895410143604555609025770733384801
599 164 2 2 1 1.4350000000000000000000000000000000000 21.066922873108251997542523989971492870
599 196 0 0 0 0.087000000000000000000000000000000000000 20.106028072385562755789417177425612982
599 200 1 1 0 0.82000000000000000000000000000000000000 19.926623349823518232463610634287715856
599 206 1 1 1 0.097000000000000000000000000000000000000 20.883544578882118246255806503746009195
599 214 1 1 0 0.94400000000000000000000000000000000000 20.810831362969287087087731002591376662
599 298 1 1 1 0.079000000000000000000000000000000000000 21.118794457371468780501758820522179691
599 304 1 1 1 0.30500000000000000000000000000000000000 20.572828249458591361143898837450110478
599 314 1 1 0 0.94900000000000000000000000000000000000 21.256691009643242905769473134369342220
599 326 1 1 1 0.12200000000000000000000000000000000000 20.641160540740690660718248801800660027
599 344 1 1 1 0.35200000000000000000000000000000000000 20.297147087199509085600203721761869594
599 346 0 0 0 0.29100000000000000000000000000000000000 19.268727750460154781424409808199087683
599 398 0 0 0 0.092000000000000000000000000000000000000 21.650437742614381860685227851225395630
599 404 0 0 0 0.11600000000000000000000000000000000000 21.666358205196751650547026915789204808
599 416 0 2 0 1.0820000000000000000000000000000000000 20.791466071970583999271507968294779364
599 424 1 1 0 0.99400000000000000000000000000000000000 20.710718086878195153129059722522445404
599 446 3 3 3 0.12900000000000000000000000000000000000 21.267260900727837812394310603082588097
599 466 0 0 0 0.26800000000000000000000000000000000000 21.760771294058584769037164304163085971
599 512 1 1 0 1.2430000000000000000000000000000000000 19.628223094432015942467594043570637752
599 514 1 1 0 1.2890000000000000000000000000000000000 21.731739836169503944090504083253501727
599 556 1 1 0 0.98400000000000000000000000000000000000 21.562164069872195330067393317423808754
601 26 1 1 1 0.13100000000000000000000000000000000000 19.861378262366342530557924151883091340
601 38 1 1 0 0.97700000000000000000000000000000000000 20.241476831210942586929488083979250527
601 50 1 1 1 0.093000000000000000000000000000000000000 20.129676031583842736123789355557920916
601 62 0 0 0 0.28400000000000000000000000000000000000 20.065134597800073049099183834867575727
601 64 1 1 1 0.12000000000000000000000000000000000000 19.717655630078344439632784220817333803
601 104 0 0 0 0.090000000000000000000000000000000000000 20.768355701984676566397248966664575471
601 106 1 1 0 0.97600000000000000000000000000000000000 20.596348643422124680628695840438011357
601 128 0 0 0 0.073000000000000000000000000000000000000 16.365549357917983963706119667020501850
601 136 1 1 1 0.099000000000000000000000000000000000000 20.802994211376713036364416504075769000
601 146 1 1 0 1.1760000000000000000000000000000000000 20.624416429988337504021746464567522146
601 164 0 0 0 0.076000000000000000000000000000000000000 19.111078067728898958430089058788362575
601 166 2 2 1 1.1900000000000000000000000000000000000 19.385383389397380044314050311066535846
601 176 1 1 1 0.38400000000000000000000000000000000000 19.749309582645066646162885970149820180
601 194 1 1 0 0.71200000000000000000000000000000000000 20.977328231148441386427943522287288589
601 202 1 1 1 0.18600000000000000000000000000000000000 20.929370247446142004372305636991167062
601 216 1 1 1 0.52500000000000000000000000000000000000 19.553429470935145241128243381245205668
601 224 0 0 0 0.46100000000000000000000000000000000000 19.103397415633398544219560150788490118
601 244 1 1 0 1.0800000000000000000000000000000000000 18.928387049633949448073449753890046210
601 262 0 0 0 0.23300000000000000000000000000000000000 20.495496698510123025341884596118746668
601 296 2 2 2 0.45300000000000000000000000000000000000 20.799018141782275121139926382829780906
601 302 0 2 0 1.3410000000000000000000000000000000000 21.159130390195629682220612271304342003
601 314 1 1 1 0.29300000000000000000000000000000000000 21.260308371493654586586157157971870580
601 316 0 0 0 0.25600000000000000000000000000000000000 21.275394393401832531191246175426790672
601 328 2 2 1 1.4640000000000000000000000000000000000 21.056462336324474856982797959317250818
601 334 1 1 1 0.44600000000000000000000000000000000000 20.032179914614606920808964019970926591
601 356 0 0 0 0.098000000000000000000000000000000000000 20.661941699301212085407408384074238370
601 386 1 1 1 0.20600000000000000000000000000000000000 21.622246592826252035006650143872921866
601 400 1 1 1 0.72700000000000000000000000000000000000 20.362825232154174032274630422538591020
601 436 1 1 1 0.12700000000000000000000000000000000000 21.740423164935130655629165466574191891
601 484 0 0 0 0.071000000000000000000000000000000000000 20.256104315643577478244419309724989752
601 554 0 2 0 1.2490000000000000000000000000000000000 21.599966787743376201027235632598370911
603 8 1 1 0 0.84700000000000000000000000000000000000 19.285594599243070706220807419820631134
604 17 1 1 0 0.93500000000000000000000000000000000000 19.440021926451934950334184913824811204
604 19 3 3 3 0.13300000000000000000000000000000000000 19.964845188767915336743591870497061112
604 23 0 0 0 0.084000000000000000000000000000000000000 20.523532112983990507453555075988822397
604 59 0 2 0 1.6030000000000000000000000000000000000 20.907354862130437010643342661641288312
604 61 0 2 0 1.3860000000000000000000000000000000000 20.919728149182277694831119419792048130
604 89 1 1 1 0.070000000000000000000000000000000000000 20.568581760827129598897934655690228676
604 109 1 1 1 0.36700000000000000000000000000000000000 20.618305394549473298568524020591147057
604 113 1 1 0 0.89800000000000000000000000000000000000 21.102129864016695101299476356173368210
604 121 1 1 0 0.82800000000000000000000000000000000000 19.372141731872034845794014702105703298
604 131 0 0 0 0.37800000000000000000000000000000000000 20.274791958580101105352973358946577140
604 149 0 2 0 1.0650000000000000000000000000000000000 21.117356775247976349519032137128887508
604 191 0 0 0 0.15300000000000000000000000000000000000 21.014299205897778414761643795676772906
604 257 0 0 0 0.13500000000000000000000000000000000000 20.217826342062285834545223410158165559
604 263 0 0 0 0.22500000000000000000000000000000000000 19.271542767404627250910375263022144299
604 281 1 1 0 0.89800000000000000000000000000000000000 20.910057636606148044592630001930655626
604 289 2 2 2 0.12100000000000000000000000000000000000 19.313456223295113073724400790728737814
604 331 1 1 1 0.73500000000000000000000000000000000000 21.383266051416964942904483363145587811
604 383 0 0 0 0.067000000000000000000000000000000000000 21.623273529001016487472618197753235465
604 397 0 0 0 0.091000000000000000000000000000000000000 21.190057830742434498046913470055821327
604 401 0 2 0 1.4940000000000000000000000000000000000 21.678435954075223064349666445613647759
604 419 0 0 0 0.067000000000000000000000000000000000000 21.722425513868284309250109489438244506
604 433 0 0 0 0.28500000000000000000000000000000000000 21.272234867403373793626928654146611725
604 439 1 1 0 1.0480000000000000000000000000000000000 21.758974739253285319422498446414213601
604 461 1 1 0 0.90800000000000000000000000000000000000 20.939072154670672402728924490756407331
604 509 0 0 0 0.23800000000000000000000000000000000000 21.775476630704645528949504905618314688
604 557 2 2 1 1.1760000000000000000000000000000000000 20.661528255047452717967136323711434549
604 563 1 1 0 1.1180000000000000000000000000000000000 21.573365843854979756552242238535971213
604 569 2 2 2 0.29900000000000000000000000000000000000 21.521291516542875951066446283126972662
607 2 0 0 0 0.26100000000000000000000000000000000000 18.440895147595744761553718557062363604
607 22 1 1 0 0.98500000000000000000000000000000000000 20.042585618467455920245439810511792144
607 56 1 1 1 0.078000000000000000000000000000000000000 20.602004806355068539302383853204242323
607 58 1 1 0 0.79700000000000000000000000000000000000 20.439184936222257960411583267514279167
607 82 1 1 1 0.056000000000000000000000000000000000000 20.337933692952272120250632692928797287
607 124 0 2 0 1.0210000000000000000000000000000000000 21.132042743941895934388767451534277400
607 134 0 0 0 0.16900000000000000000000000000000000000 20.292840114983863232281894540052473356
607 142 1 1 1 0.070000000000000000000000000000000000000 21.138205300323560234436004396812693664
607 152 2 2 2 0.11600000000000000000000000000000000000 20.831729206787291216007979677227231689
607 172 1 1 1 0.25700000000000000000000000000000000000 20.255270879890986394703724944292521296
607 178 0 0 0 0.087000000000000000000000000000000000000 19.853679647732801290943428752859254876
607 208 0 0 0 0.094000000000000000000000000000000000000 20.333365744303660732189754372722078146
607 212 1 1 0 0.84200000000000000000000000000000000000 20.425779980438409250020588004394084013
607 256 1 1 0 0.62400000000000000000000000000000000000 17.295278002158613064263672569614280405
607 262 0 2 0 0.96800000000000000000000000000000000000 20.429770195065899646993616949533627931
607 278 2 2 1 0.82400000000000000000000000000000000000 20.854590593179430524827912384443240359
607 292 1 1 1 0.31200000000000000000000000000000000000 20.580196369108492689403090534332221031
607 328 0 0 0 0.19800000000000000000000000000000000000 20.592976012729154342453266430006138099
607 352 0 0 0 0.27100000000000000000000000000000000000 20.603193149395460969733458011977848595
607 362 0 0 0 0.23200000000000000000000000000000000000 20.707253074687195352708549043589355833
607 394 1 1 0 1.0820000000000000000000000000000000000 21.669693637972543665339111536712659087
607 398 1 1 1 0.27500000000000000000000000000000000000 21.681587954369907868746269394532942180
607 464 0 0 0 0.41600000000000000000000000000000000000 20.722741522803880263526669762337669281
607 478 0 0 0 0.21100000000000000000000000000000000000 21.808868844654695258717542651236648807
607 488 1 1 0 0.84800000000000000000000000000000000000 21.508251234130163173384155272731755465
607 548 1 1 0 1.0280000000000000000000000000000000000 21.695790931001710245022472440836022848
607 604 0 2 0 0.91300000000000000000000000000000000000 20.553961621339854655902817931774105624
608 13 0 0 0 0.062000000000000000000000000000000000000 18.441514493193923076320841976927032766
608 41 0 0 0 0.048000000000000000000000000000000000000 18.450640948329505720352632076725680676
608 43 1 1 1 0.37800000000000000000000000000000000000 19.901273799713159150385939291428992946
608 47 0 0 0 0.12800000000000000000000000000000000000 19.936858739746028237178604615313330107
608 89 0 2 0 1.3460000000000000000000000000000000000 20.163651616177339111884465306345170269
608 97 0 0 0 0.052000000000000000000000000000000000000 20.187140068297687755368570918797390184
608 101 1 1 0 0.96700000000000000000000000000000000000 19.083215167585044817579578401869483784
608 107 0 0 0 0.047000000000000000000000000000000000000 20.210152876551073067441975547773110677
608 113 1 1 1 0.088000000000000000000000000000000000000 19.743683297804680018446814694207342177
608 127 2 2 2 0.093000000000000000000000000000000000000 19.391834996183693163839106502673082972
608 157 1 1 1 0.092000000000000000000000000000000000000 19.753316702115020074156982232804400845
608 173 1 1 1 0.11600000000000000000000000000000000000 20.201237511015392935374379515468933388
608 197 1 1 1 0.30700000000000000000000000000000000000 20.110557419189537863422970684512176193
608 223 0 0 0 0.36300000000000000000000000000000000000 19.892939416383981700490585326946528252
608 263 0 0 0 0.067000000000000000000000000000000000000 19.556030217249420617616233466285728399
608 271 0 0 0 0.16700000000000000000000000000000000000 17.854002506184694934172233163215068251
608 289 0 0 0 0.22500000000000000000000000000000000000 18.886128272792708944174866722257330087
608 293 1 1 1 0.29700000000000000000000000000000000000 18.327263572822287758714592246855634745
608 307 0 0 0 0.10700000000000000000000000000000000000 20.309740918675415349819310002310312433
608 349 1 1 0 0.89900000000000000000000000000000000000 20.591145977312828238021849452698227679
608 379 1 1 0 0.97200000000000000000000000000000000000 20.720234659628452600849849113768567310
608 463 0 0 0 0.21500000000000000000000000000000000000 20.426063045482575167420219075359026115
608 503 1 1 1 0.094000000000000000000000000000000000000 20.905166095924007673093729662208035871
608 509 1 1 0 0.76500000000000000000000000000000000000 20.422282087166306369137677800136844870
608 523 0 0 0 0.078000000000000000000000000000000000000 20.032900392072325029737855875416861760
608 547 1 1 0 1.0420000000000000000000000000000000000 20.806624343168842324687745345762236953
610 1 1 1 1 0.084000000000000000000000000000000000000 19.196270679344743161008626756761814355
611 16 0 0 0 0.27000000000000000000000000000000000000 19.801230201803220562494281542251717314
613 2 0 0 0 0.080000000000000000000000000000000000000 19.512190959807903673536649658200997731
613 32 2 2 2 0.12000000000000000000000000000000000000 19.804911882468565356222741175104824818
613 38 1 1 1 0.36000000000000000000000000000000000000 20.080210717638364976286613180458685694
613 52 1 1 1 0.096000000000000000000000000000000000000 20.904916034089535460397655305690851757
613 58 1 1 1 0.093000000000000000000000000000000000000 20.946775137300648633353502658285614615
613 64 1 1 0 0.67100000000000000000000000000000000000 19.302052237561435862282848842126358663
613 80 1 1 1 0.26100000000000000000000000000000000000 19.980966083189733546467216121529761377
613 94 0 0 0 0.25000000000000000000000000000000000000 21.108215829886390738913603353623241607
613 106 0 0 0 0.24400000000000000000000000000000000000 20.023971904409355344086722518387644393
613 118 1 1 0 0.74100000000000000000000000000000000000 19.836020193275451056664914726464941563
613 128 2 2 2 0.097000000000000000000000000000000000000 18.818198234030606540453457614810078347
613 146 1 1 0 0.61700000000000000000000000000000000000 21.171605595869832376432392872800195818
613 158 1 1 0 0.85200000000000000000000000000000000000 21.162329484938043462777735362393424018
613 166 1 1 0 0.89400000000000000000000000000000000000 20.305470846638552023020876747735233450
613 178 1 1 0 1.0660000000000000000000000000000000000 21.123371721048229226066558451372484195
613 206 0 0 0 0.22800000000000000000000000000000000000 20.521157819490702587838160617119390096
613 242 0 0 0 0.18500000000000000000000000000000000000 18.953196620395181966883100978361349423
613 244 1 1 0 0.92200000000000000000000000000000000000 19.918564148591566459377583428422293508
613 248 1 1 0 0.78800000000000000000000000000000000000 19.877679950922509063356585489716653327
613 256 1 1 1 0.29700000000000000000000000000000000000 17.934493324685703686337290835813321063
613 272 2 2 2 0.10900000000000000000000000000000000000 20.102467624411614467346242439982566809
613 284 1 1 1 0.096000000000000000000000000000000000000 20.943005956958310213464386839624445236
613 382 1 1 1 0.11300000000000000000000000000000000000 21.651359150677685664859076497009501742
613 388 0 0 0 0.079000000000000000000000000000000000000 18.632872374061034739544521352864134317
613 392 1 1 0 0.88500000000000000000000000000000000000 20.539353651213495572025705405952860126
613 452 1 1 0 0.94900000000000000000000000000000000000 21.819295555793748417969342020761021693
613 458 0 2 0 1.0920000000000000000000000000000000000 21.349286411408418379835951654001270860
613 472 0 2 0 1.0510000000000000000000000000000000000 21.537389252170495528966994738993754466
613 508 1 1 0 0.97200000000000000000000000000000000000 21.836001737900761994119128711399284387
613 542 2 2 2 0.36800000000000000000000000000000000000 21.772584402255690313499381697472778811
613 556 1 1 0 0.78500000000000000000000000000000000000 21.718155355703020856094901904417967328
614 19 2 2 2 0.11600000000000000000000000000000000000 20.491984137904154060190348347928143780
614 31 0 0 0 0.059000000000000000000000000000000000000 20.699711012173575001038894607320551576
614 49 1 1 0 0.90300000000000000000000000000000000000 20.041569271358371726540767127250835042
614 53 0 0 0 0.077000000000000000000000000000000000000 20.917338693134530614198467001656764761
614 79 0 0 0 0.20000000000000000000000000000000000000 20.584103831111313754209582956718883822
614 89 1 1 0 0.82700000000000000000000000000000000000 20.399044946324129730891328504541719352
614 101 0 0 0 0.074000000000000000000000000000000000000 20.177755203881729341179612775313574452
614 121 1 1 1 0.10700000000000000000000000000000000000 19.280880395014650979215067553481748507
614 131 0 0 0 0.27600000000000000000000000000000000000 21.175884206232732424326085404916311898
614 149 1 1 0 0.66600000000000000000000000000000000000 21.175977580489064370841394245832401590
614 163 0 0 0 0.086000000000000000000000000000000000000 21.161604703943909898832175220406740879
614 179 2 2 2 0.13100000000000000000000000000000000000 21.127029725100594927031079612856060172
614 191 0 0 0 0.22500000000000000000000000000000000000 20.608072800729034909847520737631258509
614 211 0 0 0 0.070000000000000000000000000000000000000 19.041277346168809442273967054865768761
614 229 0 0 0 0.15000000000000000000000000000000000000 20.777486740655057673838624018104625029
614 257 2 2 2 0.12500000000000000000000000000000000000 19.854068298340046383929249949801766607
614 263 1 1 0 0.75100000000000000000000000000000000000 19.421083623560803741008207082379558224
614 289 0 0 0 0.21300000000000000000000000000000000000 19.086297905119706995345289190413574772
614 317 1 1 0 1.1580000000000000000000000000000000000 19.506085649557869828086924922278524895
614 349 0 0 0 0.21200000000000000000000000000000000000 21.033614329738897042562611134945853468
614 359 0 0 0 0.23500000000000000000000000000000000000 21.560049360212986902771843962081718680
614 361 2 2 2 0.11100000000000000000000000000000000000 19.591541904796554813664971561216408291
614 383 0 2 0 1.0650000000000000000000000000000000000 21.658375639924098584718093744396259584
614 401 1 1 0 0.78200000000000000000000000000000000000 21.716819198100637451830697594576075349
614 409 0 2 0 1.2610000000000000000000000000000000000 20.377404009927828237751511276387304622
614 431 0 2 0 1.5030000000000000000000000000000000000 21.789777919006386984298161900942099388
614 433 1 1 0 1.0180000000000000000000000000000000000 20.948529453480454199939702925095142087
614 491 1 1 0 0.67900000000000000000000000000000000000 21.849398744409449866141173345360942500
614 499 0 0 0 0.26000000000000000000000000000000000000 21.847655559524981535414747770606831413
614 541 1 1 0 1.1040000000000000000000000000000000000 21.783979557852608783637730964322332208
614 557 1 1 0 0.81200000000000000000000000000000000000 21.723377007889753182295981042421576758
614 587 1 1 0 0.66000000000000000000000000000000000000 20.527233913914641264412344766064150161
614 607 0 0 0 0.28800000000000000000000000000000000000 20.946857782321768395105753208486265292
614 613 0 2 0 0.93900000000000000000000000000000000000 20.116759941501197621223815955405256340
617 22 0 0 0 0.22700000000000000000000000000000000000 20.092390164028612639565814474786165724
617 28 0 0 0 0.057000000000000000000000000000000000000 20.671830921186712813992225371852240277
617 32 0 0 0 0.062000000000000000000000000000000000000 19.347671993549032847849287987750321673
617 34 0 0 0 0.21900000000000000000000000000000000000 20.753142722998221750138727847813633198
617 62 1 1 0 0.77600000000000000000000000000000000000 19.630127111590905322614360917411405772
617 98 0 2 0 1.2390000000000000000000000000000000000 20.295042427912232523151374894218870482
617 124 0 0 0 0.24300000000000000000000000000000000000 21.186891345788774073015155240045479095
617 142 1 1 1 0.079000000000000000000000000000000000000 20.496341893581399000449265253140516948
617 146 0 2 0 0.84400000000000000000000000000000000000 21.194534518471339085238284978389335908
617 148 1 1 0 1.0070000000000000000000000000000000000 20.716651838909809189867272253891048433
617 162 0 0 0 0.11600000000000000000000000000000000000 19.749774152338538505982790178869150571
617 188 0 0 0 0.10100000000000000000000000000000000000 21.117528600010234610196202548310403315
617 202 1 1 1 0.23200000000000000000000000000000000000 20.576255055210470553734671592501630875
617 218 1 1 0 0.59200000000000000000000000000000000000 19.073989306936540215354759788790018200
617 224 1 1 1 0.20800000000000000000000000000000000000 18.509514818795137892458336209197647318
617 232 1 1 1 0.34400000000000000000000000000000000000 20.463930369813035066481463222745160600
617 272 0 0 0 0.054000000000000000000000000000000000000 20.077802238490236348694841836491311008
617 298 1 1 0 0.95400000000000000000000000000000000000 21.127913457231770460026449099862745078
617 332 2 2 1 1.1480000000000000000000000000000000000 21.418821930256537683080540980104571524
617 352 2 2 2 0.43500000000000000000000000000000000000 20.631253081762374158691873603083795681
617 358 1 1 0 0.82300000000000000000000000000000000000 20.865046862827684072883024034006079428
617 362 1 1 0 1.1880000000000000000000000000000000000 21.582721152094799221901762104792944857
617 386 2 2 1 0.96200000000000000000000000000000000000 21.679310562115874044044496689912262277
617 394 0 2 0 0.85700000000000000000000000000000000000 19.420728601282772864280640265038739845
617 398 2 2 1 0.94200000000000000000000000000000000000 21.718897046103719924254374173205072583
617 428 2 2 2 0.17200000000000000000000000000000000000 20.842130498224829197316070993887451813
617 446 0 0 0 0.069000000000000000000000000000000000000 21.352135229331330911369817137022506764
617 464 0 0 0 0.33300000000000000000000000000000000000 20.772936784160691285351851244877573268
617 488 1 1 1 0.49900000000000000000000000000000000000 21.565024343943872949732292334663702492
617 496 2 2 1 1.7390000000000000000000000000000000000 20.222606600925224942589784979937777173
617 524 1 1 0 1.0790000000000000000000000000000000000 21.843791805317914587643549187823667546
617 538 0 0 0 0.26200000000000000000000000000000000000 21.816159259654168279549056341788364410
617 576 1 1 1 0.49700000000000000000000000000000000000 19.959274479022764952014423180931701525
619 4 1 1 0 0.66200000000000000000000000000000000000 19.842737578961188802036335484110887107
619 8 0 0 0 0.058000000000000000000000000000000000000 19.842356540273677471276578632050767722
619 10 2 2 1 0.97400000000000000000000000000000000000 20.240010613105065245632632328093954089
619 38 1 1 1 0.12200000000000000000000000000000000000 20.331900449092238472994006071121447456
619 44 1 1 0 0.82200000000000000000000000000000000000 20.169728851839617302084642011284356126
619 46 1 1 0 0.74500000000000000000000000000000000000 20.886536932986594145226414585558182857
619 62 0 0 0 0.048000000000000000000000000000000000000 21.001901959152101625162976246566188905
619 74 1 1 0 0.88100000000000000000000000000000000000 20.587825503605346259663163403522337903
619 86 1 1 1 0.087000000000000000000000000000000000000 21.113563872511388482090599245039122957
619 94 0 0 0 0.27200000000000000000000000000000000000 20.440421321792357248704899293909603618
619 118 2 2 1 0.78700000000000000000000000000000000000 21.190528445011066753838274959493611593
619 122 1 1 0 0.62700000000000000000000000000000000000 21.195566068461960535111850445082658498
619 136 0 0 0 0.054000000000000000000000000000000000000 20.904731407757598956487400225585400972
619 142 1 1 0 0.67500000000000000000000000000000000000 20.729460887907871250644486471491600504
619 146 2 2 2 0.087000000000000000000000000000000000000 20.728800272912905638790864868661242815
619 164 0 0 0 0.21500000000000000000000000000000000000 20.236029944807172318233161743036680940
619 184 0 0 0 0.067000000000000000000000000000000000000 20.843524842769766020681899450834021816
619 206 1 1 0 0.65100000000000000000000000000000000000 18.494735377669334297066195139399836075
619 232 0 0 0 0.058000000000000000000000000000000000000 20.010107001510912830453247428136640291
619 242 0 0 0 0.061000000000000000000000000000000000000 19.537704109911460359900748591542487204
619 274 0 0 0 0.067000000000000000000000000000000000000 20.721322630034662719643055926969485205
619 278 0 0 0 0.42600000000000000000000000000000000000 20.816244359335190697760022031953234312
619 284 0 0 0 0.060000000000000000000000000000000000000 20.931320198587990167039561367251303029
619 296 0 2 0 0.96600000000000000000000000000000000000 19.957965953459636144404923902927141847
619 298 0 0 0 0.22600000000000000000000000000000000000 21.127995513199049467625771131540452653
619 304 1 3 1 1.3230000000000000000000000000000000000 20.114563511286068439935466194510953072
619 316 0 2 0 0.81900000000000000000000000000000000000 21.304625819098072394395400470475779792
619 346 0 0 0 0.18700000000000000000000000000000000000 21.507631432391706039060119167540444403
619 352 1 1 0 0.70800000000000000000000000000000000000 20.636640704847314290931978433486839118
619 382 2 2 2 0.090000000000000000000000000000000000000 21.671579252561691481232389856953355978
619 388 1 1 0 0.68600000000000000000000000000000000000 21.693172946691927815945499015281426616
619 404 1 1 0 0.82200000000000000000000000000000000000 21.744226094129150511000410027666364192
619 416 0 0 0 0.21700000000000000000000000000000000000 20.396546518804693490404669600479356309
619 424 0 0 0 0.18200000000000000000000000000000000000 21.494841403446926995646140526901420823
619 454 1 1 0 0.53900000000000000000000000000000000000 21.849970237570834217873933861502669470
619 466 1 1 0 0.73600000000000000000000000000000000000 21.386723754380308813832577619939200695
619 482 1 1 0 0.54000000000000000000000000000000000000 21.875074584852689227914653589241355324
619 486 2 2 2 0.17900000000000000000000000000000000000 19.968022609343416779032202794768550631
619 514 0 2 0 0.75400000000000000000000000000000000000 21.868959464994187230520062215409731474
619 536 1 1 0 0.73300000000000000000000000000000000000 21.535066178046127618508798118198052566
619 538 1 1 0 0.58700000000000000000000000000000000000 20.400218773903349023794090236059020134
619 554 2 2 2 0.067000000000000000000000000000000000000 20.938343944135779986713772595373775381
619 584 0 2 0 0.76900000000000000000000000000000000000 21.297168717947172448614384696813854489
621 2 1 1 0 0.45900000000000000000000000000000000000 18.597367158425463113870430905140450687
622 7 0 2 0 0.73900000000000000000000000000000000000 20.100215582471777872957289482175451753
622 11 0 0 0 0.048000000000000000000000000000000000000 20.295943842894040753603795765559762731
622 13 0 0 0 0.15800000000000000000000000000000000000 20.368116626782859729113509810584468088
622 27 1 1 1 0.45200000000000000000000000000000000000 19.726868428708837192881476105227173998
622 41 1 1 1 0.059000000000000000000000000000000000000 20.854931683199979009184076616106051030
622 43 2 2 1 0.78700000000000000000000000000000000000 20.874265254478804384877611328100531850
622 49 1 1 0 0.43600000000000000000000000000000000000 20.081434340428146044879770834374106507
622 67 1 1 0 0.80100000000000000000000000000000000000 20.200135143009454942772177933892838354
622 71 1 1 0 0.92500000000000000000000000000000000000 20.588670679300111223361114742418121024
622 83 0 0 0 0.20400000000000000000000000000000000000 20.272764134720139939809281089098480590
622 101 0 0 0 0.045000000000000000000000000000000000000 21.173785501711144794110563201357540485
622 127 2 2 2 0.081000000000000000000000000000000000000 20.739678772818181463478666775109242924
622 137 0 0 0 0.069000000000000000000000000000000000000 21.222662966791413708690931319503105831
622 157 1 1 1 0.20700000000000000000000000000000000000 21.216455407922654955743523682047722390
622 167 0 0 0 0.043000000000000000000000000000000000000 21.203638193914671432049189596267545016
622 193 0 0 0 0.23700000000000000000000000000000000000 21.132168241449932323702237252990887503
622 197 0 0 0 0.19500000000000000000000000000000000000 19.938834336229714518272631291053352421
622 223 1 1 1 0.061000000000000000000000000000000000000 19.819807767877164401680615882051490178
622 277 0 2 0 0.75100000000000000000000000000000000000 20.779864671456582354412885738677970194
622 281 2 2 1 0.71200000000000000000000000000000000000 20.867317158959642039831363574408396927
622 293 1 1 0 0.58100000000000000000000000000000000000 21.063890217108524818104523987478135013
622 313 0 0 0 0.15700000000000000000000000000000000000 21.282468514812162674399466014219037425
622 337 0 0 0 0.18700000000000000000000000000000000000 21.461594487729291304830661659149868125
622 347 1 1 0 0.61000000000000000000000000000000000000 20.821712358529841352297796896297419681
622 361 0 0 0 0.033000000000000000000000000000000000000 18.991554328762423061697601217034839544
622 367 1 1 0 0.71000000000000000000000000000000000000 21.620032725607218219670086153575925544
622 401 2 2 2 0.17100000000000000000000000000000000000 21.746249218443694018221835865652800740
622 419 0 0 0 0.18300000000000000000000000000000000000 21.796003581833537037507900478898667038
622 439 1 1 0 0.56200000000000000000000000000000000000 21.839271483952235248103869801834484626
622 457 0 0 0 0.033000000000000000000000000000000000000 21.867827814758683756639597762146112344
622 463 0 0 0 0.23700000000000000000000000000000000000 21.875149759206476793608061675286997508
622 587 3 3 3 0.10500000000000000000000000000000000000 21.613349013940970935666053646005999080
622 601 0 0 0 0.037000000000000000000000000000000000000 21.428157524050216174234270322662990751
625 2 0 2 0 0.72000000000000000000000000000000000000 17.474218977375042511968424317756539194
625 18 1 1 0 0.49000000000000000000000000000000000000 17.948844569433243072970263256973148239
625 64 0 0 0 0.16800000000000000000000000000000000000 16.897434256729997483180151273374386692
625 142 1 1 0 0.51500000000000000000000000000000000000 19.143190038472281724831008868758159676
625 152 0 0 0 0.14700000000000000000000000000000000000 18.839546726649187369665785913604396386
625 226 1 1 0 0.45100000000000000000000000000000000000 18.833023536007125791081275068756449311
625 268 1 1 0 0.58900000000000000000000000000000000000 18.354528263621215427599272188358332194
625 376 0 0 0 0.25100000000000000000000000000000000000 19.269513228861032720659491121160292842
625 424 0 2 0 0.81900000000000000000000000000000000000 19.421973323769118008592734734551893592
625 548 1 1 0 0.62800000000000000000000000000000000000 19.756273454136182862476399409038175361
626 11 0 0 0 0.043000000000000000000000000000000000000 19.470345573286406261213330072611797210
626 31 1 1 0 0.61400000000000000000000000000000000000 20.281729478844747088557238792951625725
626 37 1 1 0 0.52700000000000000000000000000000000000 20.832477751295260660080572479269870194
626 41 1 1 1 0.35800000000000000000000000000000000000 20.397470057381739682766378273653392032
626 67 2 2 2 0.073000000000000000000000000000000000000 20.588076632235840015128413935431809188
626 71 0 0 0 0.074000000000000000000000000000000000000 21.085819434473857423954688449049615752
626 89 1 1 1 0.099000000000000000000000000000000000000 19.929116384680607753357246425968671537
626 107 1 1 0 0.56600000000000000000000000000000000000 21.208244539608009589100211980179819678
626 109 1 1 0 0.78100000000000000000000000000000000000 20.367237010004977964235422466435639620
626 151 1 1 1 0.059000000000000000000000000000000000000 20.544726936163643333595800280326747249
626 179 1 1 0 0.66300000000000000000000000000000000000 21.203537478643061247698334177492550603
626 191 3 3 3 0.073000000000000000000000000000000000000 21.166902125954887631939124527741435249
626 199 1 1 0 0.56700000000000000000000000000000000000 20.434861649999498235949807698724054512
626 233 0 2 0 0.68500000000000000000000000000000000000 20.851683982861454485908857169428647564
626 241 0 2 0 0.77300000000000000000000000000000000000 19.479730446788223912552554860140538277
626 263 1 1 0 0.54700000000000000000000000000000000000 19.014651320707230054785351935508815138
626 269 0 2 0 0.75600000000000000000000000000000000000 20.484260031446058861930974301198200097
626 271 0 0 0 0.19400000000000000000000000000000000000 19.723733895862189445444552456438230463
626 277 0 0 0 0.15600000000000000000000000000000000000 20.757832882694544033981184373323507400
626 283 1 1 0 0.54900000000000000000000000000000000000 18.726098002335899676473099087825426336
626 331 0 0 0 0.057000000000000000000000000000000000000 21.430061880634213708210851976426130404
626 353 1 1 1 0.35800000000000000000000000000000000000 21.563312751776971615229208678417658344
626 361 2 2 2 0.35400000000000000000000000000000000000 20.324977095265210524185482550739140066
626 379 0 0 0 0.19800000000000000000000000000000000000 21.682663191517704861319879744649922710
626 389 1 1 0 0.47300000000000000000000000000000000000 21.720360221563898976924024479983701210
626 409 1 1 1 0.31900000000000000000000000000000000000 21.307412392982723245915017282598672231
626 419 1 1 1 0.21600000000000000000000000000000000000 21.334420583828245699158335240553330174
626 431 1 1 0 0.68900000000000000000000000000000000000 21.839803005477732534772539771280707790
626 439 0 0 0 0.058000000000000000000000000000000000000 21.856210614023660095356345743966834449
626 463 1 1 1 0.20200000000000000000000000000000000000 20.375436318877916955284206487429869337
626 479 0 0 0 0.17900000000000000000000000000000000000 21.064250550952322564271723991704019125
626 521 1 1 0 0.84400000000000000000000000000000000000 21.906955744645179270537589849490733252
626 523 0 0 0 0.050000000000000000000000000000000000000 21.904991548020277699480310023446312850
626 529 0 0 0 0.20800000000000000000000000000000000000 20.536137472775600048000874788679392968
626 571 1 1 1 0.055000000000000000000000000000000000000 21.298298067961776558973245640565789707
626 617 0 0 0 0.16700000000000000000000000000000000000 20.633109779194849342777386693391844865
628 1 0 0 0 0.16500000000000000000000000000000000000 18.439581762054195455928730873228708544
628 17 1 1 0 0.65300000000000000000000000000000000000 19.667806577814514429520966082277627433
628 23 1 1 1 0.22500000000000000000000000000000000000 19.600931184907893271778417656945190269
628 37 0 0 0 0.15000000000000000000000000000000000000 20.842243662253209558230914618812611959
628 43 2 2 2 0.062000000000000000000000000000000000000 20.426611833506112522384786072211908554
628 67 1 1 1 0.061000000000000000000000000000000000000 21.075130041744597154379895577307806015
628 81 0 2 0 0.62400000000000000000000000000000000000 18.863889586893607066863258499521182010
628 103 2 2 2 0.63700000000000000000000000000000000000 20.510641014431970698859821569429638164
628 113 1 1 0 0.38000000000000000000000000000000000000 21.230230365503511350080184046928078267
628 131 0 0 0 0.13700000000000000000000000000000000000 21.252346188619762934106834377851125434
628 149 1 1 0 0.27100000000000000000000000000000000000 21.255801505654120258509843755765846281
628 163 1 1 0 0.36500000000000000000000000000000000000 21.244974142064083878924287297738813232
628 173 0 2 0 0.65800000000000000000000000000000000000 20.752040012305423058633887937027674176
628 191 1 1 1 0.19200000000000000000000000000000000000 20.703070053320818293145189116860490342
628 199 0 0 0 0.14900000000000000000000000000000000000 21.147827755550567222464892197069099828
628 233 0 0 0 0.050000000000000000000000000000000000000 20.873321923327846749252897357300469115
628 243 2 2 2 0.074000000000000000000000000000000000000 18.785033964247696823783660412126438266
628 257 0 0 0 0.12400000000000000000000000000000000000 19.980590534730445625728573514468689701
628 271 1 1 1 0.052000000000000000000000000000000000000 20.545277697827572778311672493858391546
628 293 1 1 0 0.36300000000000000000000000000000000000 20.212618916719721687452273375299239717
628 307 0 0 0 0.15600000000000000000000000000000000000 21.229283559336280177615210820027449821
628 373 0 0 0 0.15800000000000000000000000000000000000 21.664051531174139305267928282646398632
628 397 0 0 0 0.17800000000000000000000000000000000000 21.055677943202503291877435185990940699
628 443 1 1 0 0.59300000000000000000000000000000000000 21.395071393566282251864272965254860807
628 449 0 0 0 0.17100000000000000000000000000000000000 21.882746289364106105665600774112805288
628 457 2 2 1 0.93600000000000000000000000000000000000 21.418036610811316268867585194301984573
628 467 0 0 0 0.18500000000000000000000000000000000000 21.907979966423139297290864641733115088
628 593 1 1 1 0.087000000000000000000000000000000000000 21.643424596863007201949589514882573809
628 607 0 0 0 0.058000000000000000000000000000000000000 21.457858387252546592889947781582817258
629 64 1 1 1 0.67000000000000000000000000000000000000 19.382141980144092375676009027797344552
631 4 0 0 0 0.070000000000000000000000000000000000000 19.901113333993813968090875558672031716
631 20 0 0 0 0.19400000000000000000000000000000000000 19.366694790861289038054311647961162639
631 34 1 1 0 0.66600000000000000000000000000000000000 20.821763300507076588048042807011554396
631 36 1 1 0 0.86400000000000000000000000000000000000 20.368379942803012534245371814620654980
631 48 1 1 0 0.87800000000000000000000000000000000000 20.360504918081528126059765058375860662
631 62 1 1 0 0.78200000000000000000000000000000000000 20.584360574793875894043274178016354792
631 76 0 0 0 0.19800000000000000000000000000000000000 21.134194556857633118479578665282359222
631 104 1 1 1 0.061000000000000000000000000000000000000 20.081233762874319302103430495912782094
631 106 1 1 1 0.28200000000000000000000000000000000000 20.532930169643533196844106586062005450
631 134 0 0 0 0.25500000000000000000000000000000000000 20.793302669621460534868971437444870684
631 136 1 1 1 0.51200000000000000000000000000000000000 20.493305445616523103863079987848502652
631 146 1 1 0 0.65200000000000000000000000000000000000 21.273193421623245692686222988460721737
631 148 1 1 0 0.80600000000000000000000000000000000000 21.272845185569817561170181771333988895
631 176 0 0 0 0.26700000000000000000000000000000000000 20.639257793658311724455205166514768957
631 178 0 0 0 0.21000000000000000000000000000000000000 21.236938384594673752482461256843115639
631 194 1 1 1 0.12000000000000000000000000000000000000 20.490097271647547860017967387873421062
631 202 3 3 3 0.10500000000000000000000000000000000000 20.309745661713569144178199090731513114
631 212 1 1 0 0.58500000000000000000000000000000000000 21.099145220972452013269355489396192188
631 224 0 0 0 0.067000000000000000000000000000000000000 19.625294131331987660873477696679775295
631 254 1 1 0 0.77800000000000000000000000000000000000 20.359995421391289534898796570553697046
631 274 0 0 0 0.18000000000000000000000000000000000000 20.627493636263707568440332217783830791
631 304 0 0 0 0.074000000000000000000000000000000000000 20.595193371149550082227035457917001519
631 326 0 0 0 0.080000000000000000000000000000000000000 20.556935484951832312018753660060374292
631 344 1 1 0 0.80900000000000000000000000000000000000 20.524488311221463032007658080937914946
631 356 1 1 1 0.065000000000000000000000000000000000000 20.892928461686546921670064922911965081
631 358 0 2 0 1.0160000000000000000000000000000000000 21.602245484807852682589800240065457061
631 376 1 1 0 0.94700000000000000000000000000000000000 21.384732944243444228831831825426635249
631 382 1 1 0 0.78000000000000000000000000000000000000 21.710196306862581762269401796879966646
631 384 0 0 0 0.086000000000000000000000000000000000000 20.212851641337411909943239847070980791
631 432 1 1 0 1.0340000000000000000000000000000000000 20.305789961165516481468826844338455404
631 436 1 1 1 0.079000000000000000000000000000000000000 21.025664303510580270864996143336610475
631 454 0 0 0 0.25600000000000000000000000000000000000 21.903930075369457569909416820897457624
631 472 0 0 0 0.065000000000000000000000000000000000000 21.626507432470050930070821629200199000
631 524 0 0 0 0.075000000000000000000000000000000000000 21.935638261421226308606201715773862121
631 526 1 1 0 0.80500000000000000000000000000000000000 21.933802930639563647826200750660651713
631 554 1 1 0 0.59900000000000000000000000000000000000 21.884395575790298221898739350109056216
631 566 1 1 1 0.53000000000000000000000000000000000000 21.368269953321550939651073863606929759
631 628 1 1 0 0.68800000000000000000000000000000000000 20.672134125613745685528282308725687655
632 5 1 1 1 0.12100000000000000000000000000000000000 18.856641213353726524293149964909327816
632 17 1 1 1 0.14500000000000000000000000000000000000 20.231204876519033078418176951212520092
632 23 0 0 0 0.061000000000000000000000000000000000000 20.360647715264570393730144006021813881
632 37 0 0 0 0.078000000000000000000000000000000000000 20.560651207535178196228178655937101524
632 47 1 1 1 0.11200000000000000000000000000000000000 20.180885758287144563638830963738416291
632 71 1 1 1 0.092000000000000000000000000000000000000 20.814578427184882673423331118711271580
632 73 1 1 1 0.071000000000000000000000000000000000000 20.824297303842041417033948985369362718
632 83 2 2 2 0.13600000000000000000000000000000000000 20.390062738731486826233605621865999492
632 127 1 1 0 0.78000000000000000000000000000000000000 20.969302389509043575437657413612934180
632 131 1 1 0 0.61500000000000000000000000000000000000 20.972766756833162000079551329193861201
632 149 1 1 0 0.69600000000000000000000000000000000000 20.977121506872812271104650191632494542
632 163 0 0 0 0.052000000000000000000000000000000000000 20.967234386408173555279275591701924762
632 167 0 0 0 0.20700000000000000000000000000000000000 20.962092516596190024178166417474422744
632 173 0 0 0 0.058000000000000000000000000000000000000 19.998037475685421716074803068360455459
632 181 0 0 0 0.074000000000000000000000000000000000000 20.934943985744805763695823904289219086
632 229 0 0 0 0.049000000000000000000000000000000000000 20.662429277983157966526826858373531711
632 233 1 1 0 0.68400000000000000000000000000000000000 20.614290257051563788140752011124142528
632 311 0 0 0 0.037000000000000000000000000000000000000 20.971096229264121753782525680524497408
632 313 1 1 1 0.12200000000000000000000000000000000000 20.036413242181699036848353190804960514
632 317 2 2 2 0.26400000000000000000000000000000000000 20.550583161535749682107209111740416130
632 337 0 0 0 0.065000000000000000000000000000000000000 20.336185189375392508686325914837901213
632 347 0 0 0 0.072000000000000000000000000000000000000 20.398426261643975520511215227125030721
632 373 0 2 0 0.71100000000000000000000000000000000000 21.374851181068628982901633915291963962
632 383 1 1 0 0.48500000000000000000000000000000000000 21.416218755715955307909490181214242889
632 389 0 0 0 0.047000000000000000000000000000000000000 19.530532229077622683751147590244386730
632 421 0 0 0 0.22100000000000000000000000000000000000 20.107152951375389077158628656631864809
632 467 0 0 0 0.19200000000000000000000000000000000000 21.625534166908376669383290197941120847
632 499 0 0 0 0.20100000000000000000000000000000000000 21.648335660530195532599860686459830306
632 523 0 0 0 0.055000000000000000000000000000000000000 21.641621220130499700562009721029780450
632 541 0 0 0 0.18000000000000000000000000000000000000 21.619369214172176925136494212411614417
632 577 0 0 0 0.057000000000000000000000000000000000000 21.504842499157019535487052537712413557
633 16 1 1 0 0.54200000000000000000000000000000000000 19.908910562247308977678164272473954009
634 7 3 3 3 0.24000000000000000000000000000000000000 20.158322141220485163705528647234784976
634 11 1 1 0 0.76400000000000000000000000000000000000 20.354071661656355658486459506882036248
634 29 0 0 0 0.062000000000000000000000000000000000000 19.728205960040578966257098365259382175
634 31 2 2 1 0.68400000000000000000000000000000000000 20.320523202640920455652254453552016606
634 37 1 1 0 0.66700000000000000000000000000000000000 20.871353239078794229198323654426570945
634 59 2 2 2 0.11300000000000000000000000000000000000 19.881438725007167392150567385942324301
634 73 0 2 0 1.0190000000000000000000000000000000000 21.135206431901059654561643849203014877
634 79 0 0 0 0.068000000000000000000000000000000000000 21.162072267058776739998911275813523747
634 81 1 1 1 0.25000000000000000000000000000000000000 19.738934280691649432399127011903164483
634 101 1 1 0 0.75600000000000000000000000000000000000 20.390241354629719163455257269761777140
634 107 1 1 0 0.57300000000000000000000000000000000000 21.249460934294319434509853707650507162
634 151 1 1 0 0.93800000000000000000000000000000000000 21.288636462292010726825322097371837820
634 167 0 0 0 0.066000000000000000000000000000000000000 20.797718247266078155648171265699388864
634 169 1 1 0 0.82200000000000000000000000000000000000 19.312897525291526827718083159949050626
634 179 0 0 0 0.23800000000000000000000000000000000000 21.253069248221355319200562990652062755
634 193 1 1 0 0.63900000000000000000000000000000000000 19.890385633907774055688290953878559455
634 199 0 0 0 0.22200000000000000000000000000000000000 20.344086068003584833216930871540488265
634 227 0 0 0 0.23900000000000000000000000000000000000 21.003194239488154987763990068274150817
634 263 1 1 0 0.46100000000000000000000000000000000000 19.110065052115255791309126903939480803
634 269 0 2 0 0.58400000000000000000000000000000000000 20.335896576795456410254312937846806404
634 289 0 0 0 0.17000000000000000000000000000000000000 19.751542925311789082597934266755677483
634 311 1 1 0 0.62500000000000000000000000000000000000 20.318991784632609506509212948227251362
634 361 0 0 0 0.16100000000000000000000000000000000000 20.346530937466342245947227737055904983
634 367 1 1 1 0.25000000000000000000000000000000000000 21.654411573694343235858250114906970162
634 389 0 0 0 0.15800000000000000000000000000000000000 20.901380739050079292707977417124344513
634 431 2 2 1 0.74100000000000000000000000000000000000 21.871663299089769543154651810672180980
634 439 0 0 0 0.24700000000000000000000000000000000000 21.889173879522204330429955238974735656
634 479 1 1 0 0.76700000000000000000000000000000000000 21.948599784660762295185909080507963182
634 521 1 1 1 0.093000000000000000000000000000000000000 21.956180857637433322443469634277460625
634 547 1 1 0 0.81300000000000000000000000000000000000 21.923392410500147660807885140428168567
634 601 2 2 1 1.0040000000000000000000000000000000000 21.652858197164230316082042215308674779
637 8 0 0 0 0.17600000000000000000000000000000000000 19.084428298500209795565811552173768131
640 11 2 2 1 1.1570000000000000000000000000000000000 18.877573800068815979699467923286480825
640 31 1 1 1 0.050000000000000000000000000000000000000 19.321266760060952127922309812641155566
640 101 0 0 0 0.029000000000000000000000000000000000000 18.915377500052230387467981732164987107
640 211 1 1 1 0.056000000000000000000000000000000000000 19.667270797593251071031683903338735334
640 263 1 1 1 0.23100000000000000000000000000000000000 18.361372846125703694747568000551868922
640 283 0 0 0 0.19300000000000000000000000000000000000 19.324538884396804021459358756881571641
640 317 4 4 4 0.070000000000000000000000000000000000000 19.830598766694367351939472308192943946
640 361 2 2 2 0.077000000000000000000000000000000000000 18.379677758372625758698470802386138700
640 367 2 2 2 0.072000000000000000000000000000000000000 20.165520804384734960442498186214849100
640 401 0 0 0 0.16600000000000000000000000000000000000 20.303387475659105648531327142777669225
640 431 0 0 0 0.043000000000000000000000000000000000000 19.912547480527914032857926625823619118
641 4 1 1 0 0.42400000000000000000000000000000000000 19.103819768590915987140304182462718405
641 14 2 2 1 0.65900000000000000000000000000000000000 20.491652332574423555352598513689103873
641 26 1 1 0 0.56000000000000000000000000000000000000 20.756927210947159630614973738525121040
641 46 0 0 0 0.14100000000000000000000000000000000000 20.993872408345324646008332889779270887
641 52 1 1 0 0.56500000000000000000000000000000000000 20.565514103236723320650904336811036239
641 56 0 0 0 0.14400000000000000000000000000000000000 20.293354100260651665453099825439596637
641 72 1 1 0 0.61100000000000000000000000000000000000 20.386530582750104589769781830298736244
641 74 0 0 0 0.047000000000000000000000000000000000000 19.742905507639240628277411567241457072
641 80 1 1 0 0.68700000000000000000000000000000000000 20.598692555129540161940557265217732115
641 124 1 1 0 0.59500000000000000000000000000000000000 20.837059929975099414792301735545400592
641 136 0 0 0 0.13500000000000000000000000000000000000 21.023953140858043410773178146138915928
641 152 0 0 0 0.10400000000000000000000000000000000000 20.180888169717688634223165458249544522
641 158 2 2 2 0.055000000000000000000000000000000000000 21.324012541262039068016815102083162806
641 164 1 1 0 0.48500000000000000000000000000000000000 20.841713970809855687672700742675265503
641 176 1 1 1 0.21600000000000000000000000000000000000 20.699386329573311125834212481568001888
641 206 0 0 0 0.11600000000000000000000000000000000000 20.164266109753047076251465047039423327
641 214 1 1 0 0.42700000000000000000000000000000000000 20.685094004185553921811158188959080206
641 256 1 1 0 0.36900000000000000000000000000000000000 18.708842743545376756018648159338247074
641 284 2 2 2 0.21100000000000000000000000000000000000 20.150267045892415046862878921163447416
641 292 1 1 0 0.27900000000000000000000000000000000000 21.016761472717319748440003893955287656
641 316 1 1 1 0.22200000000000000000000000000000000000 20.627866144605109504052880843192249554
641 346 1 1 1 0.15400000000000000000000000000000000000 21.558180126414223797903691584088624052
641 382 0 0 0 0.10500000000000000000000000000000000000 21.740562759827788681435285110748133629
641 386 0 0 0 0.17000000000000000000000000000000000000 21.756765338647848414672539020854088249
641 394 1 1 0 0.50600000000000000000000000000000000000 21.310090118461760423008619971562201747
641 404 1 1 0 0.47100000000000000000000000000000000000 21.821858582605495586446807866929470531
641 422 1 1 0 0.44000000000000000000000000000000000000 21.875589649008169652794992710982911440
641 424 0 0 0 0.043000000000000000000000000000000000000 21.579890254160420518515905196133773216
641 428 1 1 0 0.53900000000000000000000000000000000000 21.046116362073875366037160539060780710
641 454 1 1 0 0.51200000000000000000000000000000000000 21.101546273747848629750479074754875608
641 464 1 3 0 0.79800000000000000000000000000000000000 21.360745696565440120160171388349921351
641 514 0 0 0 0.15300000000000000000000000000000000000 21.998807093892051685522291043096016486
641 536 1 1 0 0.42700000000000000000000000000000000000 21.685754138186524414489541924911201306
641 556 1 1 0 0.56900000000000000000000000000000000000 21.478280079799940190185215015104232009
641 578 0 2 0 0.66700000000000000000000000000000000000 20.180471557487327898805360848584059139
641 592 1 1 0 0.52500000000000000000000000000000000000 19.892688097128423531276703003814525784
642 1 0 0 0 0.10600000000000000000000000000000000000 19.351707824919531089291193739451506621
643 8 1 1 0 0.61600000000000000000000000000000000000 19.958036036422882744124252998931732019
643 20 1 1 0 0.41700000000000000000000000000000000000 20.654528498700561645538467860098773239
643 22 0 0 0 0.15300000000000000000000000000000000000 19.741057706591805968683442481960513194
643 28 0 0 0 0.046000000000000000000000000000000000000 20.797812623139060269861559052118357409
643 56 0 0 0 0.13600000000000000000000000000000000000 20.780095806734795651699797575689115103
643 62 0 0 0 0.15500000000000000000000000000000000000 21.119892741373600338764532973806985669
643 82 1 1 0 0.55100000000000000000000000000000000000 20.519705977195251486113451700401339820
643 88 1 1 0 0.60700000000000000000000000000000000000 19.578358053547611715160237428402420791
643 92 1 1 0 0.47000000000000000000000000000000000000 20.409444738811268830882847186070999544
643 98 0 0 0 0.036000000000000000000000000000000000000 20.427454330818524976940428171499325657
643 116 0 0 0 0.035000000000000000000000000000000000000 21.312754340379697986479916973444194886
643 148 0 0 0 0.042000000000000000000000000000000000000 20.861595995643665423423255528950930692
643 160 2 2 1 0.63100000000000000000000000000000000000 20.430657836678317333363089764561679844
643 162 1 1 0 0.52300000000000000000000000000000000000 19.900726724135639537248613236513010939
643 188 0 0 0 0.048000000000000000000000000000000000000 21.285867700451903362284464718870453400
643 208 1 1 1 0.056000000000000000000000000000000000000 20.607758923760082730468119253983730561
643 218 0 0 0 0.13500000000000000000000000000000000000 20.452832618098179866528759223798089663
643 272 1 1 0 0.59500000000000000000000000000000000000 19.722840256104567479519420928335698246
643 292 0 2 0 0.57500000000000000000000000000000000000 20.056934722105805867430240632573428504
643 302 1 1 1 0.059000000000000000000000000000000000000 20.213146011534487568752293395335658462
643 314 1 1 0 0.53800000000000000000000000000000000000 21.307890956041391356986465595151202100
643 316 1 1 0 0.45700000000000000000000000000000000000 19.966288791604986012560246148647950573
643 334 1 1 0 0.32000000000000000000000000000000000000 21.480901709433615015937098164813606958
643 344 1 1 0 0.54200000000000000000000000000000000000 21.248575258964121376325658241619217685
643 358 2 2 2 0.31200000000000000000000000000000000000 21.632184946257373810882494221508043376
643 386 0 2 0 0.69900000000000000000000000000000000000 20.072600444267350657861876155900586589
643 404 1 1 0 0.42900000000000000000000000000000000000 21.828525948278967168218597229602888532
643 412 1 1 0 0.56200000000000000000000000000000000000 21.853982565994713152154713182436321695
643 422 0 2 0 0.75500000000000000000000000000000000000 21.882847440568644111109238052842123812
643 428 1 1 0 0.63000000000000000000000000000000000000 21.421544591930651349854639867664986108
643 454 1 1 0 0.55600000000000000000000000000000000000 21.000714074893969614983891305953497474
643 464 1 1 1 0.049000000000000000000000000000000000000 20.415170015308740659214292437689376696
643 478 2 2 1 0.89200000000000000000000000000000000000 20.759370753413829000810031237421224141
643 488 1 1 0 0.99400000000000000000000000000000000000 21.698403019085348061562851866997616184
643 512 1 1 1 0.073000000000000000000000000000000000000 19.902554966268024394896507589569555936
643 524 1 1 0 0.38000000000000000000000000000000000000 22.007426589291469419992922903295370116
643 566 2 2 1 0.68800000000000000000000000000000000000 21.945866480322330436312253274446369042
643 578 2 2 2 0.059000000000000000000000000000000000000 20.675646955417256949230944915962109957
643 592 0 0 0 0.19100000000000000000000000000000000000 21.236822379451760291156761455328105959
643 622 1 1 0 0.42700000000000000000000000000000000000 21.530864618077890308534977664335409561
643 634 0 0 0 0.19200000000000000000000000000000000000 20.715156535488911423413756819418858368
647 2 0 0 0 0.14800000000000000000000000000000000000 19.676300914813375837783955798987800369
647 18 0 0 0 0.062000000000000000000000000000000000000 20.151093669964899697508171352583333357
647 20 1 1 0 0.66600000000000000000000000000000000000 20.673418082633032329457252487686898313
647 32 1 1 0 0.73600000000000000000000000000000000000 19.969877467288051057400433125085999322
647 38 1 1 0 0.60300000000000000000000000000000000000 19.093246829097997627695563003569647782
647 52 2 2 2 0.29000000000000000000000000000000000000 21.071340965440572207986791241898319531
647 58 0 0 0 0.055000000000000000000000000000000000000 21.113791299349490799786189159256047502
647 68 2 2 2 0.052000000000000000000000000000000000000 21.173259896600480863023035623670361055
647 88 0 0 0 0.047000000000000000000000000000000000000 20.114615969786166349526088687692716737
647 94 1 1 0 0.50300000000000000000000000000000000000 21.280573413392955654790907620105366829
647 106 0 2 0 0.58800000000000000000000000000000000000 20.467801556151217187675252871633173091
647 112 0 0 0 0.035000000000000000000000000000000000000 20.723642366261369934918863319067034033
647 124 1 1 0 0.53600000000000000000000000000000000000 21.345099137564819355862932484824661978
647 152 1 1 1 0.052000000000000000000000000000000000000 20.581635386663443435219452983749618592
647 158 1 1 1 0.069000000000000000000000000000000000000 21.357312799277557097865199321168485716
647 166 1 1 1 0.068000000000000000000000000000000000000 21.350714786628602084905202112253040968
647 172 0 0 0 0.041000000000000000000000000000000000000 20.167053553504596788906734805625447662
647 178 0 0 0 0.15100000000000000000000000000000000000 20.634189442369113501715803517218341971
647 206 0 0 0 0.027000000000000000000000000000000000000 19.924789348190092211064870983906685236
647 218 0 0 0 0.042000000000000000000000000000000000000 21.182190909303630186506389363738128337
647 224 1 1 0 0.55300000000000000000000000000000000000 19.759981625923061982764708145494139896
647 248 0 0 0 0.18800000000000000000000000000000000000 20.545957067106421939288715534156331746
647 256 1 1 0 0.39200000000000000000000000000000000000 18.833704558133277309707876686743012319
647 262 1 1 0 0.53800000000000000000000000000000000000 19.872191956054356984083428107604316597
647 302 2 2 1 0.64600000000000000000000000000000000000 20.318082454392544916623903719550971393
647 314 1 1 0 0.60200000000000000000000000000000000000 19.340647882795573232319345549811647947
647 328 1 1 1 0.058000000000000000000000000000000000000 20.439740575392304207625074644162311453
647 332 0 0 0 0.11900000000000000000000000000000000000 20.994621629691778416730407801186702907
647 368 1 1 0 0.75000000000000000000000000000000000000 20.614641602586661859719859017443155905
647 388 1 1 0 0.47600000000000000000000000000000000000 21.305621707560425844279529881889295511
647 398 1 1 1 0.070000000000000000000000000000000000000 21.820707637227804321231887691605401191
647 452 0 0 0 0.14500000000000000000000000000000000000 21.967582187683498436120943499275648562
647 458 0 2 0 0.79700000000000000000000000000000000000 21.024336128173578315209052149713139884
647 508 1 1 0 0.62100000000000000000000000000000000000 22.030221103408639854351992053357277103
647 514 2 2 1 0.65500000000000000000000000000000000000 21.077011490486957088708071492660656764
647 542 2 2 1 0.77500000000000000000000000000000000000 22.018127807899410009397880411381460529
647 562 0 0 0 0.17500000000000000000000000000000000000 21.986036967914826461210209397977172673
647 592 1 1 1 0.057000000000000000000000000000000000000 21.278631602665466592389349818088890400
647 626 0 2 0 0.76100000000000000000000000000000000000 21.550040276454225797015527697618740809
648 49 1 1 0 0.42100000000000000000000000000000000000 18.475062322710463919496364176683589547
648 67 2 2 2 0.062000000000000000000000000000000000000 19.440270669047682762779800266486467040
648 179 1 1 0 0.49800000000000000000000000000000000000 19.604754748262575221526046088911504581
648 353 0 0 0 0.15400000000000000000000000000000000000 19.882883958942269250075803659137727461
648 569 2 2 1 0.62600000000000000000000000000000000000 20.244170072099746189488643064518304759
648 601 0 2 0 0.73100000000000000000000000000000000000 20.106171064747874624755008382126577882
649 16 1 1 1 0.040000000000000000000000000000000000000 19.984892353027771987103527247931259773
649 64 2 2 2 0.050000000000000000000000000000000000000 18.634213885068456303695659044972105130
650 1 1 1 1 0.047000000000000000000000000000000000000 18.690386301045877744610867521188509022
652 13 1 1 0 0.63900000000000000000000000000000000000 20.034315493342773364271640081215764853
652 37 1 1 0 0.50600000000000000000000000000000000000 20.111936883779040854558990670686533908
652 41 1 1 0 0.60700000000000000000000000000000000000 20.522223727471807449574571097460208008
652 43 0 0 0 0.19400000000000000000000000000000000000 21.018802611753363591658343493773587127
652 81 0 0 0 0.13800000000000000000000000000000000000 19.826980546947778634182837284631584462
652 97 0 0 0 0.048000000000000000000000000000000000000 21.314118831893375057614572650633780437
652 101 1 1 0 0.52500000000000000000000000000000000000 21.325252453479549339146730136168379405
652 107 1 1 1 0.19300000000000000000000000000000000000 21.340060294420510173313773223515114642
652 109 1 1 0 0.74000000000000000000000000000000000000 21.344511090140532175614964284261373015
652 113 1 1 1 0.057000000000000000000000000000000000000 20.030490181349719627856672129730131877
652 125 2 2 2 0.075000000000000000000000000000000000000 19.973958722003161157881677744017449861
652 127 1 1 0 0.52300000000000000000000000000000000000 20.675362538846261797279654089144792872
652 167 0 0 0 0.20300000000000000000000000000000000000 20.900637769762485720814905471116077877
652 197 0 0 0 0.13600000000000000000000000000000000000 21.314895239381262150938217633176357495
652 223 2 2 2 0.088000000000000000000000000000000000000 19.788913999530617118290414188459356790
652 283 2 2 2 0.063000000000000000000000000000000000000 20.259966314821982934106275357150353678
652 307 0 2 0 0.53700000000000000000000000000000000000 21.225835816377669324299329270453405536
652 317 1 1 0 0.48000000000000000000000000000000000000 21.341874845863557728828943899279840143
652 337 0 2 0 0.65100000000000000000000000000000000000 21.039777882354006770273410359702670489
652 349 0 0 0 0.043000000000000000000000000000000000000 21.599069229035629681387477317099457537
652 353 0 0 0 0.10200000000000000000000000000000000000 20.393278108005216619935665685150710848
652 401 1 1 0 0.49600000000000000000000000000000000000 20.415819448415832762526141537126497340
652 421 1 1 0 0.59300000000000000000000000000000000000 21.911827383700326158608376021290402186
652 433 0 0 0 0.044000000000000000000000000000000000000 21.944457781247777055320974716318551156
652 443 2 2 1 0.78500000000000000000000000000000000000 21.968398284986984403972988659828227849
652 449 0 2 0 0.55200000000000000000000000000000000000 21.981395455231762872720825141300156122
652 487 1 1 0 0.62900000000000000000000000000000000000 22.040562391197036895314880494407289851
652 491 1 1 0 0.54400000000000000000000000000000000000 21.567322704923579342738372919762947075
652 503 1 3 1 0.82200000000000000000000000000000000000 22.053268970314120361014894019735534507
652 547 0 0 0 0.038000000000000000000000000000000000000 22.043998852697191523647644308947865844
652 557 1 1 0 0.49200000000000000000000000000000000000 21.185392433779606839869438561154066544
652 569 1 3 0 0.97800000000000000000000000000000000000 22.006724813974516716767935777155606856
652 587 1 1 0 0.62400000000000000000000000000000000000 21.950837409748262570595425926115157852
652 613 1 1 0 0.69100000000000000000000000000000000000 21.797651864213742954779388998484497704
652 619 1 1 0 0.51500000000000000000000000000000000000 20.050133908638855889077663774567465167
653 2 1 1 0 0.46800000000000000000000000000000000000 19.704363750459252886869445656850160570
653 6 0 0 0 0.12700000000000000000000000000000000000 20.181256809278807636956526378896393845
653 26 0 2 0 0.69100000000000000000000000000000000000 20.813496896577785827754014597172978655
653 44 1 1 0 0.54200000000000000000000000000000000000 21.032852917120417841766719860424856918
653 58 1 1 1 0.048000000000000000000000000000000000000 20.665197872756838972973648123176511612
653 62 0 0 0 0.16900000000000000000000000000000000000 21.167708748348371967402786871817333452
653 68 1 1 0 0.47600000000000000000000000000000000000 20.724851067081426363590651485098184133
653 76 0 0 0 0.12100000000000000000000000000000000000 18.855919266707660461221309902269912041
653 88 0 2 0 0.66000000000000000000000000000000000000 20.988910340620399115968415740853019128
653 92 0 0 0 0.13400000000000000000000000000000000000 21.303565202631124457899965745043529623
653 128 1 1 0 0.57500000000000000000000000000000000000 19.176455191260816055704601443812131345
653 142 1 1 0 0.37000000000000000000000000000000000000 21.391044226569293381499304981050606670
653 152 0 2 0 0.49800000000000000000000000000000000000 21.091109943563917514024169744422155467
653 172 0 0 0 0.039000000000000000000000000000000000000 20.678467229828471050801698977569368118
653 184 0 0 0 0.14700000000000000000000000000000000000 20.101186841186229022412504189279001562
653 202 1 1 1 0.52500000000000000000000000000000000000 20.826401938177479357086736307398607548
653 208 0 0 0 0.12700000000000000000000000000000000000 20.676616901836517617491836348231323554
653 218 1 1 0 0.48600000000000000000000000000000000000 21.226693739255499389047625028289620557
653 226 1 1 0 0.44000000000000000000000000000000000000 21.172849834224397029654118769688613863
653 232 0 2 0 0.61900000000000000000000000000000000000 20.821806955349903326984175087742261306
653 250 1 1 0 0.42700000000000000000000000000000000000 19.486958525159749952443091694423764225
653 262 0 2 0 0.59300000000000000000000000000000000000 20.523770959035240688035704649252198436
653 268 0 0 0 0.033000000000000000000000000000000000000 20.000257576004534823269088183541785055
653 284 0 2 0 0.54500000000000000000000000000000000000 20.284712832435078659141559238500330188
653 296 2 2 2 0.058000000000000000000000000000000000000 20.753911733743176098883237739074440151
653 314 0 2 0 0.49300000000000000000000000000000000000 20.464583486800086014925067959657386578
653 334 1 1 0 0.65700000000000000000000000000000000000 21.495453745845251012908888087176107184
653 352 1 1 1 0.16700000000000000000000000000000000000 20.716618930303527558172879876381732045
653 362 1 3 0 0.75300000000000000000000000000000000000 21.677360224222381353440973961707235292
653 392 1 1 0 0.39400000000000000000000000000000000000 20.193152636683483733614652329332146740
653 422 1 1 1 0.22500000000000000000000000000000000000 21.219207096452297158242784831620911449
653 432 3 3 3 0.078000000000000000000000000000000000000 20.389220285025934866481001201400424464
653 452 0 0 0 0.13700000000000000000000000000000000000 21.991450999035739137843544478278729339
653 458 1 1 0 0.53100000000000000000000000000000000000 22.003042580615421371169382598423363675
653 478 0 0 0 0.055000000000000000000000000000000000000 21.335574643280480451930274145212121419
653 488 1 1 1 0.18200000000000000000000000000000000000 21.745115875975473234925448000577308748
653 502 1 1 0 0.57700000000000000000000000000000000000 22.057564758039491010492902228018163497
653 568 0 2 0 0.83200000000000000000000000000000000000 20.870235789257647465293712586008485068
656 7 1 1 1 0.032000000000000000000000000000000000000 19.659988674958065734327452371101343923
656 11 0 0 0 0.16200000000000000000000000000000000000 19.855774181087801187045839042506594414
656 23 0 0 0 0.030000000000000000000000000000000000000 20.173216123831715774523495682817207032
656 29 2 2 2 0.056000000000000000000000000000000000000 20.271664490815834869055889537734241257
656 43 0 0 0 0.037000000000000000000000000000000000000 20.435500650757193764973376492526942316
656 47 1 1 1 0.038000000000000000000000000000000000000 20.471525261166227079273535547456200842
656 59 1 1 1 0.054000000000000000000000000000000000000 20.560984656594004747158431222396718458
656 61 0 0 0 0.043000000000000000000000000000000000000 20.573692540831441050616494847661198497
656 103 1 1 1 0.18200000000000000000000000000000000000 20.748024911647550202648530339222788960
656 113 1 1 0 0.53900000000000000000000000000000000000 20.770553154786134397009863105382866985
656 121 1 1 0 0.68600000000000000000000000000000000000 19.743068094604463991005173320392716997
656 139 1 1 0 0.62900000000000000000000000000000000000 20.803186931842908783570865982780147824
656 149 2 2 2 0.060000000000000000000000000000000000000 19.692285647757261317925248261014921707
656 163 2 2 2 0.061000000000000000000000000000000000000 18.962556768259648653879288184912353548
656 173 0 0 0 0.14100000000000000000000000000000000000 20.791021091630457230596276040159610400
656 191 1 1 0 0.61100000000000000000000000000000000000 19.714112145281237930257587890295739862
656 229 1 1 0 0.51900000000000000000000000000000000000 20.571474427724114010060687115351006563
656 241 2 2 2 0.072000000000000000000000000000000000000 20.453218280169450800384777357396411269
656 257 0 0 0 0.033000000000000000000000000000000000000 20.164217735295068205393036256252855951
656 271 0 0 0 0.044000000000000000000000000000000000000 18.403030926925034167485581983420582393
656 277 1 1 0 0.36100000000000000000000000000000000000 19.752331198447022891860960764324255694
656 331 1 1 0 0.56400000000000000000000000000000000000 20.173830724038306709164167359289837232
656 347 0 0 0 0.053000000000000000000000000000000000000 20.991548784315224759585444932769164768
656 359 1 1 1 0.18700000000000000000000000000000000000 20.111071447935557437357551314822535131
656 389 2 2 2 0.075000000000000000000000000000000000000 21.210953910253768397801884302939624026
656 401 0 0 0 0.13800000000000000000000000000000000000 21.257511545233663400349440688044176231
656 409 0 0 0 0.041000000000000000000000000000000000000 20.055083283903383751032139273649174049
656 439 0 0 0 0.043000000000000000000000000000000000000 21.371924122478758747450880532733134307
656 449 1 1 1 0.25200000000000000000000000000000000000 20.917659024378304698812720551871303841
656 491 1 1 1 0.061000000000000000000000000000000000000 21.460771953713476370797655589033740360
656 499 1 1 1 0.19100000000000000000000000000000000000 21.467799394130740270459192818678718773
656 541 3 3 3 0.065000000000000000000000000000000000000 20.994294434559824652401477175048448191
657 4 0 0 0 0.048000000000000000000000000000000000000 19.546753630995506585229371071326871325
657 8 1 1 1 0.058000000000000000000000000000000000000 18.315966493618358625407914099395524807
659 4 0 0 0 0.039000000000000000000000000000000000000 20.033115884027437987327813393637204290
659 8 0 0 0 0.035000000000000000000000000000000000000 20.032779718762442542913540593725117982
659 32 0 0 0 0.046000000000000000000000000000000000000 20.026017038471546138503825903238004236
659 44 1 1 1 0.057000000000000000000000000000000000000 21.060914519659215525623113988042961330
659 52 0 0 0 0.038000000000000000000000000000000000000 19.805721578246443690874490077730712108
659 56 0 0 0 0.045000000000000000000000000000000000000 20.378844493239190633872829134455140898
659 64 0 0 0 0.13900000000000000000000000000000000000 20.003853715385600130941319378000245330
659 76 0 0 0 0.18400000000000000000000000000000000000 20.425033821781757974440178388616387305
659 100 1 1 0 0.48800000000000000000000000000000000000 19.812676673775534248665711420744743374
659 104 0 0 0 0.27400000000000000000000000000000000000 21.066242967253475276755086229538055046
659 106 0 0 0 0.051000000000000000000000000000000000000 20.895047706047888772449574920609146991
659 134 0 2 0 0.80400000000000000000000000000000000000 19.226761148671452306896830557427997813
659 146 0 0 0 0.13700000000000000000000000000000000000 20.469397868272916250014216731652188413
659 166 1 1 1 0.22800000000000000000000000000000000000 20.718543000521627294726103448785441046
659 176 1 1 0 0.48400000000000000000000000000000000000 20.803753257665834366121411419172219845
659 244 1 1 0 0.44600000000000000000000000000000000000 21.047328345900303915714013425791060557
659 254 1 1 0 0.55000000000000000000000000000000000000 19.451136154689826923509818446611089964
659 256 2 2 2 0.064000000000000000000000000000000000000 19.031597776564553848770909942618952345
659 274 1 1 1 0.14600000000000000000000000000000000000 19.653365792480229916708706121044389194
659 314 0 0 0 0.26500000000000000000000000000000000000 21.308533522816969849715823546642074713
659 328 1 1 0 0.44600000000000000000000000000000000000 21.150779467214826018504399903994946235
659 344 1 1 0 0.56000000000000000000000000000000000000 20.800125982661258490549359374961565327
659 356 1 1 0 0.60400000000000000000000000000000000000 21.656107660723532252027937224367943907
659 358 0 0 0 0.16500000000000000000000000000000000000 21.190855734073030209156332406378664458
659 386 2 2 2 0.33900000000000000000000000000000000000 21.808765838054655910520410009836113952
659 412 1 1 1 0.063000000000000000000000000000000000000 21.430081289935650861894594434884934022
659 446 1 1 0 0.57100000000000000000000000000000000000 22.001547361275156682026192509290549268
659 454 0 2 0 0.73900000000000000000000000000000000000 22.018867223032559201208942616476687805
659 472 1 1 0 0.78700000000000000000000000000000000000 21.750443579721903721800271817501145541
659 478 1 1 0 0.48600000000000000000000000000000000000 22.060403072218702536779648908038321595
659 496 1 1 0 0.73700000000000000000000000000000000000 21.479240337982904816998955221887424188
659 514 0 0 0 0.18200000000000000000000000000000000000 22.092965435649457746301630242447353675
659 526 0 0 0 0.21400000000000000000000000000000000000 22.095167546454712360048230525720181144
661 4 0 0 0 0.17400000000000000000000000000000000000 19.565207620430124504366512169344038976
661 8 1 1 0 0.64000000000000000000000000000000000000 20.041994742020644226172244338426316653
661 10 0 0 0 0.041000000000000000000000000000000000000 20.439684030265391183151372604450619196
661 32 1 1 1 0.20100000000000000000000000000000000000 19.558151926409166288028323554358197413
661 34 0 0 0 0.038000000000000000000000000000000000000 20.963762039936714301567294426317418470
661 46 1 1 0 0.50900000000000000000000000000000000000 21.088233493249071916798888723061143995
661 52 1 1 0 0.43600000000000000000000000000000000000 21.137271238923190732958579804274474738
661 76 0 0 0 0.040000000000000000000000000000000000000 20.802484751141288482690777537777089436
661 80 0 0 0 0.057000000000000000000000000000000000000 18.745762073755031006363684005638392565
661 106 1 1 0 0.49700000000000000000000000000000000000 21.381928395066906983619042250922500219
661 116 2 2 2 0.23700000000000000000000000000000000000 21.403030512008013007799817783368314489
661 134 1 1 1 0.29500000000000000000000000000000000000 21.427269428034587956380847822852261398
661 144 1 1 1 0.051000000000000000000000000000000000000 20.354264521875778843959509331366515129
661 164 2 2 2 0.076000000000000000000000000000000000000 20.731052831625075373049193127509624648
661 178 1 1 0 0.45500000000000000000000000000000000000 21.414102682510794208860968990294840049
661 192 0 0 0 0.15400000000000000000000000000000000000 20.181018691610190501255783159842535343
661 206 1 1 0 0.42100000000000000000000000000000000000 20.109531057692247429134310287126119770
661 218 0 2 0 0.56500000000000000000000000000000000000 21.284174273439366006019101451198575294
661 224 0 0 0 0.13000000000000000000000000000000000000 20.345303824560978947165454372338536881
661 232 1 1 1 0.24400000000000000000000000000000000000 20.888715589120990709896025873249867710
661 236 1 1 1 0.17600000000000000000000000000000000000 20.455477190916594063421064436838191751
661 254 1 1 0 0.40900000000000000000000000000000000000 20.908855073516455014127020527608156343
661 262 0 0 0 0.038000000000000000000000000000000000000 20.698437119276915193969234705939664162
661 274 0 0 0 0.21800000000000000000000000000000000000 16.791108395104349693991766773083671250
661 284 2 2 1 0.58200000000000000000000000000000000000 19.717277750946878821341196921771446298
661 296 1 1 0 0.62900000000000000000000000000000000000 20.725553324781758737905119230892813478
661 304 1 1 1 0.18300000000000000000000000000000000000 20.568931392858255184501888007617872527
661 326 0 0 0 0.051000000000000000000000000000000000000 21.434905479009088227010309950267002593
661 332 0 2 0 0.77800000000000000000000000000000000000 21.488477137095882813712620571768268704
661 346 2 2 2 0.34100000000000000000000000000000000000 21.118323052999140773896256665081069393
661 362 2 2 1 0.63700000000000000000000000000000000000 20.005050705813402732378341758519339122
661 376 1 1 1 0.21100000000000000000000000000000000000 21.467349552185861595201007474738532083
661 400 1 1 0 0.58800000000000000000000000000000000000 20.092812739495035933994910438014917197
661 424 1 1 0 0.62200000000000000000000000000000000000 21.650256307834017576414400892217398814
661 432 1 1 0 0.58600000000000000000000000000000000000 20.417607417410179589803459824838135406
661 452 1 1 1 0.043000000000000000000000000000000000000 22.022319672823018401004878330615921032
661 466 2 2 1 0.67500000000000000000000000000000000000 21.204538893835314163992388447934676128
661 478 1 1 0 0.44900000000000000000000000000000000000 22.068867807922772452830702539053993794
661 488 1 1 1 0.15500000000000000000000000000000000000 21.780909394913026919840829856707688318
661 496 1 1 1 0.049000000000000000000000000000000000000 21.488370096885283805498481681979022311
661 536 0 0 0 0.040000000000000000000000000000000000000 19.928232439875496513539531647711929510
661 562 0 0 0 0.16100000000000000000000000000000000000 21.605094005541260056679340756044242044
661 584 1 1 0 0.66900000000000000000000000000000000000 21.734754833269123131835348629367311228
661 604 1 1 0 0.57400000000000000000000000000000000000 21.959154626083243672714370611158088642
661 622 1 1 0 0.39600000000000000000000000000000000000 20.478957833419720434998008119279725702
661 626 0 0 0 0.042000000000000000000000000000000000000 21.326594134264823723119284923876712693
662 17 0 0 0 0.14000000000000000000000000000000000000 20.673416769963155861158011289938757586
662 31 0 0 0 0.12200000000000000000000000000000000000 20.452513141752069178640495027819777789
662 53 2 2 2 0.20700000000000000000000000000000000000 21.149445957589402977592893648454145562
662 73 1 1 0 0.43900000000000000000000000000000000000 20.425055445194061906064575789597369801
662 79 1 1 0 0.46800000000000000000000000000000000000 20.452581627222559609141477776147561997
662 89 0 2 0 0.57900000000000000000000000000000000000 21.336751063053876832896644284979146691
662 97 1 1 1 0.39100000000000000000000000000000000000 21.362660208639249999107750500908057664
662 101 0 0 0 0.25100000000000000000000000000000000000 21.374011289764399937578615323360962242
662 103 0 2 0 0.62100000000000000000000000000000000000 20.902187019350444294481618833430830358
662 137 0 2 0 0.67100000000000000000000000000000000000 20.735795783878049329665162290172874149
662 151 0 0 0 0.11000000000000000000000000000000000000 21.439936152898932262586494431622156952
662 157 0 0 0 0.13500000000000000000000000000000000000 20.961888241594204829806046380283221031
662 193 0 0 0 0.12700000000000000000000000000000000000 20.911408137007672587402094728894608589
662 227 0 0 0 0.042000000000000000000000000000000000000 21.235708805195722465121521320062906572
662 233 0 0 0 0.14000000000000000000000000000000000000 21.189584846748054437770426501155902873
662 263 0 0 0 0.16200000000000000000000000000000000000 19.982998084233413749134418954919857221
662 277 0 2 0 0.59200000000000000000000000000000000000 20.101473065181266747584629897811002700
662 281 1 1 0 0.38200000000000000000000000000000000000 20.493967298283428790923461561618906323
662 307 0 2 0 0.48400000000000000000000000000000000000 21.214540146081090110050760560295033333
662 317 1 1 1 0.36000000000000000000000000000000000000 21.342415322594577759470273327877988637
662 343 1 1 0 0.39700000000000000000000000000000000000 19.885633085709751675095125220948187332
662 353 0 0 0 0.11100000000000000000000000000000000000 21.643460549282328689997781545862103818
662 361 0 0 0 0.028000000000000000000000000000000000000 20.412937479206939178623195893185859847
662 383 1 1 0 0.53200000000000000000000000000000000000 21.326502705119720262313285019105041638
662 409 2 4 2 1.0010000000000000000000000000000000000 21.429404537661344822610709694281153766
662 421 1 1 0 0.37000000000000000000000000000000000000 19.821752947708568802025675483724795616
662 443 1 1 0 0.59400000000000000000000000000000000000 22.005580646463524546289660440839620036
662 499 0 0 0 0.044000000000000000000000000000000000000 21.143503371715634076958102912251801197
662 547 0 0 0 0.051000000000000000000000000000000000000 22.104381711008624230240959986133077711
662 557 1 1 0 0.61300000000000000000000000000000000000 22.095079170314321478573733275928614111
662 577 0 0 0 0.23000000000000000000000000000000000000 22.061288720099771097156443254996506002
662 647 1 1 1 0.57000000000000000000000000000000000000 21.489119480034037368510628830917266461
664 1 0 0 0 0.12000000000000000000000000000000000000 17.166337934753536055772441210963280453
664 29 1 1 1 0.39500000000000000000000000000000000000 20.132566598642770282514748826270905726
664 41 2 2 2 0.58700000000000000000000000000000000000 20.754197503694563162118340988340715519
664 47 0 0 0 0.12500000000000000000000000000000000000 18.642471126389568271937584599260131206
664 49 1 1 1 0.038000000000000000000000000000000000000 19.981429099305068742953851273274257346
664 103 0 0 0 0.12200000000000000000000000000000000000 21.087953520679653598286960147617652469
664 113 1 1 1 0.14200000000000000000000000000000000000 21.110973680447518809822322340440912960
664 131 2 2 2 0.050000000000000000000000000000000000000 21.138494214513812760891204984200175112
664 139 0 0 0 0.18400000000000000000000000000000000000 20.446337215101868374520260362009262947
664 167 1 1 0 0.47900000000000000000000000000000000000 21.142965555274365281440482636198641531
664 169 1 1 1 0.061000000000000000000000000000000000000 18.704996608225883913010394980728611014
664 181 1 1 1 0.065000000000000000000000000000000000000 20.011265678361934479818432297484710201
664 191 2 2 2 0.066000000000000000000000000000000000000 20.627421222260553343724771718615230609
664 229 0 2 0 0.52000000000000000000000000000000000000 20.935795124703912553118378732145555630
664 239 0 2 0 0.57400000000000000000000000000000000000 20.151491008391738795291945120992907542
664 251 0 0 0 0.022000000000000000000000000000000000000 20.698172148741559345432574568034184605
664 271 1 3 1 0.67300000000000000000000000000000000000 19.958944537640764043725507014034247060
664 293 0 0 0 0.032000000000000000000000000000000000000 20.641129014834087168121822538510510300
664 337 2 2 2 0.042000000000000000000000000000000000000 21.231881727053098341824966194088120986
664 359 1 1 0 0.42100000000000000000000000000000000000 21.383117895066951232779018033389847910
664 379 1 1 1 0.10400000000000000000000000000000000000 20.258812601851985777159421713870582506
664 409 0 2 0 0.66300000000000000000000000000000000000 21.611687871269581310559164125364310552
664 449 0 0 0 0.059000000000000000000000000000000000000 21.725909568307936752874503236364673099
664 463 0 0 0 0.049000000000000000000000000000000000000 20.909917646011280205394824564191083622
664 491 0 2 0 0.76700000000000000000000000000000000000 21.797549673104263779003297195162423990
664 509 1 1 1 0.17700000000000000000000000000000000000 21.813672288933573460706619761541277524
664 521 2 2 2 0.20600000000000000000000000000000000000 21.819206929551086330456982895223526881
664 571 1 1 0 0.53000000000000000000000000000000000000 21.786482810013083422542043725978369435
664 593 0 0 0 0.13000000000000000000000000000000000000 21.730647975889079058437779626447479319
664 601 0 0 0 0.14700000000000000000000000000000000000 21.223085608672284201165275915144613353
664 631 2 2 2 0.30700000000000000000000000000000000000 21.496245025092027136052322814808516158
666 1 1 1 1 0.036000000000000000000000000000000000000 16.999389765664674621245610677091143717
667 2 1 1 0 0.48000000000000000000000000000000000000 19.768853503589124796065894929757196011
667 4 0 0 0 0.025000000000000000000000000000000000000 20.069801490399102696808905650765561870
667 128 1 1 1 0.048000000000000000000000000000000000000 19.100830527955955566171865951834965995
668 3 1 1 0 0.41000000000000000000000000000000000000 19.949465177557926355897658818293944872
668 17 0 2 0 0.68000000000000000000000000000000000000 20.700882050872815686448522795476264914
668 47 1 1 1 0.21100000000000000000000000000000000000 19.329923116656794644915084568010719483
668 53 0 0 0 0.043000000000000000000000000000000000000 21.177235224163390299809263951250524654
668 73 1 1 0 0.44100000000000000000000000000000000000 21.298286658214062836897478905051827325
668 107 1 1 1 0.088000000000000000000000000000000000000 20.719266986419616613652385707366625294
668 109 0 0 0 0.033000000000000000000000000000000000000 21.422884439283441140770314994189112604
668 113 1 1 1 0.10100000000000000000000000000000000000 20.586396653025840005229038814826964033
668 137 0 0 0 0.031000000000000000000000000000000000000 20.988054671245282932246914081217768980
668 151 1 1 0 0.36600000000000000000000000000000000000 20.994107318343816584997434721565482704
668 157 1 1 0 0.42100000000000000000000000000000000000 20.771778441349288627069681068334583315
668 193 0 0 0 0.042000000000000000000000000000000000000 20.725383164940788498437299475381196561
668 233 1 1 1 0.050000000000000000000000000000000000000 21.237997718983655105862728990344095598
668 277 1 1 0 0.38900000000000000000000000000000000000 18.209745629891602410780763101248088942
668 283 1 1 0 0.39400000000000000000000000000000000000 20.488354155926386483097093407946642436
668 311 0 0 0 0.11500000000000000000000000000000000000 21.263116502764853759534709955502367563
668 347 0 0 0 0.13200000000000000000000000000000000000 21.613524713456398682346162263122274300
668 367 1 1 0 0.56700000000000000000000000000000000000 21.261201275665726085024888183264357661
668 389 1 1 0 0.40400000000000000000000000000000000000 21.369000380508554732898561341805551549
668 463 0 2 0 0.57300000000000000000000000000000000000 22.071567692986392521292123521011818377
668 487 1 1 0 0.56300000000000000000000000000000000000 22.110882791232481735977670403219818160
668 521 1 1 0 0.53700000000000000000000000000000000000 21.294988440557904315325462220260986002
668 577 0 0 0 0.048000000000000000000000000000000000000 22.103613939830338511649840808546913439
668 613 0 0 0 0.043000000000000000000000000000000000000 21.982426463918859054780351645004779462
668 641 1 1 1 0.18900000000000000000000000000000000000 20.789254031108617664877487801435449428
671 8 1 1 1 0.16100000000000000000000000000000000000 20.087655350346083686144326296345360284
673 8 0 2 0 0.60300000000000000000000000000000000000 20.096705725130762697821809663942643763
673 22 0 2 0 0.56800000000000000000000000000000000000 20.834240810688336894794577110002209822
673 58 0 2 0 0.57300000000000000000000000000000000000 21.235492815858700362008638858130330571
673 62 1 1 0 0.49800000000000000000000000000000000000 20.416002440597423022502762554752734825
673 64 2 2 2 0.044000000000000000000000000000000000000 20.068999335452338385616076442091155420
673 68 1 1 0 0.54500000000000000000000000000000000000 19.409233117547686969876697542627862121
673 92 1 1 0 0.42900000000000000000000000000000000000 20.922072790688816341667549693611521795
673 106 0 0 0 0.13100000000000000000000000000000000000 20.008430735309515686983543683063955337
673 112 0 0 0 0.13900000000000000000000000000000000000 20.851511803816919005321902868962591290
673 118 1 1 1 0.045000000000000000000000000000000000000 21.465348907389957303690550169914604900
673 122 1 1 0 0.42000000000000000000000000000000000000 21.472131267614342907267431270946479147
673 146 2 2 2 0.064000000000000000000000000000000000000 21.018607118608843919462150553469872364
673 178 1 1 1 0.040000000000000000000000000000000000000 21.004162435067720203823852519033528999
673 188 2 2 2 0.050000000000000000000000000000000000000 21.464636302490975616771735261474876628
673 218 1 1 1 0.042000000000000000000000000000000000000 19.935469131604854199025741079927690056
673 244 0 0 0 0.15400000000000000000000000000000000000 21.180334811135450648648790735599688239
673 262 1 1 0 0.35700000000000000000000000000000000000 20.897510536023015123751959851617398850
673 296 0 0 0 0.047000000000000000000000000000000000000 20.662718547006363223551425582421067876
673 302 1 1 1 0.42300000000000000000000000000000000000 18.790058580985136069662972222025439286
673 316 1 3 0 0.74500000000000000000000000000000000000 21.324660494860530659257785887539502095
673 328 2 2 2 0.050000000000000000000000000000000000000 21.158882324744259141104458418394646584
673 332 0 0 0 0.042000000000000000000000000000000000000 21.498168238769080556844711662555780885
673 334 0 0 0 0.13300000000000000000000000000000000000 21.516293731380515428380664225633326415
673 398 1 1 0 0.45200000000000000000000000000000000000 20.721445730820746267955968329190815065
673 400 0 0 0 0.21700000000000000000000000000000000000 20.604550555723527312144358993955129417
673 412 2 2 1 0.49100000000000000000000000000000000000 21.473496006064043626527848691051097088
673 458 1 1 0 0.48500000000000000000000000000000000000 22.080126170537516334611995355451515865
673 482 0 0 0 0.13900000000000000000000000000000000000 22.124468796692057227438484057036758361
673 512 1 1 0 0.53600000000000000000000000000000000000 20.051590143012176479128308652985340590
673 544 1 1 0 0.51900000000000000000000000000000000000 21.264224309459248517732195411974528595
673 562 2 2 1 0.77300000000000000000000000000000000000 22.156771923534067894290945484736793972
673 568 0 2 0 0.61800000000000000000000000000000000000 21.849248468576282988882672120945037720
673 608 1 1 1 0.18500000000000000000000000000000000000 21.149639140982536758718121660553965323
673 622 0 2 0 0.57700000000000000000000000000000000000 21.983575170523176886664850619476261097
673 626 1 1 0 0.42300000000000000000000000000000000000 21.958219060727300781801235237281955617
673 652 0 0 0 0.14000000000000000000000000000000000000 20.972846339072305676086933939545128298
674 3 0 0 0 0.12700000000000000000000000000000000000 19.976650302900701175375218268186822680
674 11 1 1 0 0.39600000000000000000000000000000000000 20.540171681137917562093423267274899402
674 19 1 1 0 0.53200000000000000000000000000000000000 20.298800963438267762276095256243849217
674 23 1 1 0 0.50000000000000000000000000000000000000 20.857766642273133162957777057184616815
674 27 1 1 0 0.35900000000000000000000000000000000000 19.971812300363570106977646233582907425
674 29 1 1 0 0.46600000000000000000000000000000000000 20.956332987821051084655335803884190951
674 41 0 0 0 0.092000000000000000000000000000000000000 21.101018161323241489716041342545067016
674 47 1 1 1 0.17700000000000000000000000000000000000 21.156721189519214979406102632490732590
674 79 0 0 0 0.11400000000000000000000000000000000000 21.353937019752008731185760211365383601
674 89 1 1 1 0.053000000000000000000000000000000000000 20.916373854207956600863470834179441758
674 121 0 0 0 0.17000000000000000000000000000000000000 20.433984563431747596897360506684119421
674 131 1 1 0 0.41300000000000000000000000000000000000 21.489307891310474261609948160301320212
674 181 0 2 0 0.59900000000000000000000000000000000000 20.160316646632571516214455068671348830
674 191 1 1 0 0.40500000000000000000000000000000000000 21.464106126439572104994601802122620243
674 211 1 1 0 0.44200000000000000000000000000000000000 20.558857195724891296410416513202752172
674 223 1 1 1 0.050000000000000000000000000000000000000 21.347981122237643140711662150401146113
674 229 1 1 0 0.44900000000000000000000000000000000000 21.312243952070124589542470497862252131
674 239 0 2 0 0.56300000000000000000000000000000000000 21.236877010346288161706811349603352566
674 271 1 1 0 0.33000000000000000000000000000000000000 19.651003158934460031019224848803864274
674 283 1 1 0 0.51700000000000000000000000000000000000 20.293982133661067170813019133807441339
674 289 1 1 0 0.41700000000000000000000000000000000000 19.005595382080390376535080917910408878
674 313 0 0 0 0.040000000000000000000000000000000000000 20.004369889130355294317674321330754581
674 349 1 1 1 0.054000000000000000000000000000000000000 20.937727078308012342380395428356658955
674 367 0 0 0 0.14000000000000000000000000000000000000 21.751029172731372037766185948551143501
674 401 1 1 0 0.64800000000000000000000000000000000000 21.213378696402283919434887570578975288
674 421 0 0 0 0.10100000000000000000000000000000000000 21.984174173811311406659548722854203067
674 439 0 2 0 0.87000000000000000000000000000000000000 22.037572362567007296138966908300755118
674 457 0 2 0 0.66500000000000000000000000000000000000 22.081621030540733616702551284886007430
674 499 1 1 0 0.47600000000000000000000000000000000000 21.452222245198246129040429994210673691
674 503 0 2 0 0.69200000000000000000000000000000000000 21.678307007188937323979363928991607252
674 509 1 1 0 0.60100000000000000000000000000000000000 21.047035859358664103451095362245912516
674 569 0 2 0 0.81100000000000000000000000000000000000 22.155246478193516125980317109073782091
674 577 1 1 0 0.59400000000000000000000000000000000000 21.666743261913458341280095143722910260
674 653 1 1 0 0.44800000000000000000000000000000000000 21.676403958560127930437351213573644543
674 673 0 0 0 0.19100000000000000000000000000000000000 20.400421516228161247958334573377040800
676 11 1 1 1 0.042000000000000000000000000000000000000 19.435240715336616708100088033560178436
676 31 1 1 0 0.53800000000000000000000000000000000000 19.879588223482102219327009919517199886
676 49 1 1 1 0.047000000000000000000000000000000000000 18.524594673529539621048110082009933320
676 61 1 1 1 0.16600000000000000000000000000000000000 18.464513055430475409448351811335322720
676 67 1 1 0 0.61500000000000000000000000000000000000 20.190103052358024835158999086706992586
676 101 1 1 1 0.24600000000000000000000000000000000000 18.136637959175147147626939696744756765
676 137 0 0 0 0.030000000000000000000000000000000000000 19.546154917943161759823133100361176649
676 149 1 1 1 0.051000000000000000000000000000000000000 19.699028538119356200514002769117293676
676 179 0 0 0 0.036000000000000000000000000000000000000 19.905394158415097465390436701735620829
676 193 0 0 0 0.16100000000000000000000000000000000000 20.357255591439795146752092642002627514
676 239 1 1 0 0.50900000000000000000000000000000000000 20.139350083267400338374765731821625458
676 241 1 1 0 0.41100000000000000000000000000000000000 20.121720925178994617439397119130043751
676 269 1 1 1 0.040000000000000000000000000000000000000 18.670293796921995415012361453797414112
676 281 1 1 0 0.33400000000000000000000000000000000000 18.598883410591610962940960340667599276
676 311 1 1 0 0.47900000000000000000000000000000000000 20.136562068263461070479198931762885345
676 331 1 1 0 0.38300000000000000000000000000000000000 19.531300177037455687684341639451508077
676 347 1 1 0 0.48600000000000000000000000000000000000 20.511021834751333123020177837073645484
676 361 1 1 1 0.097000000000000000000000000000000000000 18.849656384932717807066147391261634370
676 389 1 1 0 0.59100000000000000000000000000000000000 20.753021322994083983711860936437318909
676 409 1 1 0 0.40400000000000000000000000000000000000 20.834697902940464576413244026023494770
676 443 2 2 1 0.52100000000000000000000000000000000000 20.941076477125083026577347700439262162
676 467 1 1 0 0.46000000000000000000000000000000000000 20.518852343732572129312269876565388389
676 479 1 1 0 0.50200000000000000000000000000000000000 21.017760863480864759997593828185087922
676 521 1 1 0 0.43900000000000000000000000000000000000 20.587517728664676310399386359109665720
676 571 1 3 1 0.96200000000000000000000000000000000000 21.051214495393661352407610070840610960
676 599 0 0 0 0.028000000000000000000000000000000000000 20.295808414739686561459405547394688547
676 613 0 0 0 0.14600000000000000000000000000000000000 20.467590597495986284781620989113886492
676 617 1 1 0 0.66900000000000000000000000000000000000 20.926585353875791803674689058036694366
676 619 1 1 0 0.52300000000000000000000000000000000000 20.916751475371375881520762490690337479
677 12 1 1 0 0.62700000000000000000000000000000000000 20.591316039017933581372037401918065466
677 26 2 2 2 0.63300000000000000000000000000000000000 20.923563550165350853988837242773217254
677 28 0 0 0 0.057000000000000000000000000000000000000 20.955026120664434756734143949638407827
677 38 1 1 1 0.043000000000000000000000000000000000000 20.606098731405979124981363951416348788
677 44 1 1 0 0.46800000000000000000000000000000000000 21.143564203202400941600018608139649523
677 56 1 1 0 0.50400000000000000000000000000000000000 19.984840034353855449181203654846409509
677 68 1 1 1 0.26000000000000000000000000000000000000 21.314124435067433737525567782401639215
677 82 1 1 0 0.58900000000000000000000000000000000000 21.380571783837385627373966369829101371
677 88 0 0 0 0.045000000000000000000000000000000000000 20.625736997070403841068104761056611675
677 116 1 1 0 0.67400000000000000000000000000000000000 21.480908120800953809442016692290994955
677 118 1 1 0 0.58700000000000000000000000000000000000 21.484669055498747935253477334857235751
677 122 0 2 0 0.58200000000000000000000000000000000000 21.491559860698605802930885447613780171
677 128 1 1 1 0.060000000000000000000000000000000000000 19.518081560133165026498004185732620657
677 142 0 2 0 0.67300000000000000000000000000000000000 21.036755614955157381825296548700546544
677 148 0 0 0 0.13200000000000000000000000000000000000 18.610921503467929786175667006228911602
677 184 0 0 0 0.14900000000000000000000000000000000000 21.193478023721710825438898024607454612
677 194 1 1 1 0.15400000000000000000000000000000000000 21.474684774836596015596821056770902242
677 208 2 2 2 0.23800000000000000000000000000000000000 20.831985320982840643111077505630241663
677 212 1 1 0 0.44000000000000000000000000000000000000 21.419146406848026700606217842421282063
677 216 0 0 0 0.029000000000000000000000000000000000000 20.147258513817121097661001059657616215
677 226 0 0 0 0.11500000000000000000000000000000000000 21.352168189471745534572909308835201778
677 248 0 0 0 0.14300000000000000000000000000000000000 20.173051088474052359455202778568561206
677 278 1 1 1 0.14500000000000000000000000000000000000 20.099800019867387804975658893079931440
677 292 1 1 0 0.49900000000000000000000000000000000000 20.800695322579957084516995818091832093
677 304 0 0 0 0.029000000000000000000000000000000000000 20.047290154551673145805479951343061580
677 338 0 2 0 0.55700000000000000000000000000000000000 20.440481841665114293010185483762333471
677 344 0 0 0 0.026000000000000000000000000000000000000 19.980170304439177040950684210525192406
677 358 1 1 1 0.095000000000000000000000000000000000000 21.225270974530585617938827590595187932
677 368 1 1 1 0.046000000000000000000000000000000000000 21.160805919711365005956705703149544047
677 404 1 1 0 0.40700000000000000000000000000000000000 21.932540342024298861093113863131994792
677 422 1 1 0 0.50400000000000000000000000000000000000 21.996767831201137545562852141793389449
677 428 2 2 1 0.59200000000000000000000000000000000000 22.015753484870668956155840137811526616
677 478 0 0 0 0.13400000000000000000000000000000000000 22.133967557065156880968844886540062143
677 482 0 0 0 0.042000000000000000000000000000000000000 22.140575534530785061521351275095194274
677 512 0 0 0 0.12800000000000000000000000000000000000 20.069809138570494084474435616391644752
677 526 2 2 1 0.59900000000000000000000000000000000000 22.185782174805545131115788765881337225
677 544 0 0 0 0.029000000000000000000000000000000000000 21.285429936512723333666639980920990751
677 554 0 0 0 0.085000000000000000000000000000000000000 20.694061044096357776619033337487940142
677 562 1 1 0 0.45400000000000000000000000000000000000 22.180273808213322526310574395804805242
677 584 1 1 1 0.29200000000000000000000000000000000000 21.850543453389817616876082636488918006
677 632 0 0 0 0.034000000000000000000000000000000000000 21.184885389283408976579003784825535604
677 634 0 2 0 0.72000000000000000000000000000000000000 21.948257989115416528378472193432882628
679 2 1 1 0 0.46800000000000000000000000000000000000 19.823062043764305554343175075630134705
679 16 0 0 0 0.027000000000000000000000000000000000000 20.122428027274632134858821237296108090
679 256 1 1 1 0.043000000000000000000000000000000000000 18.803954199406971623651052620397349297
681 16 0 0 0 0.24000000000000000000000000000000000000 20.131379318700890467289015853991552334
681 64 1 1 0 0.45800000000000000000000000000000000000 20.105596039024174272133263090320785901
683 20 0 0 0 0.030000000000000000000000000000000000000 20.838332560178107862456968845090858506
683 32 1 1 1 0.081000000000000000000000000000000000000 20.135264688134465635238889576861887299
683 38 1 1 0 0.63600000000000000000000000000000000000 21.110214435526052207993740853131320389
683 46 0 0 0 0.022000000000000000000000000000000000000 17.958019572169899241757806705075704661
683 74 0 0 0 0.035000000000000000000000000000000000000 21.372363707079783355357649598767551258
683 88 2 2 1 0.77700000000000000000000000000000000000 21.130664178284612058001239342725985954
683 94 1 1 0 0.48600000000000000000000000000000000000 21.452519197420297986624342310854022111
683 98 1 1 0 0.51200000000000000000000000000000000000 20.142835704041791812907925241026901134
683 122 0 0 0 0.12800000000000000000000000000000000000 21.520451556134632706029070902226502462
683 134 0 0 0 0.15900000000000000000000000000000000000 21.059641490339651366735878230577477123
683 172 0 0 0 0.059000000000000000000000000000000000000 21.064712070429043970222631102979355363
683 178 0 0 0 0.15000000000000000000000000000000000000 21.535829512632437202806262852925673261
683 188 1 1 1 0.040000000000000000000000000000000000000 21.043998993704168082931451683058814268
683 202 0 0 0 0.10800000000000000000000000000000000000 21.489306059229724829522858797974903488
683 214 0 0 0 0.039000000000000000000000000000000000000 21.449329809745919829644586879274415939
683 218 1 1 0 0.40500000000000000000000000000000000000 20.587716621246978051959221868261971663
683 232 0 0 0 0.031000000000000000000000000000000000000 21.057669857106169829898201418424116020
683 248 1 1 0 0.50800000000000000000000000000000000000 20.081551522506318897657063364015125919
683 284 1 1 0 0.51400000000000000000000000000000000000 19.786212467608202241272183850647214037
683 292 0 0 0 0.11500000000000000000000000000000000000 20.019804421663939634930648020967776824
683 298 1 3 1 0.70400000000000000000000000000000000000 20.470444574005441012109811869041037060
683 332 0 0 0 0.12900000000000000000000000000000000000 20.548301090922292280916516996778664169
683 362 1 1 0 0.45900000000000000000000000000000000000 21.738291209713305487117210936646885494
683 382 2 2 1 0.58300000000000000000000000000000000000 21.850606089832151680497281167440780602
683 386 1 1 0 0.42400000000000000000000000000000000000 20.915977917948826602316114403929755757
683 388 0 0 0 0.092000000000000000000000000000000000000 21.402600508181492696847162064189383751
683 398 2 2 2 0.46600000000000000000000000000000000000 21.924401953891306498107306302540194116
683 422 1 1 0 0.40600000000000000000000000000000000000 21.537992350911883518958716828863713585
683 428 0 0 0 0.050000000000000000000000000000000000000 22.034646032545387522270366018097698266
683 446 1 1 0 0.35200000000000000000000000000000000000 22.086670803566517467298983298979546391
683 448 2 2 2 0.039000000000000000000000000000000000000 20.887757266211033312691377045067280633
683 452 1 1 0 0.48600000000000000000000000000000000000 22.101961017525459205757005286188228191
683 454 1 1 0 0.36600000000000000000000000000000000000 22.106840413038265048230866808293904944
683 464 0 0 0 0.14800000000000000000000000000000000000 20.165860159754732311350931585774889714
683 472 0 0 0 0.049000000000000000000000000000000000000 21.844998835938316433074901795281027504
683 538 0 2 0 0.64300000000000000000000000000000000000 22.218756664200407017415349816349309522
683 578 1 1 0 0.50600000000000000000000000000000000000 20.969142678615513616841889521681753412
683 592 2 2 1 0.58400000000000000000000000000000000000 20.875745402354345352968903305330596237
683 626 1 1 1 0.12700000000000000000000000000000000000 22.063510497773520956107049035664732832
683 628 1 1 0 0.47400000000000000000000000000000000000 22.053057253401860920654080201872599338
684 1 1 1 0 0.48900000000000000000000000000000000000 17.705507127747879422200116090267275124
686 19 0 2 0 0.51500000000000000000000000000000000000 19.139459781161133997093525703799414409
686 29 1 1 1 0.039000000000000000000000000000000000000 18.842862158994297290301857131696746453
686 37 1 1 0 0.47700000000000000000000000000000000000 19.422335649336677909187023953315481789
686 59 1 1 1 0.047000000000000000000000000000000000000 19.610979507148023967332330141713389641
686 83 1 1 0 0.42600000000000000000000000000000000000 19.258771223285969930504952717518506409
686 131 2 2 2 0.067000000000000000000000000000000000000 19.857682204777411895175441558188470175
686 169 2 2 2 0.057000000000000000000000000000000000000 18.278538710137822306907274769223910685
686 197 1 1 0 0.34400000000000000000000000000000000000 19.829395457138373806475727956096536529
686 211 1 1 0 0.36400000000000000000000000000000000000 19.089943495144525640889193745074728611
686 257 1 1 0 0.39200000000000000000000000000000000000 19.456709677506558283344953193747045136
686 271 1 1 0 0.42300000000000000000000000000000000000 19.166793091538060132148355104103660139
686 283 2 2 2 0.094000000000000000000000000000000000000 18.128429331781650995068701704124656402
686 359 0 2 0 0.68900000000000000000000000000000000000 20.033655883577338326316165705321454129
686 419 1 1 0 0.37700000000000000000000000000000000000 20.323555359375462342824909264287722309
686 491 1 1 0 0.39600000000000000000000000000000000000 20.500275621981694841039608425748156981
686 499 0 0 0 0.091000000000000000000000000000000000000 19.020243873041108766872306484943028030
686 521 1 1 1 0.044000000000000000000000000000000000000 20.534418410495714095448191477571474259
686 557 1 1 0 0.53600000000000000000000000000000000000 20.542879051870200761377959033138761174
686 601 2 2 2 0.068000000000000000000000000000000000000 20.010593800581276167030047969571973333
686 613 0 2 0 0.57100000000000000000000000000000000000 20.453563285951480332679229899213615718
686 653 0 0 0 0.037000000000000000000000000000000000000 20.208782611283333468138623866050125759
686 673 0 2 0 0.51800000000000000000000000000000000000 19.373733989990259309117804756204160649
688 17 0 0 0 0.11500000000000000000000000000000000000 20.188619054024681225169723280890953571
688 23 1 1 1 0.038000000000000000000000000000000000000 19.841228615906264880185785345011491867
688 25 0 0 0 0.12500000000000000000000000000000000000 19.654971692814879721418758386400663658
688 37 2 2 2 0.049000000000000000000000000000000000000 19.820404091071036454311331470727640315
688 49 1 1 1 0.16000000000000000000000000000000000000 19.312386002492589060752130232796781648
688 53 1 1 0 0.58800000000000000000000000000000000000 20.665990257633432311427586950775088743
688 61 0 0 0 0.033000000000000000000000000000000000000 20.720976561636206291208066745218903205
688 79 1 1 0 0.55400000000000000000000000000000000000 20.816181928572640092223104163026153408
688 83 1 1 0 0.42000000000000000000000000000000000000 19.791765067739676193596620687691308760
688 103 1 1 1 0.045000000000000000000000000000000000000 20.423430995962870490010076409383818123
688 107 1 1 1 0.056000000000000000000000000000000000000 20.910979019238428468212414463984554029
688 127 1 1 1 0.27300000000000000000000000000000000000 20.950078610500148750367220059435407707
688 137 1 1 1 0.042000000000000000000000000000000000000 20.263108775548410234635896009445609823
688 151 1 1 0 0.40900000000000000000000000000000000000 20.970837686226265428264845731243864425
688 163 0 0 0 0.026000000000000000000000000000000000000 20.271872848909469872088195280296199710
688 173 1 1 0 0.46900000000000000000000000000000000000 20.965327874662775576037805396328440008
688 233 1 1 1 0.049000000000000000000000000000000000000 20.786361780062845173883918105123551672
688 281 0 0 0 0.14100000000000000000000000000000000000 19.759806589925852382247606795915475980
688 313 3 3 3 0.038000000000000000000000000000000000000 19.255764325748219824503910911005657076
688 317 1 1 0 0.42100000000000000000000000000000000000 20.716728925534956768235369780356395918
688 347 0 0 0 0.11100000000000000000000000000000000000 20.559990801242641288428087450749121137
688 359 1 1 0 0.42400000000000000000000000000000000000 21.124913287544248470639699911197208591
688 383 0 0 0 0.033000000000000000000000000000000000000 20.787747588792438413461002470617423842
688 397 1 1 1 0.036000000000000000000000000000000000000 21.330863115085941574451808245664815445
688 433 1 1 1 0.055000000000000000000000000000000000000 21.463730600329088386302889824292694570
688 443 0 2 0 0.55200000000000000000000000000000000000 20.647947794884548054957750085883428018
688 457 3 3 3 0.071000000000000000000000000000000000000 21.529345856193049733206267402463019335
688 467 0 0 0 0.15500000000000000000000000000000000000 21.552080910128489060337747607399239915
688 523 2 2 2 0.059000000000000000000000000000000000000 21.633026330891760743950455104570814621
688 547 2 2 2 0.038000000000000000000000000000000000000 21.642692292332379303540460713644880415
688 571 1 1 0 0.47600000000000000000000000000000000000 21.157194191203935550022836834374359868
688 577 1 1 0 0.47800000000000000000000000000000000000 21.628875440508758869588747045157319913
688 593 0 2 0 0.65200000000000000000000000000000000000 21.606402934857336470066705706830897837
688 677 1 1 0 0.54700000000000000000000000000000000000 20.879913817963609593750915864164179147
689 4 0 0 0 0.19500000000000000000000000000000000000 19.691340823412723114453005861603900907
689 32 0 0 0 0.10800000000000000000000000000000000000 19.684850055697021472995068312820131158
689 128 1 1 1 0.053000000000000000000000000000000000000 20.053193722592918349866586600571260044
691 2 1 1 0 0.52300000000000000000000000000000000000 19.399199608870262753300559608515631155
691 24 0 0 0 0.027000000000000000000000000000000000000 20.650819151728328304625286690468367764
691 26 0 2 0 0.84400000000000000000000000000000000000 20.985970361196805495512332621174513239
691 40 1 1 0 0.63000000000000000000000000000000000000 20.866072893672845770914403569371395447
691 46 0 0 0 0.15500000000000000000000000000000000000 21.224450046259185199026536150023631748
691 64 1 1 1 0.061000000000000000000000000000000000000 20.150719437293841466906482530806851545
691 68 2 2 1 0.56600000000000000000000000000000000000 21.377644740091836349831082642865747658
691 76 2 2 2 0.056000000000000000000000000000000000000 21.418188869583095551377670423772333076
691 86 1 1 0 0.56000000000000000000000000000000000000 20.419394364170625137989046762893731060
691 146 0 2 0 0.58000000000000000000000000000000000000 20.631369825447082668960788939348925650
691 164 0 0 0 0.12600000000000000000000000000000000000 21.110811342929785178720715102757050347
691 172 2 2 1 0.62100000000000000000000000000000000000 21.583844343290488549837234251827501259
691 192 1 1 0 0.40600000000000000000000000000000000000 17.818892156710994789498781457653805596
691 194 1 1 0 0.44500000000000000000000000000000000000 21.554417739645903161999830474408280203
691 206 1 1 0 0.38900000000000000000000000000000000000 21.525135381073020480313166433859385106
691 208 0 0 0 0.035000000000000000000000000000000000000 20.917109337432535811372068652641513537
691 218 1 1 0 0.42000000000000000000000000000000000000 21.006778524321881112961037115716894604
691 226 1 1 0 0.32300000000000000000000000000000000000 21.448051494018385183783965907481390401
691 236 1 1 0 0.43100000000000000000000000000000000000 20.913802728582762254198830296499291448
691 244 1 1 0 0.38300000000000000000000000000000000000 21.332064572108250440091709295720751874
691 254 0 0 0 0.046000000000000000000000000000000000000 20.279992049696215690660901735691524213
691 278 1 1 0 0.44600000000000000000000000000000000000 20.683447510874831363029556229043618399
691 284 0 0 0 0.039000000000000000000000000000000000000 19.425834090196334279465209335542409359
691 296 0 2 0 0.68600000000000000000000000000000000000 20.485596086247342190471313345218862187
691 314 1 1 1 0.14800000000000000000000000000000000000 21.264746308243040835344606097587580207
691 334 1 1 1 0.21900000000000000000000000000000000000 20.825135417099311785524914519703749375
691 346 1 1 0 0.33500000000000000000000000000000000000 21.633947286104661053771420731162494657
691 376 0 2 0 0.70100000000000000000000000000000000000 21.057999895235241063026651992523810114
691 394 1 1 1 0.053000000000000000000000000000000000000 20.972650477057719720543939005080572511
691 404 0 0 0 0.14500000000000000000000000000000000000 21.970439102732343791724624941859837081
691 432 1 1 0 0.45300000000000000000000000000000000000 20.515621959358091611615519241468116398
691 436 1 1 0 0.39300000000000000000000000000000000000 21.239200598596743225581594957785389094
691 452 1 1 0 0.50100000000000000000000000000000000000 21.652018063723712949714069000057727057
691 458 0 0 0 0.13200000000000000000000000000000000000 22.144133768309218997839162387132285400
691 464 1 1 1 0.038000000000000000000000000000000000000 21.556121227893323989223223745542861227
691 482 0 0 0 0.13700000000000000000000000000000000000 22.194839756019253809470820360467889337
691 544 0 0 0 0.032000000000000000000000000000000000000 20.510964338932681965759049988768830458
691 548 1 1 1 0.060000000000000000000000000000000000000 22.259768335095999362995706273882543053
691 596 0 0 0 0.14900000000000000000000000000000000000 21.745707517803049887075614999981808906
691 604 2 2 1 0.73900000000000000000000000000000000000 22.206379274318894415454100080907731025
691 614 0 0 0 0.13600000000000000000000000000000000000 21.702815893661536799957743341731579578
691 674 1 1 0 0.42000000000000000000000000000000000000 21.670755783702050799871751812583336470
692 13 0 2 0 0.64500000000000000000000000000000000000 20.692582175836622504228170226052663513
692 23 1 1 0 0.48700000000000000000000000000000000000 20.938072838559544141853364118480362014
692 29 0 0 0 0.038000000000000000000000000000000000000 21.036747987751790545576731989501682997
692 37 1 1 0 0.44700000000000000000000000000000000000 18.753554240938350894023392305284871818
692 43 2 2 2 0.040000000000000000000000000000000000000 20.356229732867860624642662469818384442
692 83 0 0 0 0.12100000000000000000000000000000000000 20.754421569443717701644688118600881020
692 97 0 2 0 0.61800000000000000000000000000000000000 21.503578215267882128632173083198898315
692 103 1 1 1 0.18200000000000000000000000000000000000 19.445574549887228556852742514894159126
692 107 1 1 0 0.57200000000000000000000000000000000000 21.054507082122727137815585530483841014
692 113 1 1 0 0.48400000000000000000000000000000000000 21.545704684698382739620225481048533239
692 127 1 1 1 0.18400000000000000000000000000000000000 19.732357978287427226634299012776718051
692 197 0 0 0 0.14500000000000000000000000000000000000 21.076610230766549955697777241344864768
692 211 1 1 0 0.49200000000000000000000000000000000000 21.515610369584805239413171037236789346
692 223 1 1 0 0.42300000000000000000000000000000000000 21.468891983229709177769419560170738403
692 251 1 1 1 0.18800000000000000000000000000000000000 18.281605465461832864201856357872715734
692 257 0 0 0 0.10100000000000000000000000000000000000 21.207251676567715065161867672455969587
692 263 2 2 2 0.056000000000000000000000000000000000000 21.120002519285891824806953936308307943
692 271 0 0 0 0.11800000000000000000000000000000000000 20.477485653804496556929893332994007118
692 277 1 1 1 0.035000000000000000000000000000000000000 19.909372403643445949359607792166643092
692 293 2 2 1 0.68300000000000000000000000000000000000 20.599448220353284667905158764582220229
692 307 1 1 1 0.073000000000000000000000000000000000000 20.170230627244164838604691196460092149
692 353 2 2 1 0.59600000000000000000000000000000000000 21.689961238117743123228518004488843931
692 373 0 0 0 0.13600000000000000000000000000000000000 21.821119571011928512253739860623214186
692 379 1 1 1 0.10400000000000000000000000000000000000 21.377485030859658812881951426152261643
692 419 1 1 1 0.036000000000000000000000000000000000000 22.031066581209373304487484790208236639
692 439 0 0 0 0.14700000000000000000000000000000000000 22.096415197712035077753235731993175402
692 463 1 1 0 0.57100000000000000000000000000000000000 22.159391596240579613484098014276353214
692 479 0 0 0 0.021000000000000000000000000000000000000 22.193003038670691898829316264372536483
692 541 1 1 0 0.48900000000000000000000000000000000000 21.786039456187464141646789510163103338
692 547 1 1 0 0.45800000000000000000000000000000000000 22.264576159319890368337507488748611132
692 599 0 0 0 0.10500000000000000000000000000000000000 22.223831920604390283268955088714610957
692 617 0 2 0 0.63400000000000000000000000000000000000 21.479455981825876322208475015986189285
692 661 0 0 0 0.12900000000000000000000000000000000000 21.903698276602233974427305182958154832
692 673 1 1 0 0.42300000000000000000000000000000000000 21.718942884611739650897805748671397313
694 1 1 1 1 0.17600000000000000000000000000000000000 19.111358730819605692268278422459200841
694 27 0 0 0 0.10200000000000000000000000000000000000 20.060988629976623720710286240023791738
694 29 2 2 1 0.54600000000000000000000000000000000000 21.045552619935985272386119428468630122
694 31 1 1 0 0.54700000000000000000000000000000000000 20.374781716797068388168614947511786429
694 43 1 1 0 0.70100000000000000000000000000000000000 21.210170293243351056735486935564702797
694 53 1 1 1 0.21500000000000000000000000000000000000 20.817646270108217250424280764955412186
694 71 2 2 1 0.65700000000000000000000000000000000000 20.929937685072713472241700285364669914
694 83 0 0 0 0.028000000000000000000000000000000000000 21.462436575653070534415354305888609712
694 97 0 0 0 0.11800000000000000000000000000000000000 21.512733543403593257805765139979877587
694 109 0 0 0 0.039000000000000000000000000000000000000 21.068689579562522061988439843871438005
694 131 0 0 0 0.039000000000000000000000000000000000000 20.887273661583555651324025516855269942
694 139 2 2 1 0.58900000000000000000000000000000000000 20.749959445952202631099605258861736420
694 167 1 1 0 0.42700000000000000000000000000000000000 21.602151519351311438969814561215269729
694 199 0 0 0 0.16500000000000000000000000000000000000 21.083436542947151527826621229854524921
694 211 1 1 0 0.53800000000000000000000000000000000000 21.527627175953766165179786427671131748
694 229 1 1 1 0.27600000000000000000000000000000000000 21.452830455748804627284378426459172670
694 233 1 1 0 0.40100000000000000000000000000000000000 20.953635967245930003962594799386317460
694 239 0 0 0 0.042000000000000000000000000000000000000 21.392752491653110716119633764817157088
694 241 1 1 0 0.43600000000000000000000000000000000000 19.274777201775351465302736176003023598
694 281 2 2 1 0.42400000000000000000000000000000000000 19.896118478065638267912363320382246242
694 307 1 1 1 0.14000000000000000000000000000000000000 20.636887080348465066409008539814858935
694 313 0 0 0 0.096000000000000000000000000000000000000 21.238307528987079149162609287207870857
694 349 1 1 1 0.17100000000000000000000000000000000000 21.661165699515979589567535677868523753
694 353 1 1 0 0.33100000000000000000000000000000000000 20.847231870232743266901154520086831264
694 379 2 2 1 0.55800000000000000000000000000000000000 21.381584576143971347750145386145328755
694 419 1 1 1 0.043000000000000000000000000000000000000 21.337758515205694890872221421990832947
694 421 0 0 0 0.043000000000000000000000000000000000000 22.043910403964613636677950784311120112
694 439 0 0 0 0.16300000000000000000000000000000000000 22.102675410627375493933224524047795072
694 461 0 0 0 0.12700000000000000000000000000000000000 22.161608740331164962227901750949971539
694 463 1 1 0 0.45300000000000000000000000000000000000 22.166322379065970127438582234284734652
694 479 0 0 0 0.038000000000000000000000000000000000000 22.200382271254043911506239524206604612
694 491 1 1 0 0.61700000000000000000000000000000000000 22.221778252080746527134335275605060728
694 541 1 1 0 0.52200000000000000000000000000000000000 21.795528420516220297512781546691902541
694 547 1 1 0 0.44600000000000000000000000000000000000 21.429235411829360321892860097535536257
694 571 2 2 1 0.60900000000000000000000000000000000000 22.269942450498357146829814747497901330
694 601 1 3 0 0.79900000000000000000000000000000000000 22.233336504155947476975690398007431884
694 607 1 1 0 0.37300000000000000000000000000000000000 22.220561146903349628250907155946762255
694 617 0 2 0 0.60300000000000000000000000000000000000 22.193980772452932819607838875544484825
694 659 0 0 0 0.13700000000000000000000000000000000000 21.955964893471320267118792463180155737
695 2 0 0 0 0.048000000000000000000000000000000000000 19.416747201701278996023280552202943024
697 8 1 1 0 0.54700000000000000000000000000000000000 20.203258815685945474896262402756629164
697 512 0 0 0 0.035000000000000000000000000000000000000 20.156034423421002407943805256613444958
698 5 1 1 1 0.043000000000000000000000000000000000000 19.827650696998667764396987399074317409
698 17 2 2 2 0.061000000000000000000000000000000000000 20.834600898160281367742628868764111348
698 43 1 1 0 0.54600000000000000000000000000000000000 21.227777939889445466251973684862624371
698 47 0 2 0 0.66300000000000000000000000000000000000 21.264113096632783909927124222610843433
698 61 0 0 0 0.13200000000000000000000000000000000000 20.522514817977700839428581575407614079
698 81 0 0 0 0.039000000000000000000000000000000000000 20.040686764383075741638720294502011395
698 83 0 2 0 0.55900000000000000000000000000000000000 17.911889924639145000155745658871488190
698 103 2 2 1 0.58700000000000000000000000000000000000 21.071543219661585622633936741625256476
698 107 2 2 2 0.071000000000000000000000000000000000000 21.559288352899951798096002175181174338
698 137 2 2 1 0.62000000000000000000000000000000000000 20.767201807563449017530381362790883178
698 149 1 1 0 0.48300000000000000000000000000000000000 20.102904525119920649267535049086304262
698 163 0 0 0 0.15100000000000000000000000000000000000 21.623591957213061798865433984197233354
698 173 1 1 1 0.18300000000000000000000000000000000000 20.920406338314427304613617191675120603
698 191 0 0 0 0.028000000000000000000000000000000000000 20.484584833786363089020729788808622626
698 233 2 2 1 0.59400000000000000000000000000000000000 20.613261915311751842218628739067625443
698 271 1 1 0 0.38000000000000000000000000000000000000 21.040894354373727367432752925685184621
698 307 0 0 0 0.19100000000000000000000000000000000000 21.090585799241125402012462886826616566
698 313 1 1 1 0.19700000000000000000000000000000000000 21.224294628147026527660440166046654224
698 317 0 0 0 0.14400000000000000000000000000000000000 21.296726106857205360264373850084188671
698 347 0 0 0 0.10600000000000000000000000000000000000 20.693841083528326571647992883079154137
698 373 1 1 0 0.38100000000000000000000000000000000000 20.656150963478442690404936469942385141
698 383 0 0 0 0.23300000000000000000000000000000000000 21.411282172600875649426055244151555359
698 397 1 1 0 0.49800000000000000000000000000000000000 21.957396607947685004686185041685222549
698 401 1 1 0 0.47300000000000000000000000000000000000 21.021100513913352272996049082390361424
698 419 1 1 0 0.31700000000000000000000000000000000000 21.570767759512009004242884117702564537
698 433 1 1 1 0.040000000000000000000000000000000000000 22.096226129083229868708845278431682747
698 443 1 1 0 0.47900000000000000000000000000000000000 22.126977307702363127314979785060226289
698 457 1 1 0 0.54300000000000000000000000000000000000 22.165231351012761935021826093169819708
698 467 1 1 0 0.38500000000000000000000000000000000000 22.189353220630865292179198726811330024
698 523 1 1 0 0.52800000000000000000000000000000000000 21.579996960260310333824917980483758139
698 599 1 1 0 0.57100000000000000000000000000000000000 21.785967746398605115776157069566810257
698 607 0 0 0 0.037000000000000000000000000000000000000 20.540629365209227478581280015874542682
698 613 1 3 0 0.75800000000000000000000000000000000000 22.234571777632352187416198714386110219
698 631 0 0 0 0.033000000000000000000000000000000000000 22.177823633984148928378579480339295854
698 659 1 1 0 0.44300000000000000000000000000000000000 22.011457331062505572069450170667396347
699 128 1 1 0 0.43200000000000000000000000000000000000 19.255511212409131655439573790830416323
701 4 1 1 0 0.61000000000000000000000000000000000000 20.220957129076417250836229831791831519
701 14 1 1 1 0.18300000000000000000000000000000000000 20.763910397224737374701903405247125314
701 18 0 2 0 0.43200000000000000000000000000000000000 19.550041596197495842312813294936709500
701 34 0 2 0 0.56100000000000000000000000000000000000 20.298182953148489888219310344476710521
701 36 2 2 1 0.63800000000000000000000000000000000000 20.690106249536292267025966957619659615
701 64 1 1 0 0.39500000000000000000000000000000000000 18.872951489493642077961010113718427638
701 74 0 0 0 0.026000000000000000000000000000000000000 20.754394770748345457004929572196906822
701 86 0 2 0 0.42300000000000000000000000000000000000 20.660814261942417505471960812662011550
701 92 3 3 3 0.051000000000000000000000000000000000000 21.528007284867541940832142730997723264
701 104 1 1 0 0.38600000000000000000000000000000000000 21.264064086481837191676746188602336217
701 106 1 1 0 0.29400000000000000000000000000000000000 21.570433997209851280106837915167538414
701 116 0 0 0 0.10300000000000000000000000000000000000 20.271617857208062787599706546664562559
701 118 0 0 0 0.11400000000000000000000000000000000000 21.120765099913500801008383319271981008
701 146 2 2 2 0.029000000000000000000000000000000000000 20.592874321216461288577532501579800672
701 148 1 1 0 0.31100000000000000000000000000000000000 21.635469686347849982377058900367789718
701 184 0 0 0 0.086000000000000000000000000000000000000 20.478539642309670932835179785271066737
701 196 0 0 0 0.14900000000000000000000000000000000000 20.760818840765997461178080737161585971
701 256 1 1 1 0.026000000000000000000000000000000000000 19.496536270235752211131333600008769857
701 272 0 0 0 0.14400000000000000000000000000000000000 20.457366181269466780351357706788734433
701 274 1 1 0 0.23000000000000000000000000000000000000 20.313793309744718410767156970751523535
701 288 1 1 1 0.10300000000000000000000000000000000000 18.815034883079579700283909681170930442
701 292 1 1 0 0.27600000000000000000000000000000000000 20.041660867661013299457140549592022256
701 302 0 0 0 0.090000000000000000000000000000000000000 20.908304661479558444100505449471626759
701 314 0 2 0 0.40600000000000000000000000000000000000 20.755324653106464211622103495871809579
701 316 1 1 1 0.10300000000000000000000000000000000000 20.793199531976664794347521395599731157
701 344 3 3 3 0.047000000000000000000000000000000000000 21.322460459718519395678580265468690084
701 356 2 2 2 0.075000000000000000000000000000000000000 21.722984854440059595783053042887711500
701 358 1 1 0 0.40000000000000000000000000000000000000 20.047668668488526998740581507496393813
701 382 0 0 0 0.021000000000000000000000000000000000000 20.610365459688757051550189600291573333
701 404 0 0 0 0.16800000000000000000000000000000000000 20.196456750404169094707003247538614223
701 446 0 0 0 0.024000000000000000000000000000000000000 22.145056101507190680199109150370154911
701 454 1 1 1 0.12200000000000000000000000000000000000 22.167239166601167876400045524674574716
701 458 0 0 0 0.021000000000000000000000000000000000000 20.269194022429905582735088228034515385
701 484 1 1 0 0.52900000000000000000000000000000000000 21.194179680625808026497405080073488648
701 496 1 1 0 0.50600000000000000000000000000000000000 21.177542424906105772912897056944999833
701 538 0 2 0 0.52600000000000000000000000000000000000 22.303482919440193255417860276606048293
701 586 2 2 2 0.055000000000000000000000000000000000000 21.820703877273796095396058292842670013
701 608 1 3 0 0.73800000000000000000000000000000000000 21.363278007737023545995448529664603026
701 664 0 0 0 0.025000000000000000000000000000000000000 21.705712517644361849965843296209784460
701 698 0 0 0 0.017000000000000000000000000000000000000 20.147583258238612390678317906382409217
703 32 2 2 2 0.032000000000000000000000000000000000000 19.378287342683484533336338727526861807
704 1 1 1 1 0.14200000000000000000000000000000000000 18.427852501739114314734590552118671508
704 23 1 1 0 0.48000000000000000000000000000000000000 19.786332942338259049486045895980750071
704 37 0 0 0 0.022000000000000000000000000000000000000 19.987604441434423132391000485331473597
704 41 1 1 1 0.033000000000000000000000000000000000000 20.030242826135670677957776507199578634
704 59 1 1 1 0.029000000000000000000000000000000000000 20.176973306693840360771718044547412084
704 89 2 2 2 0.032000000000000000000000000000000000000 20.326594240360608875904524697110360850
704 101 1 1 0 0.48900000000000000000000000000000000000 19.888990979917586327137047003222090019
704 107 0 0 0 0.079000000000000000000000000000000000000 20.382564459524974796739575611257260267
704 109 1 1 1 0.034000000000000000000000000000000000000 20.387597149726589639935047916556255876
704 151 3 3 3 0.038000000000000000000000000000000000000 19.970247268543050867889096906025589531
704 193 0 0 0 0.095000000000000000000000000000000000000 20.423547391181466198753242398089396581
704 199 1 1 1 0.031000000000000000000000000000000000000 20.412330514131920109879368630917425447
704 211 0 2 0 0.52500000000000000000000000000000000000 18.692325366540524683907351698967970343
704 227 1 1 0 0.37100000000000000000000000000000000000 19.001689978601309521993862231076686246
704 239 1 1 1 0.022000000000000000000000000000000000000 20.260618635861786843075485305842345417
704 269 2 2 1 0.55400000000000000000000000000000000000 19.951344505189187157997459142745185521
704 283 1 1 0 0.35100000000000000000000000000000000000 19.555483358709305286656952357626794578
704 311 1 1 0 0.39400000000000000000000000000000000000 19.949641160741628973116901898867908282
704 397 1 1 0 0.51300000000000000000000000000000000000 20.767254444500852859686983482018538028
704 401 1 1 1 0.030000000000000000000000000000000000000 20.785672744085540262185888429368104275
704 409 1 1 0 0.41300000000000000000000000000000000000 20.820371157232331969795924364668272011
704 431 0 0 0 0.094000000000000000000000000000000000000 20.903033325476012856240838533280687061
704 487 1 1 0 0.39400000000000000000000000000000000000 21.048041969840524536897188100341454350
704 571 2 2 2 0.025000000000000000000000000000000000000 20.420164131171035990251639264613552820
704 647 0 2 0 0.71500000000000000000000000000000000000 20.955756545527694436069325436103454552
704 661 1 1 0 0.49700000000000000000000000000000000000 20.867102689733421609256831807474070697
706 1 1 1 0 0.39000000000000000000000000000000000000 19.640596812467005678880145892939275680
706 9 1 1 1 0.027000000000000000000000000000000000000 20.117229930297617434797496869690818614
706 19 2 2 2 0.21600000000000000000000000000000000000 20.218180699017411176805188419426677223
706 41 0 0 0 0.10600000000000000000000000000000000000 20.765925190360429345265372380177639681
706 43 1 1 0 0.36900000000000000000000000000000000000 21.262687862840981672984650221891612412
706 61 1 1 0 0.43800000000000000000000000000000000000 21.402801662495921936767570856865923261
706 71 0 0 0 0.091000000000000000000000000000000000000 21.460306622993192174109054145736951392
706 79 0 2 0 0.52000000000000000000000000000000000000 21.498913514016231412221923869772499085
706 83 1 1 0 0.41100000000000000000000000000000000000 21.516130825477827793064926345293355681
706 97 1 1 1 0.032000000000000000000000000000000000000 21.567067752245834596952430777886853276
706 137 0 0 0 0.094000000000000000000000000000000000000 21.650226330827027825570904660044621155
706 163 1 1 0 0.36300000000000000000000000000000000000 20.818331631851669391557943612250548201
706 179 0 0 0 0.25500000000000000000000000000000000000 21.655893678644696618842542852851744755
706 191 0 0 0 0.11000000000000000000000000000000000000 21.641605055501035503557669200695717977
706 211 1 1 1 0.10100000000000000000000000000000000000 21.121117180537408977687623787153818756
706 229 1 1 1 0.12400000000000000000000000000000000000 20.209497819179310296603944989477709910
706 251 3 3 3 0.069000000000000000000000000000000000000 21.392523053810275269143899861468209162
706 257 1 1 0 0.39400000000000000000000000000000000000 20.858977898788537836702064883957544437
706 269 1 1 0 0.29500000000000000000000000000000000000 19.634311331867835610912051595532872892
706 281 1 1 0 0.32700000000000000000000000000000000000 18.826394114904866477192187667532190602
706 293 2 2 1 0.32000000000000000000000000000000000000 18.645748627631597529043849100752448093
706 349 0 2 0 0.38100000000000000000000000000000000000 21.670782364307934244117181968386206778
706 361 1 1 0 0.38200000000000000000000000000000000000 20.487046040230202149672195776845849568
706 379 0 2 0 0.45200000000000000000000000000000000000 18.005716883552214609858957949577907259
706 421 1 1 1 0.10000000000000000000000000000000000000 21.232026910145065485274946341894903539
706 433 1 1 0 0.42400000000000000000000000000000000000 22.119612191820248275889190560092821664
706 449 1 1 0 0.34400000000000000000000000000000000000 22.169230288216021977127096313104963953
706 457 1 1 0 0.26800000000000000000000000000000000000 21.346203817601072939827209714427883262
706 491 0 2 0 0.52200000000000000000000000000000000000 21.789710566301381537959065540617225618
706 503 0 0 0 0.11800000000000000000000000000000000000 22.286844329773708379005169140207214920
706 529 1 1 0 0.37700000000000000000000000000000000000 20.956838562708040351537489725607114114
706 541 2 2 1 0.43900000000000000000000000000000000000 22.327676840021459551996977397811246607
706 563 1 1 0 0.52200000000000000000000000000000000000 20.535184991308046796894154452141678312
706 593 0 0 0 0.022000000000000000000000000000000000000 22.319739471318343473525837305237777000
706 659 1 1 0 0.40400000000000000000000000000000000000 22.109261476026192969325497259074314540
707 8 0 0 0 0.11200000000000000000000000000000000000 20.246576522177716295634185759171848144
707 512 0 0 0 0.10400000000000000000000000000000000000 20.196386374512508486754537369642555505
709 4 0 2 0 0.55500000000000000000000000000000000000 20.255456871124658055302843067362170114
709 6 2 2 2 0.044000000000000000000000000000000000000 20.431427144990274028852298622672099566
709 16 1 1 1 0.030000000000000000000000000000000000000 17.847463276637010085067243874598908989
709 44 1 1 0 0.33800000000000000000000000000000000000 21.285123583524438898773287839384235194
709 46 1 1 0 0.39800000000000000000000000000000000000 21.303317701411346650940300871473386622
709 48 0 0 0 0.17000000000000000000000000000000000000 20.718578514653222211302995789062303975
709 58 2 2 1 0.46800000000000000000000000000000000000 21.396227936141909108264747378044948074
709 82 1 1 1 0.22100000000000000000000000000000000000 21.525209715766114044809056880024509683
709 86 1 1 0 0.37800000000000000000000000000000000000 21.541520036711458561822045808755698496
709 94 1 1 1 0.099000000000000000000000000000000000000 21.570666291810371769305944700814490020
709 108 1 1 0 0.36600000000000000000000000000000000000 20.657641929471333898187882346052097577
709 124 0 0 0 0.024000000000000000000000000000000000000 20.323643163523794137936859751098577724
709 176 1 1 0 0.42600000000000000000000000000000000000 21.071459973271097978040094040840528384
709 184 2 2 1 0.48100000000000000000000000000000000000 20.666492836696968464533487235045798032
709 194 2 2 1 0.50600000000000000000000000000000000000 20.040087364463928040458257985605637091
709 214 1 1 1 0.063000000000000000000000000000000000000 21.129640559692022215198175825411379442
709 226 0 0 0 0.095000000000000000000000000000000000000 21.563867029550256398113616181666289593
709 236 1 1 1 0.11300000000000000000000000000000000000 20.562104390709395034354001735441532452
709 254 1 1 1 0.033000000000000000000000000000000000000 20.913208268694967943180584931222332826
709 272 1 1 0 0.37000000000000000000000000000000000000 20.081466929281700132649200006220610728
709 292 2 2 2 0.039000000000000000000000000000000000000 20.081885887050652708269401386154187371
709 296 1 1 1 0.094000000000000000000000000000000000000 19.928238282495272930878004218210698336
709 314 0 0 0 0.024000000000000000000000000000000000000 21.196647880184503270401725681360190127
709 376 1 1 1 0.14100000000000000000000000000000000000 21.091276429979528178493583342234167546
709 386 1 1 0 0.43200000000000000000000000000000000000 21.926607537992988853647254358723106428
709 388 1 1 0 0.32600000000000000000000000000000000000 21.937288958182334363283710845414077748
709 404 0 2 0 0.44800000000000000000000000000000000000 22.015061773054215605708682216298166677
709 422 2 2 1 0.41600000000000000000000000000000000000 22.088903457100261234404271895492576497
709 424 0 2 0 0.57000000000000000000000000000000000000 21.795318567415489748017074106874716521
709 436 1 1 0 0.43200000000000000000000000000000000000 22.138185505330285780038767919910892169
709 446 1 1 1 0.12900000000000000000000000000000000000 22.169605035617704971841166468284456272
709 464 0 0 0 0.023000000000000000000000000000000000000 20.771893683098070955751419993555147368
709 482 1 1 0 0.28200000000000000000000000000000000000 21.415050369502694742064115188993331456
709 488 0 0 0 0.086000000000000000000000000000000000000 21.493948017812465256816420123863185589
709 500 0 0 0 0.021000000000000000000000000000000000000 20.895518410001161728327452342483703091
709 526 1 1 0 0.24200000000000000000000000000000000000 22.328218456647154766233250799362168263
709 544 0 2 0 0.67900000000000000000000000000000000000 21.439736879765570959154267206268615181
709 556 1 1 0 0.47100000000000000000000000000000000000 21.870859391009639829472570882508656949
709 566 0 0 0 0.094000000000000000000000000000000000000 21.650282633757970985729995784199839996
709 586 0 0 0 0.027000000000000000000000000000000000000 22.342577555619548555418949349586779299
709 604 0 0 0 0.092000000000000000000000000000000000000 22.324132246808808147793522031255790684
709 628 0 0 0 0.026000000000000000000000000000000000000 20.843629211884513564573237717420729968
709 656 1 1 0 0.41000000000000000000000000000000000000 21.558393886359181997318119316825488595
709 698 0 0 0 0.065000000000000000000000000000000000000 21.574115546013396850820092825818882219
711 4 0 0 0 0.018000000000000000000000000000000000000 19.786899718930139413881385641603763529
712 11 1 1 0 0.36700000000000000000000000000000000000 19.560868558419758086641145439744564690
712 19 1 1 0 0.55000000000000000000000000000000000000 20.164763587129617135854753556974329807
712 23 0 0 0 0.087000000000000000000000000000000000000 19.878749123731695800899546687263682834
712 47 1 1 1 0.030000000000000000000000000000000000000 21.024004066657659913143139422304493280
712 67 1 1 1 0.026000000000000000000000000000000000000 21.163838212620912495091168548369268593
712 83 1 1 0 0.44600000000000000000000000000000000000 21.241585466589677887194353669147697390
712 103 0 0 0 0.020000000000000000000000000000000000000 21.310897508580186748143505955554103370
712 107 0 0 0 0.099000000000000000000000000000000000000 19.803267187453688517281066278406145686
712 157 1 1 0 0.45600000000000000000000000000000000000 21.391194584683743221005473438869929653
712 173 0 0 0 0.019000000000000000000000000000000000000 19.313787808451718244361846891515325142
712 223 0 2 0 0.46900000000000000000000000000000000000 21.293097816264800117041826300454096821
712 257 0 0 0 0.089000000000000000000000000000000000000 21.086126444241492800937346073076245277
712 277 1 1 0 0.39200000000000000000000000000000000000 20.796344344222705726741727333572098489
712 281 1 1 0 0.34600000000000000000000000000000000000 20.693303416348104126226941102406991647
712 283 1 1 0 0.28400000000000000000000000000000000000 19.784111840295320676987140572857389445
712 289 1 1 0 0.25200000000000000000000000000000000000 18.627259526848799806583641181056719439
712 313 0 0 0 0.095000000000000000000000000000000000000 20.155601883142587842690788451608626639
712 349 0 0 0 0.090000000000000000000000000000000000000 20.331571904827886129038762466641919416
712 367 1 1 0 0.41200000000000000000000000000000000000 21.514795255967687422440001880615608941
712 373 1 1 0 0.31000000000000000000000000000000000000 21.554586594769059272758774523074368775
712 383 0 0 0 0.11600000000000000000000000000000000000 21.614680968288183458292898313152487151
712 443 1 1 0 0.50000000000000000000000000000000000000 21.868326642333527842391646746860527022
712 457 0 2 0 0.49900000000000000000000000000000000000 21.909266618193262577306079588670452295
712 509 1 1 0 0.32000000000000000000000000000000000000 22.017794610937922776555484893088691813
712 523 0 0 0 0.028000000000000000000000000000000000000 21.081928169750717983131161306872947364
712 569 0 0 0 0.022000000000000000000000000000000000000 22.062876742931927533970066040310520501
712 593 1 1 0 0.49600000000000000000000000000000000000 21.575697903399219798101282842736022883
712 653 0 2 0 0.68600000000000000000000000000000000000 21.904894236747190779558220713443244526
713 2 2 2 2 0.38500000000000000000000000000000000000 18.649383493642515386101919851210182227
713 8 1 1 0 0.38400000000000000000000000000000000000 20.272273862257369557990027540114809995
713 64 2 2 2 0.025000000000000000000000000000000000000 20.247653505567445988184382183914226168
716 1 0 2 0 0.50200000000000000000000000000000000000 17.250385939565654600798776844784796205
716 19 2 2 1 0.48700000000000000000000000000000000000 20.114872204746863546437532924074792472
716 49 0 0 0 0.016000000000000000000000000000000000000 20.036930234447997737678774149140628462
716 61 1 1 0 0.31000000000000000000000000000000000000 21.446213611566623678103549667944598633
716 79 1 1 0 0.51400000000000000000000000000000000000 20.697699684467138025648173706250510809
716 89 1 1 1 0.033000000000000000000000000000000000000 21.583851108736661922084552580336485680
716 101 1 1 0 0.37400000000000000000000000000000000000 21.623932500184279260595949657674944324
716 121 1 1 1 0.028000000000000000000000000000000000000 19.676723661305421124020525077210157476
716 131 1 1 0 0.67800000000000000000000000000000000000 20.170569599478403992359859463638953907
716 181 1 1 0 0.42500000000000000000000000000000000000 21.705211626537086529995379147649479140
716 199 1 1 0 0.32400000000000000000000000000000000000 21.681688902924169740059765284432581157
716 233 0 0 0 0.076000000000000000000000000000000000000 21.577094845989311946519775315549320255
716 241 1 1 1 0.019000000000000000000000000000000000000 20.836722994781905294307755269040053150
716 271 1 1 0 0.21700000000000000000000000000000000000 21.255971880781012986916202322901822288
716 289 1 1 0 0.21700000000000000000000000000000000000 19.527066966902807608179138146615790710
716 331 0 0 0 0.028000000000000000000000000000000000000 21.472788964082124937944208839725123316
716 359 2 2 1 0.26500000000000000000000000000000000000 21.062281969363255405983841240322340566
716 389 1 1 1 0.024000000000000000000000000000000000000 21.956386168746249096570919025239340083
716 397 1 1 0 0.23800000000000000000000000000000000000 21.997730665095728888229046317338169516
716 431 1 1 1 0.026000000000000000000000000000000000000 22.140623139939066304622583615647034408
716 439 1 1 0 0.37200000000000000000000000000000000000 22.168039555511735911495267157219029640
716 443 0 0 0 0.092000000000000000000000000000000000000 22.180999024848792736069588979317038004
716 457 1 1 0 0.42700000000000000000000000000000000000 22.222700189093452926067733527626885458
716 461 0 0 0 0.093000000000000000000000000000000000000 22.233624653534675250201857308097965413
716 529 0 0 0 0.088000000000000000000000000000000000000 20.998329281023834805144078558039881825
716 571 0 0 0 0.022000000000000000000000000000000000000 21.906270858821506751498845900108821595
716 593 2 2 2 0.10100000000000000000000000000000000000 22.375877638683018731337349032620155874
716 617 0 0 0 0.075000000000000000000000000000000000000 21.870170393219566382793393123445552058
717 16 0 0 0 0.016000000000000000000000000000000000000 20.288148343101530809092965078213569643
718 3 1 1 1 0.039000000000000000000000000000000000000 20.168909293149895364581707791536005045
718 13 1 1 0 0.35600000000000000000000000000000000000 20.804787050197597617096333427928799079
718 23 1 1 0 0.40900000000000000000000000000000000000 21.050441386321700479125315320098920252
718 41 0 0 0 0.019000000000000000000000000000000000000 21.294630238219919876410533981948138481
718 47 1 1 0 0.48000000000000000000000000000000000000 20.873649319009083624903202571313046055
718 53 1 1 0 0.33000000000000000000000000000000000000 21.399321801512451194501676223889648612
718 67 0 0 0 0.094000000000000000000000000000000000000 21.490848102504815544866357325358401321
718 73 0 0 0 0.025000000000000000000000000000000000000 21.522893255086763535922253280581726385
718 107 1 1 0 0.25300000000000000000000000000000000000 20.105543614254885813282948379259640891
718 137 0 2 0 0.43900000000000000000000000000000000000 21.229028881755680105811888314867452373
718 157 1 1 0 0.32400000000000000000000000000000000000 20.323074881182581949525742579020986276
718 167 1 1 0 0.43400000000000000000000000000000000000 21.721848756446010381513805038886042443
718 169 0 0 0 0.018000000000000000000000000000000000000 20.130411445086804171508516591771194256
718 179 1 1 1 0.030000000000000000000000000000000000000 20.871722773808960581257806481098412899
718 263 1 1 0 0.30600000000000000000000000000000000000 20.900423228587598876754712915593362713
718 271 0 0 0 0.015000000000000000000000000000000000000 21.276970743476653737579279082497181556
718 283 2 2 2 0.13200000000000000000000000000000000000 21.034126290477970294778429890647156772
718 289 0 0 0 0.077000000000000000000000000000000000000 19.579340506114045440078531342404603239
718 347 1 3 0 0.50100000000000000000000000000000000000 21.656779687748295488826825796769644177
718 349 1 1 0 0.36800000000000000000000000000000000000 19.508731567362475241481581182248510037
718 353 1 1 0 0.26300000000000000000000000000000000000 21.235452742301688613266562891540247837
718 361 1 1 0 0.35400000000000000000000000000000000000 20.499994852898361602595002544842908245
718 367 1 1 0 0.26300000000000000000000000000000000000 20.869146565405340688436780924792587845
718 409 1 1 0 0.29000000000000000000000000000000000000 21.213222070380163493514493020322616868
718 479 1 1 0 0.35000000000000000000000000000000000000 21.807294940842171446684624203699668933
718 487 2 2 1 0.52200000000000000000000000000000000000 19.840782803269642927574927430176056130
718 503 1 1 1 0.026000000000000000000000000000000000000 22.331737095424617888106386977674482602
718 509 0 0 0 0.016000000000000000000000000000000000000 22.341500514122715088172954801555419293
718 523 0 2 0 0.61200000000000000000000000000000000000 22.361107775913887690992404407217447668
718 547 1 1 1 0.035000000000000000000000000000000000000 21.907078560302561459953893755600767730
718 557 2 2 1 0.39400000000000000000000000000000000000 21.690744744897814084686315207338851524
718 563 1 1 0 0.41900000000000000000000000000000000000 22.391790951355457970919946929799656871
718 577 2 2 1 0.48600000000000000000000000000000000000 22.392799085756003553615164379901990357
718 613 0 2 0 0.46000000000000000000000000000000000000 20.283279559027566775387979741796672775
718 647 0 0 0 0.10500000000000000000000000000000000000 22.283755761570822247943378463686592818
719 4 0 0 0 0.023000000000000000000000000000000000000 20.298038130828052521212557111538464705
719 16 0 0 0 0.10000000000000000000000000000000000000 19.451526877318061131899856149876730588
719 22 0 0 0 0.020000000000000000000000000000000000000 21.035642002600340062002238869997187421
719 26 1 1 0 0.40400000000000000000000000000000000000 20.629935957340174615518086534519762237
719 40 0 0 0 0.021000000000000000000000000000000000000 20.987619540838261471774520843791779946
719 48 1 1 0 0.43800000000000000000000000000000000000 20.761550924975743218293654148249186656
719 56 1 1 0 0.44300000000000000000000000000000000000 20.425532293926175584866402827054834010
719 72 1 1 0 0.15500000000000000000000000000000000000 20.743973614800949032105418209454092537
719 74 2 2 2 0.040000000000000000000000000000000000000 21.532212899445954734373116952812937710
719 82 1 1 0 0.39800000000000000000000000000000000000 20.246772394543512619253764084185164558
719 86 1 1 0 0.39900000000000000000000000000000000000 19.299874569071630826512633604113529169
719 124 1 1 0 0.36900000000000000000000000000000000000 21.691477678647404362038411545625014239
719 136 0 0 0 0.019000000000000000000000000000000000000 20.931396314993499894606003652155105523
719 162 0 0 0 0.028000000000000000000000000000000000000 20.295440826184476963168420308872871633
719 166 1 1 0 0.36600000000000000000000000000000000000 21.726823306882211644165306874381863775
719 184 0 2 0 0.58000000000000000000000000000000000000 21.416731172089478179505483058859810564
719 188 1 1 0 0.27000000000000000000000000000000000000 21.236476613341812224651984682354037903
719 194 1 1 1 0.13800000000000000000000000000000000000 21.006795888829889800531517550234383632
719 218 1 1 0 0.34000000000000000000000000000000000000 21.652444380726993814121841792378835254
719 224 0 0 0 0.028000000000000000000000000000000000000 20.252260354819187833823639545308432480
719 226 1 1 0 0.32600000000000000000000000000000000000 20.670852047560744382317027602845194946
719 236 1 1 0 0.44600000000000000000000000000000000000 21.581987903999479055570510507322593537
719 250 2 2 2 0.35100000000000000000000000000000000000 20.101344390523570727494081106290429409
719 254 0 0 0 0.028000000000000000000000000000000000000 21.469172429338948355981480638309049693
719 268 1 1 0 0.30400000000000000000000000000000000000 21.328037716155559940426117038002916624
719 284 1 1 1 0.051000000000000000000000000000000000000 21.021314892078972901975239024764742579
719 292 1 1 0 0.28000000000000000000000000000000000000 20.658411670075639027745978971954761199
719 296 1 1 0 0.24100000000000000000000000000000000000 19.381457774677857363198122392773994671
719 304 0 0 0 0.091000000000000000000000000000000000000 20.100402551208747358413688484061823824
719 316 1 1 1 0.10800000000000000000000000000000000000 18.847204888372409248727404712964251998
719 326 1 1 0 0.29800000000000000000000000000000000000 21.390846403334096415509063030298243348
719 334 0 0 0 0.092000000000000000000000000000000000000 20.077662304662334356970310854994767326
719 362 1 1 0 0.42300000000000000000000000000000000000 21.787427125502450077564339609677090184
719 386 0 0 0 0.093000000000000000000000000000000000000 21.468269435279963098564709551015086991
719 394 1 1 0 0.33400000000000000000000000000000000000 21.289720192517369461511798397371575659
719 422 1 1 0 0.32100000000000000000000000000000000000 21.160638637343492981663543594344511115
719 436 1 1 0 0.48300000000000000000000000000000000000 22.166296484393848389445216541484583463
719 446 1 1 0 0.42400000000000000000000000000000000000 22.199128605785861545584148387473071501
719 448 1 1 0 0.41900000000000000000000000000000000000 21.001215998408061409255768325348375279
719 454 0 0 0 0.10000000000000000000000000000000000000 22.223274135684057199016779167609712967
719 464 0 2 0 0.48700000000000000000000000000000000000 20.534983052652252961996694361353762899
719 466 1 1 1 0.025000000000000000000000000000000000000 22.256213693753667319909526587338127357
719 478 1 1 1 0.021000000000000000000000000000000000000 21.808345673239286699073993758634956876
719 488 0 0 0 0.026000000000000000000000000000000000000 22.006147998782237063333244348729720769
719 502 1 1 1 0.10600000000000000000000000000000000000 22.333660891298300188890846614712130647
719 524 0 0 0 0.085000000000000000000000000000000000000 22.366279168754598491623149097963100272
719 554 0 0 0 0.024000000000000000000000000000000000000 22.392767022837456924169340292257670975
719 576 0 0 0 0.026000000000000000000000000000000000000 20.716578665284779542015802016143150510
719 586 1 1 0 0.34800000000000000000000000000000000000 21.918423679342220741067677996343853785
719 592 0 0 0 0.017000000000000000000000000000000000000 21.790589599869181252670575292624059497
719 614 0 2 0 0.44900000000000000000000000000000000000 22.370688143579648254105413792472109873
719 634 0 0 0 0.094000000000000000000000000000000000000 21.486136858507933470697220748046460036
719 652 1 1 0 0.30400000000000000000000000000000000000 22.272882921631728997847769898343428106
719 688 0 0 0 0.086000000000000000000000000000000000000 21.420732845790530781651887681242963980
721 16 0 0 0 0.027000000000000000000000000000000000000 20.305077898732410964553382747573406195
722 37 0 0 0 0.080000000000000000000000000000000000000 19.990141732328979211028702069021822246
722 43 1 1 0 0.30800000000000000000000000000000000000 19.575443931097160942730902011633704450
722 49 1 1 0 0.37100000000000000000000000000000000000 19.260908395501677359636931121399335633
722 59 0 0 0 0.11900000000000000000000000000000000000 20.180180309258597489526119649164736486
722 61 2 2 2 0.033000000000000000000000000000000000000 19.238965651631441348118273813713353884
722 71 1 1 0 0.32400000000000000000000000000000000000 20.251098735746907161798926563717120060
722 73 1 1 0 0.53600000000000000000000000000000000000 20.261395122793875942241604833660724850
722 83 1 1 1 0.029000000000000000000000000000000000000 19.830359941327082688982969124278329278
722 113 2 2 1 0.63100000000000000000000000000000000000 20.403553412898839595027310857918196598
722 121 1 1 0 0.26400000000000000000000000000000000000 19.379261542095812009975063808436534874
722 127 1 1 0 0.39000000000000000000000000000000000000 20.431454546696837743814156950404426326
722 139 0 2 0 0.48300000000000000000000000000000000000 20.448119812626489193381348751394528235
722 151 1 1 0 0.51400000000000000000000000000000000000 18.291134535291231579931118688882063429
722 163 0 0 0 0.10500000000000000000000000000000000000 20.462545429684010598745101310549804285
722 167 0 2 0 0.65400000000000000000000000000000000000 20.462508050405564080447959491210166569
722 227 0 0 0 0.10300000000000000000000000000000000000 19.883471127452953702297003482596631541
722 251 1 1 0 0.27100000000000000000000000000000000000 20.235302064331065906760355743955789783
722 257 0 0 0 0.10000000000000000000000000000000000000 20.189018123577336603290136336270119085
722 293 1 1 1 0.11800000000000000000000000000000000000 19.409719242665086002667757325948166709
722 337 1 1 0 0.24800000000000000000000000000000000000 20.265392857641339490769794248395610087
722 383 0 0 0 0.092000000000000000000000000000000000000 20.654430683442687428554184305344312774
722 389 0 2 0 0.45400000000000000000000000000000000000 20.211748713894919165957056680299281424
722 433 2 2 1 0.46700000000000000000000000000000000000 19.654686784413486336177754797780387585
722 461 0 0 0 0.065000000000000000000000000000000000000 19.382345495274193327228421453830775751
722 463 1 1 0 0.33000000000000000000000000000000000000 20.978871067903859558396133227710657494
722 467 1 1 0 0.36700000000000000000000000000000000000 20.989481362004032931709868874312336738
722 487 2 2 1 0.54600000000000000000000000000000000000 21.036575908724108018251777597458983054
722 529 1 1 1 0.026000000000000000000000000000000000000 19.266509293297899914800544706506010963
722 587 3 3 3 0.032000000000000000000000000000000000000 20.177534218874822641413352536224180863
722 617 0 0 0 0.10700000000000000000000000000000000000 21.105761600613690194792811852717113051
722 631 1 1 1 0.26200000000000000000000000000000000000 21.080312028609089081707272868561470882
722 643 1 3 1 0.51500000000000000000000000000000000000 21.049382808033059080231157149709146924
722 659 0 0 0 0.017000000000000000000000000000000000000 20.513311604000094232424613955105852416
723 8 2 2 2 0.046000000000000000000000000000000000000 20.314625754721696957461990705256223326
723 128 0 2 0 0.58900000000000000000000000000000000000 20.211217521493423505511047018861494119
724 11 1 1 1 0.030000000000000000000000000000000000000 19.912732444322211769677631105076475977
724 17 0 0 0 0.016000000000000000000000000000000000000 20.945910461877586684616521614361057585
724 31 1 1 1 0.030000000000000000000000000000000000000 20.725781174636842510968779119294344431
724 53 1 1 0 0.43500000000000000000000000000000000000 21.424901693459220129079589177665057580
724 59 0 0 0 0.10500000000000000000000000000000000000 20.513216861294127779185908425912213519
724 61 1 1 0 0.35500000000000000000000000000000000000 21.480495509728438165974591146526356625
724 79 0 0 0 0.080000000000000000000000000000000000000 21.577442466356028744958178943701756071
724 101 0 0 0 0.082000000000000000000000000000000000000 20.960218103532163140508995093890538971
724 109 0 0 0 0.031000000000000000000000000000000000000 20.836285170848164877414423653971640358
724 163 1 1 0 0.35400000000000000000000000000000000000 21.750869846672354128016641152026604839
724 169 1 1 0 0.39500000000000000000000000000000000000 20.636725807526057070121934129563134654
724 173 0 0 0 0.034000000000000000000000000000000000000 20.904543922716394850754994907255950095
724 179 2 2 1 0.53900000000000000000000000000000000000 21.746724514524752862765908690749120258
724 191 1 1 0 0.38000000000000000000000000000000000000 21.735676852277126096576049818003998660
724 199 0 2 0 0.49400000000000000000000000000000000000 21.025171074120925574454149955785455269
724 211 1 1 1 0.030000000000000000000000000000000000000 20.745514498204627387517692193237487391
724 227 0 0 0 0.018000000000000000000000000000000000000 21.651304467154895429856524816801629382
724 241 1 1 0 0.39700000000000000000000000000000000000 21.589048255622564674062164225009339795
724 251 0 0 0 0.024000000000000000000000000000000000000 20.829548054994985935527925654075004473
724 269 1 1 0 0.31000000000000000000000000000000000000 21.362895281487539607580762527095924225
724 277 0 0 0 0.099000000000000000000000000000000000000 21.246662903606977869629169531219056560
724 311 1 1 0 0.32000000000000000000000000000000000000 20.507948401886613738038184843958488111
724 347 1 1 1 0.12100000000000000000000000000000000000 19.688189746571919863521681159880315808
724 361 0 0 0 0.099000000000000000000000000000000000000 19.463739586068827693321841579505175374
724 389 0 0 0 0.10200000000000000000000000000000000000 21.971238633290245070379663150358822386
724 397 1 1 0 0.41700000000000000000000000000000000000 22.014103581867908698827249814543938896
724 409 0 0 0 0.096000000000000000000000000000000000000 21.594865628413255117879339429127162540
724 431 0 0 0 0.098000000000000000000000000000000000000 22.161906732662300824667189636854095732
724 449 1 1 0 0.42000000000000000000000000000000000000 21.523919985166082174464367038033699220
724 487 1 1 0 0.21900000000000000000000000000000000000 22.322073636740356310372012824667578175
724 521 0 0 0 0.14100000000000000000000000000000000000 22.381723549719920156860745888622731093
724 529 0 0 0 0.13000000000000000000000000000000000000 21.030269087605468268053336795629828135
724 541 1 1 0 0.33300000000000000000000000000000000000 22.404694017148318782757271055547681668
724 563 1 1 0 0.45400000000000000000000000000000000000 21.942049864583152353621285632250459133
724 571 2 2 1 0.50100000000000000000000000000000000000 21.944309145846858517888605856717585890
724 577 0 2 0 0.56400000000000000000000000000000000000 21.576896478755382594169694588770514269
724 619 1 1 0 0.43600000000000000000000000000000000000 22.393697973046701058883499439572339890
724 641 1 1 0 0.46200000000000000000000000000000000000 22.348511117336080857925575627568500884
727 14 0 0 0 0.047000000000000000000000000000000000000 20.874710491244370749587114457082204546
727 22 0 0 0 0.044000000000000000000000000000000000000 21.069343231778037089987000885054165935
727 24 1 1 0 0.38700000000000000000000000000000000000 20.805569951013358020058687475297806542
727 32 1 1 0 0.46800000000000000000000000000000000000 20.325852156035852628593692212878389123
727 34 1 1 0 0.44900000000000000000000000000000000000 20.777382650188522662238150662131972958
727 38 1 1 0 0.42000000000000000000000000000000000000 20.824010111114787532153440154231126320
727 62 2 2 1 0.40600000000000000000000000000000000000 21.499578684304339854514109476950352851
727 64 1 1 0 0.36700000000000000000000000000000000000 20.307740629698921700174522700689304031
727 76 1 1 0 0.38900000000000000000000000000000000000 21.576354151329055077870348827344655839
727 86 0 0 0 0.076000000000000000000000000000000000000 21.620095718793516144727482696287417269
727 92 0 0 0 0.025000000000000000000000000000000000000 21.165616786617106249985114556843311497
727 98 1 1 0 0.44600000000000000000000000000000000000 20.118930082512374145929375006407038658
727 118 1 1 0 0.35800000000000000000000000000000000000 20.601689130070348917038589962861710060
727 142 0 2 0 0.63200000000000000000000000000000000000 21.275910538118233074834645999482713541
727 166 2 2 2 0.038000000000000000000000000000000000000 21.765347675136136278061685437988975413
727 172 0 0 0 0.094000000000000000000000000000000000000 21.764536350055646300124103791509600051
727 176 1 1 1 0.036000000000000000000000000000000000000 21.161039915164475432915870398704001400
727 188 0 2 0 0.60700000000000000000000000000000000000 20.909200093010229953556229948542258418
727 208 0 0 0 0.020000000000000000000000000000000000000 21.120900504386500625211839749930240280
727 226 0 0 0 0.026000000000000000000000000000000000000 21.672655156008126229552117276099850922
727 232 0 2 0 0.66100000000000000000000000000000000000 20.871752662732105810457418525999237714
727 242 1 1 0 0.43900000000000000000000000000000000000 20.562015053106549490576852959283060959
727 256 1 1 0 0.51000000000000000000000000000000000000 19.707875707717911011406373218883064324
727 262 1 1 0 0.36700000000000000000000000000000000000 21.463445316038024298730035739420297369
727 272 0 0 0 0.021000000000000000000000000000000000000 19.797054871309384998574084181669413165
727 274 1 1 0 0.51200000000000000000000000000000000000 21.325962418858241761910480416298677211
727 298 1 1 0 0.36300000000000000000000000000000000000 19.728368084587153613822320277380194718
727 304 0 0 0 0.021000000000000000000000000000000000000 18.473328848483264593707890120712311630
727 324 1 1 0 0.36100000000000000000000000000000000000 19.895332686818781153653597079108825657
727 328 1 1 0 0.36600000000000000000000000000000000000 21.100712819507315771744678093911576361
727 356 1 1 0 0.30000000000000000000000000000000000000 20.464540513779669487155415679533382008
727 358 0 0 0 0.099000000000000000000000000000000000000 21.283718568671251282010466960398236540
727 386 0 0 0 0.095000000000000000000000000000000000000 21.959209172896080621268987728111800800
727 404 1 1 0 0.44900000000000000000000000000000000000 20.693346881110118402774046804639368138
727 412 1 1 0 0.35500000000000000000000000000000000000 21.615091345499740122272772739014708702
727 424 0 0 0 0.025000000000000000000000000000000000000 21.841715713873594325964505953759850071
727 428 1 1 1 0.14000000000000000000000000000000000000 22.158350826322876207935313374722472571
727 472 0 0 0 0.028000000000000000000000000000000000000 21.995705638512996699286932342129206382
727 482 2 2 1 0.44600000000000000000000000000000000000 21.475805897314721760928248049086616709
727 508 0 0 0 0.028000000000000000000000000000000000000 22.372812912986701357797118888280409835
727 512 1 1 0 0.40700000000000000000000000000000000000 20.272238716909932854393398979133243568
727 538 0 0 0 0.042000000000000000000000000000000000000 21.459698953098020704944153699714883149
727 556 1 1 0 0.47400000000000000000000000000000000000 21.951734667214369337251913609107156150
727 568 1 1 0 0.41000000000000000000000000000000000000 22.133444063698391932549039505180559970
727 584 3 3 3 0.044000000000000000000000000000000000000 22.135077820633634390913985634400643305
727 596 1 1 0 0.37900000000000000000000000000000000000 20.633134624379930957126028784104620828
727 604 2 2 1 0.58500000000000000000000000000000000000 20.344681332939602099960019211937983573
727 608 0 0 0 0.026000000000000000000000000000000000000 21.521025685274895132431114081397798966
727 622 1 1 0 0.46300000000000000000000000000000000000 22.407419665031189301731567802656950825
727 662 0 0 0 0.065000000000000000000000000000000000000 19.752210241427777967596093956703775869
727 692 1 1 0 0.42300000000000000000000000000000000000 22.100942517683371250765447374321517294
729 8 2 2 2 0.49500000000000000000000000000000000000 17.954150203662246217191758581752572381
729 64 0 0 0 0.025000000000000000000000000000000000000 17.930620491540986312118301302926868667
729 242 0 0 0 0.012000000000000000000000000000000000000 18.189420857821646297953134355355364489
729 274 2 2 1 0.45500000000000000000000000000000000000 18.960461496141328063022143144792781307
729 316 0 0 0 0.10900000000000000000000000000000000000 18.725896160294284459315792105049519112
729 338 1 1 1 0.030000000000000000000000000000000000000 17.203911619491755791569623543321622009
729 344 1 1 1 0.11900000000000000000000000000000000000 18.935621526708507446684472117034023361
729 382 0 0 0 0.015000000000000000000000000000000000000 19.552576697882208090500431684962095359
729 452 0 0 0 0.018000000000000000000000000000000000000 19.860883433609691040418478126715532697
729 502 1 1 0 0.40400000000000000000000000000000000000 19.983580081354728911832909911939117448
729 512 1 1 0 0.38300000000000000000000000000000000000 17.893887506345977329361295168458640951
729 538 0 0 0 0.020000000000000000000000000000000000000 20.036325868999669145831872873851070779
731 16 3 3 3 0.042000000000000000000000000000000000000 19.869872209014604733130690006125715357
731 64 1 1 1 0.029000000000000000000000000000000000000 20.324688888304971613099915550749909078
731 128 1 1 0 0.41800000000000000000000000000000000000 19.770014640461955688002536861526307183
731 256 1 1 1 0.029000000000000000000000000000000000000 19.038540987328371510563063507817090641
733 2 2 2 2 0.083000000000000000000000000000000000000 19.210607149455234059003174943573043830
733 8 0 0 0 0.081000000000000000000000000000000000000 19.657425584375993983772721132211187972
733 26 1 1 0 0.27600000000000000000000000000000000000 21.165834177234915473335108257021094657
733 44 0 0 0 0.086000000000000000000000000000000000000 21.387096279759505383033050271679776810
733 62 1 1 1 0.029000000000000000000000000000000000000 21.524939679641650943045178497836120926
733 68 2 2 1 0.46700000000000000000000000000000000000 21.083340208604552237883318017916553620
733 82 1 1 0 0.41000000000000000000000000000000000000 21.629216237011577425475444207506103143
733 116 1 1 0 0.34100000000000000000000000000000000000 17.972001378705902454129424482954284369
733 118 0 0 0 0.020000000000000000000000000000000000000 21.742125702875231274336254257578425487
733 122 2 2 1 0.61000000000000000000000000000000000000 21.273190834622175666029599241861835933
733 128 2 2 2 0.049000000000000000000000000000000000000 19.214651432877983357521567586455060187
733 144 0 0 0 0.10000000000000000000000000000000000000 20.703235532403788616942652379549943771
733 152 0 0 0 0.10400000000000000000000000000000000000 21.487903974024381985375964751377958044
733 172 1 1 1 0.11900000000000000000000000000000000000 21.793426718614461434635760702562213468
733 194 0 0 0 0.018000000000000000000000000000000000000 19.225164771137309924414575604507967755
733 196 1 1 0 0.40200000000000000000000000000000000000 20.930146361973729244237994154042972953
733 202 2 2 2 0.075000000000000000000000000000000000000 21.289069458234075023578009235107267079
733 236 2 2 1 0.69000000000000000000000000000000000000 21.669784494810703739361975044373668940
733 268 1 1 0 0.44100000000000000000000000000000000000 21.454560745239166875947791741558428952
733 278 0 2 0 0.41300000000000000000000000000000000000 21.328980792855091612773467381467033905
733 304 1 1 1 0.029000000000000000000000000000000000000 18.940952071555380933684526304161603464
733 324 1 1 0 0.32000000000000000000000000000000000000 19.866935815935547879250213435075276131
733 334 1 1 1 0.33000000000000000000000000000000000000 21.484133369835181201958414146587392155
733 338 1 1 0 0.36400000000000000000000000000000000000 19.951533168655636517693047031156815384
733 352 0 0 0 0.098000000000000000000000000000000000000 20.803438242272589476808168257446741293
733 362 1 1 0 0.36300000000000000000000000000000000000 21.798265399731656616393949244657253459
733 376 1 1 0 0.37100000000000000000000000000000000000 21.603420570024390643019440531197618155
733 388 1 1 0 0.35900000000000000000000000000000000000 21.980806887234278444289137485877691393
733 398 1 1 0 0.39200000000000000000000000000000000000 22.036668410318950888368932572899775182
733 416 1 1 0 0.25900000000000000000000000000000000000 21.220324284041379154087983091473973775
733 422 2 2 1 0.47000000000000000000000000000000000000 22.149052805491485305075374630868156720
733 478 1 1 0 0.31500000000000000000000000000000000000 22.330538235311293332414011330615703054
733 484 0 2 0 0.60500000000000000000000000000000000000 21.303516941144581678554149088772023283
733 488 1 1 0 0.49900000000000000000000000000000000000 21.207890062864243388687140142212391384
733 502 1 1 1 0.15300000000000000000000000000000000000 22.383011153690215566767308033219376263
733 512 1 1 1 0.14300000000000000000000000000000000000 19.448735688323276686715045131702250998
733 536 0 0 0 0.023000000000000000000000000000000000000 21.180145950149577219411053991219199862
733 538 0 0 0 0.10400000000000000000000000000000000000 22.437715202196688902571205653482946201
733 548 1 1 0 0.39400000000000000000000000000000000000 22.447866328983421522111448200288643475
733 562 1 1 0 0.40400000000000000000000000000000000000 21.981130087348899958073885444327236356
733 578 1 1 1 0.21400000000000000000000000000000000000 21.233887544775725431787559523930370292
733 586 1 1 0 0.33400000000000000000000000000000000000 21.619792412253964415096441515366780950
733 632 0 2 0 0.69000000000000000000000000000000000000 22.127193223724907364024399960486348321
733 664 1 1 0 0.36300000000000000000000000000000000000 20.351385918743036032534158302434615026
733 716 1 1 1 0.038000000000000000000000000000000000000 21.375237792711346503923063172034319620
734 19 1 1 1 0.14300000000000000000000000000000000000 21.035555573628201833658849533445501727
734 29 0 0 0 0.096000000000000000000000000000000000000 21.216476245347173305547179948792945845
734 31 3 3 3 0.033000000000000000000000000000000000000 20.767635840960006884880070534444594842
734 41 2 2 2 0.049000000000000000000000000000000000000 20.185974694066172517112528113197734929
734 71 0 0 0 0.091000000000000000000000000000000000000 21.580965720977552467022807984169934803
734 73 0 0 0 0.078000000000000000000000000000000000000 21.591322388462723770158693317928994841
734 83 0 0 0 0.098000000000000000000000000000000000000 21.637741213530337457681452605140429956
734 139 2 2 1 0.47600000000000000000000000000000000000 21.304359831083148367048451216175806179
734 151 1 1 1 0.030000000000000000000000000000000000000 21.792860364853222406751674386091323700
734 169 1 1 0 0.52100000000000000000000000000000000000 20.684651217097507036918651108294946265
734 179 1 1 0 0.32800000000000000000000000000000000000 21.795772503433601334771473203632353428
734 181 0 2 0 0.43500000000000000000000000000000000000 21.794671328320595149692103137163294587
734 223 2 2 1 0.45100000000000000000000000000000000000 21.722812607356634990575988060263415668
734 239 0 0 0 0.078000000000000000000000000000000000000 21.185589505350595941108060508460517203
734 241 0 0 0 0.035000000000000000000000000000000000000 20.954388851781318491734665329852201673
734 243 1 1 0 0.31100000000000000000000000000000000000 19.735038578030769311578838215531898132
734 251 1 1 0 0.31300000000000000000000000000000000000 21.598727428427861707158511554185839894
734 269 0 2 0 0.48600000000000000000000000000000000000 21.452644385888616673627900596883751893
734 277 0 0 0 0.020000000000000000000000000000000000000 21.354103718202849427419314698591317779
734 281 1 1 1 0.024000000000000000000000000000000000000 21.291345756723240751487400865769101963
734 289 1 1 0 0.36800000000000000000000000000000000000 19.888703521726159187396638451136056257
734 311 0 0 0 0.076000000000000000000000000000000000000 20.341077249701548606510020711296470022
734 331 2 2 1 0.46300000000000000000000000000000000000 21.432301312223272369347308304830660109
734 349 0 0 0 0.080000000000000000000000000000000000000 18.905058902269660916865122436673170085
734 379 1 1 1 0.066000000000000000000000000000000000000 20.253852368640376345019394724895735794
734 421 1 1 0 0.46300000000000000000000000000000000000 22.147207367196678547982236451761019713
734 439 1 1 0 0.36200000000000000000000000000000000000 22.216922952520739843935359298133085688
734 443 1 1 0 0.38600000000000000000000000000000000000 22.230907172557906415944922114186019887
734 449 1 1 1 0.030000000000000000000000000000000000000 21.137007970624147359927984323125319889
734 461 0 2 0 0.47700000000000000000000000000000000000 22.287895243931804595910151471525778262
734 487 0 0 0 0.072000000000000000000000000000000000000 22.355012184709654253329684589278314557
734 547 0 0 0 0.091000000000000000000000000000000000000 22.450992715936496169525294070530962649
734 601 1 1 0 0.44100000000000000000000000000000000000 22.466119066247348796276630838496590874
734 607 1 1 0 0.28100000000000000000000000000000000000 21.985634226272300929010199892999337163
734 617 0 0 0 0.020000000000000000000000000000000000000 21.977261551280119923631453445780038279
734 619 1 1 0 0.47200000000000000000000000000000000000 22.452262025178961980347085251954721855
734 631 0 2 0 0.53700000000000000000000000000000000000 22.436054174707097765165541242217344042
734 701 1 1 0 0.34100000000000000000000000000000000000 22.109717433985247602181219440824529973
734 733 1 1 0 0.34000000000000000000000000000000000000 20.182738151252266096029181034259140015
736 1 1 1 0 0.46600000000000000000000000000000000000 18.018921065549330336884067910611689946
736 5 1 1 1 0.036000000000000000000000000000000000000 19.562854402924851500733817882234679944
736 13 0 0 0 0.022000000000000000000000000000000000000 19.977018881601818717666349058479977303
736 29 1 1 0 0.56200000000000000000000000000000000000 19.844563242827644076257246978755196331
736 31 0 0 0 0.022000000000000000000000000000000000000 20.349969085107455634507097505256850352
736 41 2 2 2 0.050000000000000000000000000000000000000 20.467300543796090569467156944300875039
736 43 1 1 1 0.027000000000000000000000000000000000000 18.779456480481827410797404846844541209
736 71 1 1 1 0.030000000000000000000000000000000000000 20.686310004675026670423183001591140111
736 103 0 0 0 0.023000000000000000000000000000000000000 20.814171130277575564265247694087428746
736 109 0 0 0 0.11600000000000000000000000000000000000 18.871739873795974644465550410509546818
736 125 1 1 1 0.033000000000000000000000000000000000000 19.468190230958735992995634029336044662
736 181 0 0 0 0.091000000000000000000000000000000000000 20.901323154242002699853600773333564651
736 199 0 0 0 0.051000000000000000000000000000000000000 20.883269665168144190469400092034815206
736 233 0 2 0 0.54300000000000000000000000000000000000 20.796944382516344433242878171754553245
736 239 1 1 0 0.44100000000000000000000000000000000000 20.073042071716447691166502581993880517
736 251 2 2 2 0.028000000000000000000000000000000000000 20.709285916621812209710770639709265809
736 271 2 2 2 0.035000000000000000000000000000000000000 20.545314915147308775665127528084754021
736 281 0 2 0 0.50600000000000000000000000000000000000 19.933469288702906989935940682718493964
736 307 1 1 0 0.31500000000000000000000000000000000000 19.403609663747975760119942565989460456
736 337 1 1 0 0.36000000000000000000000000000000000000 20.619828450281137177182302446548499635
736 349 0 0 0 0.023000000000000000000000000000000000000 20.294129850908207051026577688816688183
736 359 1 1 0 0.40800000000000000000000000000000000000 20.870400530223772743020433664363973202
736 379 1 1 0 0.33100000000000000000000000000000000000 21.025438573585523817438398863954299430
736 419 1 1 1 0.031000000000000000000000000000000000000 21.240162014219409129847572654655731535
736 421 1 1 1 0.12800000000000000000000000000000000000 20.771609044926952736344960822315406334
736 449 2 2 2 0.23900000000000000000000000000000000000 21.353327508169575951176171986194980893
736 461 1 1 1 0.11700000000000000000000000000000000000 20.214498505903480882643566652385473268
736 463 2 2 1 0.44800000000000000000000000000000000000 21.396412439301568256539707722889588598
736 499 1 1 1 0.038000000000000000000000000000000000000 20.639098525488815049472496557221408594
736 547 1 1 0 0.41000000000000000000000000000000000000 20.601690631470148731267366271330216760
736 593 1 1 1 0.14100000000000000000000000000000000000 21.575508197431396193987778069116927947
736 617 1 1 0 0.44200000000000000000000000000000000000 21.562406039391413566446041128428133946
736 659 1 1 1 0.024000000000000000000000000000000000000 21.003815357836686617448970960637367784
736 677 0 0 0 0.074000000000000000000000000000000000000 20.086064308524188093911621969688820776
736 683 1 1 0 0.49500000000000000000000000000000000000 21.375656792813836180230373484738263732
736 727 0 0 0 0.021000000000000000000000000000000000000 20.225476513492891392309117012285152657
737 128 0 0 0 0.095000000000000000000000000000000000000 20.273776289912882731464446637655530722
739 2 0 0 0 0.15100000000000000000000000000000000000 20.080488801778688489118393835534230353
739 24 0 0 0 0.019000000000000000000000000000000000000 20.855447443519894283473495865029750081
739 26 1 1 0 0.38000000000000000000000000000000000000 20.713558414884085580676308470606509187
739 32 1 1 0 0.33800000000000000000000000000000000000 20.375813908653464960772603786139693693
739 46 1 1 0 0.38000000000000000000000000000000000000 20.953222828707160399847087061392157778
739 68 1 1 0 0.48900000000000000000000000000000000000 21.585686810717547716653714948966207214
739 74 0 0 0 0.10600000000000000000000000000000000000 21.617435338160440376765752254006320119
739 76 1 1 1 0.025000000000000000000000000000000000000 21.627255837866294772416356611669878307
739 94 2 2 1 0.43300000000000000000000000000000000000 20.856203149216875018758822638457001201
739 112 0 0 0 0.11300000000000000000000000000000000000 21.152413154942771317774656794052577661
739 116 0 0 0 0.023000000000000000000000000000000000000 21.286815882750054161469581158712371419
739 122 1 1 0 0.32800000000000000000000000000000000000 21.776679201199737604788313282143175635
739 158 1 1 1 0.035000000000000000000000000000000000000 21.819842232336658849189246338656275417
739 164 1 1 0 0.40100000000000000000000000000000000000 21.122798369923234591350535337937590455
739 172 0 0 0 0.027000000000000000000000000000000000000 19.028901008381478315842624607474622980
739 178 0 0 0 0.12800000000000000000000000000000000000 21.820362842722545360517112325153933194
739 184 1 1 0 0.29200000000000000000000000000000000000 21.516110471869345865207209559145481940
739 196 1 1 0 0.45100000000000000000000000000000000000 20.960546692661888431268272969082725914
739 206 1 1 1 0.11000000000000000000000000000000000000 20.836218156431541475662022238289930030
739 256 0 0 0 0.10500000000000000000000000000000000000 19.794937176964311852598020669203720525
739 262 1 1 1 0.27900000000000000000000000000000000000 21.080022823283552267377337763983020548
739 284 1 1 1 0.25100000000000000000000000000000000000 21.295909282418884063624824547705186161
739 302 0 0 0 0.026000000000000000000000000000000000000 20.592934410048926705507786272538597782
739 304 0 0 0 0.086000000000000000000000000000000000000 19.703658729981260968828307409758859361
739 326 0 2 0 0.56600000000000000000000000000000000000 21.311782036393652813702074145525947818
739 328 0 0 0 0.026000000000000000000000000000000000000 21.054900811048193087669986871198479055
739 332 1 1 0 0.39600000000000000000000000000000000000 20.956676800079506159795467048124089615
739 346 0 0 0 0.091000000000000000000000000000000000000 21.637951874910403133452093404396959715
739 382 2 2 1 0.49700000000000000000000000000000000000 21.952284949660714623317015431423655265
739 394 1 1 0 0.39900000000000000000000000000000000000 22.025417921289795230620758970716162991
739 416 1 1 0 0.61000000000000000000000000000000000000 21.233546755225383287102337630912034766
739 458 0 0 0 0.026000000000000000000000000000000000000 21.816091599343808880635277635014771821
739 466 1 1 0 0.42000000000000000000000000000000000000 22.316816014263940383983589010273820910
739 478 0 0 0 0.031000000000000000000000000000000000000 21.871982194471468941612076552591881262
739 508 1 1 0 0.38800000000000000000000000000000000000 22.414884773719369783698078730757614165
739 512 1 1 0 0.42300000000000000000000000000000000000 19.837807131122760542095866432008673268
739 526 1 1 0 0.53300000000000000000000000000000000000 20.754617413389849428190418173386913366
739 536 0 0 0 0.027000000000000000000000000000000000000 21.458440976916039175462654371530025217
739 542 1 1 0 0.33900000000000000000000000000000000000 22.465586002565498748442654272474067753
739 556 0 0 0 0.12000000000000000000000000000000000000 22.479199485310821146145847816740368191
739 562 1 1 0 0.41300000000000000000000000000000000000 22.483692117875992682728557508594580123
739 596 1 1 0 0.52900000000000000000000000000000000000 22.492627312524207217151769821463154182
739 608 0 0 0 0.10800000000000000000000000000000000000 21.585145752103159513205798199754862999
739 626 0 2 0 0.54400000000000000000000000000000000000 22.472656457006807821539687325920347356
739 704 1 1 0 0.49800000000000000000000000000000000000 20.947871277743922283036478436655416216
739 712 1 1 0 0.39900000000000000000000000000000000000 20.801559627083486852841361494659080094
739 724 0 2 0 0.68200000000000000000000000000000000000 21.827331902076546895897599287744064070
743 2 1 1 0 0.51100000000000000000000000000000000000 20.096899668450099025931732864638251273
743 14 0 2 0 0.52000000000000000000000000000000000000 18.555333157148080044936399478521320974
743 16 1 1 0 0.60800000000000000000000000000000000000 20.396540296358147222512107474785001354
743 22 1 1 1 0.052000000000000000000000000000000000000 20.658521940860712565597730870235372279
743 28 0 0 0 0.034000000000000000000000000000000000000 21.238716935407953169221521957711293562
743 38 1 1 0 0.46400000000000000000000000000000000000 21.367670857548787882857550561894157237
743 50 2 2 2 0.053000000000000000000000000000000000000 20.304844680287614721344456919193858928
743 62 0 0 0 0.025000000000000000000000000000000000000 21.566736459173721693930585057460960269
743 76 0 0 0 0.13800000000000000000000000000000000000 19.936460870360702396876204096908582458
743 92 1 1 0 0.44000000000000000000000000000000000000 21.711171536416301353953226376181501595
743 128 1 1 0 0.57400000000000000000000000000000000000 20.300166719862013788925126669640456640
743 148 1 1 1 0.039000000000000000000000000000000000000 20.400020565381274435535050567647225053
743 158 1 1 1 0.036000000000000000000000000000000000000 21.361082248270432713462576015872239421
743 160 1 1 0 0.49600000000000000000000000000000000000 20.935987502999338490804393985733900271
743 166 0 0 0 0.033000000000000000000000000000000000000 21.363593728246451298445954795249826355
743 184 1 1 1 0.15100000000000000000000000000000000000 21.058388458424859803835218352586793758
743 188 0 0 0 0.11900000000000000000000000000000000000 20.988579634346677463549898755199378162
743 192 0 0 0 0.050000000000000000000000000000000000000 20.625950946236118590546932786382453566
743 224 0 0 0 0.024000000000000000000000000000000000000 20.867170177654402303013555058155380398
743 226 1 1 0 0.34700000000000000000000000000000000000 21.764352310455141403859640606843977471
743 232 2 2 1 0.60400000000000000000000000000000000000 20.744720026739143829379227472977658509
743 262 0 0 0 0.098000000000000000000000000000000000000 21.586919629927298385801312254854814998
743 272 0 0 0 0.069000000000000000000000000000000000000 20.896035529184924369769957076170880631
743 292 0 0 0 0.022000000000000000000000000000000000000 20.698755362451424399362724764282603212
743 302 1 1 0 0.33200000000000000000000000000000000000 19.431975115232271937615669829289171883
743 314 0 0 0 0.11800000000000000000000000000000000000 20.806194257315948641250456627773554571
743 328 0 0 0 0.12100000000000000000000000000000000000 20.557768088670213088022302305713416036
743 352 1 1 1 0.051000000000000000000000000000000000000 20.800671730458231774706593713713718300
743 358 3 3 3 0.069000000000000000000000000000000000000 21.765327834093968960906317234807482573
743 362 0 0 0 0.14100000000000000000000000000000000000 21.802659525381802595317480096110407570
743 388 0 0 0 0.030000000000000000000000000000000000000 21.996047138477219652294740890320581644
743 394 1 1 0 0.37200000000000000000000000000000000000 22.031988900569466726020405522960318453
743 398 1 3 1 0.76600000000000000000000000000000000000 22.054604005302688440892110490805127465
743 412 1 1 0 0.46400000000000000000000000000000000000 22.126476929903097554406054567020207610
743 478 0 0 0 0.26000000000000000000000000000000000000 22.361237908060167902121598498355004121
743 496 1 1 0 0.42900000000000000000000000000000000000 21.801970573775464991451390527857013614
743 512 3 3 3 0.22500000000000000000000000000000000000 20.328722131514410964152717660954720717
743 536 1 1 0 0.45000000000000000000000000000000000000 21.695332322813371788343107617421788093
743 538 0 2 0 0.56900000000000000000000000000000000000 22.476061926819416214090275512881451432
743 566 0 0 0 0.087000000000000000000000000000000000000 22.503084711848261330711665328068594267
743 568 1 1 1 0.046000000000000000000000000000000000000 21.504347827810378278151043762304556203
743 622 2 2 2 0.20100000000000000000000000000000000000 21.457799071312344728070606963087288676
743 652 1 1 0 0.38000000000000000000000000000000000000 21.975713229892858878592111274823445188
743 692 0 0 0 0.034000000000000000000000000000000000000 22.296531430468514511917856247635711877
743 734 0 0 0 0.11400000000000000000000000000000000000 21.157521855864698466670883224861043741
745 4 0 0 0 0.036000000000000000000000000000000000000 20.406036261124084677131891695434645158
745 32 1 1 0 0.45900000000000000000000000000000000000 20.400489054950048755502406781504855010
745 256 0 2 0 0.58500000000000000000000000000000000000 19.836532708664596182547829756828021359
746 31 0 2 0 0.52800000000000000000000000000000000000 21.294231055587051327159096107232382764
746 49 0 2 0 0.68500000000000000000000000000000000000 20.639980150561054446128416324935694116
746 53 2 2 2 0.049000000000000000000000000000000000000 21.039754364017822598896540837854192506
746 59 1 1 1 0.028000000000000000000000000000000000000 21.559673663075809499735822210006335337
746 67 1 1 0 0.42100000000000000000000000000000000000 21.609184518000903660507979895999572551
746 79 1 1 0 0.52100000000000000000000000000000000000 20.971707839874902495219458691128682659
746 101 1 1 0 0.49600000000000000000000000000000000000 20.712599316983087095385483298953772196
746 109 1 1 1 0.13400000000000000000000000000000000000 20.454673842039270854669531908926199768
746 151 0 0 0 0.11200000000000000000000000000000000000 21.847387726291461252297883338171002925
746 157 0 0 0 0.13300000000000000000000000000000000000 21.851369717406776201818556274043498767
746 211 0 2 0 0.63400000000000000000000000000000000000 21.817530621556553787260258099213328026
746 223 0 0 0 0.027000000000000000000000000000000000000 21.789587837474963878457800087837312855
746 229 2 2 2 0.20000000000000000000000000000000000000 21.072912624626275782136099861891551996
746 241 0 2 0 0.55300000000000000000000000000000000000 21.727411779732774709810613186690504784
746 269 1 1 0 0.24800000000000000000000000000000000000 21.074581366207835098942712030770301604
746 277 0 0 0 0.022000000000000000000000000000000000000 21.468964301482246088970887890214950039
746 281 0 0 0 0.093000000000000000000000000000000000000 21.417828439772696150524554613651932342
746 311 0 0 0 0.077000000000000000000000000000000000000 20.317618314832522736577085130463760960
746 359 1 1 0 0.32400000000000000000000000000000000000 21.297895753439545076365729916588639510
746 361 1 1 1 0.037000000000000000000000000000000000000 19.561100710844504920131167872602803553
746 389 1 1 0 0.36400000000000000000000000000000000000 22.006532464193619536440309815059560812
746 401 1 1 0 0.48600000000000000000000000000000000000 22.076215295499949718915587637904738883
746 409 1 1 0 0.48900000000000000000000000000000000000 22.117789263671225911260703566289120425
746 431 0 2 0 0.41700000000000000000000000000000000000 21.739150006017638029101950892527209597
746 443 1 1 0 0.37700000000000000000000000000000000000 22.261975169330799226948538081224861999
746 461 0 0 0 0.11300000000000000000000000000000000000 22.321887703731114618283487124839811238
746 467 2 2 1 0.29800000000000000000000000000000000000 21.017583562797880859036176718765393761
746 499 1 1 0 0.34000000000000000000000000000000000000 22.420175397121395882609390546286519372
746 529 0 2 0 0.36600000000000000000000000000000000000 20.413943235191101925206105101415563094
746 541 0 0 0 0.025000000000000000000000000000000000000 22.013978840000403700920044428036709523
746 563 1 1 1 0.030000000000000000000000000000000000000 22.513324034508778281011138252159024284
746 619 1 1 0 0.42700000000000000000000000000000000000 22.517677084890911598893220428614404362
746 641 1 1 0 0.36800000000000000000000000000000000000 22.492896968232823286533270455137721296
746 661 1 1 0 0.40300000000000000000000000000000000000 22.451129853357216594078406859527739559
747 4 0 2 0 0.43200000000000000000000000000000000000 19.937065778590230062602900187322514749
747 32 1 1 1 0.029000000000000000000000000000000000000 19.931548376078780099897888632585367210
747 256 1 1 0 0.35500000000000000000000000000000000000 19.373016767486532033115455420700373425
749 2 0 2 0 0.43300000000000000000000000000000000000 19.644229792811928054868087097075626789
749 256 1 1 0 0.41200000000000000000000000000000000000 19.863619275225916861681860203652569023
751 14 2 2 2 0.15400000000000000000000000000000000000 20.496398951900612544773178111150453192
751 16 1 1 0 0.47600000000000000000000000000000000000 19.584030062590207477833341182825906645
751 22 1 1 0 0.34900000000000000000000000000000000000 18.782651512971779329273876108369017094
751 26 1 1 0 0.54500000000000000000000000000000000000 20.540798183767456978643059290413542925
751 44 0 0 0 0.020000000000000000000000000000000000000 21.461376135911505508729875235376999753
751 54 0 2 0 0.50700000000000000000000000000000000000 20.590675844504090092900515128302300181
751 80 1 1 1 0.26200000000000000000000000000000000000 21.093959541523180236288273693043244088
751 86 1 1 0 0.47900000000000000000000000000000000000 20.767463950699097284562273108825692059
751 100 1 1 1 0.088000000000000000000000000000000000000 21.073014513236107101917323479904909234
751 124 1 1 0 0.40400000000000000000000000000000000000 20.434740128214693853432836989238642966
751 142 0 0 0 0.015000000000000000000000000000000000000 21.860773432511386480725183801913533550
751 146 1 1 1 0.094000000000000000000000000000000000000 20.823790407333813712045437356068954893
751 148 0 0 0 0.015000000000000000000000000000000000000 21.390023924625042823418839163791630249
751 158 0 0 0 0.067000000000000000000000000000000000000 21.397429124152347494801398083185345759
751 166 1 1 0 0.31100000000000000000000000000000000000 21.400474146180190492696652392521702553
751 184 1 1 0 0.31500000000000000000000000000000000000 20.142492305475090632437328118251791831
751 206 1 1 1 0.10000000000000000000000000000000000000 21.852023782586935966611813037984477728
751 218 0 0 0 0.016000000000000000000000000000000000000 21.828971104004541198034870721034776480
751 224 0 0 0 0.014000000000000000000000000000000000000 20.212068893091175678240677527238182061
751 236 0 0 0 0.013000000000000000000000000000000000000 21.776594394729422297484024451186097870
751 250 1 1 1 0.11000000000000000000000000000000000000 20.318255825142651810704745139855520257
751 254 0 0 0 0.062000000000000000000000000000000000000 21.694735914590200980515012127575227292
751 256 1 1 1 0.019000000000000000000000000000000000000 19.399858501734986032812815958667145303
751 288 0 0 0 0.074000000000000000000000000000000000000 19.982331072948525845127588499970101213
751 296 0 0 0 0.075000000000000000000000000000000000000 20.889410029605827434941636337980532098
751 314 1 1 0 0.22300000000000000000000000000000000000 19.660027281070506176369239584349296583
751 316 0 0 0 0.072000000000000000000000000000000000000 20.734164409201014017087411856377326136
751 334 0 0 0 0.072000000000000000000000000000000000000 21.425690093727926249734001618091584813
751 344 0 0 0 0.084000000000000000000000000000000000000 21.293880334033755365094692742447930506
751 362 0 0 0 0.074000000000000000000000000000000000000 21.803926410218498308998360065766487614
751 392 1 1 0 0.27100000000000000000000000000000000000 20.408914735329763712054971999865707612
751 394 0 2 0 0.31500000000000000000000000000000000000 22.044325634181327496065846799348953444
751 404 0 0 0 0.080000000000000000000000000000000000000 22.101103614006408822942502674220454684
751 422 1 1 0 0.34400000000000000000000000000000000000 22.189238526373064099883019807505542132
751 446 1 1 0 0.28800000000000000000000000000000000000 21.808173170290749364067512041702537583
751 484 1 1 0 0.31800000000000000000000000000000000000 21.359232274127511904539985842353105597
751 496 1 1 0 0.34600000000000000000000000000000000000 21.827397122608710544134918393311647688
751 514 2 2 1 0.41100000000000000000000000000000000000 22.466686191912647638930192303431405223
751 536 1 1 0 0.38200000000000000000000000000000000000 20.879615876226102454212420489157264329
751 544 0 2 0 0.52700000000000000000000000000000000000 21.133319227149443107970487107053580779
751 586 0 0 0 0.084000000000000000000000000000000000000 22.547081174063772566752495198616150230
751 614 0 0 0 0.075000000000000000000000000000000000000 22.546073397133998800272796788547710745
751 656 1 1 0 0.49100000000000000000000000000000000000 21.894552272947886521950496834090327865
751 674 1 1 0 0.35000000000000000000000000000000000000 21.750132931003336850170220377483571550
751 712 1 1 1 0.025000000000000000000000000000000000000 20.708981802174310832741427328916248426
752 7 0 0 0 0.098000000000000000000000000000000000000 20.075269463719943702099412526751257357
752 11 1 1 1 0.10900000000000000000000000000000000000 20.271176756928567147954319293446664946
752 37 0 0 0 0.017000000000000000000000000000000000000 20.791232136709764155123723509510676176
752 53 2 2 2 0.025000000000000000000000000000000000000 20.939418888663859898142262380708826482
752 67 2 2 2 0.029000000000000000000000000000000000000 20.554762447916544386218456710860476993
752 73 0 0 0 0.018000000000000000000000000000000000000 20.365439833189117073809128668911404175
752 101 0 2 0 0.58700000000000000000000000000000000000 21.177260615121297626523923038571318743
752 103 1 1 1 0.023000000000000000000000000000000000000 20.706236446507509624098361853612220977
752 137 0 0 0 0.020000000000000000000000000000000000000 21.256650662407979469006632251112314670
752 157 0 0 0 0.020000000000000000000000000000000000000 20.799309553109742788263758458468457342
752 163 0 0 0 0.017000000000000000000000000000000000000 21.279242761627031506833210865414848212
752 169 1 1 1 0.022000000000000000000000000000000000000 20.166669930024174452647068773277630519
752 179 0 0 0 0.017000000000000000000000000000000000000 20.434539113914361268026410460449386850
752 191 1 1 1 0.11200000000000000000000000000000000000 21.272861305525253155289584284527181156
752 193 1 1 0 0.38500000000000000000000000000000000000 20.316865214136276712451802203004421149
752 197 2 2 2 0.038000000000000000000000000000000000000 21.267039808846517039545694916593179774
752 227 2 2 2 0.030000000000000000000000000000000000000 20.510244065597446224138728653010109044
752 263 0 2 0 0.47600000000000000000000000000000000000 21.042555619050659610112414934312366884
752 271 1 1 0 0.32400000000000000000000000000000000000 20.978938755001223149189617461486398016
752 283 1 1 1 0.028000000000000000000000000000000000000 20.370024714073732643425683184434576725
752 293 1 1 1 0.025000000000000000000000000000000000000 19.721499361686596105149922314269427592
752 331 1 1 0 0.46000000000000000000000000000000000000 19.474572133662601677861715154151056760
752 353 4 4 4 0.069000000000000000000000000000000000000 21.107142290784794821499260948168094899
752 361 1 1 0 0.27400000000000000000000000000000000000 19.913410236420448380330074666079951640
752 367 3 3 3 0.024000000000000000000000000000000000000 21.247876542055777349866133920531785624
752 409 1 1 0 0.32300000000000000000000000000000000000 18.882587821763575212509023686525185690
752 433 0 0 0 0.022000000000000000000000000000000000000 21.636152111516447428261698558313463081
752 457 1 1 1 0.027000000000000000000000000000000000000 21.723384532767273388713561444296237310
752 467 1 1 0 0.42400000000000000000000000000000000000 21.754563686499704900372415816516848530
752 487 2 2 1 0.50300000000000000000000000000000000000 21.809103367866767930550054640720807425
752 509 1 1 0 0.38900000000000000000000000000000000000 19.949779742317016705376735540815982141
752 521 0 2 0 0.60900000000000000000000000000000000000 21.880653812064583067447071963822729892
752 557 3 3 3 0.033000000000000000000000000000000000000 21.929846512618412529571352179166972000
752 587 0 0 0 0.018000000000000000000000000000000000000 21.949715087768039231558324291353516303
752 601 1 1 0 0.48200000000000000000000000000000000000 21.951748380132595668976423099308738561
752 613 0 0 0 0.097000000000000000000000000000000000000 21.949358114573938701976231266293446258
752 647 0 2 0 0.53800000000000000000000000000000000000 21.917332089534708689298655454228448131
752 683 1 1 0 0.35300000000000000000000000000000000000 21.822532714362390561503127934075443429
752 701 0 0 0 0.086000000000000000000000000000000000000 21.732462574815388069109808167160703165
757 2 2 2 1 0.46700000000000000000000000000000000000 19.308551895861661118942092588842360664
757 8 1 1 0 0.27700000000000000000000000000000000000 19.977240278538326407489658584427572904
757 20 0 0 0 0.017000000000000000000000000000000000000 21.151545418201704817411692017377190120
757 22 1 1 1 0.021000000000000000000000000000000000000 20.347392711829655310538870486896496400
757 36 1 1 0 0.44000000000000000000000000000000000000 20.924907834873295654507346246419492050
757 62 0 0 0 0.090000000000000000000000000000000000000 21.147167989864725654114257284566387685
757 68 1 1 1 0.082000000000000000000000000000000000000 20.961138916365733086641481004987655554
757 92 1 1 0 0.33400000000000000000000000000000000000 21.769769672323310798567459867609407966
757 94 0 0 0 0.017000000000000000000000000000000000000 21.776973255648087209874010269200620966
757 106 1 1 0 0.36400000000000000000000000000000000000 21.815179887393294970598013117875522900
757 112 1 1 1 0.025000000000000000000000000000000000000 19.365953609459691686735086142556374669
757 128 1 1 0 0.44000000000000000000000000000000000000 20.360800259413737031256238745852314679
757 142 0 0 0 0.019000000000000000000000000000000000000 20.656613847448597085072352914960029613
757 146 1 1 0 0.31100000000000000000000000000000000000 21.891621636794074085435260508843051499
757 148 2 2 2 0.031000000000000000000000000000000000000 21.893661453439936752313473591509935091
757 178 0 0 0 0.022000000000000000000000000000000000000 21.905286410478912651870694118116555129
757 202 0 0 0 0.089000000000000000000000000000000000000 21.887719724637477083221577345169769494
757 206 0 0 0 0.013000000000000000000000000000000000000 21.405064465976062357683110264032821786
757 212 0 0 0 0.070000000000000000000000000000000000000 21.872324736891055750193379919379884262
757 218 0 0 0 0.066000000000000000000000000000000000000 20.316393593436071636197749702466837449
757 232 0 0 0 0.018000000000000000000000000000000000000 20.823914589284425351041993567329100441
757 236 0 0 0 0.13400000000000000000000000000000000000 21.810855599789203278431471190754826702
757 244 2 2 2 0.023000000000000000000000000000000000000 20.826345364076325573601985581217618896
757 284 1 1 0 0.34000000000000000000000000000000000000 21.483903683388264140771243279809244996
757 288 1 1 0 0.38400000000000000000000000000000000000 20.047191963189042519594462253717519983
757 302 0 0 0 0.020000000000000000000000000000000000000 21.104914663207709553645531042383645638
757 328 1 1 1 0.10900000000000000000000000000000000000 20.937134831833753513828286286069849205
757 358 0 0 0 0.074000000000000000000000000000000000000 21.761808477062091954381023807679332594
757 398 0 0 0 0.077000000000000000000000000000000000000 22.077028179216506958030242488249221160
757 400 1 1 1 0.20300000000000000000000000000000000000 20.787667796185333639153953989337952788
757 412 0 2 0 0.49900000000000000000000000000000000000 22.153533731489465894744737716761452138
757 416 0 0 0 0.016000000000000000000000000000000000000 21.270290282059034062606413038124213598
757 428 0 0 0 0.074000000000000000000000000000000000000 22.228394853967137887657176030766748519
757 452 0 0 0 0.017000000000000000000000000000000000000 22.321502537133102292942618171200986276
757 478 1 1 0 0.25700000000000000000000000000000000000 21.925104148259513498225618544607238571
757 482 2 2 1 0.55200000000000000000000000000000000000 21.714097914369927756446366088053689973
757 484 1 1 0 0.39600000000000000000000000000000000000 21.376950612866277803069270478909892674
757 508 0 0 0 0.020000000000000000000000000000000000000 22.474464934867390551003578627724892991
757 538 1 1 0 0.42900000000000000000000000000000000000 22.527253379130108153921448735996440911
757 544 0 0 0 0.10000000000000000000000000000000000000 21.632504655497261129765611780653668915
757 548 0 0 0 0.021000000000000000000000000000000000000 22.063626160246022328065916740165761202
757 554 2 2 2 0.15700000000000000000000000000000000000 22.547861815962821599946883798539907581
757 592 2 2 2 0.035000000000000000000000000000000000000 21.973072768217615466182121770642379563
757 596 1 1 0 0.38500000000000000000000000000000000000 22.576102899072082335607385376374996668
757 608 0 0 0 0.083000000000000000000000000000000000000 21.673520981966126382691413585797361943
757 662 0 0 0 0.076000000000000000000000000000000000000 22.522669181122570189860193585654555748
757 674 0 2 0 0.50900000000000000000000000000000000000 21.538848653037524039718659925684069981
757 692 1 1 0 0.45300000000000000000000000000000000000 21.951972333516067554975741454147836272
757 704 0 0 0 0.016000000000000000000000000000000000000 21.163543513479036091718903966543019678
757 706 0 0 0 0.15000000000000000000000000000000000000 22.355424889159907811799023247138473320
757 716 0 0 0 0.10500000000000000000000000000000000000 22.282693239953243780949026310474125833
757 722 2 2 1 0.49100000000000000000000000000000000000 20.948236814159755273751415985488720790
757 746 1 1 0 0.41500000000000000000000000000000000000 21.297671458666911122130631059478458554
758 17 0 0 0 0.12100000000000000000000000000000000000 20.386602313543128504122737755265875545
758 19 1 1 0 0.32900000000000000000000000000000000000 19.771767123089789262208535056675945752
758 23 0 2 0 0.54400000000000000000000000000000000000 20.370478795833545079348567460612154940
758 37 0 0 0 0.021000000000000000000000000000000000000 21.417569144826618270911362522122110751
758 43 0 0 0 0.022000000000000000000000000000000000000 21.003138764609006932262925297101567672
758 47 1 1 1 0.023000000000000000000000000000000000000 21.039829055990610938254151025643844263
758 61 1 1 0 0.43000000000000000000000000000000000000 21.144848119796394146664116414766427475
758 71 1 1 0 0.31000000000000000000000000000000000000 21.680635220288596847269977276881620497
758 103 1 1 0 0.48900000000000000000000000000000000000 21.810570182508126761796697582129666564
758 107 0 2 0 0.49200000000000000000000000000000000000 21.822193234017559577742260603624171159
758 113 1 1 0 0.50900000000000000000000000000000000000 21.838067099847353429924345421812869721
758 131 0 2 0 0.49000000000000000000000000000000000000 21.875461935609183155921777990519955840
758 163 1 1 0 0.33800000000000000000000000000000000000 21.908430226589673461840038367128919422
758 173 0 0 0 0.019000000000000000000000000000000000000 20.588206835272782851308496886796467805
758 197 1 1 0 0.31100000000000000000000000000000000000 21.898386656806177995274790160660993637
758 199 0 0 0 0.018000000000000000000000000000000000000 21.896233935113025488577563879675636331
758 243 0 0 0 0.020000000000000000000000000000000000000 19.882098758681224474452773111808593452
758 257 0 0 0 0.019000000000000000000000000000000000000 21.723406666295817960555019510944193056
758 271 0 0 0 0.085000000000000000000000000000000000000 19.936957293274297339186133787665375465
758 277 0 0 0 0.021000000000000000000000000000000000000 21.095369770689215607169639433790227030
758 307 0 0 0 0.079000000000000000000000000000000000000 20.896343224638999820520936976988369169
758 313 1 1 0 0.17800000000000000000000000000000000000 19.572961775215558368851842272810910480
758 347 1 1 0 0.21400000000000000000000000000000000000 21.624201353525850852012136126416253768
758 373 0 0 0 0.080000000000000000000000000000000000000 21.903716949471146620337860083448177143
758 397 2 2 2 0.034000000000000000000000000000000000000 20.793787086836288744511390630206514322
758 401 1 1 1 0.10500000000000000000000000000000000000 22.095993807009384668932541773820154890
758 409 1 1 0 0.27100000000000000000000000000000000000 22.139859526168617904348284311283992556
758 439 0 0 0 0.084000000000000000000000000000000000000 21.798796444351890626129633289195073040
758 463 0 0 0 0.057000000000000000000000000000000000000 22.360586017699550151393729485616626133
758 503 1 1 0 0.23200000000000000000000000000000000000 22.466964704111530143663929529733415061
758 521 1 1 0 0.22700000000000000000000000000000000000 22.502972640701689371298834069465264302
758 523 1 1 0 0.46300000000000000000000000000000000000 22.506554369006260906959674301350577069
758 593 1 1 0 0.30700000000000000000000000000000000000 22.579782097981495804023125468080183032
758 599 0 0 0 0.082000000000000000000000000000000000000 21.735959660092157456298242603069942209
758 601 1 1 0 0.32200000000000000000000000000000000000 22.104164598074469582258873669026199259
758 607 1 1 0 0.32700000000000000000000000000000000000 22.581359203298547698111345955853521937
758 631 1 1 0 0.32500000000000000000000000000000000000 22.571606111898072321676285214438744624
758 653 2 2 1 0.38200000000000000000000000000000000000 22.545655582211240973185836036981071968
761 2 0 0 0 0.081000000000000000000000000000000000000 20.169671599268442902369526727475870525
761 16 1 1 0 0.38100000000000000000000000000000000000 20.469377248606949040577568287065714509
761 20 0 0 0 0.019000000000000000000000000000000000000 21.167589185776039260138845402812451249
761 22 1 1 1 0.13500000000000000000000000000000000000 20.254296718382175592474054024472722958
761 44 1 1 0 0.35400000000000000000000000000000000000 21.501866332232291848192105939867311213
761 46 1 1 1 0.10000000000000000000000000000000000000 21.520209724083623655736223178848106090
761 56 0 2 0 0.58600000000000000000000000000000000000 21.299130839945705657401358483415606445
761 58 1 1 0 0.39900000000000000000000000000000000000 21.137047982829963140991781648301180818
761 64 0 0 0 0.091000000000000000000000000000000000000 18.258498475832591768568370149191183942
761 94 1 1 0 0.30800000000000000000000000000000000000 21.316406226629788216157976811355855333
761 108 0 2 0 0.50500000000000000000000000000000000000 20.883273181115329466678187608645797510
761 124 0 0 0 0.086000000000000000000000000000000000000 21.030302885912896233704955346030400328
761 134 1 1 0 0.42400000000000000000000000000000000000 21.893207735557320955190279308577208618
761 152 1 1 1 0.33000000000000000000000000000000000000 21.613876396767261259204700202572167537
761 166 1 1 1 0.028000000000000000000000000000000000000 21.445856246844288399472813703283053283
761 196 0 0 0 0.085000000000000000000000000000000000000 21.068763912359487928089572103055366267
761 208 0 2 0 0.44100000000000000000000000000000000000 21.297068170259656345177027274276871592
761 226 2 2 1 0.37500000000000000000000000000000000000 21.862649076999395640550705102787940152
761 244 0 2 0 0.45500000000000000000000000000000000000 21.804153905458118354685929774629761682
761 254 1 1 0 0.23400000000000000000000000000000000000 20.644804482246570155010858231406363785
761 284 2 2 2 0.032000000000000000000000000000000000000 21.043971696904431188834638270736038392
761 296 1 1 0 0.38000000000000000000000000000000000000 21.028912759558225272350918897939279306
761 324 2 2 2 0.096000000000000000000000000000000000000 19.599360995299113983331280912205073687
761 334 0 0 0 0.042000000000000000000000000000000000000 21.373833394681263876626911499339448281
761 344 1 1 0 0.45200000000000000000000000000000000000 21.270374374262421072383999960006097528
761 358 1 1 0 0.32500000000000000000000000000000000000 21.759312794075358771157228170944397030
761 376 2 2 2 0.029000000000000000000000000000000000000 21.628871845575667470965780661046020892
761 392 1 1 0 0.35100000000000000000000000000000000000 20.422152465183913023171438405425570315
761 394 0 0 0 0.090000000000000000000000000000000000000 22.058186139026875512496569332767251207
761 404 1 1 0 0.44300000000000000000000000000000000000 22.117717602626335048157541404018662162
761 412 0 2 0 0.40800000000000000000000000000000000000 22.160752395167782045192177960202144376
761 416 0 0 0 0.085000000000000000000000000000000000000 21.277852078144166096347038989243715163
761 436 1 1 1 0.027000000000000000000000000000000000000 21.094646120907776305167947176754221710
761 446 1 1 0 0.30200000000000000000000000000000000000 21.832589005033932050705450899556592162
761 514 0 0 0 0.089000000000000000000000000000000000000 21.800526686478472858138919721282407658
761 526 0 0 0 0.078000000000000000000000000000000000000 22.044787848127576939753201021410188196
761 544 2 2 2 0.025000000000000000000000000000000000000 21.169809974689824212603082629419929253
761 548 0 0 0 0.016000000000000000000000000000000000000 22.555380038845389152271198622395576304
761 596 0 0 0 0.024000000000000000000000000000000000000 21.748588112836241535045487258669811799
761 604 0 0 0 0.020000000000000000000000000000000000000 22.595059703484693311648246403676921212
761 628 0 0 0 0.078000000000000000000000000000000000000 22.589082538189564573952225599516752886
761 656 0 0 0 0.021000000000000000000000000000000000000 21.956641760731630930712556607369685006
761 674 0 0 0 0.076000000000000000000000000000000000000 22.521054230694706391265670510012408972
761 698 2 2 1 0.55500000000000000000000000000000000000 21.959761449036628607249910125660349127
761 718 0 0 0 0.019000000000000000000000000000000000000 20.452197684459586355631556489325030165
763 4 1 1 0 0.34400000000000000000000000000000000000 20.478618204297917250022431638067617328
763 32 1 1 0 0.33500000000000000000000000000000000000 20.473330805723262946888185280192369162
764 1 1 1 0 0.32600000000000000000000000000000000000 19.403497051328167329286594396232037128
764 29 2 2 1 0.54200000000000000000000000000000000000 20.493527431246799143681645772807284598
764 41 2 2 2 0.11100000000000000000000000000000000000 21.484588493762905714365381918922037334
764 47 0 0 0 0.024000000000000000000000000000000000000 21.541105806396912625579840188122368824
764 49 1 1 0 0.40100000000000000000000000000000000000 20.713085796976382994711959333096468588
764 61 1 1 0 0.42800000000000000000000000000000000000 20.947286735179762090762408771029674336
764 71 0 2 0 0.50000000000000000000000000000000000000 21.227919437328708611852333356225807871
764 97 0 0 0 0.066000000000000000000000000000000000000 21.816285712757057492884929388478443732
764 101 1 1 0 0.34700000000000000000000000000000000000 21.829327232581512987402938337900992759
764 137 2 2 1 0.41300000000000000000000000000000000000 21.910615528295936592652935020730635079
764 149 0 0 0 0.020000000000000000000000000000000000000 21.925280696766809545685643116121321834
764 169 0 0 0 0.018000000000000000000000000000000000000 20.823306458748688237528292124797073790
764 179 2 2 2 0.030000000000000000000000000000000000000 21.460272683940332481141919070625659837
764 181 0 0 0 0.022000000000000000000000000000000000000 20.982701243137456845533266027593676425
764 193 1 1 0 0.34500000000000000000000000000000000000 21.930758169371799530804470857241490887
764 197 0 0 0 0.076000000000000000000000000000000000000 17.774142380566849581321291304360187712
764 211 0 0 0 0.025000000000000000000000000000000000000 21.210395849258161613562742878738087959
764 239 0 0 0 0.020000000000000000000000000000000000000 21.141060677558909778485734884280953085
764 251 1 1 0 0.37000000000000000000000000000000000000 20.837603172176930293373868008221369975
764 271 0 2 0 0.38200000000000000000000000000000000000 21.194557892940404519295384766507591810
764 281 1 1 0 0.34900000000000000000000000000000000000 21.581409099322088182870458827974862816
764 349 1 1 1 0.092000000000000000000000000000000000000 21.640886307639655018916947469712840862
764 353 1 1 0 0.23100000000000000000000000000000000000 21.695767838631602801682017445125951015
764 379 0 0 0 0.019000000000000000000000000000000000000 21.478526486825487218518499583564487771
764 409 0 0 0 0.062000000000000000000000000000000000000 19.167376581087575278452303300507921801
764 419 1 1 0 0.33600000000000000000000000000000000000 21.087320742208345877504408203162819927
764 457 1 1 1 0.046000000000000000000000000000000000000 20.666100932212436381201035698879032354
764 463 0 0 0 0.071000000000000000000000000000000000000 22.376279524455433449093903149160784746
764 479 0 0 0 0.016000000000000000000000000000000000000 22.424709007771493050652355002064913923
764 491 0 0 0 0.075000000000000000000000000000000000000 22.456786285759424321034922629449563139
764 509 1 1 0 0.34500000000000000000000000000000000000 22.498705458313959388990917612839153013
764 547 1 1 0 0.44400000000000000000000000000000000000 22.564859450776114008631571459748101200
764 557 1 1 0 0.30000000000000000000000000000000000000 22.100310558820445633710852460239061673
764 569 1 1 0 0.39500000000000000000000000000000000000 22.589847055947032313267183274440108028
764 599 1 1 0 0.32600000000000000000000000000000000000 22.607524766729339606210140653475963479
764 601 1 1 0 0.36900000000000000000000000000000000000 22.607981380442508713857450318761683947
764 613 1 1 1 0.091000000000000000000000000000000000000 19.487096027911040711169773491078744130
764 631 1 1 0 0.35600000000000000000000000000000000000 22.125315786637677629793105160319797237
764 743 2 2 1 0.42100000000000000000000000000000000000 22.063271466393145758782957955242289303
766 1 0 0 0 0.014000000000000000000000000000000000000 19.411444955888658385304740387607493467
766 11 1 1 0 0.39300000000000000000000000000000000000 20.929336836268785391466485952524452334
766 25 1 1 1 0.030000000000000000000000000000000000000 20.584294529288055248567037003679992644
766 29 0 0 0 0.095000000000000000000000000000000000000 21.346596357271761908876075036322217040
766 47 0 0 0 0.091000000000000000000000000000000000000 20.704016801580532662628180926864838640
766 53 1 1 1 0.031000000000000000000000000000000000000 21.120994788471680893848361908414415213
766 59 2 2 1 0.54300000000000000000000000000000000000 20.942144202306999959865120877237217837
766 101 1 1 0 0.26100000000000000000000000000000000000 20.607130078304629791026144056532939420
766 103 1 1 1 0.021000000000000000000000000000000000000 21.843772447701228406720254749706543825
766 131 0 0 0 0.022000000000000000000000000000000000000 20.237503135454216655630629038014727087
766 137 0 0 0 0.085000000000000000000000000000000000000 21.919173276954870722788196505245176193
766 139 2 2 2 0.037000000000000000000000000000000000000 21.922037807391319712857768391366593317
766 151 1 1 0 0.36600000000000000000000000000000000000 21.935896332345713462446252404912174758
766 157 2 2 1 0.50600000000000000000000000000000000000 21.940726431865733899201406485450816181
766 169 0 2 0 0.53600000000000000000000000000000000000 20.832292726282911519910245962672101025
766 191 1 1 0 0.34300000000000000000000000000000000000 21.242663334058394168450252440372575269
766 239 0 0 0 0.086000000000000000000000000000000000000 21.851259392678036861435134869979875991
766 241 0 0 0 0.084000000000000000000000000000000000000 21.145316200145082008653713119793818211
766 269 1 1 0 0.31100000000000000000000000000000000000 21.223793808940668144402501595144926673
766 271 1 1 1 0.032000000000000000000000000000000000000 21.209065922094374175696031424911234950
766 293 1 1 1 0.026000000000000000000000000000000000000 21.443710059939735783757973424848721483
766 311 0 2 0 0.50500000000000000000000000000000000000 19.653929059070674654054632808517869872
766 317 0 0 0 0.018000000000000000000000000000000000000 18.274493776979969721519006957232225180
766 367 1 1 0 0.26100000000000000000000000000000000000 21.851329721950078828040112075097778527
766 389 2 2 2 0.035000000000000000000000000000000000000 22.031001890318921593067046261472291045
766 409 2 2 2 0.39500000000000000000000000000000000000 21.454423360820100378726900472874953261
766 431 0 2 0 0.41200000000000000000000000000000000000 21.783324083443473959829159275857493230
766 443 1 1 0 0.41700000000000000000000000000000000000 21.464832587660935303179879977510512243
766 463 1 1 0 0.30600000000000000000000000000000000000 22.381420703546416020814531697829567620
766 479 1 1 0 0.37800000000000000000000000000000000000 22.430247182269322088899223397211799034
766 499 0 0 0 0.081000000000000000000000000000000000000 22.482306449675024363671927667385904975
766 521 1 1 1 0.037000000000000000000000000000000000000 21.207065516573294949420615173309603565
766 523 1 1 0 0.30200000000000000000000000000000000000 20.624568120912863881629179642854392330
766 529 1 1 0 0.31700000000000000000000000000000000000 21.182141924866168631677989498051428420
766 557 2 2 2 0.026000000000000000000000000000000000000 20.785471088070782060601215634181764909
766 571 0 0 0 0.016000000000000000000000000000000000000 22.599391753768647394640449847409607493
766 599 1 1 0 0.32900000000000000000000000000000000000 22.616184854839488399641155552386947393
767 8 1 1 1 0.017000000000000000000000000000000000000 19.795296720501877454813991029180928750
767 32 2 2 1 0.65000000000000000000000000000000000000 19.644184667308112402411821299098805804
767 256 1 1 1 0.021000000000000000000000000000000000000 19.979866860374329572908334141632311671
768 31 1 1 1 0.15500000000000000000000000000000000000 19.576706792676571047764773153861648517
768 37 0 0 0 0.079000000000000000000000000000000000000 19.651422909523933053212398720094515265
768 103 0 0 0 0.018000000000000000000000000000000000000 20.045834271218295242879073611342389597
768 131 0 0 0 0.013000000000000000000000000000000000000 19.266793546997132572424317931417306234
768 229 1 1 0 0.37400000000000000000000000000000000000 19.240805635111736686575941639599172755
768 233 2 2 2 0.024000000000000000000000000000000000000 20.074910037302877996785083976791330802
768 239 1 1 0 0.31500000000000000000000000000000000000 18.694513535205891797895666688304663713
768 311 1 1 0 0.24800000000000000000000000000000000000 19.138696687033198038957250515924520389
768 313 1 1 0 0.35000000000000000000000000000000000000 18.998291261355782730113527791142180195
768 317 0 2 0 0.60800000000000000000000000000000000000 18.342729919105002434404596602715491879
768 467 0 0 0 0.070000000000000000000000000000000000000 20.593293037291085460308440572453615968
768 499 0 0 0 0.015000000000000000000000000000000000000 20.682084346895412687650581541075775612
768 641 1 1 0 0.51900000000000000000000000000000000000 20.809634720876067014371817461397578311
768 661 0 0 0 0.016000000000000000000000000000000000000 20.785990769195979732423576996018235277
768 719 1 1 0 0.19800000000000000000000000000000000000 19.736634815588996708161758831621861911
769 10 1 1 0 0.35100000000000000000000000000000000000 20.899940086704883646374366040727057659
769 34 1 1 0 0.42700000000000000000000000000000000000 20.580863249903298792434977843696161623
769 52 1 1 0 0.34600000000000000000000000000000000000 21.602395324083783434254565536443152895
769 56 1 1 1 0.024000000000000000000000000000000000000 20.632302769937933114199832766455942062
769 64 0 0 0 0.092000000000000000000000000000000000000 19.635985179685897563781298801792671036
769 68 1 1 0 0.33100000000000000000000000000000000000 20.754470846174264703360583059325862127
769 76 0 0 0 0.090000000000000000000000000000000000000 20.159757083194491488511011616974733953
769 104 0 0 0 0.10800000000000000000000000000000000000 21.080999665824830246634794387899331827
769 106 0 0 0 0.080000000000000000000000000000000000000 20.467099083635591569326444574408278218
769 122 1 1 1 0.23300000000000000000000000000000000000 20.473604035194133654332267334445845531
769 124 0 0 0 0.073000000000000000000000000000000000000 21.909121541382390237092116867599942871
769 134 1 1 0 0.31800000000000000000000000000000000000 21.927313365431097981713071096004476877
769 146 1 1 0 0.28400000000000000000000000000000000000 21.943747356133763806229008283642824613
769 166 0 0 0 0.092000000000000000000000000000000000000 21.481606864133691071105255430418082553
769 172 0 0 0 0.075000000000000000000000000000000000000 21.960242044687210493491427219171331847
769 188 1 1 0 0.43300000000000000000000000000000000000 21.957386349559620799226339821917529527
769 218 1 1 0 0.36000000000000000000000000000000000000 21.922086685130032444053941074958152355
769 232 1 1 0 0.40100000000000000000000000000000000000 21.588280285700763484929059895539632117
769 236 2 2 1 0.76600000000000000000000000000000000000 21.877568774096583544874760407665186397
769 254 1 1 0 0.53300000000000000000000000000000000000 21.808172362831169087332665494219466157
769 274 0 0 0 0.026000000000000000000000000000000000000 21.207620319877294144729602769282381274
769 296 0 2 0 0.60900000000000000000000000000000000000 21.124899119366551724292199823548960378
769 304 0 0 0 0.088000000000000000000000000000000000000 20.645795941632435065427669940872808032
769 314 1 1 0 0.24200000000000000000000000000000000000 19.477713253358281397103031050833684760
769 316 0 0 0 0.070000000000000000000000000000000000000 20.506359645731853470421322242396883286
769 344 0 0 0 0.016000000000000000000000000000000000000 20.545801014357710574339689723873743067
769 362 2 2 1 0.38500000000000000000000000000000000000 21.798266752593317435572344267549600085
769 386 0 0 0 0.079000000000000000000000000000000000000 22.012485535095968725886341665982016481
769 404 0 0 0 0.074000000000000000000000000000000000000 21.284774604391648474222387218538795118
769 428 0 0 0 0.073000000000000000000000000000000000000 21.776095338143626204532507613929371317
769 458 1 1 0 0.40300000000000000000000000000000000000 22.372139942784726105360818875816763740
769 466 0 0 0 0.052000000000000000000000000000000000000 22.398846343884986604491203749926629809
769 484 1 1 1 0.064000000000000000000000000000000000000 21.411161189623135266493025076638617068
769 496 2 2 2 0.036000000000000000000000000000000000000 21.881846204912288146359105596927423173
769 562 0 2 0 0.53500000000000000000000000000000000000 20.041727468799669497932504802287635754
769 566 0 0 0 0.016000000000000000000000000000000000000 22.605962301423602352631695996208037847
769 584 1 1 0 0.44900000000000000000000000000000000000 22.320377851509464400127539333346495520
769 596 0 2 0 0.45700000000000000000000000000000000000 22.627902733202753857858561786497610675
769 626 1 1 0 0.45600000000000000000000000000000000000 22.152264786101192834463564439056215672
769 674 1 1 0 0.36700000000000000000000000000000000000 21.729018335119645007480781446788422670
769 692 0 0 0 0.10100000000000000000000000000000000000 22.525388700258899038485410886688243647
769 694 1 1 0 0.35500000000000000000000000000000000000 20.589160183735910913893766174660503437
769 712 1 1 0 0.36000000000000000000000000000000000000 22.139060313362170885963322913923084218
769 736 1 1 1 0.031000000000000000000000000000000000000 21.351566084757790310844522380804917397
772 1 1 1 0 0.32800000000000000000000000000000000000 19.912286005753721189622329341284603746
772 5 1 1 0 0.45000000000000000000000000000000000000 20.611133574870592494252137448966326447
772 7 0 0 0 0.018000000000000000000000000000000000000 20.280017895948898391042021149564076062
772 13 1 1 1 0.018000000000000000000000000000000000000 21.025371793247192256888534717433156998
772 23 0 2 0 0.47200000000000000000000000000000000000 21.271314552771103215407638752803819470
772 31 1 1 1 0.13200000000000000000000000000000000000 21.398730942776125450672446537640120654
772 47 1 1 1 0.017000000000000000000000000000000000000 20.396923891469071063257525047678109850
772 79 1 1 1 0.018000000000000000000000000000000000000 21.300094075786483041672902739389115456
772 83 0 0 0 0.017000000000000000000000000000000000000 20.472947403419037690468011212584111411
772 107 1 1 0 0.39900000000000000000000000000000000000 21.880246849423150837675436055630114912
772 121 1 1 1 0.12100000000000000000000000000000000000 20.873936007115303064306403651051845890
772 127 0 2 0 0.53400000000000000000000000000000000000 21.927607878749195158887507875681821715
772 163 1 1 1 0.072000000000000000000000000000000000000 21.970668980381494841275577466005681223
772 181 0 2 0 0.39300000000000000000000000000000000000 21.128464160188306561681130313700207502
772 197 1 1 0 0.46300000000000000000000000000000000000 21.266383813924186640920109595658259610
772 229 1 1 0 0.32500000000000000000000000000000000000 21.913184913042755236455402878761450798
772 233 1 1 0 0.38500000000000000000000000000000000000 21.057475561746153889068264918613861421
772 307 1 1 0 0.32400000000000000000000000000000000000 21.206438404467428358044539572676647122
772 313 0 0 0 0.017000000000000000000000000000000000000 19.985513467426466545085108723891373990
772 317 0 0 0 0.015000000000000000000000000000000000000 19.039122970038972130848279766212394489
772 343 1 1 1 0.022000000000000000000000000000000000000 19.824599767291218282525562459991997003
772 359 1 1 1 0.022000000000000000000000000000000000000 21.760771458599968584938482061464598242
772 373 0 0 0 0.077000000000000000000000000000000000000 21.907831806308244369674062430108444371
772 383 1 1 0 0.47100000000000000000000000000000000000 21.992083739643433795396680985596184100
772 401 1 1 0 0.29200000000000000000000000000000000000 22.116104689128044581764637389481900514
772 419 1 1 0 0.30400000000000000000000000000000000000 22.215891442958023144028501104679965152
772 449 0 0 0 0.098000000000000000000000000000000000000 22.346723286773281357552237843630369670
772 463 0 0 0 0.021000000000000000000000000000000000000 22.396576500193884634991281698907628004
772 467 1 1 0 0.28700000000000000000000000000000000000 22.409738298016197396591393524371998714
772 499 1 1 0 0.34700000000000000000000000000000000000 22.500045598179950164959375810218915547
772 521 1 1 0 0.24500000000000000000000000000000000000 22.548512077088804170440975600140941357
772 523 1 1 0 0.37300000000000000000000000000000000000 22.552416645812036374456954899732091269
772 541 1 1 0 0.45500000000000000000000000000000000000 22.583947573864011051403511934240345197
772 563 1 1 0 0.44800000000000000000000000000000000000 22.613814845631958361540410694304141424
772 577 1 1 0 0.35600000000000000000000000000000000000 22.627838175105721284803382499024980421
772 593 1 1 0 0.44600000000000000000000000000000000000 21.147585471963795971604004787116853772
772 599 1 1 0 0.33600000000000000000000000000000000000 22.641700361976617638816901961636652351
772 607 2 2 1 0.56200000000000000000000000000000000000 22.644112597703675437038730223641892411
772 653 0 0 0 0.087000000000000000000000000000000000000 21.926550814705049047723874457451357992
772 677 0 0 0 0.018000000000000000000000000000000000000 22.109720805801964117335443894249945558
772 691 0 0 0 0.017000000000000000000000000000000000000 21.119290423602540803555844651287800164
772 719 1 1 0 0.41500000000000000000000000000000000000 22.429615897591396345163384162930560991
772 733 0 0 0 0.10000000000000000000000000000000000000 21.096176321780541505445465379545105393
773 4 3 3 2 0.61100000000000000000000000000000000000 20.518205044092113803767263519111546630
773 8 0 0 0 0.022000000000000000000000000000000000000 20.040839496946677343745323613967083004
773 24 0 2 0 0.44100000000000000000000000000000000000 20.992470091737373615847016369369301094
773 32 0 0 0 0.023000000000000000000000000000000000000 20.513054159276594853328865886806571292
773 52 0 0 0 0.019000000000000000000000000000000000000 20.919344238909952673283585565171775877
773 54 1 1 0 0.32800000000000000000000000000000000000 20.679357493855681518233966133963407065
773 58 0 0 0 0.091000000000000000000000000000000000000 21.662293200330699774646661646463290847
773 88 0 2 0 0.53600000000000000000000000000000000000 21.518936802469426671721660573562454701
773 122 0 0 0 0.017000000000000000000000000000000000000 21.921645066790222129723560197898184857
773 124 0 0 0 0.021000000000000000000000000000000000000 21.080735313518524651091454672653986167
773 128 0 2 0 0.73300000000000000000000000000000000000 20.428539945836767006356691284866014464
773 134 0 0 0 0.11500000000000000000000000000000000000 21.467090930524993016914538913927562551
773 158 0 0 0 0.029000000000000000000000000000000000000 21.126933530988709011014460081449669098
773 162 0 0 0 0.028000000000000000000000000000000000000 20.543165444204189583580437579021392941
773 178 0 0 0 0.092000000000000000000000000000000000000 21.978460806667414653073462596609705484
773 184 1 1 1 0.034000000000000000000000000000000000000 21.676359981084493314744317485410417962
773 212 0 2 0 0.50600000000000000000000000000000000000 21.952393461707129668589021001857682354
773 214 0 0 0 0.12400000000000000000000000000000000000 21.949218926762595073157082990441623470
773 236 0 0 0 0.090000000000000000000000000000000000000 21.899302128987312421309619832514196289
773 242 0 0 0 0.081000000000000000000000000000000000000 20.361572566549636580365265524305335721
773 262 0 0 0 0.017000000000000000000000000000000000000 21.314844760416680877077894866227408749
773 272 2 2 2 0.080000000000000000000000000000000000000 21.126586989383303166860154048940568497
773 274 1 1 0 0.29600000000000000000000000000000000000 21.713836871997513141483345883399049947
773 292 0 0 0 0.022000000000000000000000000000000000000 21.530106775244075835841372556953074517
773 298 0 2 0 0.29100000000000000000000000000000000000 20.259670405751840564370507372525883825
773 332 1 1 1 0.24300000000000000000000000000000000000 19.888541448305231211261630194546189922
773 338 1 1 1 0.028000000000000000000000000000000000000 20.282835522268877440528473352277565821
773 358 2 2 2 0.55200000000000000000000000000000000000 21.747159445498746396742284530616155150
773 382 1 1 0 0.42500000000000000000000000000000000000 21.984824769328852288423525799232866747
773 388 1 1 1 0.12800000000000000000000000000000000000 21.076211446930946393182773189256469467
773 394 0 0 0 0.015000000000000000000000000000000000000 22.072407533795205163688375988802638950
773 416 0 0 0 0.096000000000000000000000000000000000000 21.299190441094202703703152732624617744
773 448 0 0 0 0.021000000000000000000000000000000000000 20.442110286019468453112126363017898139
773 464 1 1 0 0.33300000000000000000000000000000000000 20.110153917338594851515035088724426464
773 472 0 2 0 0.55300000000000000000000000000000000000 22.127134140472754548711471757111886993
773 488 2 2 2 0.12700000000000000000000000000000000000 20.943136787890873120778572648326157437
773 500 0 0 0 0.084000000000000000000000000000000000000 21.107463609468427618606343940706882081
773 508 1 1 0 0.29900000000000000000000000000000000000 22.524136657536818297503849684352870372
773 514 2 2 2 0.040000000000000000000000000000000000000 22.060163728297916640164535705722713774
773 536 0 0 0 0.086000000000000000000000000000000000000 22.278137944068333309179077631025311014
773 538 0 0 0 0.085000000000000000000000000000000000000 21.737397403631363338987148256543947037
773 542 0 0 0 0.076000000000000000000000000000000000000 22.588914431866931919654817876361812100
773 576 2 2 1 0.50200000000000000000000000000000000000 20.949561689002965426655247242861713622
773 578 0 0 0 0.085000000000000000000000000000000000000 21.402103237642016955200087150786706075
773 592 3 3 3 0.032000000000000000000000000000000000000 22.040424579271325984850318101731236484
773 634 0 0 0 0.070000000000000000000000000000000000000 22.645501161375390898278127799902033337
773 662 1 1 0 0.42700000000000000000000000000000000000 22.619668228630435023723352058681794917
773 668 0 0 0 0.068000000000000000000000000000000000000 20.149429583441969110365764341007078080
773 716 1 1 0 0.36200000000000000000000000000000000000 22.456516401233826165265045881093006868
773 718 0 0 0 0.084000000000000000000000000000000000000 22.445405385190842466485273336861076701
773 722 1 1 1 0.087000000000000000000000000000000000000 21.142606749546975813396517871693977473
773 766 0 0 0 0.091000000000000000000000000000000000000 20.219191740264749029830764658941297433
775 16 0 0 0 0.017000000000000000000000000000000000000 19.825874782829387165847665330732628858
776 1 1 1 1 0.10700000000000000000000000000000000000 18.927997004662504104053343430907167299
776 7 1 1 0 0.38900000000000000000000000000000000000 19.517580163181787555171670097307964552
776 17 0 0 0 0.083000000000000000000000000000000000000 20.855960220226317946400712749118559283
776 27 2 2 2 0.052000000000000000000000000000000000000 20.100401794969020419291085765785161175
776 29 0 0 0 0.017000000000000000000000000000000000000 20.607988142878304407461832867053458972
776 41 1 1 1 0.10900000000000000000000000000000000000 20.386111552940463529043261068061592676
776 61 1 1 1 0.091000000000000000000000000000000000000 20.438976880214223790983517877577540634
776 71 0 0 0 0.017000000000000000000000000000000000000 20.410838284106072550092330734198669340
776 79 1 1 1 0.022000000000000000000000000000000000000 21.015120500841579310186616580099361318
776 109 0 0 0 0.023000000000000000000000000000000000000 21.601217039494030740296397202018037467
776 113 1 1 0 0.53700000000000000000000000000000000000 21.611866547975660086566098068163753088
776 121 2 2 2 0.025000000000000000000000000000000000000 19.744395893666175867200933138218191493
776 125 3 3 3 0.037000000000000000000000000000000000000 20.241374886307448971441448091551178601
776 127 1 1 1 0.022000000000000000000000000000000000000 21.643269364496640135577717541466354247
776 137 1 1 1 0.028000000000000000000000000000000000000 19.493226392914135458476760966962714282
776 139 0 0 0 0.020000000000000000000000000000000000000 20.818415402841404060154054677734929348
776 149 2 2 2 0.031000000000000000000000000000000000000 19.746604175282849247446949225950698959
776 163 0 0 0 0.10700000000000000000000000000000000000 21.687157514015744635735412001641542899
776 167 0 0 0 0.027000000000000000000000000000000000000 21.688990217902873513894323369568424693
776 181 0 0 0 0.081000000000000000000000000000000000000 21.690645511060447266859639831370121141
776 193 0 0 0 0.020000000000000000000000000000000000000 21.685983971342351609055011730487329498
776 211 0 0 0 0.097000000000000000000000000000000000000 21.667528620399856787239042314326650288
776 227 0 2 0 0.51800000000000000000000000000000000000 21.160660670968184622919301124960308280
776 239 0 0 0 0.017000000000000000000000000000000000000 21.605393490080194083763628948869033800
776 251 2 2 2 0.029000000000000000000000000000000000000 20.863121623911789499440326276705877393
776 269 0 0 0 0.053000000000000000000000000000000000000 20.354707980090249921314824511425652122
776 281 0 2 0 0.46400000000000000000000000000000000000 20.900066762328027151422698505769499976
776 293 1 1 0 0.33200000000000000000000000000000000000 21.244358848357202937559006784390701564
776 379 1 1 0 0.30400000000000000000000000000000000000 21.660503054572033829133985921524099067
776 383 1 1 0 0.35300000000000000000000000000000000000 21.693418576623986938833992511296824163
776 419 1 1 0 0.37800000000000000000000000000000000000 21.921842023833291404505298341399757629
776 421 0 2 0 0.56600000000000000000000000000000000000 21.454840023586253186335794580287844618
776 431 0 2 0 0.42600000000000000000000000000000000000 21.134524154953322884492119056709736377
776 487 0 0 0 0.073000000000000000000000000000000000000 20.948696543928917146450367904145934789
776 491 1 1 0 0.37500000000000000000000000000000000000 22.190009701221486628904299085254169227
776 529 1 1 1 0.028000000000000000000000000000000000000 19.591610127878911567585952068631071327
776 631 0 0 0 0.018000000000000000000000000000000000000 22.360066066257128837637759799251907377
776 643 0 0 0 0.028000000000000000000000000000000000000 22.354234844945776796659294937821690661
776 659 0 0 0 0.026000000000000000000000000000000000000 21.862294111400343859013981829957798886
776 683 1 1 0 0.31200000000000000000000000000000000000 22.298210571796380039232111320698213232
776 719 0 0 0 0.016000000000000000000000000000000000000 22.167747819566944027769652194283275243
778 1 2 2 1 0.52600000000000000000000000000000000000 19.935822160705951567035882887115006614
778 13 1 1 0 0.36300000000000000000000000000000000000 20.571799878960659711418125796910328639
778 31 2 2 1 0.50900000000000000000000000000000000000 20.945221690059214093045273856452357988
778 37 3 3 3 0.033000000000000000000000000000000000000 21.497113838729823694013703551751024981
778 41 0 0 0 0.023000000000000000000000000000000000000 21.062987656550741445140730674167116349
778 47 2 2 2 0.028000000000000000000000000000000000000 20.897757602588367268041625158406360327
778 73 0 0 0 0.085000000000000000000000000000000000000 21.771775388887172434878780364200928214
778 83 0 2 0 0.46200000000000000000000000000000000000 21.819275821045832519032123592192146062
778 101 1 1 0 0.20000000000000000000000000000000000000 21.886606086690263904084965424891002680
778 107 1 1 0 0.40700000000000000000000000000000000000 21.904776177371778162272586435214446094
778 113 2 2 1 0.48200000000000000000000000000000000000 20.489728720312422627476269188094198074
778 127 0 0 0 0.017000000000000000000000000000000000000 21.952608489784729946849609611953903971
778 157 0 0 0 0.072000000000000000000000000000000000000 21.038707867250988806037951600909480561
778 167 0 0 0 0.022000000000000000000000000000000000000 21.044552725329410731170539863351249683
778 179 0 0 0 0.014000000000000000000000000000000000000 21.155772297585493787544643001171737954
778 197 1 1 0 0.36700000000000000000000000000000000000 21.294522424066584476626339688832846839
778 223 1 1 0 0.37400000000000000000000000000000000000 21.957695021558781769154980613308577538
778 227 1 1 0 0.34000000000000000000000000000000000000 21.949092112099681350475380473437212472
778 293 2 2 1 0.32300000000000000000000000000000000000 21.087342894487018410722672014678091844
778 307 0 0 0 0.067000000000000000000000000000000000000 21.303619688500737357090508911694673297
778 343 1 1 1 0.14400000000000000000000000000000000000 19.795760619450102104040528925258018884
778 349 2 2 1 0.47900000000000000000000000000000000000 20.758390554025978892342468700974563655
778 353 1 1 0 0.17100000000000000000000000000000000000 20.969698825303244362355068171076167792
778 379 1 1 0 0.26300000000000000000000000000000000000 21.962134117024782832439665186700590484
778 401 1 1 0 0.35200000000000000000000000000000000000 21.646576729086164237161781304045492974
778 409 0 2 0 0.31700000000000000000000000000000000000 20.849643385704498510306427899356405395
778 419 1 1 1 0.13800000000000000000000000000000000000 20.518707840010018479990337430173367085
778 421 2 2 2 0.17700000000000000000000000000000000000 22.236484258563405026205593456173474096
778 433 2 2 2 0.20300000000000000000000000000000000000 22.293601809016022439179804966044268174
778 443 1 1 0 0.36900000000000000000000000000000000000 22.336433047213265489869929388638148287
778 457 1 1 0 0.41900000000000000000000000000000000000 22.390229511628082701562398076944611092
778 463 1 1 0 0.30900000000000000000000000000000000000 21.934212344398633183051666733176609366
778 487 1 1 0 0.49400000000000000000000000000000000000 22.485639364175576256130075368162507794
778 491 1 1 0 0.25100000000000000000000000000000000000 21.542352999042785170338030323748033148
778 503 0 0 0 0.089000000000000000000000000000000000000 21.828268655479625416353300220946073138
778 547 0 2 0 0.50800000000000000000000000000000000000 21.914647755066151828558895759190777174
778 557 0 2 0 0.53000000000000000000000000000000000000 22.627917944752786087948596418613699647
778 587 0 0 0 0.076000000000000000000000000000000000000 22.659139000930110132957499380055696547
778 613 0 0 0 0.15200000000000000000000000000000000000 22.671258076134937107234212877510116757
778 617 1 1 0 0.37900000000000000000000000000000000000 22.194659839131543880456752721530842311
778 647 0 0 0 0.018000000000000000000000000000000000000 21.963602658651730098494253408422792527
778 701 1 1 0 0.42400000000000000000000000000000000000 22.562821543951896471574598798939236761
778 709 1 1 0 0.39000000000000000000000000000000000000 22.533294629069918573190858636798451641
778 727 0 0 0 0.078000000000000000000000000000000000000 22.441674632549906147569279620861508685
779 2 2 2 2 0.023000000000000000000000000000000000000 19.010293243397099666996279898458264119
779 16 1 1 0 0.24400000000000000000000000000000000000 20.540508374106997345563801943814381810
779 64 0 0 0 0.020000000000000000000000000000000000000 20.520917290978338455143190950239862821
779 512 0 0 0 0.083000000000000000000000000000000000000 20.443917733577646595401007697436694003
781 4 0 0 0 0.027000000000000000000000000000000000000 20.549507483161963872780510373997395508
781 256 2 2 2 0.025000000000000000000000000000000000000 19.365784804238328057111150251052330332
783 64 0 0 0 0.013000000000000000000000000000000000000 18.541068642254370346553662945050587872
784 19 0 0 0 0.022000000000000000000000000000000000000 19.311868640506679221533343419731391202
784 71 0 0 0 0.017000000000000000000000000000000000000 19.860701260503572031508568016725452630
784 113 1 1 1 0.17200000000000000000000000000000000000 20.498383809677658725282713492899691970
784 121 1 1 1 0.039000000000000000000000000000000000000 19.476256370113997060092593381062357420
784 127 1 1 0 0.32700000000000000000000000000000000000 20.053111970116587161310328302522226162
784 139 1 1 0 0.47900000000000000000000000000000000000 20.550930414535343271011210658691772122
784 151 0 0 0 0.020000000000000000000000000000000000000 20.566012060404002019693711507960049105
784 173 1 1 1 0.026000000000000000000000000000000000000 20.579782770995044089883523649810799109
784 223 0 0 0 0.027000000000000000000000000000000000000 20.540621542443550095982783691147396317
784 227 1 1 0 0.36200000000000000000000000000000000000 20.532476412614499806120255060254803248
784 239 3 3 3 0.044000000000000000000000000000000000000 20.502283502070622572577166302934258751
784 251 1 1 1 0.032000000000000000000000000000000000000 19.984778499959782732491605489685060529
784 289 0 0 0 0.088000000000000000000000000000000000000 18.509782310871182785685179802405236431
784 311 1 1 0 0.33700000000000000000000000000000000000 19.836837864896312676376494709113995329
784 331 1 1 0 0.27600000000000000000000000000000000000 19.523093522341483361006304804283416119
784 347 1 1 1 0.028000000000000000000000000000000000000 20.094398842347273359819466753882896631
784 349 1 1 0 0.28300000000000000000000000000000000000 20.134157541357337590440305805290643333
784 383 0 0 0 0.020000000000000000000000000000000000000 20.550789223187930146744852971815074662
784 389 1 1 1 0.12200000000000000000000000000000000000 20.598872942778265964853093532731350405
784 461 0 2 0 0.42700000000000000000000000000000000000 20.971463358831043900092058395996032485
784 467 0 0 0 0.088000000000000000000000000000000000000 20.515203193446168731949281884873224003
784 529 1 1 1 0.029000000000000000000000000000000000000 19.793024985787363396785186004432521523
784 569 1 1 1 0.11300000000000000000000000000000000000 21.217082277918980314052129991052946357
784 587 0 0 0 0.022000000000000000000000000000000000000 21.235133432869359135527527491016692973
784 619 1 1 1 0.056000000000000000000000000000000000000 21.250997639907528860546049017077747392
784 641 1 1 1 0.16300000000000000000000000000000000000 20.549346236405672520353885569011659799
784 757 0 0 0 0.10200000000000000000000000000000000000 19.838497734807731755567811653222864513
784 773 0 0 0 0.093000000000000000000000000000000000000 19.957831953164148510396097479112220657
785 8 2 2 2 0.12600000000000000000000000000000000000 20.564801775662326924380821978080402138
787 8 1 1 0 0.48900000000000000000000000000000000000 20.572538908503861554576412499098372282
787 14 1 1 0 0.33700000000000000000000000000000000000 20.638837119045635240320232144224849070
787 28 0 0 0 0.021000000000000000000000000000000000000 21.414090802976932609666927629270110488
787 32 1 1 0 0.48300000000000000000000000000000000000 20.090684842288948252175214816832644359
787 38 0 0 0 0.12300000000000000000000000000000000000 20.844477429703650096088583714343945143
787 46 1 1 0 0.74200000000000000000000000000000000000 20.777977044534780717182307093147187311
787 48 1 1 0 0.41600000000000000000000000000000000000 21.038558930657049994544363796584637754
787 56 0 0 0 0.036000000000000000000000000000000000000 21.402360007448473281751096396107641114
787 74 1 1 1 0.17600000000000000000000000000000000000 21.812532093201569568138884206029611111
787 82 0 2 0 0.63700000000000000000000000000000000000 21.005570970126650076963749324324857263
787 98 0 2 0 0.51400000000000000000000000000000000000 21.067839062992883876335624249177919418
787 116 2 2 2 0.032000000000000000000000000000000000000 21.965291062388814706627489257933270500
787 122 1 1 0 0.44300000000000000000000000000000000000 21.502140388167699721444099041157963672
787 134 0 0 0 0.022000000000000000000000000000000000000 22.002572006029454842004834555785473151
787 136 1 1 1 0.074000000000000000000000000000000000000 21.704856945595252619728401425710367649
787 148 1 1 0 0.43500000000000000000000000000000000000 21.545406919336650405303247461226107436
787 158 2 2 2 0.073000000000000000000000000000000000000 21.078035022933219367366949330856863370
787 172 1 1 0 0.30600000000000000000000000000000000000 22.039792619598072731948260362030943148
787 178 1 1 0 0.33500000000000000000000000000000000000 22.040820995888389954376361032279037782
787 184 1 1 0 0.33200000000000000000000000000000000000 21.262360489104729456974997795638141691
787 192 0 0 0 0.020000000000000000000000000000000000000 20.833846498689636093163300329592453578
787 202 1 1 1 0.026000000000000000000000000000000000000 21.554086341838694323379184136044862253
787 214 0 2 0 0.46200000000000000000000000000000000000 20.655722055641215440024791860080957915
787 236 0 0 0 0.081000000000000000000000000000000000000 21.973532932259168327403751444735890478
787 248 1 1 1 0.026000000000000000000000000000000000000 20.313632495857063877807200805381427382
787 256 1 1 0 0.41400000000000000000000000000000000000 19.622730609868558075495255559489129611
787 292 0 0 0 0.025000000000000000000000000000000000000 21.180232732473513659901869986204965445
787 298 1 1 1 0.092000000000000000000000000000000000000 21.582700139591421028775878344342402667
787 332 0 0 0 0.025000000000000000000000000000000000000 20.964332796634042241025302916469123932
787 352 0 0 0 0.097000000000000000000000000000000000000 20.722169824513907212446091310182865672
787 358 1 1 0 0.30300000000000000000000000000000000000 21.722278454258697391690423262066214434
787 368 0 0 0 0.091000000000000000000000000000000000000 21.249167797967847070094339549104047762
787 388 1 1 0 0.34400000000000000000000000000000000000 21.340997358423186523189996462401532273
787 394 0 2 0 0.34300000000000000000000000000000000000 22.085417082664125180833907949601755553
787 422 0 0 0 0.14700000000000000000000000000000000000 22.256734047746714502784112939088742651
787 448 1 1 0 0.41700000000000000000000000000000000000 21.171769940874540465574550780449346635
787 452 1 1 0 0.47800000000000000000000000000000000000 22.391788782447040260824270143243306409
787 458 0 2 0 0.50500000000000000000000000000000000000 22.414605862286280616502105105922485319
787 478 1 1 1 0.14900000000000000000000000000000000000 22.482658190995601533163256862955945325
787 488 1 1 1 0.15700000000000000000000000000000000000 21.512577456735129624495363624267059848
787 500 0 0 0 0.11400000000000000000000000000000000000 20.670203089934588308035827602735487180
787 508 1 1 0 0.44100000000000000000000000000000000000 22.088113444106305559190778357157964929
787 524 0 2 0 0.47500000000000000000000000000000000000 22.601086168277035678509474277151022075
787 556 1 1 0 0.34800000000000000000000000000000000000 22.657544048600829608574648169741766311
787 566 0 2 0 0.62900000000000000000000000000000000000 21.826089629018339506395473054405173825
787 578 2 2 2 0.037000000000000000000000000000000000000 21.454614613375326065940347781512397492
787 592 0 0 0 0.10400000000000000000000000000000000000 22.095694526793615052247961742526173613
787 632 1 1 0 0.53400000000000000000000000000000000000 22.410622096246499819301608319582646740
787 668 0 0 0 0.10300000000000000000000000000000000000 22.689753706716927492311231372199696722
787 676 1 1 1 0.035000000000000000000000000000000000000 21.565182382377058711948949743880996431
787 692 0 0 0 0.13000000000000000000000000000000000000 22.649676648587639051381198111166225695
787 706 1 1 0 0.23200000000000000000000000000000000000 21.181375201174528213313559208819942567
787 718 1 1 1 0.50800000000000000000000000000000000000 22.570030664318372475940641053259957040
787 724 0 0 0 0.015000000000000000000000000000000000000 22.066612573510549805977785635349738857
788 1 0 0 0 0.019000000000000000000000000000000000000 19.974648630872756396605248406087007856
788 7 1 1 0 0.45800000000000000000000000000000000000 20.819511621784460851777114764907341089
788 11 1 1 0 0.34500000000000000000000000000000000000 21.015453522790154074526358190089985833
788 17 2 2 2 0.030000000000000000000000000000000000000 21.203685892358384759420094239520819229
788 27 0 0 0 0.019000000000000000000000000000000000000 20.448195169630366864701130326731472882
788 29 0 0 0 0.024000000000000000000000000000000000000 21.432920084126845927074888656539226401
788 47 1 1 1 0.036000000000000000000000000000000000000 21.635838904110523570535236245789197818
788 67 0 0 0 0.085000000000000000000000000000000000000 21.301221066559461922898482890482696631
788 73 0 0 0 0.18500000000000000000000000000000000000 21.811307606138101935582355090450438334
788 83 1 1 1 0.23700000000000000000000000000000000000 21.859027154662380200357289975390046335
788 109 0 0 0 0.086000000000000000000000000000000000000 21.950909504351518480397427407043763385
788 125 2 2 2 0.046000000000000000000000000000000000000 20.591797198196858841152409531274126167
788 137 0 0 0 0.094000000000000000000000000000000000000 21.312652106630784719662546263697245057
788 181 1 1 0 0.31700000000000000000000000000000000000 22.045257828451558604895629131308969977
788 193 0 0 0 0.022000000000000000000000000000000000000 21.564887970701335226663552270171699837
788 199 0 0 0 0.10400000000000000000000000000000000000 22.038267961751884041656046096995386715
788 227 0 0 0 0.094000000000000000000000000000000000000 21.999753895513689706037665023951532015
788 257 1 1 0 0.40400000000000000000000000000000000000 21.430451531452510673113943086487956590
788 277 0 2 0 0.41700000000000000000000000000000000000 21.797378820599483869823113589877073240
788 283 0 2 0 0.59000000000000000000000000000000000000 21.274522716812151060644247021919899000
788 293 1 1 0 0.35600000000000000000000000000000000000 21.177572874413939646540099045221793362
788 307 0 0 0 0.099000000000000000000000000000000000000 20.595726238871789871392509263244095388
788 311 1 1 0 0.39300000000000000000000000000000000000 20.869431895086653036880835523495207513
788 317 1 1 1 0.031000000000000000000000000000000000000 21.140935610160960635183368267577691437
788 343 0 0 0 0.025000000000000000000000000000000000000 19.732454731236206900545449177108870782
788 353 1 1 0 0.40200000000000000000000000000000000000 21.639435766532449602084184137003465371
788 359 1 1 0 0.40100000000000000000000000000000000000 21.734625456889174311704732312680975842
788 367 1 1 0 0.29200000000000000000000000000000000000 21.838666068231450901856492080528292578
788 389 2 2 2 0.033000000000000000000000000000000000000 22.048371408098916388925203656821557675
788 397 1 1 0 0.27300000000000000000000000000000000000 21.262531983581938332579466214911473453
788 431 0 0 0 0.019000000000000000000000000000000000000 22.303221454886352814139176959492728491
788 433 1 1 0 0.41800000000000000000000000000000000000 22.312656376673958100142469551074493804
788 487 1 1 0 0.44100000000000000000000000000000000000 21.813349135809992176046703960417229730
788 521 0 2 0 0.54000000000000000000000000000000000000 22.597760351921099186505937417969453172
788 523 0 0 0 0.088000000000000000000000000000000000000 22.602015495678227887405063364339085229
788 557 0 0 0 0.21300000000000000000000000000000000000 22.662382714927289355884313362079331767
788 571 0 0 0 0.11100000000000000000000000000000000000 22.203735466106109848668778420787916681
788 577 0 0 0 0.18700000000000000000000000000000000000 22.687641642456709994471995080459496507
788 647 1 1 0 0.56300000000000000000000000000000000000 22.711946369319825705445789628362640134
788 701 1 1 0 0.34600000000000000000000000000000000000 21.403715071513050264381002358033113937
789 32 0 0 0 0.021000000000000000000000000000000000000 20.575547653453289674782115711667391965
789 256 1 1 1 0.034000000000000000000000000000000000000 20.111392328366781999537117671248932869
791 32 1 1 0 0.55300000000000000000000000000000000000 20.583269480492941062248000922763476539
793 2 2 2 2 0.052000000000000000000000000000000000000 20.294892973609791579594959688561347050
793 128 0 0 0 0.027000000000000000000000000000000000000 20.511002344901196140969868482782228372
794 1 0 0 0 0.021000000000000000000000000000000000000 19.997708699149565654015999886380146043
794 11 2 2 2 0.052000000000000000000000000000000000000 20.084279935873453071893836624222922722
794 31 0 0 0 0.030000000000000000000000000000000000000 20.785453355367652516339343925949459955
794 53 1 1 0 0.52100000000000000000000000000000000000 20.666897783759099009394764985573878243
794 79 0 0 0 0.028000000000000000000000000000000000000 21.387350249467875303705864696129424497
794 83 1 1 0 0.33300000000000000000000000000000000000 21.405503533438224952972177473205159360
794 101 0 0 0 0.027000000000000000000000000000000000000 21.473601596318986393901404322623545348
794 109 1 1 0 0.45500000000000000000000000000000000000 21.974938534351719255682035426563716789
794 131 1 1 1 0.12100000000000000000000000000000000000 21.326970276915426585914201985044819113
794 149 1 1 0 0.50700000000000000000000000000000000000 22.052928833742841125635018613757814501
794 179 0 0 0 0.094000000000000000000000000000000000000 20.841097008690624200411990978511795861
794 199 1 1 0 0.30100000000000000000000000000000000000 22.065696894130649646986484312243822923
794 211 1 1 1 0.036000000000000000000000000000000000000 22.054568103863929117294985114913339336
794 229 0 0 0 0.039000000000000000000000000000000000000 22.025547502671440899709484775614589848
794 233 1 1 1 0.17200000000000000000000000000000000000 20.326612697375871063914855616748946949
794 241 1 1 0 0.30200000000000000000000000000000000000 21.519329773195830635516127854707223624
794 251 1 1 1 0.10100000000000000000000000000000000000 21.964861163601942032502136679252562788
794 277 0 0 0 0.089000000000000000000000000000000000000 21.360893738364415876635749303872917579
794 311 1 1 0 0.25900000000000000000000000000000000000 21.431072845199396157418824831010362005
794 343 1 1 1 0.025000000000000000000000000000000000000 18.320116021874087846976110574345186272
794 361 0 2 0 0.44800000000000000000000000000000000000 20.471600842260388917944609225492440959
794 379 0 2 0 0.49600000000000000000000000000000000000 21.962575951706188275466452448156936384
794 409 0 0 0 0.061000000000000000000000000000000000000 22.192896672036907581658744484736082262
794 449 0 0 0 0.10000000000000000000000000000000000000 20.704327831836639007096443538431039124
794 463 0 0 0 0.032000000000000000000000000000000000000 22.448759011717926877356551661675381700
794 479 1 1 1 0.13600000000000000000000000000000000000 22.026106415466173505462417868451848603
794 521 0 2 0 0.46200000000000000000000000000000000000 22.615500208400812141829539182090318374
794 541 1 1 0 0.42100000000000000000000000000000000000 22.655765877015774235003583718286406934
794 563 1 1 1 0.14600000000000000000000000000000000000 22.691241651807507556101876097927008761
794 571 2 2 1 0.63700000000000000000000000000000000000 22.701910630551001013462319057156998930
794 593 0 0 0 0.11500000000000000000000000000000000000 22.725091236670740395671685508173977304
794 599 0 2 0 0.54800000000000000000000000000000000000 22.729813851308173199627157352461857599
794 641 1 1 0 0.35600000000000000000000000000000000000 22.264797797489139853595760622287882890
794 661 0 2 0 0.53500000000000000000000000000000000000 22.732793046048256569578505901526449881
794 683 1 1 0 0.46000000000000000000000000000000000000 22.708418830935945913690239849324508770
794 701 1 1 0 0.48200000000000000000000000000000000000 22.673941514616391542650781024265111054
794 739 1 1 0 0.51800000000000000000000000000000000000 22.530082018794556927060977818974862705
796 19 2 2 1 0.67400000000000000000000000000000000000 21.282380545087979266032965390784260921
796 29 1 1 1 0.13800000000000000000000000000000000000 20.764740934300461327538852190604139290
796 37 1 1 0 0.24200000000000000000000000000000000000 20.721860988682728070110548819219029610
796 59 1 1 1 0.049000000000000000000000000000000000000 20.437058226190950956944564032858746851
796 89 0 0 0 0.048000000000000000000000000000000000000 21.915499579881022135112171413666142096
796 101 0 0 0 0.12600000000000000000000000000000000000 21.958639628654142586564462118356491091
796 103 1 1 0 0.38300000000000000000000000000000000000 21.487899335442104705616955109430558322
796 107 0 0 0 0.088000000000000000000000000000000000000 21.977147455749970345250822465536209525
796 131 0 0 0 0.019000000000000000000000000000000000000 21.556949025344561318807782482719974143
796 139 1 1 1 0.026000000000000000000000000000000000000 21.570543479515801696351462567292586865
796 169 1 1 0 0.36500000000000000000000000000000000000 20.963532214428632264717180018816781610
796 173 1 1 0 0.39700000000000000000000000000000000000 22.079013279164584089407755029090197291
796 191 0 0 0 0.030000000000000000000000000000000000000 21.037381828913262381819630737791132588
796 211 0 0 0 0.092000000000000000000000000000000000000 20.741711130126868163869732618837563890
796 241 2 2 1 0.50500000000000000000000000000000000000 22.006875424495011740320592592314549650
796 243 0 0 0 0.097000000000000000000000000000000000000 20.092749236480691362672186644783248034
796 269 1 1 0 0.48300000000000000000000000000000000000 21.898087188282608751423858646268122625
796 271 0 0 0 0.022000000000000000000000000000000000000 21.188269290285827719011940178364237904
796 277 1 1 0 0.20800000000000000000000000000000000000 21.851298999613724520469496948499831978
796 289 1 1 0 0.31000000000000000000000000000000000000 19.415502680903433126907900140037825641
796 331 0 0 0 0.089000000000000000000000000000000000000 19.477543998535326013585347682535745841
796 359 0 2 0 0.40200000000000000000000000000000000000 21.714690302304164441071426284722198183
796 361 0 0 0 0.094000000000000000000000000000000000000 20.466882472784771719785739474364062398
796 389 0 0 0 0.096000000000000000000000000000000000000 22.051861034453034903755161432108401497
796 401 1 1 1 0.047000000000000000000000000000000000000 20.303664578128431058431604263207881000
796 439 0 0 0 0.11500000000000000000000000000000000000 22.355112863775335839915340705691246597
796 491 1 1 1 0.046000000000000000000000000000000000000 19.606671044494078094854230951740477448
796 499 1 1 1 0.050000000000000000000000000000000000000 21.612854138845735331950545053875228727
796 509 0 0 0 0.032000000000000000000000000000000000000 22.115920396006018853278909235607276709
796 541 0 0 0 0.18200000000000000000000000000000000000 22.662015885952952857716454879963016546
796 569 1 1 0 0.28000000000000000000000000000000000000 22.706222494385538587858756684416041641
796 587 0 0 0 0.10900000000000000000000000000000000000 22.726979030950719758248251602692554668
796 601 0 0 0 0.10600000000000000000000000000000000000 22.738908992023072191658362631838311531
796 613 1 1 0 0.48900000000000000000000000000000000000 22.746084412732785700944371238310850568
796 653 1 1 1 0.051000000000000000000000000000000000000 22.270186190934559451302834223078392266
796 709 0 0 0 0.21700000000000000000000000000000000000 22.666879885674614978689468575302753296
796 719 0 0 0 0.031000000000000000000000000000000000000 22.636324906557446654776447916161445241
796 743 0 0 0 0.10700000000000000000000000000000000000 21.094816299597261113124525641296754956
796 751 0 2 0 0.60700000000000000000000000000000000000 21.994795687301292847176987963631364145
797 2 1 1 0 0.40700000000000000000000000000000000000 20.310189105779337375089809293804136971
797 6 0 2 0 0.59000000000000000000000000000000000000 20.787157186847135065686921086593313434
797 8 0 0 0 0.098000000000000000000000000000000000000 20.610931869181914535581769977374569654
797 20 0 0 0 0.018000000000000000000000000000000000000 21.308290859590127801913198111548595347
797 22 1 1 1 0.11500000000000000000000000000000000000 20.173188863899071119359893951190539207
797 38 0 0 0 0.028000000000000000000000000000000000000 21.582011360418750129335310715376774523
797 46 1 1 0 0.37400000000000000000000000000000000000 21.661723654653928783155268548476556124
797 82 1 1 0 0.49700000000000000000000000000000000000 21.889924116068834647799482653465006302
797 92 1 1 0 0.43100000000000000000000000000000000000 21.931036260169116714650469574477042085
797 100 0 0 0 0.095000000000000000000000000000000000000 21.260344703394679172754549477595013627
797 104 2 2 1 0.54900000000000000000000000000000000000 21.193938576733302190106522677611586255
797 118 2 2 1 0.42100000000000000000000000000000000000 22.010433490516385561771844273153132534
797 134 3 3 3 0.048000000000000000000000000000000000000 21.198432883143065574362222553485374979
797 136 1 1 0 0.42000000000000000000000000000000000000 21.745907279899332938012447949735270353
797 146 1 3 0 0.59800000000000000000000000000000000000 22.061678420418482492421753642303539358
797 148 1 1 1 0.031000000000000000000000000000000000000 21.109936556954278189382792363920585777
797 152 2 2 2 0.033000000000000000000000000000000000000 21.767712397847997665772838781963641023
797 160 1 1 1 0.031000000000000000000000000000000000000 20.327952257547264255680168043442044043
797 162 0 0 0 0.018000000000000000000000000000000000000 20.646269255109329315224391170089379492
797 166 0 0 0 0.088000000000000000000000000000000000000 20.757973386503244296641359963620666951
797 176 1 1 1 0.12300000000000000000000000000000000000 20.527804698658352071235321499964724345
797 188 1 1 0 0.43100000000000000000000000000000000000 22.084059290696212884704613740610238314
797 202 3 3 3 0.069000000000000000000000000000000000000 21.122935608745004309526344900050653746
797 208 3 3 2 0.76200000000000000000000000000000000000 21.469777820030451816312331509190344532
797 218 0 0 0 0.074000000000000000000000000000000000000 22.059483588947814804927815020101274818
797 248 1 1 1 0.047000000000000000000000000000000000000 19.982677674881974011057207040978658654
797 302 0 0 0 0.10000000000000000000000000000000000000 21.146499510259619780999920657079308649
797 314 0 0 0 0.096000000000000000000000000000000000000 21.400323051039447303303602639522777737
797 316 0 0 0 0.091000000000000000000000000000000000000 21.345755013902306298205507562447204913
797 358 1 1 0 0.43100000000000000000000000000000000000 21.695359443478792509457596226978675870
797 362 0 2 0 0.47400000000000000000000000000000000000 20.913021822989848857010494196957363525
797 368 0 2 0 0.55500000000000000000000000000000000000 21.237534680597648662793483121729818726
797 398 0 2 0 0.47100000000000000000000000000000000000 22.122026578084185418652734630770869196
797 412 0 0 0 0.030000000000000000000000000000000000000 22.214911090967352526780361452317157567
797 416 0 2 0 0.50900000000000000000000000000000000000 21.335559340916993546543452932431751426
797 478 0 0 0 0.027000000000000000000000000000000000000 21.808355666330421535274773446031377495
797 484 1 1 0 0.29600000000000000000000000000000000000 21.484907043403379619652792170766370320
797 512 0 0 0 0.17200000000000000000000000000000000000 20.495990651553773152759349832567520966
797 514 1 1 0 0.27200000000000000000000000000000000000 22.608019231522264152630696016647166474
797 538 4 4 3 0.86500000000000000000000000000000000000 22.659485123150036920267434845388021427
797 542 1 1 1 0.074000000000000000000000000000000000000 22.666965823138500161903797823499602436
797 566 0 0 0 0.11200000000000000000000000000000000000 22.705561223728438175390474843937085538
797 568 1 1 0 0.29700000000000000000000000000000000000 22.407267210001786143683578254274546503
797 576 0 2 0 0.55400000000000000000000000000000000000 19.365166356653194798107149767036238268
797 586 0 0 0 0.10100000000000000000000000000000000000 22.729602872473358731547392714590243041
797 604 1 1 0 0.37400000000000000000000000000000000000 22.744829703485229066573870751830002320
797 622 1 1 1 0.044000000000000000000000000000000000000 22.054690721513089523925558320978512669
797 652 1 1 0 0.39900000000000000000000000000000000000 22.275340512397102339081119462244097816
797 698 0 0 0 0.11900000000000000000000000000000000000 22.222372449587003935228135031647436825
799 4 0 0 0 0.092000000000000000000000000000000000000 20.618781254192525810931480988644115633
799 512 2 2 2 0.042000000000000000000000000000000000000 20.501565831200136489735210367125650858
800 19 2 2 2 0.032000000000000000000000000000000000000 19.218455060269376607860651699588363636
800 97 2 2 2 0.039000000000000000000000000000000000000 19.128428586796351019054208564269894822
800 103 1 1 1 0.12900000000000000000000000000000000000 20.378753506769060240015962524271310424
800 149 0 0 0 0.16700000000000000000000000000000000000 20.475704367534417303103873334355219141
800 173 1 1 1 0.032000000000000000000000000000000000000 20.494084462879857791475454240683702542
800 331 1 1 1 0.030000000000000000000000000000000000000 18.193547245975025986832473375714568548
800 373 1 1 0 0.36800000000000000000000000000000000000 20.293856826676396029206557433040637211
800 397 0 2 0 0.49700000000000000000000000000000000000 20.037500277981020600111621428895276560
800 409 2 2 2 0.040000000000000000000000000000000000000 20.597605648712027336175536837488369319
800 443 2 2 2 0.032000000000000000000000000000000000000 20.778529392872174643407328788017439459
800 509 3 3 3 0.038000000000000000000000000000000000000 21.002004307263876942682021564616531149
802 3 1 1 1 0.10300000000000000000000000000000000000 20.505269297649060813209098490936641044
802 17 0 0 0 0.097000000000000000000000000000000000000 20.780150772549791952131709886498924942
802 23 0 0 0 0.032000000000000000000000000000000000000 20.688442973373635580513839852560759914
802 43 1 1 0 0.42200000000000000000000000000000000000 20.538913010107494687223978848858824299
802 53 2 2 2 0.24700000000000000000000000000000000000 21.261921244106605951322173509905788912
802 67 1 1 0 0.34600000000000000000000000000000000000 20.987570091858115966400050240479397106
802 97 2 2 2 0.11600000000000000000000000000000000000 21.968768613923382670320227635116642132
802 113 0 0 0 0.027000000000000000000000000000000000000 21.172576993793161461704717454310079381
802 137 1 1 0 0.47700000000000000000000000000000000000 22.068908033027854716693019281355537644
802 149 0 0 0 0.025000000000000000000000000000000000000 21.240895566595017757728274660612421384
802 157 1 1 0 0.31200000000000000000000000000000000000 22.094475632535348651745804115544990819
802 167 1 1 0 0.49000000000000000000000000000000000000 22.101897613188021654528336586332179915
802 173 0 0 0 0.024000000000000000000000000000000000000 21.405698556954254506057268015079154341
802 193 1 1 0 0.43800000000000000000000000000000000000 22.104666501368533216214962613676662961
802 199 1 1 1 0.034000000000000000000000000000000000000 21.624674980463783435269182227147021653
802 241 1 1 0 0.34100000000000000000000000000000000000 22.037824554238883258241272812803277502
802 243 0 0 0 0.097000000000000000000000000000000000000 19.278880372028756227301440195930600803
802 263 0 0 0 0.087000000000000000000000000000000000000 21.117516658462865531461493954990274327
802 269 1 1 0 0.34400000000000000000000000000000000000 21.457457992264181110738388147897203812
802 277 0 0 0 0.10200000000000000000000000000000000000 21.191446723736246369798349988725209613
802 283 0 0 0 0.11100000000000000000000000000000000000 21.851023950434911781503821531063816659
802 331 0 2 0 0.35700000000000000000000000000000000000 20.311805390535489512968831846762892385
802 337 1 1 0 0.34800000000000000000000000000000000000 20.922153153530808922893308152388712674
802 347 0 2 0 0.43500000000000000000000000000000000000 21.423807594833586961923280817063807403
802 353 1 1 0 0.54400000000000000000000000000000000000 21.578861912371737458286432206151462729
802 367 0 2 0 0.54000000000000000000000000000000000000 21.818313056866897302635848724160659191
802 373 1 1 1 0.038000000000000000000000000000000000000 21.194833834368009710599658246190264687
802 409 0 2 0 0.48800000000000000000000000000000000000 22.201780130951310145337955537846731661
802 433 1 1 0 0.34800000000000000000000000000000000000 21.860060685716356945650632934219745952
802 449 1 1 0 0.43100000000000000000000000000000000000 21.933402672342594652521884147194353599
802 463 1 1 0 0.35900000000000000000000000000000000000 22.466429527301698681370920985333556779
802 479 0 0 0 0.17100000000000000000000000000000000000 22.522559204583313948885028173219924633
802 503 0 0 0 0.025000000000000000000000000000000000000 22.116706480388512484402232847843794293
802 547 1 1 0 0.45100000000000000000000000000000000000 22.691583011883192163073551914984664000
802 563 1 1 0 0.34600000000000000000000000000000000000 22.717874660139801576721317453308087438
802 593 2 2 2 0.064000000000000000000000000000000000000 22.277465879070342852747271168164295305
802 617 1 1 0 0.42800000000000000000000000000000000000 21.280515570279766229158522161870460809
802 631 1 1 0 0.34100000000000000000000000000000000000 22.299528976160642395535223797807850296
802 641 0 2 0 0.56800000000000000000000000000000000000 22.777459289510295904769879129415349562
802 647 1 1 1 0.025000000000000000000000000000000000000 22.299712251204399532102065967151034508
802 661 1 1 0 0.25700000000000000000000000000000000000 22.771861760578127001298688992019833836
802 683 2 2 2 0.14300000000000000000000000000000000000 21.798396439310564923577217195234822358
802 709 1 1 0 0.33100000000000000000000000000000000000 22.706557092068138317352743589062239482
802 787 0 2 0 0.43300000000000000000000000000000000000 22.078537595781159690641822308711774176
803 2 0 0 0 0.086000000000000000000000000000000000000 19.855868703260332177232092416767532418
803 256 2 2 1 0.43900000000000000000000000000000000000 20.190106699789526555264723684371090381
804 1 1 1 0 0.42700000000000000000000000000000000000 20.035757642608155219211617059206031376
806 1 1 1 0 0.34900000000000000000000000000000000000 20.043310617315549762696269318789561378
807 128 1 1 0 0.45500000000000000000000000000000000000 20.567337538813223054911052643263900990
808 17 0 0 0 0.12500000000000000000000000000000000000 20.279951230795948097575429258529509916
808 19 0 0 0 0.051000000000000000000000000000000000000 20.181791769803250539414840426501400191
808 29 0 0 0 0.022000000000000000000000000000000000000 19.408948192347149275637956966405974402
808 43 2 2 1 0.49000000000000000000000000000000000000 20.897495242597944003554244734957849594
808 49 1 1 1 0.099000000000000000000000000000000000000 20.583633068307166634926604575130083022
808 53 0 0 0 0.017000000000000000000000000000000000000 21.460872260521604187523238672603341617
808 67 1 1 1 0.024000000000000000000000000000000000000 20.156682328548566631359271416732376587
808 127 1 1 1 0.025000000000000000000000000000000000000 20.928294662766423177616329645180219659
808 137 1 1 1 0.16100000000000000000000000000000000000 20.837834796060962239588627411124318789
808 149 0 0 0 0.015000000000000000000000000000000000000 21.809505812862345903754839007750008295
808 157 1 1 0 0.45700000000000000000000000000000000000 21.818247263419985476783070591938981658
808 179 1 1 0 0.38200000000000000000000000000000000000 21.830815930449633367223134276545429854
808 181 2 2 2 0.031000000000000000000000000000000000000 21.831126938078940204332418827618490600
808 193 1 1 1 0.023000000000000000000000000000000000000 21.830016595231655738439454527045742815
808 197 0 2 0 0.53400000000000000000000000000000000000 21.828486123515332366125370690867945293
808 199 0 0 0 0.023000000000000000000000000000000000000 19.840725175830937549034655227193310307
808 227 1 1 0 0.48800000000000000000000000000000000000 21.319471132742335483653842049088547750
808 257 1 1 1 0.023000000000000000000000000000000000000 21.718980184056531522884345828121396221
808 263 1 1 0 0.32800000000000000000000000000000000000 21.218676498617934466051892800938112437
808 277 1 1 1 0.018000000000000000000000000000000000000 21.150348536213428484071873956876918205
808 313 0 0 0 0.017000000000000000000000000000000000000 19.939447511540822210549963630095342142
808 347 1 1 0 0.29800000000000000000000000000000000000 21.062406552549724978323410037775866701
808 353 1 1 0 0.28500000000000000000000000000000000000 20.287847897763067852112697884019190478
808 401 1 1 1 0.018000000000000000000000000000000000000 21.850445131799688364996522520289760698
808 431 1 1 0 0.30500000000000000000000000000000000000 22.035624796664464378743872514414197448
808 457 3 3 3 0.032000000000000000000000000000000000000 21.200314642637233642689287603789253107
808 463 0 0 0 0.020000000000000000000000000000000000000 22.178198481325550105789332444565865752
808 467 0 0 0 0.017000000000000000000000000000000000000 21.494318072004985230385867915721336353
808 479 0 0 0 0.097000000000000000000000000000000000000 21.758473576598447335433031470452298077
808 487 2 2 1 0.55500000000000000000000000000000000000 22.261529188367704012809217687754347636
808 491 0 0 0 0.069000000000000000000000000000000000000 22.273865889835504428655231990064886552
808 503 0 2 0 0.57500000000000000000000000000000000000 22.308519028144533881811904316974527691
808 557 1 1 0 0.46500000000000000000000000000000000000 22.426631206281309034031682870852132907
808 577 1 1 1 0.071000000000000000000000000000000000000 22.456424517160804538548399679622152547
808 587 1 1 1 0.022000000000000000000000000000000000000 21.991512398629863132260923673827381139
808 599 1 1 0 0.63500000000000000000000000000000000000 22.480903093788088435363613305039882791
808 613 0 0 0 0.085000000000000000000000000000000000000 21.646761901563933182436017498208418988
808 647 0 0 0 0.10500000000000000000000000000000000000 22.502268870768989286090130078045270339
808 739 1 1 0 0.36100000000000000000000000000000000000 22.353023170662031810196332531556888699
808 743 1 1 0 0.42100000000000000000000000000000000000 22.335653052162204676143757044292840395
808 751 1 1 0 0.34300000000000000000000000000000000000 22.295540167378590381022610170490016633
808 773 0 2 0 0.48000000000000000000000000000000000000 22.128919439357771715696133411603918728
808 787 0 0 0 0.019000000000000000000000000000000000000 21.934836917380567414176164272062502171
809 4 0 0 0 0.018000000000000000000000000000000000000 20.656595322477449072482375737672304826
809 10 0 0 0 0.019000000000000000000000000000000000000 20.577023723807706727557406638987691356
809 16 1 1 0 0.43800000000000000000000000000000000000 19.956509359201635697542621321577057316
809 28 0 2 0 0.36900000000000000000000000000000000000 20.543872545313903759416261097294792025
809 46 1 1 0 0.41500000000000000000000000000000000000 21.230336990650699807178590121348479462
809 88 1 1 0 0.31600000000000000000000000000000000000 21.660977119579002395009001284825995625
809 94 1 1 0 0.44600000000000000000000000000000000000 21.985233703337105402293253941541191486
809 104 0 0 0 0.021000000000000000000000000000000000000 21.718156879382147070320068234289227244
809 106 0 2 0 0.44200000000000000000000000000000000000 22.025326719386702164975562744530309843
809 116 0 0 0 0.088000000000000000000000000000000000000 20.876985541446431262705257033882236515
809 146 1 1 0 0.36200000000000000000000000000000000000 22.110726003853331188255515936934513409
809 160 1 1 0 0.42200000000000000000000000000000000000 21.223015955526989691252165305319029843
809 164 1 1 0 0.42800000000000000000000000000000000000 22.129243760486413473927612373088140934
809 194 0 0 0 0.029000000000000000000000000000000000000 22.135098541097486336393445020447254434
809 206 0 2 0 0.46900000000000000000000000000000000000 21.651236474216380630429666298708602111
809 214 0 0 0 0.088000000000000000000000000000000000000 22.120718064680711410770937797974387517
809 226 0 2 0 0.42700000000000000000000000000000000000 20.781869846527956925545818712804354060
809 232 0 2 0 0.37900000000000000000000000000000000000 21.792192124653522453822828700078511731
809 236 0 0 0 0.022000000000000000000000000000000000000 22.084941575298436965039977755094548648
809 248 2 2 2 0.030000000000000000000000000000000000000 21.753521291312097106446847754802536497
809 256 1 1 1 0.028000000000000000000000000000000000000 20.222805307820404563213845840103285583
809 296 1 1 0 0.53500000000000000000000000000000000000 20.540034751032261886323546432647926331
809 304 1 1 0 0.36200000000000000000000000000000000000 21.106627116257787130882226338822151698
809 326 1 1 0 0.29100000000000000000000000000000000000 21.207505313692920892093759274341969115
809 346 1 1 0 0.29500000000000000000000000000000000000 21.312443320565382629951471874778859759
809 424 1 1 0 0.39800000000000000000000000000000000000 21.522245754456778176102298980546058885
809 428 0 0 0 0.12300000000000000000000000000000000000 22.322334562204245826394982160043377272
809 452 1 1 0 0.37300000000000000000000000000000000000 22.436830757902268193011798046790181832
809 464 1 1 0 0.43000000000000000000000000000000000000 21.883099435230194457640559802576621221
809 486 1 1 0 0.34300000000000000000000000000000000000 19.161957291046005238754146608528440133
809 500 1 1 1 0.028000000000000000000000000000000000000 21.205818553334182301983173696227051207
809 524 1 1 0 0.37700000000000000000000000000000000000 22.665208271892380443998981279737001384
809 536 1 1 0 0.43000000000000000000000000000000000000 22.390430496520261639032248039097534747
809 544 1 1 1 0.025000000000000000000000000000000000000 21.804326933067584725507843534919656547
809 548 1 1 0 0.40200000000000000000000000000000000000 22.237823329244964382087045982195406938
809 554 1 1 0 0.45600000000000000000000000000000000000 22.725682354863857022762722600149920122
809 556 1 1 0 0.54400000000000000000000000000000000000 22.729115334248543710788736837752026099
809 578 1 1 1 0.026000000000000000000000000000000000000 21.531676340466705188860304522256354767
809 622 0 0 0 0.021000000000000000000000000000000000000 21.847640982185539886797494451013018429
809 626 1 1 0 0.35200000000000000000000000000000000000 22.803680648882820927693914905665640798
809 632 1 1 0 0.39200000000000000000000000000000000000 22.504738111696017242720508320208896580
809 634 1 1 0 0.38000000000000000000000000000000000000 22.107328227694063461139305072282389643
809 652 1 1 0 0.40500000000000000000000000000000000000 22.807134984904155195051694264801043188
809 674 0 0 0 0.020000000000000000000000000000000000000 21.843198136159609089441691789153264364
809 676 1 1 0 0.50500000000000000000000000000000000000 20.727710992982087996678364513468034844
809 686 1 1 1 0.15500000000000000000000000000000000000 21.096111622327479003801994085749701225
809 704 2 2 2 0.055000000000000000000000000000000000000 21.555970842108433647092942175425825853
809 724 1 1 0 0.46900000000000000000000000000000000000 22.713645131305066833115255352181895522
811 6 0 0 0 0.11700000000000000000000000000000000000 20.840100815323799930822461569073293209
811 8 1 1 0 0.51400000000000000000000000000000000000 20.186758833145277562182486490881064308
811 12 0 0 0 0.069000000000000000000000000000000000000 21.140631280854208280374028666720087426
811 34 1 1 0 0.35400000000000000000000000000000000000 20.474284749620718037335001043255107484
811 44 1 1 0 0.49700000000000000000000000000000000000 21.219432399769183320777816661527763877
811 74 1 1 0 0.45700000000000000000000000000000000000 21.905492930862192211393892744257805836
811 86 1 1 1 0.022000000000000000000000000000000000000 21.262455177394908548992097354980798467
811 92 1 1 0 0.29200000000000000000000000000000000000 21.985458579896694359740506100935568055
811 104 1 1 1 0.089000000000000000000000000000000000000 21.725933210407948226611029348439070932
811 106 0 0 0 0.019000000000000000000000000000000000000 22.033114541590134101544744908675833321
811 122 0 2 0 0.45200000000000000000000000000000000000 22.075417589733121458696353318097959558
811 124 0 0 0 0.019000000000000000000000000000000000000 22.079904314169062116640543541770929632
811 146 1 1 1 0.024000000000000000000000000000000000000 22.118817351207214490255630806252166461
811 148 1 1 0 0.39100000000000000000000000000000000000 22.121458843059695781044909208031474415
811 162 1 1 1 0.022000000000000000000000000000000000000 19.342914838044333400139400316796900116
811 176 1 1 0 0.46700000000000000000000000000000000000 21.541734504643432447817606639366817445
811 184 1 1 0 0.33700000000000000000000000000000000000 21.844187874555364568009610796806782463
811 196 1 1 0 0.28500000000000000000000000000000000000 21.298026795193139190326144065178016715
811 216 0 0 0 0.013000000000000000000000000000000000000 20.872333998124382208592659782147164486
811 226 0 0 0 0.017000000000000000000000000000000000000 21.636465671488914766551361162651447720
811 256 0 0 0 0.015000000000000000000000000000000000000 20.233575457569894615166887072852006197
811 274 0 0 0 0.012000000000000000000000000000000000000 21.963308220132325743858865888529960640
811 278 1 1 1 0.017000000000000000000000000000000000000 20.423024328407921572924354883954641908
811 284 1 1 0 0.25900000000000000000000000000000000000 21.904627593967020764229873757832483538
811 316 2 2 2 0.023000000000000000000000000000000000000 20.217763575311222724872640201698996962
811 328 1 1 0 0.43900000000000000000000000000000000000 20.855776389547538064047952418809567211
811 344 1 1 0 0.21400000000000000000000000000000000000 20.884880352423017782131129188919861932
811 346 0 2 0 0.36700000000000000000000000000000000000 20.439457667794127904001808861861271021
811 356 0 0 0 0.073000000000000000000000000000000000000 21.596183955504574959112896140849405716
811 368 1 1 0 0.30700000000000000000000000000000000000 20.734212953477591528841777619740908164
811 386 1 1 1 0.092000000000000000000000000000000000000 20.849441821482258826190161140861193321
811 388 1 1 0 0.35700000000000000000000000000000000000 21.567360756566375260373280677289568032
811 398 0 2 0 0.48300000000000000000000000000000000000 22.130070805129571723803010245169883986
811 424 0 0 0 0.035000000000000000000000000000000000000 21.524930416319614784957026929251764537
811 428 0 2 0 0.40400000000000000000000000000000000000 22.325215989497563461327380640935914434
811 454 0 2 0 0.40600000000000000000000000000000000000 22.449133395406014049166954593745798999
811 484 1 1 1 0.11600000000000000000000000000000000000 21.518720386312418870191676163270914965
811 508 1 1 0 0.31100000000000000000000000000000000000 22.630885654662488662442578423161748546
811 524 1 1 0 0.36100000000000000000000000000000000000 22.670789127164355938812390313150565801
811 526 1 1 0 0.36500000000000000000000000000000000000 22.675403231601555103465000949615766678
811 538 0 0 0 0.13200000000000000000000000000000000000 22.701428840221643330440749113569160183
811 554 0 2 0 0.43700000000000000000000000000000000000 22.731874016520776096704200786882096338
811 592 0 0 0 0.014000000000000000000000000000000000000 22.183587050852813242618390917271102968
811 596 1 1 0 0.38600000000000000000000000000000000000 22.789809004347477025162975028021530959
811 608 1 1 1 0.021000000000000000000000000000000000000 21.897461190341108319782992425430028831
811 652 1 1 1 0.10700000000000000000000000000000000000 22.815939332654841854967354158548325774
811 668 1 1 0 0.46100000000000000000000000000000000000 22.810854940246011686149082941269725149
811 694 0 2 0 0.49800000000000000000000000000000000000 22.310012954193526622858693369134018327
811 706 1 1 0 0.47700000000000000000000000000000000000 22.768196408820069062127749394711414760
811 734 0 2 0 0.60600000000000000000000000000000000000 22.696241756752680707494499670823282627
811 736 0 0 0 0.019000000000000000000000000000000000000 21.087095763307529273972467453703250989
811 768 0 2 0 0.40400000000000000000000000000000000000 20.708554696904097371226241265976102172
811 778 0 0 0 0.070000000000000000000000000000000000000 22.419918645547840690974205097946585792
815 256 0 0 0 0.016000000000000000000000000000000000000 19.777806914361990959162740468962742406
817 2 2 2 2 0.026000000000000000000000000000000000000 19.908414922837843345485484888774467743
817 128 1 1 1 0.11300000000000000000000000000000000000 19.652664874638990016693634092065321091
817 256 2 2 2 0.025000000000000000000000000000000000000 20.265512786456125289929304352659890396
818 1 0 0 0 0.069000000000000000000000000000000000000 19.611117331953353040040189889243666970
818 13 1 1 0 0.27900000000000000000000000000000000000 21.201418171701311656571863716115950782
818 37 1 1 1 0.033000000000000000000000000000000000000 20.327973656891325558110342623179274156
818 43 1 1 0 0.39600000000000000000000000000000000000 21.014282286505114308058945924417293648
818 53 0 0 0 0.096000000000000000000000000000000000000 21.322499376220665427879196251266932637
818 59 1 1 0 0.31000000000000000000000000000000000000 21.843069914589322461346637938006809986
818 83 0 0 0 0.020000000000000000000000000000000000000 21.130085554030211226302042752496990989
818 97 0 0 0 0.091000000000000000000000000000000000000 22.030678399468112856221683735634312022
818 103 1 3 1 0.57400000000000000000000000000000000000 22.050846076609073637636841694518755512
818 113 0 0 0 0.085000000000000000000000000000000000000 21.235223370457441802482086466609738262
818 125 1 1 0 0.39200000000000000000000000000000000000 20.234549140404475675109581246800997849
818 139 0 0 0 0.016000000000000000000000000000000000000 22.136344790317934125458005837816311602
818 151 1 1 0 0.24900000000000000000000000000000000000 22.153461053911251935282616677412873422
818 167 0 2 0 0.51800000000000000000000000000000000000 22.168490498925101662945587375238887893
818 169 1 1 1 0.090000000000000000000000000000000000000 21.055815733894149900009571047357454624
818 179 0 0 0 0.072000000000000000000000000000000000000 21.696960029640544676703039106752441894
818 197 0 0 0 0.015000000000000000000000000000000000000 21.219001582020748652818153395144914465
818 223 0 0 0 0.021000000000000000000000000000000000000 22.150891480557529540950303286738077524
818 227 0 2 0 0.47600000000000000000000000000000000000 21.299865315233473017584198661085457468
818 229 1 1 0 0.25500000000000000000000000000000000000 22.141723051640488255451666158205722211
818 257 2 2 2 0.034000000000000000000000000000000000000 20.529614488844047400141794781755342327
818 263 0 0 0 0.078000000000000000000000000000000000000 21.207279506528366525604870810772431747
818 281 0 0 0 0.015000000000000000000000000000000000000 21.967974950666172335338401380922074852
818 293 1 1 1 0.020000000000000000000000000000000000000 21.188601889099785640590138594459494784
818 313 1 1 0 0.24500000000000000000000000000000000000 21.670231441665896601115697317430997557
818 337 1 1 1 0.032000000000000000000000000000000000000 20.553804637745127045325019827985978974
818 367 0 0 0 0.083000000000000000000000000000000000000 21.778614142523258527429255708671232164
818 389 0 0 0 0.078000000000000000000000000000000000000 22.052209526346884379894107648940656149
818 421 1 1 1 0.093000000000000000000000000000000000000 22.294170501367062728717760779154288913
818 433 1 1 0 0.43800000000000000000000000000000000000 21.884916385678200856211328715106458908
818 463 1 1 0 0.29700000000000000000000000000000000000 22.499695373742624412078429453959401742
818 491 1 1 1 0.12400000000000000000000000000000000000 22.598963805862108999753884564966479384
818 547 0 2 0 0.43500000000000000000000000000000000000 22.739977113854774905176322584480781430
818 587 0 2 0 0.44200000000000000000000000000000000000 22.803819461235685568461236105552579583
818 601 1 1 0 0.43300000000000000000000000000000000000 22.819524746259358622539976203707704984
818 617 2 2 1 0.32500000000000000000000000000000000000 22.833201338545827221410714514879821902
818 631 1 1 0 0.48400000000000000000000000000000000000 22.364164865328373442831555518016614185
818 673 0 0 0 0.063000000000000000000000000000000000000 22.841104634581752138496647666642213711
818 677 1 1 0 0.15800000000000000000000000000000000000 22.838893066891544127664682085993721183
818 727 1 1 0 0.29100000000000000000000000000000000000 22.765751614629780324127965959336239843
818 733 1 1 0 0.36500000000000000000000000000000000000 22.749351641392227271665010946077716311
818 797 0 0 0 0.063000000000000000000000000000000000000 22.273762770557622013076096709747037160
818 811 0 0 0 0.024000000000000000000000000000000000000 21.346218259214938043767154044269008786
821 4 2 2 1 0.67700000000000000000000000000000000000 20.002389923641949758340825209742991453
821 16 0 0 0 0.021000000000000000000000000000000000000 19.746033876350633310693930714579812582
821 26 1 1 1 0.18500000000000000000000000000000000000 20.469896196542125951652949123819677327
821 32 1 3 0 0.73200000000000000000000000000000000000 20.696796005694555104424722626092319108
821 40 0 0 0 0.095000000000000000000000000000000000000 21.393142562321961766580368636794464446
821 44 1 1 0 0.41200000000000000000000000000000000000 21.734029638468554137366381516276658630
821 48 1 1 0 0.41400000000000000000000000000000000000 21.168071875467072497929324139780166152
821 68 1 1 0 0.36700000000000000000000000000000000000 21.910658580848816501837743360316405558
821 76 0 0 0 0.035000000000000000000000000000000000000 21.953557845351240426470624682675513565
821 80 0 0 0 0.091000000000000000000000000000000000000 21.370825889474103552830977579911900858
821 88 1 1 0 0.35600000000000000000000000000000000000 20.384629298680648549059585431880190448
821 106 0 0 0 0.091000000000000000000000000000000000000 21.594624237282395132021916380117504730
821 124 2 2 1 0.45900000000000000000000000000000000000 21.164867510586040549382345957835090262
821 128 2 2 2 0.043000000000000000000000000000000000000 20.145462105524776522450390324994049636
821 136 0 0 0 0.087000000000000000000000000000000000000 21.842060720818501690973687022280549871
821 158 1 1 1 0.029000000000000000000000000000000000000 22.173262263944524781179663216696231916
821 166 1 1 0 0.38500000000000000000000000000000000000 22.180092714088816602253886621515126320
821 184 0 0 0 0.092000000000000000000000000000000000000 21.041493558608716277578249900875397772
821 194 2 2 2 0.11900000000000000000000000000000000000 22.187062251982402481192253791033568623
821 206 1 1 0 0.33400000000000000000000000000000000000 21.336626139798262151249961487090584232
821 218 0 0 0 0.014000000000000000000000000000000000000 21.693828015143456379866292103642830821
821 224 0 0 0 0.018000000000000000000000000000000000000 21.260266956284534399662148448499799217
821 226 1 1 0 0.31000000000000000000000000000000000000 22.160478150883600867412452176186528853
821 236 1 1 0 0.37800000000000000000000000000000000000 21.666168901595033471504698326401991687
821 284 1 1 0 0.38800000000000000000000000000000000000 21.124056884070497488299405169632941390
821 302 1 1 0 0.33100000000000000000000000000000000000 21.831060922328580812554978001415631130
821 326 1 1 1 0.066000000000000000000000000000000000000 20.957698491173756885079903544129020592
821 334 0 0 0 0.070000000000000000000000000000000000000 21.080743267493098479730187731332849491
821 338 1 1 0 0.27400000000000000000000000000000000000 19.504843015141665644771087748447190188
821 352 2 2 2 0.021000000000000000000000000000000000000 20.494370791294048238850014575718040163
821 356 0 0 0 0.053000000000000000000000000000000000000 21.527875435198629961902575452333610775
821 376 1 1 0 0.27300000000000000000000000000000000000 21.125545112357283104303519296864631686
821 386 1 1 0 0.22200000000000000000000000000000000000 22.020623991649932655215690999863392365
821 388 1 1 0 0.29900000000000000000000000000000000000 22.041113539440076789433381853141197151
821 422 1 1 0 0.26300000000000000000000000000000000000 22.303601493445309064528593311556651645
821 436 0 0 0 0.087000000000000000000000000000000000000 22.382151353307376878975798805897076788
821 464 0 2 0 0.61000000000000000000000000000000000000 21.907575145672797583585400389257632772
821 466 0 2 0 0.49000000000000000000000000000000000000 22.040431397984226064510033456157302322
821 488 0 0 0 0.021000000000000000000000000000000000000 21.818170421714366023121340299089115672
821 536 0 0 0 0.017000000000000000000000000000000000000 22.424770355935493896793788794310373341
821 544 0 0 0 0.077000000000000000000000000000000000000 21.839628449591873171029534948877630971
821 562 1 1 0 0.28700000000000000000000000000000000000 22.776467148216457754571119194123444101
821 566 1 1 0 0.38400000000000000000000000000000000000 22.783178607003550551920942428486993828
821 586 1 1 0 0.37200000000000000000000000000000000000 22.812542657995777011386530445102070638
821 604 1 1 1 0.024000000000000000000000000000000000000 22.134059670771706952262962586175757680
821 614 1 1 0 0.38500000000000000000000000000000000000 22.364827509358475224787468011346551906
821 632 1 1 0 0.30800000000000000000000000000000000000 21.598135288382022704062002682361005145
821 634 1 1 0 0.32600000000000000000000000000000000000 22.854303267854980122228364246788514497
821 656 0 0 0 0.018000000000000000000000000000000000000 22.256755238825808580280426391174735746
821 674 1 1 0 0.28700000000000000000000000000000000000 22.009427670342348436511115120017532151
821 688 0 2 0 0.51200000000000000000000000000000000000 22.243377686745347546649305780057032269
821 716 0 0 0 0.17000000000000000000000000000000000000 22.808400131591296333110822476233597697
821 796 0 0 0 0.021000000000000000000000000000000000000 20.808965012170540175930321223969594520
823 6 0 0 0 0.017000000000000000000000000000000000000 20.884758500632581752938084585410891425
823 28 0 0 0 0.020000000000000000000000000000000000000 21.550397821037598142637690580779817113
823 32 0 0 0 0.079000000000000000000000000000000000000 20.227094088601136614498803740958784103
823 38 1 1 0 0.37800000000000000000000000000000000000 21.680036505708075008045529752467742048
823 46 1 1 0 0.30900000000000000000000000000000000000 21.759954357222262137496482288361302824
823 74 1 1 0 0.33900000000000000000000000000000000000 21.950910050535843175876319438088798077
823 82 0 0 0 0.074000000000000000000000000000000000000 21.989624863077133165716762384756618785
823 92 0 0 0 0.082000000000000000000000000000000000000 22.031321384155707611749352188907100538
823 96 1 1 0 0.35600000000000000000000000000000000000 21.143101644868286561386230913897511773
823 108 0 0 0 0.094000000000000000000000000000000000000 20.286087505212807781298710579270743167
823 112 1 1 0 0.45000000000000000000000000000000000000 21.017698423453967230843577702942744192
823 134 1 1 1 0.027000000000000000000000000000000000000 22.147332903498945196409855967459647185
823 152 1 3 1 0.62700000000000000000000000000000000000 21.174726118598411593459402588644284183
823 158 1 1 0 0.36100000000000000000000000000000000000 21.704212295476541117984668029630892985
823 172 0 0 0 0.023000000000000000000000000000000000000 22.192041295339546916795296424256849816
823 176 1 1 0 0.40900000000000000000000000000000000000 20.637599111342505402327898577160100138
823 178 1 1 0 0.27100000000000000000000000000000000000 22.194631961543969173220907188666924528
823 200 0 0 0 0.016000000000000000000000000000000000000 21.193710979318549225359500133540795647
823 212 0 0 0 0.025000000000000000000000000000000000000 21.708834593041371447012954811127486389
823 214 1 1 0 0.38100000000000000000000000000000000000 22.184130157802613089682680111506535144
823 242 1 1 0 0.31200000000000000000000000000000000000 21.098957245122697881780395476003461472
823 248 1 1 1 0.027000000000000000000000000000000000000 20.648734444742913373801258566889336137
823 254 0 2 0 0.44800000000000000000000000000000000000 22.109177435258662256320702234859088106
823 262 1 1 1 0.025000000000000000000000000000000000000 22.083105156156632704155640571771856970
823 272 1 1 1 0.019000000000000000000000000000000000000 21.441172428270411651035588429171803383
823 298 0 0 0 0.076000000000000000000000000000000000000 21.183717148133768586677761406453675484
823 332 1 1 0 0.32000000000000000000000000000000000000 21.250454030151735255574749055140253655
823 368 0 0 0 0.10100000000000000000000000000000000000 21.176861067202964066695726464160446591
823 386 0 2 0 0.49100000000000000000000000000000000000 22.019178931808886633629820185066020927
823 388 1 1 0 0.39700000000000000000000000000000000000 22.040008738784867486235484540995091373
823 398 1 1 1 0.14900000000000000000000000000000000000 21.434190702716941185270655412120705571
823 412 1 1 0 0.47500000000000000000000000000000000000 22.240659217932828094478505004727884996
823 416 1 1 0 0.42800000000000000000000000000000000000 21.364612213495628109069262319779032292
823 424 1 1 0 0.30700000000000000000000000000000000000 22.016870523458548557091726011722250185
823 436 0 0 0 0.080000000000000000000000000000000000000 21.907944635379617805916490358453535060
823 448 1 1 1 0.084000000000000000000000000000000000000 19.842274449512304075590732296726715964
823 452 0 2 0 0.29100000000000000000000000000000000000 21.763635412244889976408329688602677145
823 458 1 1 1 0.092000000000000000000000000000000000000 22.488772859860095698383011409680698749
823 472 1 1 0 0.41800000000000000000000000000000000000 21.289386047351337608385976150846483400
823 482 0 2 0 0.52800000000000000000000000000000000000 21.258452359686654414997717275740184290
823 488 0 0 0 0.073000000000000000000000000000000000000 22.299856686189139655578476756234529297
823 538 1 1 0 0.27400000000000000000000000000000000000 22.735766553730274545656586458221812605
823 542 0 0 0 0.082000000000000000000000000000000000000 22.744303807750032552476856731100774954
823 568 1 1 0 0.33300000000000000000000000000000000000 22.491616567856375541427924364917087496
823 592 1 1 0 0.49700000000000000000000000000000000000 22.224661112271919190449759162809067557
823 640 1 1 1 0.13700000000000000000000000000000000000 21.359316459227066803510575288409077704
823 662 1 1 0 0.56900000000000000000000000000000000000 21.912685206867199867534249808486189991
823 668 0 2 0 0.48700000000000000000000000000000000000 22.865745250624757625162099266834347701
823 686 1 1 0 0.38000000000000000000000000000000000000 21.166608179212920622039755010473441543
823 718 1 1 0 0.33700000000000000000000000000000000000 22.816376847839063091747416400945499393
823 724 1 1 0 0.28800000000000000000000000000000000000 22.327216595388249253204545159772670651
823 734 0 2 0 0.40900000000000000000000000000000000000 22.303123795896391097734307736773698857
823 758 1 1 0 0.50300000000000000000000000000000000000 22.695126007207861455800113239177238941
823 772 0 0 0 0.018000000000000000000000000000000000000 21.773530848793409400338152010567528594
824 19 1 1 0 0.49400000000000000000000000000000000000 21.086565589735236304556986261905085242
824 31 1 1 1 0.027000000000000000000000000000000000000 20.819352820831799114443408896667937797
824 47 1 1 1 0.024000000000000000000000000000000000000 21.471556273166475221692998599190942890
824 53 1 1 0 0.41000000000000000000000000000000000000 21.520997125386551275247572364741274483
824 61 0 0 0 0.090000000000000000000000000000000000000 21.577866722814475815975371118630536968
824 79 0 0 0 0.040000000000000000000000000000000000000 21.678448561386642606707661132712655162
824 89 0 0 0 0.039000000000000000000000000000000000000 20.877174245126986266721253222046160688
824 109 1 1 0 0.52300000000000000000000000000000000000 21.791166469357439052618859095017846571
824 121 1 1 0 0.62800000000000000000000000000000000000 19.827173838351014753337797957757337880
824 131 0 0 0 0.11600000000000000000000000000000000000 20.136916297725412374860398660610476266
824 179 1 1 0 0.36600000000000000000000000000000000000 21.052972436650467657858219596366047404
824 191 0 2 0 0.51600000000000000000000000000000000000 21.899313835316432265918320362974540885
824 229 0 0 0 0.017000000000000000000000000000000000000 20.437435099540919837099816589191407209
824 233 0 0 0 0.019000000000000000000000000000000000000 21.862116647454792409226055616387909392
824 241 0 2 0 0.56000000000000000000000000000000000000 21.846395478549455178066271514558280258
824 271 0 0 0 0.020000000000000000000000000000000000000 21.752248217325923008692414933976897286
824 281 2 2 2 0.062000000000000000000000000000000000000 21.703800084676645809586473832066963109
824 289 0 0 0 0.014000000000000000000000000000000000000 20.425463573142834614401699244608453688
824 307 2 2 2 0.030000000000000000000000000000000000000 21.502125936601535415183548465643296078
824 331 2 2 2 0.024000000000000000000000000000000000000 21.015249451308928606094772837578611888
824 337 0 0 0 0.068000000000000000000000000000000000000 19.690481558129111775869293434962399846
824 347 1 1 0 0.26600000000000000000000000000000000000 20.300884001220335136391516481270700272
824 349 3 3 3 0.35300000000000000000000000000000000000 20.212403346216450367096411009591887762
824 359 0 0 0 0.078000000000000000000000000000000000000 20.171453412213260858643940731854435418
824 373 0 0 0 0.079000000000000000000000000000000000000 21.077371029679057541163510183119603708
824 397 1 1 1 0.021000000000000000000000000000000000000 21.823558373499737819897022092164680564
824 421 0 0 0 0.091000000000000000000000000000000000000 21.999655234447675455067765438892551787
824 439 1 1 1 0.018000000000000000000000000000000000000 22.101029003722322377847792736297161905
824 463 1 1 1 0.021000000000000000000000000000000000000 18.155697434842371910146519185736444970
824 467 0 2 0 0.51200000000000000000000000000000000000 22.226438662381058152531718487865982933
824 509 0 0 0 0.075000000000000000000000000000000000000 21.888684717617712449309451055341569815
824 529 0 0 0 0.087000000000000000000000000000000000000 21.055381569189814745274618718157595291
824 541 1 1 0 0.33100000000000000000000000000000000000 22.443993959577827520941841568052938940
824 547 0 0 0 0.018000000000000000000000000000000000000 22.456408176461907292551379654280405494
824 569 1 1 0 0.21400000000000000000000000000000000000 22.496338481460177230406404501831546199
824 571 0 0 0 0.087000000000000000000000000000000000000 21.177325148382554472070901935362730981
824 593 0 0 0 0.15700000000000000000000000000000000000 22.530249383441814660410440532860448556
824 619 1 1 0 0.43200000000000000000000000000000000000 22.555726545724518892593597848852441070
824 691 2 2 1 0.56700000000000000000000000000000000000 22.556665676440554681380900628650657253
824 709 1 1 0 0.32500000000000000000000000000000000000 21.305510300476837306501780000929997460
824 733 1 1 0 0.29800000000000000000000000000000000000 22.011286048934545296169262123242568335
827 6 0 0 0 0.015000000000000000000000000000000000000 20.054401740671180549996093986410188651
827 8 0 0 0 0.023000000000000000000000000000000000000 20.246162761520353914561732545765440577
827 22 0 2 0 0.46200000000000000000000000000000000000 21.461776057735001965623120477932075059
827 28 0 0 0 0.017000000000000000000000000000000000000 21.088050440749664941848336643511567714
827 34 1 1 0 0.35400000000000000000000000000000000000 20.156465526587103462964590220246777373
827 62 0 0 0 0.077000000000000000000000000000000000000 21.419447113524392387837837325146257082
827 64 1 1 0 0.33400000000000000000000000000000000000 19.273719145923948298458426357570066495
827 68 0 0 0 0.018000000000000000000000000000000000000 21.933107245923028337485127499005471288
827 86 2 2 2 0.026000000000000000000000000000000000000 22.022204818154640594222304595281856701
827 112 2 2 2 0.023000000000000000000000000000000000000 21.510158656556465887816957833679028005
827 122 1 1 1 0.081000000000000000000000000000000000000 22.137781368430806004324338399686910209
827 142 0 0 0 0.018000000000000000000000000000000000000 21.331615538201187173823163313127357453
827 144 1 1 0 0.39900000000000000000000000000000000000 21.100605612687323954017405576215139683
827 148 0 0 0 0.069000000000000000000000000000000000000 21.486539918677084099650657587261262724
827 160 1 1 0 0.46500000000000000000000000000000000000 21.296288891056435775379434482947291989
827 162 0 0 0 0.019000000000000000000000000000000000000 20.769855168396585869696916302276006734
827 176 1 1 1 0.020000000000000000000000000000000000000 21.608335705514033606484975471581396535
827 178 1 1 1 0.14100000000000000000000000000000000000 22.211179314854943434478879297758067067
827 188 0 0 0 0.018000000000000000000000000000000000000 21.735985622394433779598127008946049855
827 194 1 1 0 0.39900000000000000000000000000000000000 22.212649300883133847902994286219236988
827 200 1 1 1 0.34800000000000000000000000000000000000 21.210950672355202096413850018488074542
827 218 1 1 1 0.026000000000000000000000000000000000000 22.197996952840245020204512211411683998
827 226 1 3 1 0.58300000000000000000000000000000000000 20.756786470036073881459879857002132787
827 232 0 0 0 0.015000000000000000000000000000000000000 21.877913014989639767318247760184582832
827 244 0 0 0 0.017000000000000000000000000000000000000 21.678214634429409307777859087834473462
827 268 0 0 0 0.018000000000000000000000000000000000000 22.082301197808521024611867680491784251
827 272 0 0 0 0.069000000000000000000000000000000000000 21.463787212661456259923989864067026150
827 278 0 0 0 0.072000000000000000000000000000000000000 21.561100698873094446613742528210582874
827 296 0 0 0 0.013000000000000000000000000000000000000 21.149161325526364808629275667415237138
827 324 1 1 0 0.21000000000000000000000000000000000000 20.139559884292808053346710775552698141
827 328 0 0 0 0.079000000000000000000000000000000000000 21.170116983862473148000090332764158762
827 332 1 1 1 0.022000000000000000000000000000000000000 18.450091891959280555340325565202591978
827 346 1 1 0 0.25300000000000000000000000000000000000 20.869490342139271263786267718501930633
827 358 0 2 0 0.37000000000000000000000000000000000000 21.535860131013267494607104897781025059
827 362 0 0 0 0.055000000000000000000000000000000000000 20.278867616472223820874977111847974163
827 382 1 1 0 0.33400000000000000000000000000000000000 21.969758372365817486995812112570162517
827 392 1 1 1 0.022000000000000000000000000000000000000 20.931766033852757234200309838703652715
827 398 1 1 0 0.26600000000000000000000000000000000000 20.589258636847501154215394899971944555
827 412 0 0 0 0.020000000000000000000000000000000000000 22.243489908211166057846338860303482217
827 428 1 3 0 0.53400000000000000000000000000000000000 22.346159553075606143514894346671389780
827 482 1 1 0 0.42500000000000000000000000000000000000 22.589388295590875844441489852789281033
827 508 1 1 0 0.30500000000000000000000000000000000000 22.671463315763225210779871176908070841
827 512 0 2 0 0.46800000000000000000000000000000000000 20.098294688533428415087702351262673492
827 526 0 0 0 0.067000000000000000000000000000000000000 22.718951207674848170039612579020983140
827 538 1 1 1 0.024000000000000000000000000000000000000 21.516445428175031404816921853039632719
827 568 1 1 0 0.35200000000000000000000000000000000000 22.026802719987139852831013176928172730
827 586 0 0 0 0.074000000000000000000000000000000000000 22.355059498337209794779241053137893039
827 592 1 1 1 0.046000000000000000000000000000000000000 22.237963609554256291306022110771533006
827 596 1 1 0 0.40300000000000000000000000000000000000 22.844910552796955002380210147639168322
827 608 0 0 0 0.024000000000000000000000000000000000000 21.954833809997049541138905519557311978
827 622 1 1 0 0.40300000000000000000000000000000000000 22.392814291375552696589978298467905051
827 652 1 1 0 0.27000000000000000000000000000000000000 22.184559355038485652575322215011113594
827 668 1 1 0 0.32300000000000000000000000000000000000 22.883332238709876919148332164718935186
827 716 0 0 0 0.076000000000000000000000000000000000000 22.842794404243439093666442534460857316
827 724 1 1 0 0.34100000000000000000000000000000000000 22.828412445517827567345320046904867011
827 766 0 2 0 0.45600000000000000000000000000000000000 21.736973649227054430195347228987645570
827 772 0 0 0 0.026000000000000000000000000000000000000 22.658544516410154007173339242626386290
827 788 0 2 0 0.61500000000000000000000000000000000000 22.541346897433299413854182737877267016
827 794 0 0 0 0.12200000000000000000000000000000000000 22.480583834463471473898099445202142432
827 818 0 0 0 0.10100000000000000000000000000000000000 21.485041586812113473856873811580806871
829 2 1 1 0 0.25000000000000000000000000000000000000 20.429864019298708424306479110753808822
829 4 1 1 0 0.56800000000000000000000000000000000000 19.186772883862830952473141213746242966
829 26 1 1 0 0.33400000000000000000000000000000000000 21.063706094365015689419553731957276214
829 28 1 1 0 0.29600000000000000000000000000000000000 21.095410478951088160048077757955281823
829 64 2 2 1 0.56400000000000000000000000000000000000 20.235395258697753872999023455916953611
829 74 1 1 0 0.41200000000000000000000000000000000000 21.973362310465546617307248240522763118
829 88 1 1 0 0.48300000000000000000000000000000000000 21.737039869330033075467697047064735291
829 94 0 0 0 0.078000000000000000000000000000000000000 21.216473593344942376814362549379681127
829 106 0 0 0 0.078000000000000000000000000000000000000 22.102287154560032552039826264003020819
829 116 0 0 0 0.020000000000000000000000000000000000000 21.176393415648309295659862649039298592
829 118 0 0 0 0.073000000000000000000000000000000000000 21.658635846346058369378968629542463767
829 136 0 0 0 0.083000000000000000000000000000000000000 21.396279036272854547652041719971028328
829 152 1 1 0 0.28100000000000000000000000000000000000 19.730271221506491769457537686188369995
829 158 0 2 0 0.39000000000000000000000000000000000000 22.205406218775808791452283098922370012
829 164 1 1 0 0.39700000000000000000000000000000000000 22.210991048792452508227187208529082349
829 166 2 2 1 0.48100000000000000000000000000000000000 22.212588203508263603386434108856917475
829 172 0 2 0 0.48100000000000000000000000000000000000 21.739470073513724837563959789436064344
829 178 1 1 0 0.47600000000000000000000000000000000000 22.219414357275454837751995296786724932
829 194 2 2 2 0.041000000000000000000000000000000000000 22.221121393699787056306524392707445349
829 206 1 1 0 0.26900000000000000000000000000000000000 21.739542101170805887759199217037156532
829 214 0 2 0 0.44900000000000000000000000000000000000 22.210795307512097724628397208636460625
829 244 1 1 0 0.34200000000000000000000000000000000000 21.687939260909364071881202190601832369
829 256 1 1 0 0.33600000000000000000000000000000000000 20.327796514994786059300823754148742248
829 262 1 3 1 0.50700000000000000000000000000000000000 20.683587339244125325258093156332264617
829 284 0 2 0 0.26800000000000000000000000000000000000 22.018755939444417594184439603699148935
829 288 0 0 0 0.073000000000000000000000000000000000000 20.615198875353872134527289858253925789
829 302 0 2 0 0.48300000000000000000000000000000000000 21.892102118830419220369174561201477414
829 304 0 2 0 0.47400000000000000000000000000000000000 20.572750881570387900904743207525495926
829 326 1 1 0 0.31800000000000000000000000000000000000 21.551674601910414984443200461534224945
829 344 1 1 0 0.26400000000000000000000000000000000000 19.825182969353039268149330425066126192
829 346 0 2 0 0.29100000000000000000000000000000000000 20.057355241082368927163468519862700426
829 356 1 1 0 0.30100000000000000000000000000000000000 20.606822870800885174078913465486046286
829 358 0 0 0 0.066000000000000000000000000000000000000 21.518228668236692138723094607918581836
829 392 1 1 0 0.26300000000000000000000000000000000000 20.930852680057444529429478569331737692
829 416 0 2 0 0.58700000000000000000000000000000000000 21.369625901755856001707073977905286420
829 436 2 2 1 0.46300000000000000000000000000000000000 21.548381930134708238309233704199619628
829 452 0 2 0 0.45200000000000000000000000000000000000 22.472951566237173929056918870142679186
829 458 0 2 0 0.54800000000000000000000000000000000000 22.022610135555864240476967809092680935
829 466 0 0 0 0.027000000000000000000000000000000000000 21.491852110402080245097222483139965110
829 484 2 2 2 0.033000000000000000000000000000000000000 21.559293900812317733898873686929839111
829 514 1 1 0 0.36400000000000000000000000000000000000 22.215977002020872108490538019485529900
829 524 0 2 0 0.48500000000000000000000000000000000000 22.719243276233982693648573657192160989
829 536 1 1 1 0.12300000000000000000000000000000000000 22.446869399727992623310543238550037236
829 556 2 2 1 0.56000000000000000000000000000000000000 22.789533076525923411227783565676248910
829 596 0 2 0 0.47900000000000000000000000000000000000 22.152607501302009133607832381844403169
829 608 1 1 0 0.49000000000000000000000000000000000000 21.961768603056412495823153414524341700
829 614 1 1 0 0.36600000000000000000000000000000000000 22.870570119954479188928241087289293602
829 626 1 1 0 0.50400000000000000000000000000000000000 22.880098591992121955406786668820042062
829 634 3 3 3 0.096000000000000000000000000000000000000 22.885012418278046691578138999337205371
829 652 1 1 0 0.39100000000000000000000000000000000000 22.891645675793384127159650589464085724
829 676 0 2 0 0.55000000000000000000000000000000000000 21.298968263904806181712143755417489944
829 686 1 1 0 0.44600000000000000000000000000000000000 21.195168915604729195206077210548802483
829 698 1 1 0 0.34300000000000000000000000000000000000 22.876196872568697989935343756545777439
829 718 2 2 1 0.50400000000000000000000000000000000000 22.850748530170683190983661517708249437
829 752 0 0 0 0.017000000000000000000000000000000000000 22.164549618764372463810579980266961623
829 766 0 0 0 0.020000000000000000000000000000000000000 22.231632639966818375392932055440125718
829 778 0 0 0 0.016000000000000000000000000000000000000 22.641461696193555401284796543521103807
829 808 0 0 0 0.065000000000000000000000000000000000000 22.013879578649689809798132091298070248
832 29 3 3 3 0.027000000000000000000000000000000000000 20.394406588037342352600313135311653676
832 37 0 0 0 0.018000000000000000000000000000000000000 20.497872799753878342526245954470215052
832 53 1 1 1 0.026000000000000000000000000000000000000 20.647525693709318987147949934397981416
832 67 1 1 0 0.43100000000000000000000000000000000000 20.264624673764447911003320749122764190
832 73 0 0 0 0.019000000000000000000000000000000000000 20.775168609706363393640323472973151877
832 83 1 1 0 0.49700000000000000000000000000000000000 20.823754346434037089195710421074809564
832 125 0 0 0 0.018000000000000000000000000000000000000 19.561822505432247794303488715300411452
832 127 1 1 0 0.42200000000000000000000000000000000000 20.964150757674314290918005070482962109
832 137 1 1 1 0.018000000000000000000000000000000000000 20.983766166933518948841532534671296049
832 167 2 2 2 0.027000000000000000000000000000000000000 20.067078084728740982593931902642006557
832 223 1 1 0 0.43500000000000000000000000000000000000 21.010647071890407607516765392436684463
832 281 1 1 0 0.38800000000000000000000000000000000000 20.848487604151521160577802840334281978
832 307 2 2 2 0.029000000000000000000000000000000000000 19.964839732853976430858651861975365927
832 337 0 0 0 0.017000000000000000000000000000000000000 19.537124192935789723945133610472149965
832 367 1 1 0 0.32400000000000000000000000000000000000 20.518965082095526480028149915388160472
832 421 0 0 0 0.021000000000000000000000000000000000000 21.104299651060977584292621017665021608
832 433 1 1 1 0.026000000000000000000000000000000000000 21.176753464046561520090637428151012350
832 463 1 1 0 0.37500000000000000000000000000000000000 20.845283848987899617866333662926273782
832 503 1 1 1 0.043000000000000000000000000000000000000 21.464779287101584304100678644868442009
832 547 1 1 1 0.17500000000000000000000000000000000000 21.576041174772173757451072892853219882
832 587 1 1 0 0.40600000000000000000000000000000000000 20.800417262697781783143549672138124023
832 617 0 0 0 0.020000000000000000000000000000000000000 21.202571557289836501403429813681369001
832 631 0 0 0 0.082000000000000000000000000000000000000 21.690333957099874590608292053551102058
832 647 0 0 0 0.081000000000000000000000000000000000000 21.698134792006901638678558334357457668
832 659 0 0 0 0.013000000000000000000000000000000000000 21.700739558242818938299312533584635187
832 673 0 0 0 0.080000000000000000000000000000000000000 20.469513274400290867093495740102648388
835 16 0 2 0 0.61300000000000000000000000000000000000 20.274596824412202751975886400012330206
837 32 1 1 1 0.019000000000000000000000000000000000000 19.801405800578184688552015376088583987
837 64 0 2 0 0.33800000000000000000000000000000000000 19.787825729096950971031148697226164977
838 13 0 0 0 0.015000000000000000000000000000000000000 20.575919429813276872994679962199303751
838 23 1 1 0 0.32800000000000000000000000000000000000 21.521111569148849561690250428133717717
838 47 0 0 0 0.076000000000000000000000000000000000000 21.824136970946606004160048217443879927
838 59 1 1 0 0.35000000000000000000000000000000000000 20.066011981561854868358009785686022212
838 61 1 1 0 0.28200000000000000000000000000000000000 21.930681738198532184325808537278711426
838 71 0 0 0 0.016000000000000000000000000000000000000 21.513589767585624703390261951067442349
838 79 0 0 0 0.072000000000000000000000000000000000000 22.031666199691458511766930675668961658
838 97 1 1 1 0.028000000000000000000000000000000000000 22.106279700497143238768573458670496404
838 107 0 2 0 0.41400000000000000000000000000000000000 21.185101343352474236999999143873937521
838 121 1 1 0 0.24300000000000000000000000000000000000 21.136098016403865070244787032486354561
838 131 0 0 0 0.015000000000000000000000000000000000000 22.199648690804276360417129180926951979
838 139 1 1 0 0.22500000000000000000000000000000000000 22.214615400338343739410234460583263162
838 149 1 1 1 0.021000000000000000000000000000000000000 22.230101315801727442947950963040789149
838 163 1 1 0 0.34300000000000000000000000000000000000 20.592882333550063616221198318176094058
838 167 1 1 0 0.38300000000000000000000000000000000000 22.249486152636609878819789640740692982
838 173 0 0 0 0.020000000000000000000000000000000000000 22.253607117680808200335533306449476934
838 181 1 1 0 0.42300000000000000000000000000000000000 21.780183626394293570036900676592819140
838 199 0 0 0 0.10600000000000000000000000000000000000 21.780910564761614502511469344158175230
838 227 0 0 0 0.14900000000000000000000000000000000000 22.236746297456731347177852327187802523
838 229 0 2 0 0.56900000000000000000000000000000000000 22.234066663182402414139164833786418050
838 233 0 0 0 0.10200000000000000000000000000000000000 20.709679712425327338657885097827551191
838 243 1 1 0 0.32100000000000000000000000000000000000 20.301836342750794156282049726477696567
838 251 0 2 0 0.31300000000000000000000000000000000000 19.828799014185014882878487979619301641
838 257 2 2 2 0.034000000000000000000000000000000000000 22.176605728560266764859669355119582959
838 269 0 0 0 0.012000000000000000000000000000000000000 21.183647325958309344098820585611951072
838 277 0 0 0 0.018000000000000000000000000000000000000 22.105799908046500062973430438091984821
838 283 1 1 0 0.35400000000000000000000000000000000000 22.077705551833684247036544363333334164
838 293 0 0 0 0.021000000000000000000000000000000000000 22.021314619935920062422437752681666737
838 317 1 1 0 0.22400000000000000000000000000000000000 21.804902047507094574144882524929309298
838 373 1 1 0 0.31200000000000000000000000000000000000 21.812055309872540985134851611519738685
838 383 1 1 1 0.063000000000000000000000000000000000000 21.964679390756655872785673851384994970
838 397 0 0 0 0.080000000000000000000000000000000000000 20.799519045380340422404835071654171925
838 401 2 2 1 0.30500000000000000000000000000000000000 22.159010619959121394771452680818322483
838 409 2 2 1 0.52800000000000000000000000000000000000 20.995928174372520765861599050406352047
838 443 1 1 0 0.37300000000000000000000000000000000000 22.442921211551013397628710705427981876
838 457 0 0 0 0.088000000000000000000000000000000000000 22.510888952907124944813842331477979168
838 467 0 0 0 0.14500000000000000000000000000000000000 20.846667480315904136342925263453701929
838 479 1 1 0 0.33000000000000000000000000000000000000 22.601461909645458540030699161975515792
838 529 1 1 0 0.26000000000000000000000000000000000000 21.393316893646588155430378600207218918
838 607 1 1 0 0.45300000000000000000000000000000000000 21.663891820352084798395692437068280590
838 617 1 1 0 0.46900000000000000000000000000000000000 22.904708492263678709614412430208086675
838 625 1 1 1 0.096000000000000000000000000000000000000 20.814873030514776405851390323720474607
838 653 0 0 0 0.16600000000000000000000000000000000000 22.927648533673656212136476125179782466
838 677 1 1 0 0.38200000000000000000000000000000000000 22.929218571396802107083955542275901482
838 709 0 0 0 0.092000000000000000000000000000000000000 22.910355631587821495946916746711744905
838 743 1 1 0 0.36200000000000000000000000000000000000 22.854019709001889800311004655761665359
838 761 1 3 1 0.46600000000000000000000000000000000000 22.801189122491572699003919629603154513
839 22 2 2 2 0.031000000000000000000000000000000000000 21.505632531743757902362912729074439139
839 34 1 1 1 0.11600000000000000000000000000000000000 21.214648287760309269271107442646821455
839 46 1 1 1 0.093000000000000000000000000000000000000 21.818853610107214212131137615341907294
839 48 0 2 0 0.36000000000000000000000000000000000000 21.234452121474879414285602492133535718
839 58 0 0 0 0.022000000000000000000000000000000000000 21.914026650649352184200627609651379034
839 62 1 1 0 0.38200000000000000000000000000000000000 21.940862682478793587452539004673036404
839 64 1 1 0 0.46000000000000000000000000000000000000 20.050440946360733560187652606723925224
839 74 0 0 0 0.018000000000000000000000000000000000000 21.533290721138918167160452517329225868
839 76 2 2 2 0.28400000000000000000000000000000000000 20.790195057378589185268325289383347022
839 104 0 0 0 0.018000000000000000000000000000000000000 20.987591003894033130095699202807196847
839 108 0 0 0 0.015000000000000000000000000000000000000 21.191882975444896865885950484455685390
839 118 1 1 0 0.42700000000000000000000000000000000000 22.173833553552677769151562348656582188
839 124 0 0 0 0.017000000000000000000000000000000000000 21.711240681107500864081448118988104992
839 134 1 1 0 0.38000000000000000000000000000000000000 22.209377215030899557326483648611667336
839 136 1 1 1 0.025000000000000000000000000000000000000 21.213124961684068097018155090599147374
839 146 0 0 0 0.019000000000000000000000000000000000000 21.752584678535674689358250599712764286
839 176 0 0 0 0.11200000000000000000000000000000000000 21.657213571795373555750812057094456653
839 184 2 2 1 0.55600000000000000000000000000000000000 21.961221817458903475931120090250624998
839 188 1 1 0 0.42700000000000000000000000000000000000 22.262968146838632386482739945416310029
839 206 2 2 2 0.029000000000000000000000000000000000000 22.259650140482623711045729049174629439
839 212 1 1 0 0.38400000000000000000000000000000000000 22.256069227474159496576891373896921781
839 244 0 0 0 0.020000000000000000000000000000000000000 20.934259807852190755569270426197647649
839 256 1 1 0 0.43200000000000000000000000000000000000 20.378192622605401626375638749696901069
839 262 1 1 0 0.23400000000000000000000000000000000000 21.321731537882617637309923630948786477
839 274 1 1 1 0.36500000000000000000000000000000000000 22.123975510945692910511572647474970426
839 316 0 2 0 0.36100000000000000000000000000000000000 21.826392021336826704483308465068768685
839 334 1 1 0 0.27100000000000000000000000000000000000 21.484795826597438312245101395581071358
839 344 1 1 0 0.35900000000000000000000000000000000000 19.022139602399633908642126338980527854
839 346 1 1 0 0.22400000000000000000000000000000000000 20.552970594360787763945323643887873968
839 356 0 0 0 0.044000000000000000000000000000000000000 19.459096989125029354857754225505781578
839 358 0 0 0 0.071000000000000000000000000000000000000 20.927684242909326375480147283010072401
839 368 0 0 0 0.011000000000000000000000000000000000000 21.105591142615029264839949822799248027
839 404 0 2 0 0.34100000000000000000000000000000000000 22.185317216901934884901302627670727807
839 436 0 0 0 0.019000000000000000000000000000000000000 20.017211945932220847262747854865122084
839 448 0 0 0 0.021000000000000000000000000000000000000 20.788527853122723895547928097232695125
839 454 0 0 0 0.13500000000000000000000000000000000000 22.498701027826310881039445534996272442
839 472 0 2 0 0.50100000000000000000000000000000000000 22.275384708079118346389524204347812227
839 488 1 1 0 0.44600000000000000000000000000000000000 21.380720827983300618297142364417318336
839 514 1 1 0 0.37000000000000000000000000000000000000 22.018690678170745827834790114752125045
839 524 0 0 0 0.10500000000000000000000000000000000000 22.267703020735183454140029820805557420
839 526 1 1 0 0.41200000000000000000000000000000000000 22.750000702339965281050446050642617217
839 554 0 0 0 0.082000000000000000000000000000000000000 22.814190134640969415840301043114358026
839 566 1 1 0 0.41000000000000000000000000000000000000 22.837276306462191906765722741831569734
839 568 0 0 0 0.018000000000000000000000000000000000000 22.539849519915949521604748675362930556
839 586 0 0 0 0.020000000000000000000000000000000000000 22.171277013253957385174810112504248282
839 604 1 1 1 0.029000000000000000000000000000000000000 22.894200007981995692326833088404543483
839 622 0 0 0 0.081000000000000000000000000000000000000 22.912754209976458363746865984947502499
839 628 1 1 0 0.33600000000000000000000000000000000000 22.440598140483796055103739627744020893
839 652 0 2 0 0.52700000000000000000000000000000000000 22.931214122408726973794296890673736166
839 656 0 0 0 0.071000000000000000000000000000000000000 22.330367990741399184744612649620857428
839 674 1 3 1 0.75100000000000000000000000000000000000 22.933925025843004434159367078779143948
839 694 0 2 0 0.35700000000000000000000000000000000000 22.927185512815027600871759048721259864
839 706 0 2 0 0.49500000000000000000000000000000000000 22.918243257106327289079383715340046113
839 734 1 1 1 0.12400000000000000000000000000000000000 21.838048439564503596910058037538457573
839 758 0 2 0 0.42300000000000000000000000000000000000 21.387234251561859709382684819585003397
839 772 0 0 0 0.016000000000000000000000000000000000000 22.288191219360358927247673786395909181
839 776 1 1 0 0.35600000000000000000000000000000000000 21.968603169958780500486569189742708338
841 2 0 0 0 0.078000000000000000000000000000000000000 19.011156779495283809317610295894640854
841 32 1 1 0 0.33500000000000000000000000000000000000 18.830665300122208638834016226583419097
841 56 0 0 0 0.020000000000000000000000000000000000000 20.143670762752557722350185933391886019
841 62 1 1 0 0.31100000000000000000000000000000000000 20.485784012203550551990060332450703029
841 64 0 0 0 0.084000000000000000000000000000000000000 19.294337756104050159340895614656095567
841 72 0 0 0 0.085000000000000000000000000000000000000 18.921525114821913791740183743111829029
841 74 1 1 1 0.022000000000000000000000000000000000000 20.555369132767666688170474197340822444
841 76 0 0 0 0.015000000000000000000000000000000000000 20.088486562259763312148936015454782629
841 82 1 1 1 0.021000000000000000000000000000000000000 20.594343758633072160361065746358822220
841 94 1 1 1 0.027000000000000000000000000000000000000 20.166925761516807868719110232368156669
841 98 0 0 0 0.016000000000000000000000000000000000000 19.813513728208278507435951161503789549
841 104 1 1 0 0.45000000000000000000000000000000000000 19.423527324184171872240556621074125780
841 128 0 0 0 0.075000000000000000000000000000000000000 19.237304762656621264498828053239317194
841 134 1 1 1 0.023000000000000000000000000000000000000 20.055670686971928960601842700787972787
841 146 0 0 0 0.077000000000000000000000000000000000000 20.775063332017833590840879884264979227
841 148 2 2 2 0.022000000000000000000000000000000000000 20.300855922953164150398681132944365807
841 160 0 0 0 0.013000000000000000000000000000000000000 19.889556988193775201688407271232817235
841 162 1 1 0 0.27200000000000000000000000000000000000 19.363268626016685328708156641176892549
841 176 0 0 0 0.020000000000000000000000000000000000000 19.725754325243134402318043046523544646
841 196 0 0 0 0.097000000000000000000000000000000000000 19.963675547592557110998177324632928705
841 202 0 2 0 0.39700000000000000000000000000000000000 20.330251708048375091238968040071966725
841 214 0 0 0 0.023000000000000000000000000000000000000 20.800852270496186600889229692701392270
841 226 2 2 1 0.40200000000000000000000000000000000000 20.789040915107414137758685674872864490
841 244 1 1 0 0.48100000000000000000000000000000000000 20.760075813917702952732050382301259452
841 292 1 1 1 0.10300000000000000000000000000000000000 20.106839893394101495404057040899451041
841 314 1 1 0 0.33500000000000000000000000000000000000 20.404382369676756038392550125686484735
841 316 1 1 0 0.30500000000000000000000000000000000000 18.320665763331216551040054181657341802
841 344 0 0 0 0.14300000000000000000000000000000000000 19.248642308581715976269152996121277759
841 356 1 1 0 0.29800000000000000000000000000000000000 19.332362030664663845424709112671859607
841 358 2 2 1 0.42100000000000000000000000000000000000 19.912831245023616659476831192518478770
841 368 0 0 0 0.017000000000000000000000000000000000000 19.631490197261767873216627036866208990
841 386 0 0 0 0.081000000000000000000000000000000000000 20.535595585437231655967021472703229809
841 394 1 1 0 0.28200000000000000000000000000000000000 20.627329124545622651332663393619402662
841 404 1 1 0 0.27400000000000000000000000000000000000 20.722857828910229948378479004516202083
841 412 1 1 0 0.36600000000000000000000000000000000000 20.788344956125167227686541347499571721
841 422 0 0 0 0.065000000000000000000000000000000000000 20.860104062385085557226795008798082701
841 424 0 0 0 0.082000000000000000000000000000000000000 20.572313138335700012655530932952165084
841 446 1 1 0 0.38100000000000000000000000000000000000 20.523092105717720789807214884684870835
841 448 0 2 0 0.42900000000000000000000000000000000000 19.806205851217728703601205027401632166
841 454 2 2 2 0.033000000000000000000000000000000000000 20.562370875721636275382585087310820596
841 478 1 1 0 0.32100000000000000000000000000000000000 20.099860417108503432760295954841862923
841 484 1 1 1 0.10700000000000000000000000000000000000 19.423186053334079565920045218942652311
841 496 0 0 0 0.085000000000000000000000000000000000000 18.751648643813637501167681837255288175
841 508 0 2 0 0.45400000000000000000000000000000000000 20.765446549032329997192400499193786475
841 512 1 1 0 0.48900000000000000000000000000000000000 19.147113991375295926621490138326802895
841 524 0 0 0 0.026000000000000000000000000000000000000 21.287430950779854725450717065312077639
841 554 0 0 0 0.086000000000000000000000000000000000000 20.880252798617432514990178065651253814
841 556 1 1 0 0.51000000000000000000000000000000000000 21.361436285768884085970295185073213506
841 566 1 1 1 0.024000000000000000000000000000000000000 19.451267758268536828845065996020890829
841 578 2 2 1 0.37600000000000000000000000000000000000 19.325962284310612273756682603627573896
841 622 1 1 0 0.34900000000000000000000000000000000000 21.457309714480301475496387570064908432
841 648 0 2 0 0.49200000000000000000000000000000000000 19.742510871050745330271457393700606283
841 664 2 2 2 0.031000000000000000000000000000000000000 21.178566617717711701065000748631473580
841 676 0 0 0 0.018000000000000000000000000000000000000 19.520714732356607132046908794083239743
841 706 2 2 2 0.060000000000000000000000000000000000000 20.511370591235954803800522343957488604
841 722 0 0 0 0.022000000000000000000000000000000000000 20.169074974546796098431595751494136267
841 736 1 1 0 0.33700000000000000000000000000000000000 20.521744128910758773874044018260940534
841 764 0 2 0 0.44900000000000000000000000000000000000 21.350230360411459828122173898936054135
841 776 1 1 1 0.057000000000000000000000000000000000000 20.155275170526676556170042222456619370
842 23 2 2 1 0.56700000000000000000000000000000000000 21.058488612997744381347890220955647355
842 37 1 1 0 0.39900000000000000000000000000000000000 21.738457503112396614567780016228233090
842 43 0 0 0 0.017000000000000000000000000000000000000 21.801642314668698116229414927959493688
842 47 1 1 0 0.43200000000000000000000000000000000000 21.838705568826974524311417014789330713
842 61 0 0 0 0.023000000000000000000000000000000000000 21.945315084799559975208448741014676730
842 83 1 1 1 0.045000000000000000000000000000000000000 19.514718912941197568647452960160227042
842 89 1 1 0 0.29900000000000000000000000000000000000 21.245490147869575677708964719459448865
842 101 1 1 0 0.38400000000000000000000000000000000000 22.135068736092112886262834364150970693
842 107 1 1 0 0.42800000000000000000000000000000000000 21.309234113221796661654984772687191621
842 127 0 0 0 0.10200000000000000000000000000000000000 22.206486280626733462075832589582648716
842 137 1 1 1 0.099000000000000000000000000000000000000 22.226461588201039567936005178690478072
842 163 0 0 0 0.094000000000000000000000000000000000000 22.261923090125045558792594401086013326
842 173 1 1 0 0.46700000000000000000000000000000000000 22.269655539251851207819034192542944736
842 191 1 1 0 0.26400000000000000000000000000000000000 22.275546506817340166154630820736659238
842 193 0 0 0 0.020000000000000000000000000000000000000 21.798437019189875611129339589036180812
842 233 1 1 0 0.33800000000000000000000000000000000000 20.317014282534929849889843772056529995
842 239 0 2 0 0.49200000000000000000000000000000000000 21.759512761768584503039756617259504344
842 257 0 0 0 0.071000000000000000000000000000000000000 21.719421762877599517599735052539955920
842 263 1 1 0 0.42500000000000000000000000000000000000 22.179033941307682741337653962550648937
842 289 0 0 0 0.016000000000000000000000000000000000000 20.839356213352585904972559034114219572
842 313 1 1 1 0.018000000000000000000000000000000000000 20.524089205748025214962725856407710050
842 317 0 0 0 0.080000000000000000000000000000000000000 21.141407768941746859511275908848489288
842 331 0 0 0 0.070000000000000000000000000000000000000 21.608328859726322237421006962703392315
842 347 1 1 0 0.24900000000000000000000000000000000000 20.150511978581736582351099918651765985
842 367 1 1 0 0.29600000000000000000000000000000000000 20.966492539468928367762130719581896592
842 389 1 1 0 0.37900000000000000000000000000000000000 22.033054208791027523921639439958617157
842 397 1 1 0 0.31900000000000000000000000000000000000 22.119730891103837276208134932404209780
842 439 2 2 2 0.14500000000000000000000000000000000000 22.426793207407222457231545008361751355
842 443 2 2 1 0.32100000000000000000000000000000000000 22.448402547605651033444828901868064990
842 457 1 1 1 0.16300000000000000000000000000000000000 22.517485579530989156459506197126327355
842 461 1 1 0 0.29200000000000000000000000000000000000 22.535574736068080108799544612410422263
842 467 2 2 2 0.16000000000000000000000000000000000000 21.163559186209649555069628360472770483
842 509 0 0 0 0.077000000000000000000000000000000000000 22.233152372085268325800989797111152965
842 523 1 1 1 0.11600000000000000000000000000000000000 22.749667886021928452196378385661295493
842 569 0 2 0 0.52700000000000000000000000000000000000 22.851438360126051836603395373947959023
842 577 1 1 1 0.10500000000000000000000000000000000000 22.865259124567969742094942582340892023
842 593 0 0 0 0.021000000000000000000000000000000000000 22.889683554391054555059413136610376219
842 607 1 1 1 0.18900000000000000000000000000000000000 22.430463084571301436726501305178183708
842 653 0 2 0 0.47400000000000000000000000000000000000 21.988902468543639633584491489565432634
842 661 1 1 1 0.065000000000000000000000000000000000000 22.468339814879430943741019552387835679
842 677 0 0 0 0.13700000000000000000000000000000000000 22.101162072820949613850182024107046289
842 709 0 0 0 0.14300000000000000000000000000000000000 22.930207121052263718160569817421807060
842 757 0 0 0 0.082000000000000000000000000000000000000 22.842556251683289871447524355654457596
842 773 1 3 1 0.63700000000000000000000000000000000000 22.785332033492062584858726920425555300
843 256 2 2 1 0.48600000000000000000000000000000000000 20.397991551027797454549782416128824020
844 11 2 2 1 0.54600000000000000000000000000000000000 19.902023905755316818990703251040435501
844 25 1 1 1 0.22700000000000000000000000000000000000 20.402542675577024281724489553515563254
844 41 0 0 0 0.017000000000000000000000000000000000000 19.566217746885613639893247953246789333
844 49 0 0 0 0.017000000000000000000000000000000000000 21.018130874133674759268338720164624882
844 53 1 1 0 0.42500000000000000000000000000000000000 21.895534951642322074393937681466802815
844 59 0 0 0 0.088000000000000000000000000000000000000 21.939178228058785524681039623175455191
844 73 1 1 0 0.34300000000000000000000000000000000000 22.023509414275466695692657738131081144
844 79 1 1 1 0.029000000000000000000000000000000000000 21.576634495082361884198190588926065654
844 109 0 0 0 0.088000000000000000000000000000000000000 21.322732175394780683161472081697243948
844 113 1 1 0 0.41000000000000000000000000000000000000 22.179328682617891517166055829562441595
844 131 0 0 0 0.085000000000000000000000000000000000000 21.523568398784865545392948138050905385
844 151 2 2 2 0.036000000000000000000000000000000000000 21.779027700420989586183187700466606562
844 157 1 1 0 0.44400000000000000000000000000000000000 20.901835066026281485261722887369797749
844 179 1 1 1 0.12000000000000000000000000000000000000 22.280827957139522451733019771913607691
844 181 2 2 1 0.52500000000000000000000000000000000000 21.582666232834898460168015714627362254
844 193 0 0 0 0.089000000000000000000000000000000000000 22.283809926384940916548183460272713665
844 199 0 2 0 0.46000000000000000000000000000000000000 22.283150491272702700277437818213057501
844 229 1 1 1 0.023000000000000000000000000000000000000 22.261047964901059921874472081925824080
844 241 1 1 1 0.035000000000000000000000000000000000000 21.765178652667386050519626394684483777
844 269 1 1 0 0.35600000000000000000000000000000000000 21.470580113471738269063477166122079249
844 283 1 3 1 0.43500000000000000000000000000000000000 21.267240769126285145674128845824422917
844 289 0 2 0 0.44800000000000000000000000000000000000 20.851366916559883134565866810283936326
844 311 1 1 1 0.085000000000000000000000000000000000000 21.921862363043325429597226799635413166
844 317 1 1 0 0.35000000000000000000000000000000000000 20.058299876512534040538335250862708537
844 347 0 0 0 0.055000000000000000000000000000000000000 20.800691910518217609084878448109372300
844 361 0 0 0 0.077000000000000000000000000000000000000 20.182056593856424985849101073495446781
844 389 0 0 0 0.11500000000000000000000000000000000000 21.553171787427442143056320208969327386
844 409 0 0 0 0.017000000000000000000000000000000000000 22.227676397441565354274591764006456556
844 421 0 0 0 0.019000000000000000000000000000000000000 21.840740895915322829831389327858827474
844 431 0 0 0 0.084000000000000000000000000000000000000 21.683707654058061252466038866579546215
844 463 0 0 0 0.017000000000000000000000000000000000000 22.547809032858603725965189338703300143
844 467 1 1 1 0.10800000000000000000000000000000000000 21.719966974884294783348334050941026486
844 499 0 0 0 0.019000000000000000000000000000000000000 22.683746733091094752600374836032444892
844 503 0 2 0 0.51400000000000000000000000000000000000 22.696511596675343895025269112388499436
844 509 0 2 0 0.57300000000000000000000000000000000000 22.714913249257031953624162927659491706
844 521 0 0 0 0.090000000000000000000000000000000000000 22.749194201501950730366950391051832397
844 571 1 1 0 0.42500000000000000000000000000000000000 22.860839259276845578560502756362672235
844 587 1 1 1 0.028000000000000000000000000000000000000 20.242733766576442688740263018198746885
844 599 1 1 0 0.36200000000000000000000000000000000000 22.059040588120056765171768431600165801
844 613 2 2 1 0.40400000000000000000000000000000000000 22.920945954646130930172783786435052449
844 619 0 0 0 0.052000000000000000000000000000000000000 21.751069470189217592855507272587248575
844 641 1 1 0 0.32000000000000000000000000000000000000 20.377736551785673849292829852090777926
844 661 0 0 0 0.073000000000000000000000000000000000000 22.953347516946370484928792911038846987
844 701 1 1 1 0.022000000000000000000000000000000000000 22.946065476795218665550998724395729755
844 751 0 0 0 0.026000000000000000000000000000000000000 22.872233398989338225490720801564100496
844 809 1 1 0 0.36400000000000000000000000000000000000 22.565463583420201918450420288354070484
847 16 1 1 0 0.56900000000000000000000000000000000000 19.753735399211334631563946593892227974
848 13 0 0 0 0.076000000000000000000000000000000000000 20.708909451900783475335752870207887236
848 23 0 0 0 0.014000000000000000000000000000000000000 20.256198302357752622348353822851888606
848 43 0 0 0 0.021000000000000000000000000000000000000 19.789918153608397741846306051793134822
848 49 1 1 0 0.45300000000000000000000000000000000000 20.430542811586326202346711803315934569
848 67 1 3 0 0.69100000000000000000000000000000000000 20.557376814683363194326434530765157356
848 83 1 1 1 0.024000000000000000000000000000000000000 20.162692111866688688264035449226187581
848 107 1 1 1 0.067000000000000000000000000000000000000 21.574611833845447928661935355366024069
848 127 1 1 1 0.046000000000000000000000000000000000000 20.928144287142921577542014562719968266
848 167 0 0 0 0.032000000000000000000000000000000000000 21.687035780579762739490681542483509972
848 197 0 0 0 0.099000000000000000000000000000000000000 21.697987345049522775360639331592417321
848 229 0 0 0 0.029000000000000000000000000000000000000 21.676799940886077029178138843601681450
848 233 1 1 1 0.039000000000000000000000000000000000000 19.334997355119392914888043100355045495
848 257 1 1 0 0.48500000000000000000000000000000000000 20.778915301623505364521172669937366574
848 263 2 2 2 0.038000000000000000000000000000000000000 20.285105597513773686509786788276480224
848 271 1 1 0 0.31800000000000000000000000000000000000 21.581375645881186204427579126364288026
848 281 1 1 1 0.081000000000000000000000000000000000000 18.748837179465248494884094786673603039
848 283 1 1 0 0.40000000000000000000000000000000000000 21.532952323858035948978484125532048958
848 293 2 2 2 0.039000000000000000000000000000000000000 21.481482761364681988225940717088836260
848 307 2 2 2 0.037000000000000000000000000000000000000 21.385025679013532692122006447854045966
848 337 0 0 0 0.078000000000000000000000000000000000000 20.937145295401607060888992636692429213
848 349 1 1 1 0.022000000000000000000000000000000000000 19.674775517922712924174544841224440835
848 373 1 1 1 0.029000000000000000000000000000000000000 20.466423566428219454085216343072867295
848 397 0 2 0 0.56600000000000000000000000000000000000 21.513549184280175005826695886843204638
848 419 2 2 2 0.034000000000000000000000000000000000000 21.704036230514439216735708589738229886
848 433 1 1 1 0.23800000000000000000000000000000000000 21.796786150853220873368496967662117320
848 457 0 0 0 0.082000000000000000000000000000000000000 21.447847571570519334536989908912463567
848 461 1 1 1 0.099000000000000000000000000000000000000 21.466363625539721039912209916134326297
848 463 1 1 1 0.029000000000000000000000000000000000000 21.952487257338007044158218253268125715
848 491 1 1 0 0.41300000000000000000000000000000000000 22.063236104255763860067717638407857424
848 503 0 2 0 0.57300000000000000000000000000000000000 22.103356449930150287618404880227077406
848 509 0 2 0 0.73900000000000000000000000000000000000 22.122021922546595133825059389417851193
848 547 0 0 0 0.10600000000000000000000000000000000000 20.514134212409954724704729732613635858
848 563 2 2 1 0.60600000000000000000000000000000000000 22.255260220279702315770876214694617353
848 587 0 0 0 0.023000000000000000000000000000000000000 21.820166754679095947842921968822384421
848 593 0 0 0 0.10300000000000000000000000000000000000 22.306299611545944945749825170943922996
848 601 1 1 1 0.036000000000000000000000000000000000000 21.840280714114942131660009854121777933
848 617 4 4 4 0.096000000000000000000000000000000000000 22.336486113956507014048702103782437395
848 631 1 1 0 0.51400000000000000000000000000000000000 22.349744312278296257510268143000815872
848 643 0 0 0 0.093000000000000000000000000000000000000 22.358490077813139852069877637383749708
848 647 1 1 1 0.034000000000000000000000000000000000000 22.360853198174685339202725583185542555
848 653 0 0 0 0.033000000000000000000000000000000000000 22.363866439866808543918410567400750593
848 691 0 0 0 0.088000000000000000000000000000000000000 20.935501450516268291389671679398837949
848 733 1 1 0 0.50200000000000000000000000000000000000 22.329709085261996060617672686008763850
848 739 0 0 0 0.066000000000000000000000000000000000000 20.958013893886588537645890419471953627
848 743 0 0 0 0.097000000000000000000000000000000000000 22.312282988598086998343852153445244490
848 757 0 2 0 0.57900000000000000000000000000000000000 22.280304458675066771403543038295495294
848 797 1 1 1 0.11000000000000000000000000000000000000 22.110592403200633582271068651055094255
848 841 0 2 0 0.63000000000000000000000000000000000000 19.868845399354500479580844133954653381
851 4 0 0 0 0.096000000000000000000000000000000000000 19.291955807638039504970150664820378376
851 256 1 1 0 0.28700000000000000000000000000000000000 19.482761910511508618641319573109886292
853 2 1 1 1 0.033000000000000000000000000000000000000 20.039505250613241603242225623467478672
853 8 1 1 1 0.16300000000000000000000000000000000000 19.703462400948030966035489749834277127
853 12 0 2 0 0.52500000000000000000000000000000000000 19.831794518790607415132127883986265001
853 48 2 2 2 0.41100000000000000000000000000000000000 21.285090871330202871687549585347039627
853 50 1 1 1 0.11800000000000000000000000000000000000 21.205076931414019499654460092295635238
853 62 1 3 0 0.66800000000000000000000000000000000000 21.991727620147275732669712789294087427
853 82 0 0 0 0.028000000000000000000000000000000000000 21.255562390800983050777576351309936912
853 86 1 1 1 0.15400000000000000000000000000000000000 22.118393124341342571545494221459459662
853 104 1 1 1 0.034000000000000000000000000000000000000 21.884645038563902637518610953710241396
853 112 1 1 1 0.14600000000000000000000000000000000000 21.607941937643493158539039661912502710
853 116 0 2 0 0.50600000000000000000000000000000000000 22.221052414509547924693700394419436253
853 122 0 2 0 0.40000000000000000000000000000000000000 20.692266229716424431134817869415829442
853 144 1 1 0 0.36900000000000000000000000000000000000 21.201221302795070848319332565209194405
853 148 0 0 0 0.090000000000000000000000000000000000000 22.286563130920700802782549856747842606
853 188 0 0 0 0.085000000000000000000000000000000000000 22.319957773919542327620786425383618913
853 194 0 2 0 0.48300000000000000000000000000000000000 22.320657141215381440527764267419518856
853 202 1 1 0 0.43000000000000000000000000000000000000 22.319809259642427774804651076822409755
853 218 0 0 0 0.10700000000000000000000000000000000000 21.834630543665289165187696248424348216
853 226 0 0 0 0.11200000000000000000000000000000000000 22.304336033010593789938037484959647958
853 232 1 1 0 0.32600000000000000000000000000000000000 21.041901769320528904216386300584192903
853 242 1 1 0 0.31300000000000000000000000000000000000 21.240550221558368463474904667464783887
853 256 0 2 0 0.60600000000000000000000000000000000000 20.446639620129578580358154373941344936
853 268 1 1 1 0.13300000000000000000000000000000000000 21.742115431713861461904169885958619693
853 274 0 0 0 0.093000000000000000000000000000000000000 21.353763751136071542370593585729154719
853 278 2 2 2 0.081000000000000000000000000000000000000 20.639674909846634834875224623636474008
853 284 0 2 0 0.52000000000000000000000000000000000000 22.158465202537502732045496592871922998
853 292 1 1 1 0.12200000000000000000000000000000000000 22.119108559731306537881583994615514589
853 302 1 1 0 0.37800000000000000000000000000000000000 22.058445164876242065247994440617360519
853 320 0 0 0 0.022000000000000000000000000000000000000 20.694791928131021389839397298578663720
853 356 1 1 0 0.26600000000000000000000000000000000000 20.852727945476675538461716956169715928
853 358 0 2 0 0.39000000000000000000000000000000000000 20.620478513662184374564473046034869595
853 368 1 1 1 0.080000000000000000000000000000000000000 20.159154055083552653111170080853110154
853 376 0 2 0 0.38400000000000000000000000000000000000 18.490940132620625326342549307250209793
853 382 1 1 1 0.39300000000000000000000000000000000000 21.912907575878283531371925474121706241
853 388 1 1 0 0.36600000000000000000000000000000000000 22.001762728702012487060894661262244397
853 398 0 0 0 0.070000000000000000000000000000000000000 21.644766396304494577490230311928337967
853 412 1 1 0 0.35900000000000000000000000000000000000 20.931139538109420555148747485884687728
853 428 1 1 0 0.31900000000000000000000000000000000000 20.000516986777508610459153918175693698
853 458 0 0 0 0.12400000000000000000000000000000000000 22.539443536815658840168546615489200647
853 482 0 0 0 0.089000000000000000000000000000000000000 22.642154303502075023006490617784464958
853 496 0 0 0 0.10200000000000000000000000000000000000 22.090939825458377845913297103173899707
853 512 1 1 1 0.038000000000000000000000000000000000000 19.406844892938984569235343057132339040
853 538 1 1 0 0.46500000000000000000000000000000000000 22.338411407195529406748634586443875059
853 554 1 1 0 0.42500000000000000000000000000000000000 22.852474955622882636943191689515920078
853 566 1 1 1 0.23900000000000000000000000000000000000 22.877123606306168281308197473429165735
853 568 0 2 0 0.48300000000000000000000000000000000000 21.734859607840141463408218959021197420
853 584 1 1 0 0.38700000000000000000000000000000000000 22.608440728752852840242570915878661870
853 622 1 1 0 0.42000000000000000000000000000000000000 22.261425054728030267130507753977479580
853 632 1 1 0 0.53200000000000000000000000000000000000 21.714649408110591811221554349961896203
853 634 1 1 0 0.32300000000000000000000000000000000000 22.971630440231952771919104254169725362
853 652 1 1 0 0.42800000000000000000000000000000000000 22.983980984612274866201996796689499161
853 688 2 2 1 0.70600000000000000000000000000000000000 22.388994401417540390054510475878176552
853 692 0 0 0 0.098000000000000000000000000000000000000 22.990227940577734534715000836031361906
853 694 1 1 1 0.12900000000000000000000000000000000000 22.989681519122849451849646208823633664
853 698 1 1 1 0.29200000000000000000000000000000000000 22.988314816783212049880652602988890870
853 724 1 1 0 0.44000000000000000000000000000000000000 22.969570178810504552798957924913809528
853 736 0 0 0 0.019000000000000000000000000000000000000 21.573981964618519946118786662074752827
853 766 0 0 0 0.014000000000000000000000000000000000000 22.890254500570486662977268500114009076
853 794 0 0 0 0.021000000000000000000000000000000000000 21.824400932495293353981056715521086634
856 5 1 1 0 0.45000000000000000000000000000000000000 20.624122633956794181962283202008555665
856 7 0 0 0 0.097000000000000000000000000000000000000 20.770151070462028063823389650237226690
856 23 1 1 0 0.33200000000000000000000000000000000000 20.439687407759626093996896044432515121
856 37 0 2 0 0.59200000000000000000000000000000000000 21.010630243166502672797529477817350409
856 41 1 1 0 0.42200000000000000000000000000000000000 20.685927495831921063097978715837496095
856 61 0 0 0 0.097000000000000000000000000000000000000 21.694948219724876712262678391861144264
856 79 1 1 1 0.035000000000000000000000000000000000000 21.796420208734163603639034022795995023
856 81 2 2 2 0.28300000000000000000000000000000000000 19.675555689003850277204932969958225108
856 89 1 1 1 0.047000000000000000000000000000000000000 20.886613933099978729946193071848489477
856 101 0 0 0 0.031000000000000000000000000000000000000 21.885698820619302859745086489104799695
856 127 1 1 0 0.33500000000000000000000000000000000000 19.572513344079445609705051682536362633
856 131 1 1 1 0.12400000000000000000000000000000000000 21.267776799435503994022754339457440504
856 149 1 1 1 0.49200000000000000000000000000000000000 21.998430964660081726245569437319648035
856 151 1 1 0 0.37400000000000000000000000000000000000 22.001268848955487542284497602013642847
856 167 0 0 0 0.030000000000000000000000000000000000000 22.019344557785521598638450076751794561
856 191 1 1 0 0.44300000000000000000000000000000000000 22.031531741317983129337082712406718809
856 197 1 1 0 0.36200000000000000000000000000000000000 20.600427193302905207822125651104030006
856 211 2 2 1 0.44900000000000000000000000000000000000 22.027906047169235523601439537169106239
856 229 1 1 1 0.14700000000000000000000000000000000000 22.013045051830288097655313036295148893
856 271 1 1 0 0.37300000000000000000000000000000000000 20.601516672114208992377499435125631179
856 283 1 1 0 0.37000000000000000000000000000000000000 21.033295051611854177711169476235795557
856 313 1 1 0 0.38300000000000000000000000000000000000 21.692234097022844840569648614603132902
856 317 0 0 0 0.029000000000000000000000000000000000000 20.809313168738570187890939279801752114
856 367 1 1 0 0.27600000000000000000000000000000000000 21.241255808571438895865024133631624913
856 379 1 1 0 0.33300000000000000000000000000000000000 21.071177428322676686225959019621149146
856 383 1 1 0 0.31800000000000000000000000000000000000 20.388042678837924699063706799314291062
856 401 1 1 0 0.31500000000000000000000000000000000000 21.849837196910503635435302213800332265
856 409 2 2 1 0.55500000000000000000000000000000000000 21.926391656902087775559031429359965287
856 419 1 1 0 0.38400000000000000000000000000000000000 21.309525354112452699244157770304995736
856 431 1 1 0 0.52400000000000000000000000000000000000 20.916417779614038251170377021660352955
856 439 0 0 0 0.026000000000000000000000000000000000000 22.141825625492149082730763375088289153
856 449 1 1 0 0.37100000000000000000000000000000000000 20.875290477326023047066038889829808264
856 457 2 2 1 0.46500000000000000000000000000000000000 22.238056387786056383964888840787609242
856 479 1 1 1 0.049000000000000000000000000000000000000 21.489867023938287543615474607718772205
856 499 0 2 0 0.62400000000000000000000000000000000000 22.408435742782130690680982548977474888
856 509 1 1 0 0.37600000000000000000000000000000000000 22.440949772074052232806837312072757546
856 523 0 0 0 0.093000000000000000000000000000000000000 22.005263123660953261221680258941938654
856 541 1 1 0 0.42000000000000000000000000000000000000 22.052284641562898189858046582994821592
856 569 0 2 0 0.49300000000000000000000000000000000000 21.891273357117934331199813502065652961
856 601 0 0 0 0.026000000000000000000000000000000000000 22.643369160244523461983750704398569604
856 607 0 0 0 0.095000000000000000000000000000000000000 22.651487078510828204427109323928680055
856 653 0 0 0 0.10900000000000000000000000000000000000 22.694449278810594323053428249900413875
856 661 1 1 0 0.45100000000000000000000000000000000000 22.698306617362193832222772644143725142
856 673 1 1 0 0.51200000000000000000000000000000000000 22.701925499270021196798215899922962915
856 691 0 0 0 0.094000000000000000000000000000000000000 22.702124432924292503011538096415547584
856 739 2 2 2 0.045000000000000000000000000000000000000 22.187626703941495803088479527170078816
856 761 0 0 0 0.11800000000000000000000000000000000000 21.776830742354473281727860438298039299
856 821 1 1 1 0.039000000000000000000000000000000000000 22.308293868102015428441557700723838026
856 823 0 0 0 0.023000000000000000000000000000000000000 22.286513322514169471261308157030340782
857 32 0 0 0 0.025000000000000000000000000000000000000 20.128672309476254323110825521295946818
857 36 1 1 0 0.36200000000000000000000000000000000000 21.303628722927278139280981181938646741
857 38 0 0 0 0.031000000000000000000000000000000000000 21.326491436175134163436253276750343242
857 40 0 0 0 0.032000000000000000000000000000000000000 21.524206597840313992787103195506485230
857 52 1 1 0 0.46200000000000000000000000000000000000 21.457420860268350319123184970264765849
857 58 1 1 0 0.41200000000000000000000000000000000000 21.979177075159514893016478555561913505
857 86 1 1 0 0.40000000000000000000000000000000000000 22.132918897870680815084974405779651923
857 92 2 2 2 0.041000000000000000000000000000000000000 21.680411995543885564574113402707862200
857 96 0 2 0 0.63200000000000000000000000000000000000 21.269612841000088731912682088439200406
857 98 1 1 0 0.64300000000000000000000000000000000000 21.334842622050072841007545634620964885
857 112 0 0 0 0.16000000000000000000000000000000000000 21.622698996714407992128332740906790034
857 116 1 1 0 0.49600000000000000000000000000000000000 22.235852380814222033745895382422951275
857 122 1 1 0 0.42000000000000000000000000000000000000 21.406104630732853997697397436923747108
857 142 0 0 0 0.052000000000000000000000000000000000000 21.338011358250437200234935948995778412
857 144 0 0 0 0.025000000000000000000000000000000000000 21.216387244544840067050946335553141952
857 158 0 0 0 0.10000000000000000000000000000000000000 22.315049709500518736122731928599294488
857 164 1 1 0 0.47900000000000000000000000000000000000 21.844349775152823094862117986995245229
857 178 2 2 1 0.43800000000000000000000000000000000000 21.854984720011775002404869329763605358
857 188 0 2 0 0.52200000000000000000000000000000000000 22.336015173891548481712406037292440680
857 208 0 0 0 0.024000000000000000000000000000000000000 21.732404851544639197590387852364017158
857 216 0 2 0 0.36000000000000000000000000000000000000 20.229822531168844570453976677611171391
857 242 1 1 1 0.022000000000000000000000000000000000000 21.258742759249341414437581367814221816
857 248 0 0 0 0.15000000000000000000000000000000000000 21.988190369245000946712429104565655945
857 262 1 1 0 0.29900000000000000000000000000000000000 22.256757625393423361421365159910196821
857 274 1 1 1 0.11300000000000000000000000000000000000 21.374583942219921629960325333045630726
857 298 1 1 0 0.27200000000000000000000000000000000000 22.109200367564120612871249628658162625
857 302 0 0 0 0.018000000000000000000000000000000000000 22.084167315958782839183425652819033643
857 332 1 1 0 0.23700000000000000000000000000000000000 21.067957961659721884200339983755995804
857 334 1 1 0 0.23200000000000000000000000000000000000 21.730189732289459088433393342600439361
857 346 0 2 0 0.43700000000000000000000000000000000000 20.016211900236299674260724530688061020
857 352 0 2 0 0.55000000000000000000000000000000000000 20.003651138601730637370867553249222161
857 362 0 0 0 0.054000000000000000000000000000000000000 19.968840751257974276216162963615223604
857 382 0 0 0 0.070000000000000000000000000000000000000 21.200384454115106421627962048313665753
857 388 0 0 0 0.018000000000000000000000000000000000000 21.992830694329399619675344120922004111
857 424 1 1 0 0.38700000000000000000000000000000000000 22.045698973988909743677184907772472832
857 428 0 0 0 0.096000000000000000000000000000000000000 20.883099102389353765872864607533485987
857 436 0 0 0 0.067000000000000000000000000000000000000 22.425856333707292913498974119936698566
857 446 0 0 0 0.011000000000000000000000000000000000000 22.483674253721072016139781297228192075
857 452 1 1 0 0.33400000000000000000000000000000000000 21.084114679273082236851248095290648510
857 454 3 3 3 0.39800000000000000000000000000000000000 22.525652593757940108518839412817637608
857 458 1 1 0 0.27200000000000000000000000000000000000 22.545404999099790913473006766850034143
857 472 0 0 0 0.066000000000000000000000000000000000000 22.307901557709097680558746922255494619
857 482 1 1 0 0.55900000000000000000000000000000000000 21.251732883992150991227470167334028826
857 486 1 1 0 0.36700000000000000000000000000000000000 20.756535786369341647085895294698260466
857 500 1 1 0 0.40200000000000000000000000000000000000 21.316988785219741041110293577063837423
857 508 1 1 0 0.37300000000000000000000000000000000000 22.741028000545841921360211351113005795
857 538 0 2 0 0.45700000000000000000000000000000000000 22.348422768435077228224315476968354735
857 554 0 0 0 0.081000000000000000000000000000000000000 22.863081880623938756588247721454012330
857 562 1 1 0 0.41000000000000000000000000000000000000 22.880087558447806396333863451863766842
857 578 1 1 0 0.35600000000000000000000000000000000000 21.203202166107480128644831963687827987
857 584 0 0 0 0.027000000000000000000000000000000000000 22.620143638340080353427790961904736985
857 592 2 2 2 0.037000000000000000000000000000000000000 21.854946634440371061051957923562800644
857 622 1 1 1 0.14100000000000000000000000000000000000 22.973578973498780487434649220697280588
857 648 1 1 0 0.41200000000000000000000000000000000000 21.263678205238937719433267110503882668
857 662 1 1 0 0.46400000000000000000000000000000000000 22.158388152363598895293612312887340735
857 694 1 1 0 0.28700000000000000000000000000000000000 23.006775945775389280514830262764833278
857 704 2 2 2 0.025000000000000000000000000000000000000 21.322187311758351423821379881607679609
857 724 1 1 0 0.40300000000000000000000000000000000000 22.989319551946996192135568903224160695
857 736 0 0 0 0.025000000000000000000000000000000000000 20.076622302150447293306442272844156727
857 758 0 0 0 0.031000000000000000000000000000000000000 22.459039052457293675257337115307080674
857 788 1 1 1 0.15300000000000000000000000000000000000 22.841488037913632857443062862236800719
857 802 0 2 0 0.42600000000000000000000000000000000000 22.770786897906036026083657629932993177
857 856 0 2 0 0.45400000000000000000000000000000000000 20.830120530755029757514992347926383767
859 18 1 1 0 0.34300000000000000000000000000000000000 19.551339059516372872980990195504943766
859 26 1 1 0 0.52700000000000000000000000000000000000 20.804005945657677774713347934931486242
859 34 0 0 0 0.018000000000000000000000000000000000000 21.064649591687574815480734946794075661
859 40 0 0 0 0.026000000000000000000000000000000000000 21.054202879026935984452659444105389633
859 44 1 1 0 0.41300000000000000000000000000000000000 21.872345684083243398948751334272360731
859 54 1 1 1 0.44400000000000000000000000000000000000 21.002939012512365703147602410705978360
859 56 1 1 0 0.48700000000000000000000000000000000000 21.671020366463249268686489161623191384
859 64 1 1 0 0.41700000000000000000000000000000000000 20.821867428286940685044392304250587683
859 76 1 1 0 0.39200000000000000000000000000000000000 21.139216175171183539566803940142314307
859 100 0 2 0 0.55200000000000000000000000000000000000 21.495280152277193713562929264507449422
859 122 1 1 1 0.50300000000000000000000000000000000000 21.781487100950677008078326448399683876
859 128 1 1 0 0.43600000000000000000000000000000000000 20.767383811473331662701954706973729496
859 142 1 1 0 0.36900000000000000000000000000000000000 22.299791475373228362648093167460453248
859 144 0 0 0 0.039000000000000000000000000000000000000 21.223939843366005047971361480947572795
859 146 1 1 0 0.45300000000000000000000000000000000000 22.306315297478611485962561516713906200
859 164 1 1 0 0.61700000000000000000000000000000000000 22.329194766867365586394802433866522729
859 166 1 1 0 0.64300000000000000000000000000000000000 21.155012936425609627402455732393494501
859 194 0 2 0 0.74000000000000000000000000000000000000 20.913587621744689670558825150489568410
859 196 0 0 0 0.18200000000000000000000000000000000000 21.499919698499352639474667245053155531
859 208 2 2 1 0.73200000000000000000000000000000000000 21.740693134681482071202230134866310555
859 214 0 0 0 0.21000000000000000000000000000000000000 20.727075641543193993526766656091743457
859 226 1 1 0 0.60400000000000000000000000000000000000 21.099892253290068592699373928853766668
859 236 2 2 1 0.50500000000000000000000000000000000000 22.318326941675822502252162741128539658
859 248 1 1 0 0.24300000000000000000000000000000000000 21.043169936641530784936832129958767490
859 254 2 2 1 0.46600000000000000000000000000000000000 21.244610323363648171053023376840377906
859 274 0 0 0 0.087000000000000000000000000000000000000 21.752880272499662727591560996750901239
859 296 1 1 0 0.34800000000000000000000000000000000000 21.831804361971186793154896782137006507
859 298 1 1 0 0.38100000000000000000000000000000000000 22.121401841965247267812929898602627897
859 314 1 1 0 0.26100000000000000000000000000000000000 22.006278368615787787874212987942902463
859 326 1 1 0 0.32900000000000000000000000000000000000 21.877314150631202318157687547540548108
859 362 1 1 0 0.36400000000000000000000000000000000000 21.242580923759946855999356810912571963
859 376 0 2 0 0.48300000000000000000000000000000000000 21.471302519086553385981832900374709034
859 386 1 1 0 0.30300000000000000000000000000000000000 19.945132005510593336137381393441203000
859 394 0 0 0 0.090000000000000000000000000000000000000 22.068341878639150188402148085688503221
859 404 0 0 0 0.020000000000000000000000000000000000000 22.179160673008457529019760610813002978
859 422 2 2 2 0.11100000000000000000000000000000000000 20.469823901552139115936385697327629957
859 436 1 1 1 0.11500000000000000000000000000000000000 21.950586533749574797773016902500020412
859 446 1 1 1 0.038000000000000000000000000000000000000 22.008940806720248656101006866786951109
859 452 1 1 0 0.31700000000000000000000000000000000000 21.673042411355112993138753450560511584
859 502 1 1 0 0.35200000000000000000000000000000000000 22.725816980472161848402341779726929604
859 512 0 2 0 0.41600000000000000000000000000000000000 20.650693782755722885838975822405609080
859 536 1 1 0 0.31000000000000000000000000000000000000 22.047268842920271113739407512508692772
859 538 0 2 0 0.49900000000000000000000000000000000000 22.830496495584592535944284715049197468
859 542 0 0 0 0.028000000000000000000000000000000000000 22.840412508063563789764765714510555264
859 544 1 1 0 0.38600000000000000000000000000000000000 21.465042782753513459441788428923671390
859 584 1 1 0 0.48300000000000000000000000000000000000 21.926967068854659725048576016833933388
859 586 1 1 0 0.34900000000000000000000000000000000000 21.699890728781473329482722024353257511
859 604 1 1 1 0.10600000000000000000000000000000000000 22.957795581457410377109583939750420924
859 648 1 1 0 0.38900000000000000000000000000000000000 20.425678733956423708074228065641386003
859 656 0 2 0 0.61500000000000000000000000000000000000 22.405961634280804604607506888761945029
859 674 1 1 0 0.45900000000000000000000000000000000000 23.014836631882386075541332873493230574
859 688 1 1 1 0.043000000000000000000000000000000000000 21.936762512274858821291771955814932949
859 712 1 1 0 0.33800000000000000000000000000000000000 19.964425458534237124191879154318258619
859 716 0 0 0 0.032000000000000000000000000000000000000 21.829464791221557560015570847929178521
859 736 1 1 0 0.58900000000000000000000000000000000000 22.082636089328699766464031691822493254
859 788 0 0 0 0.032000000000000000000000000000000000000 20.672596176370707629800280523245594079
859 794 2 2 1 0.55600000000000000000000000000000000000 22.830954365967622365480536482289843307
859 824 1 1 0 0.60700000000000000000000000000000000000 21.842039432328110419679521670101985324
859 848 0 2 0 0.78000000000000000000000000000000000000 21.559691109132129490072772287479547074
862 7 0 0 0 0.17500000000000000000000000000000000000 20.615297140646672199548746993575896751
862 37 0 0 0 0.017000000000000000000000000000000000000 21.111125530922174109713510762132587162
862 43 0 0 0 0.021000000000000000000000000000000000000 21.396255628745802013282188055355934075
862 49 2 2 2 0.058000000000000000000000000000000000000 21.082715205491948320198615334841184271
862 71 0 0 0 0.10500000000000000000000000000000000000 22.077795586813973384581385805511121902
862 73 0 2 0 0.61200000000000000000000000000000000000 21.243540934120469717013280414038731018
862 83 1 1 0 0.35100000000000000000000000000000000000 21.183493844578415153511115914053264026
862 97 1 1 0 0.34600000000000000000000000000000000000 21.717395154080289040886316541376098160
862 103 0 0 0 0.027000000000000000000000000000000000000 22.215314082805730645977467080333588804
862 107 1 1 0 0.37800000000000000000000000000000000000 22.228145265934756946832067904752283334
862 113 0 0 0 0.11600000000000000000000000000000000000 21.546984187537078764296536285368295728
862 125 2 2 2 0.093000000000000000000000000000000000000 20.878907550764795845290240858779777040
862 127 0 0 0 0.031000000000000000000000000000000000000 21.436330318299962366693821448447752701
862 139 1 1 0 0.40800000000000000000000000000000000000 22.305776024198748146239588793499974991
862 149 1 1 0 0.32100000000000000000000000000000000000 22.322205371054829261740362660467348614
862 173 0 0 0 0.031000000000000000000000000000000000000 21.871375172696514059813331233641500806
862 197 0 2 0 0.56500000000000000000000000000000000000 22.357129608220317094810765662846156699
862 211 1 1 0 0.34400000000000000000000000000000000000 22.353914564570392290115356222602808438
862 223 1 1 0 0.36900000000000000000000000000000000000 21.868882242144314946642275152053335143
862 233 1 1 1 0.15500000000000000000000000000000000000 22.335479737028287457863918712613127849
862 241 0 0 0 0.025000000000000000000000000000000000000 21.370012973783815570363846535514396865
862 251 0 0 0 0.025000000000000000000000000000000000000 22.306349085862993714040957099001664035
862 269 1 1 0 0.27000000000000000000000000000000000000 21.416247118261382299232043506242714773
862 277 1 1 0 0.48200000000000000000000000000000000000 21.757815460771846080204948922295233107
862 293 1 1 0 0.23700000000000000000000000000000000000 22.166391021685523950046144792741520602
862 307 1 1 0 0.46800000000000000000000000000000000000 22.082357675341439398806242712853799791
862 311 1 1 0 0.38800000000000000000000000000000000000 22.052503629887412919575220829046199554
862 337 1 1 0 0.28900000000000000000000000000000000000 21.030692486349991279165897571109955743
862 347 0 0 0 0.10100000000000000000000000000000000000 21.443221608021461113203338536015254774
862 373 1 1 0 0.38000000000000000000000000000000000000 21.675604411330701551333078391492861213
862 379 1 1 0 0.37200000000000000000000000000000000000 21.821054249174612682163971113473092344
862 433 1 1 0 0.31400000000000000000000000000000000000 22.411208983014742510160787619603100471
862 439 1 1 0 0.39600000000000000000000000000000000000 20.609986176744058820718982868776122124
862 449 1 1 0 0.29400000000000000000000000000000000000 22.506044800797506373242986098706155969
862 461 0 0 0 0.020000000000000000000000000000000000000 20.767852005055424280946740769392875957
862 463 0 0 0 0.14800000000000000000000000000000000000 21.877729360245095659246331551570479570
862 491 1 1 1 0.12700000000000000000000000000000000000 22.693280049025307492762298108211835429
862 503 0 2 0 0.43400000000000000000000000000000000000 22.735417588168256916597345043163174791
862 557 2 2 2 0.043000000000000000000000000000000000000 22.882785691687316895847478588108711044
862 563 1 1 0 0.37500000000000000000000000000000000000 21.351530158571933229379477298926238017
862 571 0 0 0 0.027000000000000000000000000000000000000 22.911706937115730027747781968224625615
862 587 1 1 0 0.41500000000000000000000000000000000000 21.764610659275459980311837266398445379
862 601 2 2 2 0.037000000000000000000000000000000000000 22.485545753424840966794294648809068122
862 607 2 2 1 0.50300000000000000000000000000000000000 22.971128458206220196838021597517813072
862 617 0 2 0 0.47200000000000000000000000000000000000 22.138874023557470657517634605787087212
862 631 1 1 0 0.40000000000000000000000000000000000000 22.999307879432903169978941067977423267
862 643 1 1 0 0.28300000000000000000000000000000000000 23.009968431432406326517180966976873247
862 653 0 0 0 0.074000000000000000000000000000000000000 20.481765132621006623258909691971848834
862 719 1 1 0 0.39300000000000000000000000000000000000 21.327117183887990584315922139093252196
862 733 2 2 1 0.54600000000000000000000000000000000000 23.004545375349984064813665847719954256
862 743 1 1 0 0.34100000000000000000000000000000000000 22.991775749611254146662110853999054381
862 797 0 0 0 0.035000000000000000000000000000000000000 22.842003296926752997976992676785219596
862 839 0 0 0 0.10700000000000000000000000000000000000 20.562466965991964046664637652451461538
863 2 1 1 0 0.42300000000000000000000000000000000000 20.552059242247427751032914395771080147
863 8 0 0 0 0.10400000000000000000000000000000000000 20.375723014172839316732417147921486062
863 14 1 1 0 0.33100000000000000000000000000000000000 21.396373033674355486770518936077749306
863 26 0 0 0 0.12900000000000000000000000000000000000 20.709010775602980135042448804791109652
863 38 0 0 0 0.034000000000000000000000000000000000000 21.125936142778748533420288152889766478
863 58 1 1 0 0.48200000000000000000000000000000000000 22.000584341966083990340712243579208514
863 64 0 0 0 0.026000000000000000000000000000000000000 20.359030121404961514637662480928108754
863 68 1 1 0 0.44100000000000000000000000000000000000 21.219281760209703810779462866393607838
863 72 0 0 0 0.092000000000000000000000000000000000000 18.585232415929407241383760264357187576
863 82 2 2 2 0.22600000000000000000000000000000000000 21.182528762711188396168903708757530985
863 86 0 2 0 0.57100000000000000000000000000000000000 20.482477552830826875585603544752677778
863 122 0 2 0 0.63100000000000000000000000000000000000 21.428265166976819299926578861168561123
863 142 1 1 0 0.47200000000000000000000000000000000000 22.314806908678242105393151216999552519
863 146 1 1 0 0.41800000000000000000000000000000000000 22.321390633926297026074749317344454252
863 148 0 0 0 0.13300000000000000000000000000000000000 22.324482041060189209608492002272674496
863 152 1 1 0 0.73200000000000000000000000000000000000 21.552120119502222043487792909010216832
863 160 1 1 0 0.40700000000000000000000000000000000000 20.592122921603737780400653087092384580
863 206 1 1 0 0.45700000000000000000000000000000000000 21.882760226959743218735763108264798992
863 208 1 1 0 0.40500000000000000000000000000000000000 21.280066428124362190820305988183793788
863 212 1 1 0 0.37800000000000000000000000000000000000 21.658619480699240429568195337433717405
863 218 1 1 0 0.37300000000000000000000000000000000000 22.354103923873475746984278718862278778
863 236 0 0 0 0.021000000000000000000000000000000000000 22.335974513937753537668758602174952888
863 242 1 1 1 0.031000000000000000000000000000000000000 20.331508719538320806992469222717625632
863 248 0 2 0 0.55100000000000000000000000000000000000 22.015737653990189960233583546166962726
863 268 1 1 0 0.33200000000000000000000000000000000000 22.269285533098371674192013717410442193
863 278 1 1 1 0.045000000000000000000000000000000000000 21.759392535423411697416734874192099631
863 292 0 0 0 0.064000000000000000000000000000000000000 22.177113711220801642125601546537021315
863 302 2 2 1 0.40900000000000000000000000000000000000 22.121849268440992863688308326766545874
863 324 1 1 0 0.33400000000000000000000000000000000000 19.660096804252931783602792476024640656
863 346 1 1 0 0.25400000000000000000000000000000000000 21.502067777602035221268267388145538170
863 358 1 1 0 0.39000000000000000000000000000000000000 20.185310952087532352304523738657046250
863 382 2 2 1 0.43400000000000000000000000000000000000 21.875762377755444187162859346452749870
863 398 0 0 0 0.097000000000000000000000000000000000000 22.110491669450380894682026590591573701
863 404 1 1 0 0.31500000000000000000000000000000000000 21.222055692813509873882913597499962297
863 412 1 1 0 0.40200000000000000000000000000000000000 21.553698611009722201829783714465199160
863 424 0 0 0 0.11000000000000000000000000000000000000 21.571393921464153809538216840679311679
863 446 1 1 0 0.31300000000000000000000000000000000000 22.490668892088965435170490687418060891
863 448 0 0 0 0.027000000000000000000000000000000000000 21.297660997539574297544196119044009086
863 472 1 1 0 0.42100000000000000000000000000000000000 22.317974236441296325997645363986059506
863 478 0 0 0 0.088000000000000000000000000000000000000 22.167304202895658930253303788404824666
863 502 1 1 0 0.33500000000000000000000000000000000000 21.455367556899818241243849393507937743
863 526 0 0 0 0.026000000000000000000000000000000000000 21.963047737848506959548068757172413843
863 544 0 0 0 0.026000000000000000000000000000000000000 21.952188628666427249965271616002494885
863 548 1 1 1 0.10400000000000000000000000000000000000 22.387759859563494144344243357083295597
863 556 0 0 0 0.078000000000000000000000000000000000000 22.883190882087064807185790130475866119
863 562 0 2 0 0.39100000000000000000000000000000000000 22.197193727877099695860283115761199552
863 578 0 0 0 0.025000000000000000000000000000000000000 21.697263673653677902425440996917012530
863 628 0 0 0 0.10600000000000000000000000000000000000 22.999555461301958436114296607348843084
863 632 1 1 0 0.56100000000000000000000000000000000000 22.702569097068934688537374565464351019
863 662 0 2 0 0.40100000000000000000000000000000000000 21.481597562238287368057005947185940837
863 664 0 0 0 0.037000000000000000000000000000000000000 22.725570725759265867441965481285401206
863 688 1 1 1 0.031000000000000000000000000000000000000 21.731143825553979276754102064192404042
863 698 1 1 0 0.40200000000000000000000000000000000000 23.031197305601495369825063142445485630
863 716 0 0 0 0.088000000000000000000000000000000000000 22.178805519695922150836597998678359119
863 718 0 0 0 0.089000000000000000000000000000000000000 23.022614175469475718489022956082320732
863 752 1 1 0 0.46000000000000000000000000000000000000 22.380787042967880073055262717929856391
863 766 0 0 0 0.093000000000000000000000000000000000000 22.477072109782170940496485629005076888
863 772 0 2 0 0.49900000000000000000000000000000000000 22.939024543357049064751269620877837385
863 842 1 1 0 0.56200000000000000000000000000000000000 22.438678642893116386228805355987348771
863 844 0 2 0 0.55900000000000000000000000000000000000 22.398861517134838603754620784380616213
864 43 1 1 0 0.30800000000000000000000000000000000000 20.023125146351706255593066794409369417
864 59 0 0 0 0.094000000000000000000000000000000000000 20.153741303015584911197563248308005652
864 71 1 1 1 0.027000000000000000000000000000000000000 20.227607157490939442561709613895847799
864 73 1 1 1 0.10700000000000000000000000000000000000 20.238456396798101195450137735331134499
864 107 0 0 0 0.084000000000000000000000000000000000000 20.378092963319060350623732334626318999
864 151 1 1 1 0.020000000000000000000000000000000000000 19.244867206488455173374925037940132708
864 241 2 2 2 0.028000000000000000000000000000000000000 20.475843258364875755931624865547470168
864 269 0 2 0 0.43700000000000000000000000000000000000 20.413937000405786978406000729728065416
864 277 1 1 0 0.35300000000000000000000000000000000000 20.387942331813839624939981585185973258
864 409 0 0 0 0.024000000000000000000000000000000000000 20.367580379774057619254478401191380327
864 479 1 1 1 0.16700000000000000000000000000000000000 20.792951693108193314148008041169828391
864 599 1 1 1 0.11000000000000000000000000000000000000 21.108359322067997012733020286116901275
864 607 1 1 0 0.26200000000000000000000000000000000000 21.119917139585224348751753500446083293
864 617 1 1 0 0.48500000000000000000000000000000000000 21.132953203337110734575715952479816318
864 683 0 0 0 0.020000000000000000000000000000000000000 21.178509616741470926020533684423439367
864 797 0 0 0 0.020000000000000000000000000000000000000 21.001213070044143597073019959957809956
865 4 1 1 0 0.41200000000000000000000000000000000000 20.860077735945982647744261772478976588
865 32 2 2 2 0.035000000000000000000000000000000000000 20.010869854855199214958094143468128745
865 256 0 0 0 0.10200000000000000000000000000000000000 20.503506609855076532291667662191190119
866 5 0 0 0 0.096000000000000000000000000000000000000 20.960463903022322453049878277237623808
866 19 1 1 1 0.11400000000000000000000000000000000000 20.497491031283151747860692382383626556
866 31 1 1 1 0.037000000000000000000000000000000000000 21.749048841313199418957151625759559601
866 47 1 1 0 0.41900000000000000000000000000000000000 21.447550647492582274823045700972055215
866 49 1 1 0 0.39400000000000000000000000000000000000 21.096881609382468502555653124630181603
866 53 1 1 0 0.32800000000000000000000000000000000000 21.974376244108545533911705143706619249
866 61 1 1 1 0.15600000000000000000000000000000000000 21.554529491046258449100270256891887181
866 89 1 3 0 0.63500000000000000000000000000000000000 22.177992851459350952202102267915033035
866 103 0 0 0 0.025000000000000000000000000000000000000 22.229819443281616694447840158327196681
866 107 1 1 1 0.047000000000000000000000000000000000000 22.242687646742775907102806862252777538
866 121 1 1 1 0.029000000000000000000000000000000000000 21.240507379811407026519070430033139717
866 127 0 0 0 0.094000000000000000000000000000000000000 21.451087832319773467747641797050830788
866 149 1 1 0 0.33900000000000000000000000000000000000 22.337266848983939293628161741228948609
866 151 0 0 0 0.091000000000000000000000000000000000000 21.863063832076417160747830237038571876
866 157 0 0 0 0.025000000000000000000000000000000000000 22.348170420048061601761005111452109923
866 169 1 1 0 0.39700000000000000000000000000000000000 20.769705502976452160598841125154991615
866 179 2 2 1 0.52800000000000000000000000000000000000 22.367922852190599867971081519984961173
866 193 0 0 0 0.099000000000000000000000000000000000000 21.527784525083928996232347738145456994
866 199 0 0 0 0.030000000000000000000000000000000000000 21.528089823650895686101925870514760857
866 229 1 1 1 0.17300000000000000000000000000000000000 21.512256400600561984385713799187993894
866 239 3 3 3 0.076000000000000000000000000000000000000 22.345006366578603876407322962851862547
866 271 0 0 0 0.095000000000000000000000000000000000000 22.275146671794713328577698044270990407
866 281 1 1 0 0.41800000000000000000000000000000000000 21.763915806546829344370001083175030957
866 289 1 1 0 0.40200000000000000000000000000000000000 20.977571497807741629569492183748328197
866 307 1 1 0 0.43600000000000000000000000000000000000 22.108306615309030534415316287691127266
866 311 0 0 0 0.022000000000000000000000000000000000000 22.079673002979703436054992225278634997
866 331 1 3 0 0.66800000000000000000000000000000000000 21.396491204779273023983061346585715321
866 373 2 2 1 0.56900000000000000000000000000000000000 21.640056585802364020716780891877469263
866 401 1 1 0 0.46200000000000000000000000000000000000 22.141066810229883363923416649551171460
866 421 0 2 0 0.48100000000000000000000000000000000000 21.005457544280204241699033765692866719
866 439 0 2 0 0.42500000000000000000000000000000000000 21.975385252109592397985438391625581982
866 443 2 2 2 0.039000000000000000000000000000000000000 21.999485824561113578534665057585730755
866 467 0 0 0 0.092000000000000000000000000000000000000 22.601386701642667543942842087804089026
866 499 1 1 0 0.35100000000000000000000000000000000000 22.729871691848301234501814391007789418
866 509 1 1 1 0.52100000000000000000000000000000000000 21.365595091034585347162156738738366902
866 521 1 1 0 0.33900000000000000000000000000000000000 22.800598676807968938599848390167597366
866 541 0 0 0 0.030000000000000000000000000000000000000 22.156248008642790372838456044212687624
866 569 1 1 0 0.44400000000000000000000000000000000000 21.964364254992023773356656344801568273
866 599 1 1 0 0.30200000000000000000000000000000000000 22.971624133981205310155689405045427455
866 613 1 1 0 0.37200000000000000000000000000000000000 21.378669333639126143181282879593620798
866 619 1 1 1 0.033000000000000000000000000000000000000 22.044772849539851274765185728308612611
866 677 1 1 0 0.36200000000000000000000000000000000000 22.088204369922340786242107560775528810
866 701 1 1 0 0.31600000000000000000000000000000000000 23.043134996218089515031132574375938516
866 727 0 0 0 0.023000000000000000000000000000000000000 22.075532780521990127427639394926855858
866 733 0 0 0 0.028000000000000000000000000000000000000 23.024234901568460882255151899039558583
866 751 2 2 1 0.56400000000000000000000000000000000000 22.155845197258006865820607998420939237
866 811 0 0 0 0.027000000000000000000000000000000000000 22.803665366608526373652312460091605979
866 857 0 0 0 0.016000000000000000000000000000000000000 21.625885266616264216755575803168520992
869 64 1 1 0 0.46300000000000000000000000000000000000 20.857450806864896206440619906471657047
869 128 1 1 1 0.10800000000000000000000000000000000000 19.959210445043154667756913965428233488
871 64 0 0 0 0.080000000000000000000000000000000000000 20.864517207402774806964360667533390324
871 256 1 1 0 0.36300000000000000000000000000000000000 19.686260486198200166074086625789398531
872 17 0 2 0 0.44000000000000000000000000000000000000 20.733726530864359643830759223882394228
872 25 1 1 1 0.022000000000000000000000000000000000000 19.636628783680328270850158715260711540
872 31 1 1 1 0.083000000000000000000000000000000000000 20.006664764776444046125599768302630996
872 53 1 1 1 0.025000000000000000000000000000000000000 20.518404265795393205689931210993382442
872 67 0 0 0 0.090000000000000000000000000000000000000 21.789411943495009199166154897303122711
872 73 0 0 0 0.017000000000000000000000000000000000000 20.868946568058053033453253748260869895
872 97 1 1 0 0.34700000000000000000000000000000000000 21.230517971808498382761034253384210677
872 107 0 0 0 0.019000000000000000000000000000000000000 20.124487997671380209881319662207185124
872 113 0 0 0 0.076000000000000000000000000000000000000 21.981292127553519881624808368392464641
872 131 0 0 0 0.059000000000000000000000000000000000000 22.025977271214565754796581501752215049
872 151 1 1 0 0.40600000000000000000000000000000000000 22.061644010021251960554884898597545789
872 157 1 1 1 0.11900000000000000000000000000000000000 20.379579652203307916757758281360443452
872 173 2 2 2 0.025000000000000000000000000000000000000 22.086043075276195105122283743526627817
872 181 1 1 1 0.10600000000000000000000000000000000000 20.659935513969877761827477220683943976
872 193 0 2 0 0.39500000000000000000000000000000000000 22.095624997146505856224673453322681412
872 223 2 2 2 0.28600000000000000000000000000000000000 22.087150976984630456209618973362750586
872 227 3 3 3 0.41700000000000000000000000000000000000 22.083799563169164961463120715138357887
872 229 1 1 0 0.29500000000000000000000000000000000000 22.081912497849722177179169661871274769
872 233 0 2 0 0.48400000000000000000000000000000000000 20.755484634914934761062891344188063142
872 263 0 0 0 0.075000000000000000000000000000000000000 22.025183831289144460646739286800723674
872 269 0 0 0 0.016000000000000000000000000000000000000 21.532303481931172290836768948703545589
872 277 1 1 0 0.43900000000000000000000000000000000000 21.985007939604976259351688366203825826
872 281 2 2 1 0.36900000000000000000000000000000000000 21.971165968063155866035681910688477467
872 283 1 1 1 0.016000000000000000000000000000000000000 21.963796033918959713648080421080349355
872 311 1 1 1 0.018000000000000000000000000000000000000 20.704370976273094678452779757505516443
872 313 1 1 0 0.35700000000000000000000000000000000000 21.803787285625235175171411856348110530
872 317 1 1 0 0.27100000000000000000000000000000000000 21.772333870770735222130679699314712200
872 337 1 1 0 0.39400000000000000000000000000000000000 21.539864638955190137096621801012259586
872 343 1 1 0 0.19400000000000000000000000000000000000 16.463899326403918235386300454760490589
872 347 0 0 0 0.013000000000000000000000000000000000000 20.622864797718211384854860082392087229
872 367 0 0 0 0.066000000000000000000000000000000000000 20.958773461469294368313645752499948382
872 389 1 1 0 0.50800000000000000000000000000000000000 21.663873718347211597035782992059469478
872 443 1 1 1 0.026000000000000000000000000000000000000 22.181302468459487238962296451391420601
872 487 0 0 0 0.091000000000000000000000000000000000000 21.918438457202890484482985254563157343
872 499 1 1 0 0.36700000000000000000000000000000000000 22.440638694725792245064284887967474249
872 541 1 1 0 0.27600000000000000000000000000000000000 19.439272391100538269889269493766330942
872 547 1 1 1 0.13800000000000000000000000000000000000 21.039706389654691586725802796425766712
872 563 2 2 1 0.49100000000000000000000000000000000000 22.620828620130711231515356435456954287
872 571 1 1 0 0.42600000000000000000000000000000000000 22.637647246068962458120671675449759001
872 577 0 0 0 0.019000000000000000000000000000000000000 22.172426046866937918686187647389607147
872 607 1 1 0 0.37900000000000000000000000000000000000 22.700302706921923606463951599535032327
872 613 1 1 0 0.56100000000000000000000000000000000000 21.754517752492248188120471908329332021
872 619 0 0 0 0.087000000000000000000000000000000000000 22.716663724534717605897402196655527288
872 641 1 1 0 0.31800000000000000000000000000000000000 22.740903938888342040716634144321555948
872 701 1 1 0 0.47100000000000000000000000000000000000 21.248365004595695280843874466602391824
872 727 0 0 0 0.021000000000000000000000000000000000000 21.911499762883368179746230934379321122
872 743 1 1 0 0.49600000000000000000000000000000000000 21.896806104681058173803587708226708389
872 773 0 2 0 0.54000000000000000000000000000000000000 22.214383337894691399466455717881627150
872 787 0 0 0 0.088000000000000000000000000000000000000 22.654130302210583591936827515581109910
872 857 2 2 1 0.54500000000000000000000000000000000000 22.034247384985858384980310090798946960
873 16 0 0 0 0.087000000000000000000000000000000000000 20.409986428186540283805258233884885374
873 128 1 1 1 0.030000000000000000000000000000000000000 20.341825796951562440640764945660016581
877 8 1 1 0 0.59700000000000000000000000000000000000 20.901774130011913050408692295116122090
877 16 1 1 0 0.34700000000000000000000000000000000000 20.901014439883340092770349904192273706
877 22 0 2 0 0.52100000000000000000000000000000000000 21.163352507447276880446020176258938663
877 26 1 1 0 0.49800000000000000000000000000000000000 21.712262655727706984942520967537406073
877 58 1 1 0 0.34600000000000000000000000000000000000 21.572829493499842551349853255265845453
877 72 0 0 0 0.13300000000000000000000000000000000000 21.358303757227492926781921102400361559
877 74 0 0 0 0.081000000000000000000000000000000000000 22.147158437552691414299415516119285105
877 82 0 2 0 0.40900000000000000000000000000000000000 22.186602826630892906649966414624047834
877 92 0 0 0 0.090000000000000000000000000000000000000 21.384241387449710017044587775384024073
877 98 0 0 0 0.079000000000000000000000000000000000000 20.707920039418572091921764874660070044
877 112 1 1 1 0.10700000000000000000000000000000000000 21.218266301037050309130254147573807170
877 118 0 2 0 0.58700000000000000000000000000000000000 21.083687685177042741000177527304957757
877 124 1 1 0 0.37800000000000000000000000000000000000 22.329323895470906248761456646719578273
877 128 1 1 0 0.31400000000000000000000000000000000000 20.833511787562729784161220043630850785
877 146 0 0 0 0.020000000000000000000000000000000000000 22.373530442376576607016809834657843750
877 188 0 0 0 0.021000000000000000000000000000000000000 22.414865718281160956966785302592329338
877 208 1 1 0 0.48400000000000000000000000000000000000 21.814079816025161202504062201102302574
877 212 1 1 1 0.041000000000000000000000000000000000000 20.896422926333399009700182648517762462
877 250 1 1 1 0.096000000000000000000000000000000000000 20.133261216197518691633537172429861212
877 254 1 1 1 0.14600000000000000000000000000000000000 22.368962904499729092011486445039710761
877 262 0 0 0 0.021000000000000000000000000000000000000 22.352043571327222646748079728241060983
877 268 2 2 2 0.078000000000000000000000000000000000000 22.337209705704966618846663013642263704
877 278 1 1 0 0.33500000000000000000000000000000000000 22.307831229267441197281261924148057555
877 292 1 1 1 0.12200000000000000000000000000000000000 21.777707441159382084321146220445145537
877 296 0 0 0 0.088000000000000000000000000000000000000 21.935534996395754038387561176062742533
877 316 1 1 0 0.36400000000000000000000000000000000000 22.115608919571577907739923341715035537
877 332 1 1 1 0.10700000000000000000000000000000000000 21.959882146278986537392221803166063149
877 334 1 1 0 0.25500000000000000000000000000000000000 21.934017254559064942153727333861806416
877 344 0 0 0 0.10100000000000000000000000000000000000 21.465231052825777263254587204996902379
877 358 0 2 0 0.51400000000000000000000000000000000000 21.221157705648227447594595259002737842
877 362 0 2 0 0.28100000000000000000000000000000000000 20.606910884080977605165844733744498238
877 388 0 0 0 0.067000000000000000000000000000000000000 21.082918090984021778199380266395519303
877 394 0 0 0 0.13600000000000000000000000000000000000 22.028680350820232454748178373174990697
877 404 2 2 2 0.036000000000000000000000000000000000000 22.161114534588085412194432887371855543
877 422 0 0 0 0.16100000000000000000000000000000000000 22.336759545863801388417279924553562654
877 432 0 0 0 0.015000000000000000000000000000000000000 20.857221920100464433452427882975956224
877 436 0 0 0 0.077000000000000000000000000000000000000 21.119104939808186965340754562333755387
877 446 1 1 0 0.31200000000000000000000000000000000000 20.705618616030280910178098475381407405
877 448 0 0 0 0.077000000000000000000000000000000000000 20.613712668005877302299397829610531186
877 478 2 2 2 0.029000000000000000000000000000000000000 22.667768467712257894573370614728713231
877 488 1 1 0 0.43700000000000000000000000000000000000 22.408337672089274817737571952787856508
877 542 1 1 0 0.31400000000000000000000000000000000000 22.884096217894735873901408290546304024
877 548 0 0 0 0.017000000000000000000000000000000000000 22.200421051959952687715715855434915931
877 554 1 1 0 0.36500000000000000000000000000000000000 21.959753402671472545565089102539221753
877 578 1 1 0 0.30200000000000000000000000000000000000 21.735511980419692476564005269602216427
877 584 1 1 0 0.40300000000000000000000000000000000000 21.831299037663032473617839229905553626
877 586 0 2 0 0.55500000000000000000000000000000000000 22.981119132758987859773401449985661617
877 592 2 2 2 0.14200000000000000000000000000000000000 21.544652915583974000887216160275530681
877 628 0 2 0 0.50500000000000000000000000000000000000 23.044222257653818639908324509550029179
877 656 3 3 3 0.033000000000000000000000000000000000000 22.469229811759616799354953477419167621
877 668 1 1 0 0.40400000000000000000000000000000000000 23.079127610559774223489578379342719857
877 674 1 1 0 0.27800000000000000000000000000000000000 23.082164223267884988804628097823014894
877 712 2 2 1 0.65700000000000000000000000000000000000 22.785470228658257136659759420852252500
877 718 0 0 0 0.085000000000000000000000000000000000000 23.084581561643862943472470821203826895
877 722 0 0 0 0.089000000000000000000000000000000000000 21.804105431264159835257430529032242630
877 724 0 0 0 0.018000000000000000000000000000000000000 20.617966995924556041769635873238595228
877 758 1 1 1 0.098000000000000000000000000000000000000 23.048699364231073134908693826995127043
877 772 0 2 0 0.49400000000000000000000000000000000000 23.024131088585623408526932355736181793
877 776 0 0 0 0.019000000000000000000000000000000000000 22.714594352023377290905929465709129147
877 784 2 2 1 0.62700000000000000000000000000000000000 21.549156421015883208863056490327384551
877 800 0 2 0 0.78200000000000000000000000000000000000 21.344569032568170197355933767837794198
877 844 0 0 0 0.13700000000000000000000000000000000000 22.662711265170312094784466300877605372
878 7 1 1 1 0.041000000000000000000000000000000000000 21.148336388373290693330556172793805079
878 9 2 2 1 0.41000000000000000000000000000000000000 20.780233354515359104876660338758081619
878 17 1 3 1 0.51100000000000000000000000000000000000 21.532739765756347404407458676657873082
878 23 0 0 0 0.016000000000000000000000000000000000000 21.185948442072273121405223455977218593
878 41 1 1 0 0.31000000000000000000000000000000000000 20.955307323438612634977105880517066455
878 53 2 2 2 0.039000000000000000000000000000000000000 20.472459527300731162576223401588575088
878 61 0 0 0 0.091000000000000000000000000000000000000 22.073906912373850390993095951929606082
878 73 0 2 0 0.43000000000000000000000000000000000000 22.145366004898925683700021506999216238
878 79 1 1 1 0.059000000000000000000000000000000000000 22.175932685280544815972869201935664199
878 97 0 0 0 0.016000000000000000000000000000000000000 21.552940419684877187236316231520510357
878 101 2 2 2 0.027000000000000000000000000000000000000 20.774760884562071838881681638746402376
878 137 0 0 0 0.079000000000000000000000000000000000000 20.999435982224068395962781237394208606
878 157 1 1 0 0.39000000000000000000000000000000000000 21.916137723150407903024251553715563335
878 163 0 0 0 0.018000000000000000000000000000000000000 22.400422980794480707177474154146836529
878 167 0 0 0 0.021000000000000000000000000000000000000 21.927473326615088277053255826258933544
878 193 0 0 0 0.082000000000000000000000000000000000000 21.943092163529954538043462245175074024
878 199 1 1 0 0.26500000000000000000000000000000000000 22.420999359875813307252344191939612543
878 211 1 1 0 0.35500000000000000000000000000000000000 20.900808780049094240226582986778557952
878 227 0 2 0 0.42700000000000000000000000000000000000 22.410019815283644946246529382175216883
878 233 1 1 1 0.025000000000000000000000000000000000000 22.404303729645989574736727876360169493
878 263 0 0 0 0.017000000000000000000000000000000000000 22.354370179910713317024475007147241382
878 269 0 2 0 0.51000000000000000000000000000000000000 22.339326370147359151654074657798429944
878 277 1 1 0 0.26300000000000000000000000000000000000 22.316017783843763648487390943091144135
878 283 0 0 0 0.097000000000000000000000000000000000000 21.341539195565524114536502468546566147
878 317 1 1 0 0.33700000000000000000000000000000000000 22.114640425668056064627326071845545328
878 343 1 1 1 0.023000000000000000000000000000000000000 20.108411690876189239437885961409682456
878 347 0 0 0 0.013000000000000000000000000000000000000 19.689435278591692309463324295136827259
878 361 2 2 1 0.27500000000000000000000000000000000000 18.425289411915338410638013843203906541
878 367 1 1 0 0.22200000000000000000000000000000000000 21.034972557131218828806059788014519554
878 383 1 1 1 0.020000000000000000000000000000000000000 20.110690740409321065550144729177452424
878 397 2 2 1 0.26100000000000000000000000000000000000 20.525787769536482992166339271621501836
878 401 1 1 0 0.32200000000000000000000000000000000000 21.646015906334233184188179158997784765
878 409 0 0 0 0.087000000000000000000000000000000000000 21.738174417888109329501818527230031612
878 431 1 1 1 0.025000000000000000000000000000000000000 22.406731383255860342211754442259807202
878 433 1 1 1 0.029000000000000000000000000000000000000 22.421089264063520929466835895011898472
878 479 1 1 0 0.36300000000000000000000000000000000000 22.673698172875590563813454918459199586
878 487 1 1 0 0.30800000000000000000000000000000000000 22.707092690489998024231938852193782360
878 503 0 2 0 0.43400000000000000000000000000000000000 20.524462087476967275752531067217805431
878 529 0 2 0 0.42700000000000000000000000000000000000 21.488946233383115842465431899891841210
878 557 0 2 0 0.41700000000000000000000000000000000000 22.923529309123343882937228406660050455
878 563 1 1 0 0.40600000000000000000000000000000000000 22.460075705495101517877386964385065585
878 569 0 0 0 0.091000000000000000000000000000000000000 22.950229613641813804727474403706429246
878 571 0 2 0 0.49700000000000000000000000000000000000 22.477314610123970870959482959027356767
878 577 1 1 0 0.39600000000000000000000000000000000000 22.966649128221085033662486541931852652
878 613 0 0 0 0.079000000000000000000000000000000000000 23.027768145009299541179439961313162589
878 617 1 1 0 0.45600000000000000000000000000000000000 22.556197857328439594838985828923061987
878 647 1 1 0 0.32500000000000000000000000000000000000 22.368239165029484711680600635429947098
878 673 0 0 0 0.054000000000000000000000000000000000000 22.240193837752184107655572255696289927
878 683 0 2 0 0.46700000000000000000000000000000000000 23.089296585229531702644048821639576523
878 773 1 1 1 0.074000000000000000000000000000000000000 20.566948632554858889607936091373848085
878 787 2 2 1 0.48900000000000000000000000000000000000 22.517520167976449192687488790973369930
878 809 1 3 0 0.58100000000000000000000000000000000000 22.918397589463086473871796768451605006
878 827 1 1 0 0.33700000000000000000000000000000000000 22.821764744612990236508227632864094185
881 16 0 0 0 0.13700000000000000000000000000000000000 20.914857827905964055750424603910405672
881 20 0 0 0 0.12800000000000000000000000000000000000 21.613262619494436006918497832540105880
881 34 1 1 0 0.32300000000000000000000000000000000000 20.799342828388398838836616018486819221
881 62 2 2 2 0.13400000000000000000000000000000000000 21.613825654915190609225366412457728069
881 64 2 2 2 0.024000000000000000000000000000000000000 19.945359670606428709941405528013426382
881 76 0 0 0 0.075000000000000000000000000000000000000 22.171558398299922825456858683084112728
881 88 1 1 1 0.025000000000000000000000000000000000000 21.926135914204909347518402278343013886
881 104 1 1 1 0.084000000000000000000000000000000000000 21.985881782230313144423540441642276208
881 106 0 0 0 0.069000000000000000000000000000000000000 21.594442112667521429484213044084120743
881 122 1 1 1 0.026000000000000000000000000000000000000 22.338847030524512472621571984267335573
881 128 1 1 0 0.35700000000000000000000000000000000000 20.848003473955439834297864236251590225
881 134 1 1 0 0.31700000000000000000000000000000000000 21.888990415765724731089942678794440490
881 146 1 1 1 0.11000000000000000000000000000000000000 21.543154910940609515215612291408503533
881 148 1 1 0 0.40800000000000000000000000000000000000 20.701281495583100144820922433210249671
881 158 0 0 0 0.11500000000000000000000000000000000000 21.560602772194448662424735454121619910
881 164 1 1 0 0.47000000000000000000000000000000000000 22.412758179999696108567984017909740666
881 166 0 0 0 0.018000000000000000000000000000000000000 22.414870369846907757435607896329335485
881 176 1 1 0 0.42100000000000000000000000000000000000 21.821599529504027195946671745430963879
881 184 0 0 0 0.019000000000000000000000000000000000000 22.127559330849419683912435960579398190
881 214 0 0 0 0.016000000000000000000000000000000000000 22.430357049609971117393639509519298501
881 218 0 2 0 0.47500000000000000000000000000000000000 22.428528100122722621820680227696394443
881 224 0 0 0 0.080000000000000000000000000000000000000 21.044606748924061549552291505274992564
881 232 1 1 0 0.28500000000000000000000000000000000000 22.116963788888806701867056532854872652
881 248 1 1 0 0.34900000000000000000000000000000000000 20.734597679582517945750303081354913994
881 254 2 2 1 0.54700000000000000000000000000000000000 21.541864209500596452966155473203216298
881 262 0 0 0 0.016000000000000000000000000000000000000 21.893447989087921371472227027437812722
881 274 0 0 0 0.019000000000000000000000000000000000000 22.339820034160030690241006184132579788
881 292 2 2 2 0.12500000000000000000000000000000000000 22.276354965067456295272590629959251054
881 296 1 1 0 0.34500000000000000000000000000000000000 21.480537153418507781949370205429635061
881 316 1 1 0 0.33900000000000000000000000000000000000 21.665066728172009014270243449310675636
881 326 1 1 0 0.35600000000000000000000000000000000000 22.057968389473595579435987999937433253
881 328 1 1 0 0.42200000000000000000000000000000000000 21.736962693373005347610525655370388606
881 362 0 2 0 0.36600000000000000000000000000000000000 20.982220012047995454529642476537345023
881 384 1 1 0 0.50400000000000000000000000000000000000 20.317651448977318040764145507113073596
881 386 1 1 0 0.47800000000000000000000000000000000000 21.391173416684012335144991341983922759
881 388 0 0 0 0.021000000000000000000000000000000000000 20.955593803192791416688352862507926428
881 400 1 1 0 0.31100000000000000000000000000000000000 20.803184958066473933686312001701037964
881 428 2 2 1 0.52600000000000000000000000000000000000 22.385086121443400547414923448383998890
881 452 0 0 0 0.082000000000000000000000000000000000000 21.698794982790490265046456229174718765
881 454 0 2 0 0.31900000000000000000000000000000000000 22.555173892865551942001044106153394013
881 482 0 0 0 0.069000000000000000000000000000000000000 22.691386405357370243962946952258068460
881 484 1 1 0 0.41700000000000000000000000000000000000 21.658431509023596374764646699770330810
881 496 0 0 0 0.018000000000000000000000000000000000000 20.714110329739563880018419332341956939
881 524 0 0 0 0.14300000000000000000000000000000000000 22.842404587763239471896860018162032145
881 526 0 2 0 0.38000000000000000000000000000000000000 22.848424410040585937708292423577483160
881 536 1 1 0 0.36600000000000000000000000000000000000 22.576158101426016101513959091312308773
881 554 2 2 1 0.55800000000000000000000000000000000000 22.923766139829796997425874913924342008
881 562 1 1 0 0.35800000000000000000000000000000000000 22.942491286805769264280180257741852111
881 596 0 0 0 0.021000000000000000000000000000000000000 23.009852383191508761492672753450666078
881 614 1 1 0 0.39400000000000000000000000000000000000 23.038063284657253830369533922881552341
881 622 0 0 0 0.018000000000000000000000000000000000000 22.571897819021864099091266115119001669
881 626 1 1 0 0.28500000000000000000000000000000000000 22.209037300677337237684365893702267481
881 634 1 1 0 0.44500000000000000000000000000000000000 23.063645672538887787262354557177244885
881 664 1 1 0 0.32200000000000000000000000000000000000 22.789607919474471990305997354941874683
881 668 1 1 0 0.37200000000000000000000000000000000000 23.093177019086793885371651480636798463
881 694 1 1 1 0.10500000000000000000000000000000000000 21.927112670443346194919729457171185948
881 734 0 0 0 0.084000000000000000000000000000000000000 22.248551588430812761159507828857891945
881 736 0 0 0 0.088000000000000000000000000000000000000 21.344047725775536354940012333235980429
881 764 2 2 1 0.52700000000000000000000000000000000000 22.583498845353793160293472649366148051
881 778 1 1 0 0.32600000000000000000000000000000000000 23.034779062335709986919574923932301785
881 796 1 3 0 0.68900000000000000000000000000000000000 22.988139675953998939809466071232981145
881 824 0 0 0 0.023000000000000000000000000000000000000 21.723260304672768850017320002410371844
881 848 0 0 0 0.078000000000000000000000000000000000000 22.074760473102482729707644923372908433
881 862 1 1 0 0.34700000000000000000000000000000000000 22.462323985919985963700191717770690246
883 14 1 1 1 0.022000000000000000000000000000000000000 19.853274410037303774454824167741310100
883 22 2 2 1 0.49700000000000000000000000000000000000 21.661227525124913094385216564503263852
883 32 1 1 0 0.36400000000000000000000000000000000000 20.918749098901062950892510050989993942
883 34 1 1 0 0.36000000000000000000000000000000000000 21.847649721038285007380454166676817912
883 52 0 0 0 0.015000000000000000000000000000000000000 22.026062559963875913192354912193351832
883 92 1 1 0 0.38800000000000000000000000000000000000 21.551576708003290821233587770097563438
883 96 1 1 0 0.36200000000000000000000000000000000000 21.362830334412824641140428366247570802
883 104 1 1 1 0.24100000000000000000000000000000000000 21.992981512714436666088208604013596648
883 106 1 1 0 0.37100000000000000000000000000000000000 22.300520489344259686577002899581372923
883 116 1 1 0 0.36700000000000000000000000000000000000 21.376020689880938488344420722150171268
883 118 0 0 0 0.085000000000000000000000000000000000000 21.858563189161782593151792781885210618
883 124 1 1 1 0.13800000000000000000000000000000000000 22.350966947280554523423069009741646986
883 142 1 1 0 0.33500000000000000000000000000000000000 21.689747167894463687697231335958556102
883 152 1 1 0 0.68600000000000000000000000000000000000 21.626767803151978713262974954486833682
883 162 2 2 1 0.59700000000000000000000000000000000000 20.986618499977099727593521106550089535
883 188 1 1 0 0.33100000000000000000000000000000000000 21.960948610342682915613234248887997042
883 202 0 0 0 0.080000000000000000000000000000000000000 22.440754963024623091833520494719842829
883 212 1 1 0 0.36600000000000000000000000000000000000 22.439116543454441011262570719580369454
883 218 0 0 0 0.066000000000000000000000000000000000000 22.436659767947407007280034405680703771
883 232 0 0 0 0.015000000000000000000000000000000000000 22.125358448048721564686866306127434064
883 248 0 0 0 0.015000000000000000000000000000000000000 22.105098512935261553646177554606501645
883 256 1 3 1 0.40700000000000000000000000000000000000 19.740870973463506013410958308786495997
883 272 2 2 2 0.030000000000000000000000000000000000000 21.753031720085627732250455967915175492
883 274 0 0 0 0.016000000000000000000000000000000000000 22.349489407886560773435065073518775221
883 302 1 3 1 0.43000000000000000000000000000000000000 22.240598474502025408494450463243390331
883 328 0 2 0 0.36100000000000000000000000000000000000 21.752406169840957891735163272095524797
883 338 0 0 0 0.071000000000000000000000000000000000000 20.820122129176718141968530254746203911
883 346 0 2 0 0.35500000000000000000000000000000000000 21.797318943234728066680936107929044666
883 352 0 0 0 0.017000000000000000000000000000000000000 19.422687117966670838490866847209153079
883 356 0 2 0 0.40900000000000000000000000000000000000 21.503868818681412779681476902520638971
883 358 1 1 0 0.30000000000000000000000000000000000000 20.707746083480910961963861933044320546
883 382 1 1 0 0.31900000000000000000000000000000000000 21.756815388613842563528840332612322019
883 388 0 0 0 0.015000000000000000000000000000000000000 21.422780282704432951781682175517790149
883 398 1 1 0 0.28100000000000000000000000000000000000 22.071642488447054968755452038150276837
883 412 2 2 2 0.023000000000000000000000000000000000000 22.242005261286116899231214442855942718
883 424 1 1 0 0.36100000000000000000000000000000000000 21.097836829627696260148009240727433236
883 428 1 1 0 0.36800000000000000000000000000000000000 22.385411623558749746800918372887465087
883 446 1 1 0 0.35500000000000000000000000000000000000 22.510170725092903119970975332220272754
883 454 1 1 0 0.27200000000000000000000000000000000000 22.557282898537169314107199273496513500
883 482 0 2 0 0.36100000000000000000000000000000000000 22.694596104760602518194289102362322779
883 512 1 1 0 0.38400000000000000000000000000000000000 20.223951472440689189566443439527199173
883 538 0 0 0 0.064000000000000000000000000000000000000 22.042125526272118856872181097496696702
883 542 0 0 0 0.096000000000000000000000000000000000000 22.199073355769506698837092417355443035
883 554 0 2 0 0.44100000000000000000000000000000000000 22.928600888778499645416277103068467232
883 596 1 1 0 0.37000000000000000000000000000000000000 23.015413389343315819533801603103418068
883 608 1 1 1 0.12500000000000000000000000000000000000 21.432920023903504909290377638487939744
883 622 1 1 0 0.35000000000000000000000000000000000000 22.577916839931852061555672796445518967
883 652 1 1 0 0.38100000000000000000000000000000000000 23.088103479512453633117117970578947782
883 662 0 0 0 0.024000000000000000000000000000000000000 23.096085967598339162934259929561793427
883 664 0 0 0 0.021000000000000000000000000000000000000 22.796465560093134725105460505136368998
883 668 0 0 0 0.028000000000000000000000000000000000000 23.100125096445286311360353366247436182
883 698 1 1 0 0.37700000000000000000000000000000000000 23.111415536399108826848585199478888154
883 712 0 0 0 0.083000000000000000000000000000000000000 22.333027127876885590014037781875839297
883 722 0 0 0 0.083000000000000000000000000000000000000 21.829857003086210618723775971143267695
883 736 1 1 0 0.40900000000000000000000000000000000000 18.892213705327929347283811304777556065
883 746 0 0 0 0.070000000000000000000000000000000000000 21.770906037527165622852309050883215925
883 772 1 3 1 0.63700000000000000000000000000000000000 23.057927367923712696299021847938573225
883 778 1 1 0 0.37900000000000000000000000000000000000 23.046355037064916044876903368858813315
883 866 0 0 0 0.13500000000000000000000000000000000000 22.424540330875705667204287057978448166
886 11 0 0 0 0.084000000000000000000000000000000000000 19.973989955515628713350557518433825000
886 17 1 1 0 0.35200000000000000000000000000000000000 21.560334734363761441269850874948887568
886 31 0 0 0 0.022000000000000000000000000000000000000 20.111064458152452429409484544038614075
886 47 0 0 0 0.078000000000000000000000000000000000000 21.994488266837728535850343521207054716
886 49 1 1 1 0.024000000000000000000000000000000000000 20.212491277094222576887789579046355025
886 71 1 1 0 0.43500000000000000000000000000000000000 22.162420813710008336640967965390914892
886 83 0 0 0 0.015000000000000000000000000000000000000 22.222799479949955817504894647606871518
886 101 0 0 0 0.014000000000000000000000000000000000000 22.294471465211081397697149819665626665
886 109 0 0 0 0.075000000000000000000000000000000000000 22.320572956629458595406215989325942937
886 121 2 2 2 0.027000000000000000000000000000000000000 20.835729815430221357709886555500233859
886 127 1 3 0 0.51600000000000000000000000000000000000 22.368863736900510574048611781936665211
886 137 0 0 0 0.077000000000000000000000000000000000000 22.390255027033574210717756135022118073
886 149 0 0 0 0.055000000000000000000000000000000000000 19.351071103013011644839924295953686267
886 151 1 1 0 0.36900000000000000000000000000000000000 21.569362006466898635860321040267699866
886 179 0 2 0 0.45200000000000000000000000000000000000 22.444721932473992302359324955661867310
886 181 1 1 1 0.11200000000000000000000000000000000000 22.446006022057776297197196897454841843
886 193 1 1 1 0.035000000000000000000000000000000000000 21.974178146646567226445602938522712659
886 197 1 1 0 0.50400000000000000000000000000000000000 21.173388786816607225024321967077757908
886 199 0 0 0 0.081000000000000000000000000000000000000 22.452389706677563010226619165977443057
886 241 0 0 0 0.018000000000000000000000000000000000000 21.583922630548518445471732714187187713
886 263 1 1 0 0.22700000000000000000000000000000000000 22.391311473316846449064390280015534032
886 269 1 1 0 0.38900000000000000000000000000000000000 22.377166939978947514764034814030845235
886 271 1 1 0 0.32400000000000000000000000000000000000 22.372029210584145214275081185017370068
886 311 0 0 0 0.073000000000000000000000000000000000000 21.031335075555891166357466650017486202
886 349 0 0 0 0.072000000000000000000000000000000000000 21.769588680835044969689136772263938319
886 353 0 0 0 0.077000000000000000000000000000000000000 21.665649558411229057632588127644280472
886 359 0 0 0 0.085000000000000000000000000000000000000 21.430141869188538290073384148936820376
886 361 0 0 0 0.077000000000000000000000000000000000000 19.329869291276252774025282092523906452
886 379 1 1 0 0.44000000000000000000000000000000000000 19.671827144850605099045146237805604229
886 383 1 1 0 0.23100000000000000000000000000000000000 20.806017758326503135093475477297255716
886 389 1 1 0 0.33400000000000000000000000000000000000 21.206136640192035771162258195580238000
886 401 0 0 0 0.017000000000000000000000000000000000000 21.629550706791086642514111960808260756
886 409 1 1 1 0.055000000000000000000000000000000000000 21.729213950116182281025401254617346779
886 431 0 2 0 0.34400000000000000000000000000000000000 22.409121490826358991119415712960067076
886 449 1 1 0 0.27800000000000000000000000000000000000 22.530997192544550042195522908986869500
886 457 0 0 0 0.10800000000000000000000000000000000000 22.577179903647279576708325969908461356
886 479 1 1 0 0.41500000000000000000000000000000000000 22.686152337649548947700455258478572602
886 509 1 1 1 0.11800000000000000000000000000000000000 22.326828311116046482427284226043511440
886 521 1 1 0 0.41000000000000000000000000000000000000 22.843635136125458766071480620078985495
886 529 2 2 1 0.55800000000000000000000000000000000000 21.506402907090452231596972818567725465
886 557 1 1 0 0.36100000000000000000000000000000000000 22.943082451810080347662706076805884337
886 563 2 2 1 0.40200000000000000000000000000000000000 22.480051255329720888762974269487353868
886 569 1 1 0 0.32900000000000000000000000000000000000 22.970622251306693609948316613108802545
886 571 1 1 0 0.25200000000000000000000000000000000000 21.267396453636910820013029906951828225
886 577 1 1 0 0.42600000000000000000000000000000000000 22.987592366325724129286086416767921556
886 587 1 1 0 0.41700000000000000000000000000000000000 23.007311710667900534429757613460838076
886 599 2 2 2 0.24700000000000000000000000000000000000 22.074622325246626687310528531009576716
886 619 0 0 0 0.087000000000000000000000000000000000000 23.059863138465244313395997616691165878
886 631 0 2 0 0.54600000000000000000000000000000000000 23.075579615598660550508064166684491773
886 661 1 1 0 0.35500000000000000000000000000000000000 21.929363778272648832406067629597424657
886 691 0 0 0 0.11700000000000000000000000000000000000 22.276238946182577771769420137493857553
886 709 0 2 0 0.51600000000000000000000000000000000000 23.123501096576180025789103561050729961
886 757 1 1 0 0.38900000000000000000000000000000000000 23.095866182176186348342443154287281624
886 809 0 2 0 0.28400000000000000000000000000000000000 22.979222332467080416537795066932463939
886 881 1 1 0 0.35100000000000000000000000000000000000 21.924451530468373533191878505130263114
887 2 1 1 0 0.34400000000000000000000000000000000000 20.635449882697027001993295481936706824
887 16 1 1 0 0.45500000000000000000000000000000000000 20.935505349409992708184436038646102580
887 26 2 2 1 0.60500000000000000000000000000000000000 21.746791010098140350534723808497569309
887 62 0 0 0 0.024000000000000000000000000000000000000 21.412819023961236551109960709622566554
887 68 1 1 0 0.52700000000000000000000000000000000000 21.671687424875943193040176066957201885
887 76 1 1 0 0.33900000000000000000000000000000000000 21.715387922867315218476613964209634240
887 80 1 1 0 0.34400000000000000000000000000000000000 21.610216868611285677069249769265978710
887 82 1 1 1 0.11200000000000000000000000000000000000 22.221693984529544886494248247167155342
887 88 2 2 2 0.026000000000000000000000000000000000000 21.248230326693035135165673521063109796
887 92 1 1 0 0.44700000000000000000000000000000000000 21.419503161754456680528781678659623211
887 128 0 2 0 0.48900000000000000000000000000000000000 20.869605712771178084725106761602608194
887 172 1 1 0 0.41400000000000000000000000000000000000 22.443069767733168706565318176620746797
887 184 0 0 0 0.016000000000000000000000000000000000000 21.673374819390046491986067062547345063
887 194 0 0 0 0.085000000000000000000000000000000000000 21.978298365343857500137121400171686430
887 208 0 0 0 0.016000000000000000000000000000000000000 21.853946607196113986396385337125558270
887 216 1 1 0 0.37300000000000000000000000000000000000 21.198449337065839948119294603847363692
887 218 0 2 0 0.52500000000000000000000000000000000000 22.452843170528143503149739896812898291
887 224 0 0 0 0.020000000000000000000000000000000000000 21.546358033979803076027476081812665689
887 268 0 0 0 0.099000000000000000000000000000000000000 22.384314668965636683534569352814576038
887 272 0 2 0 0.58700000000000000000000000000000000000 21.772055573423265719169701787588164547
887 278 0 2 0 0.43600000000000000000000000000000000000 22.357106041986791504430466154253580305
887 284 0 2 0 0.40300000000000000000000000000000000000 21.860714245251066865950948153317134880
887 292 0 0 0 0.018000000000000000000000000000000000000 21.831001394318488952630290487438786736
887 298 0 2 0 0.29500000000000000000000000000000000000 21.437244777653640707802364411498781812
887 302 0 0 0 0.074000000000000000000000000000000000000 20.555659550494662975523927874342027387
887 314 0 0 0 0.068000000000000000000000000000000000000 22.194488396743636294356517210617796707
887 332 1 1 0 0.40500000000000000000000000000000000000 22.042985071532322192037387056337165645
887 334 2 2 1 0.38800000000000000000000000000000000000 22.020597066329116981093497666855648035
887 352 1 1 1 0.066000000000000000000000000000000000000 20.805978991679547150738538483452534297
887 376 1 1 0 0.35000000000000000000000000000000000000 21.184024168689639825485677683434214439
887 386 0 2 0 0.38200000000000000000000000000000000000 20.141373496462146324627172252590325728
887 394 2 2 2 0.077000000000000000000000000000000000000 21.995605255963936237280051055721581226
887 422 1 1 1 0.17500000000000000000000000000000000000 22.335229863022300005829176487851698067
887 452 0 0 0 0.016000000000000000000000000000000000000 22.549739161335523579423861730294324421
887 458 1 1 0 0.41700000000000000000000000000000000000 22.583763229153772267992576269825185015
887 478 1 1 0 0.40900000000000000000000000000000000000 22.683171183668064370768427536473139316
887 488 1 1 1 0.023000000000000000000000000000000000000 21.027350375738606256974841305584445499
887 502 0 0 0 0.14200000000000000000000000000000000000 22.780855755643681778619193291237171074
887 548 1 1 0 0.31200000000000000000000000000000000000 22.923023532041449403011073003672999770
887 562 1 1 0 0.47000000000000000000000000000000000000 21.781228501085991238019226187078335637
887 568 0 0 0 0.019000000000000000000000000000000000000 22.669896812747080490051638567231333489
887 586 1 1 0 0.26100000000000000000000000000000000000 23.008068599505615037869791144217420157
887 592 1 1 0 0.31500000000000000000000000000000000000 21.572115956796746461126196263876843171
887 608 2 2 2 0.033000000000000000000000000000000000000 21.666196293783300982046843102095444276
887 614 0 2 0 0.40700000000000000000000000000000000000 23.055575387245783671676295601049497114
887 628 0 0 0 0.088000000000000000000000000000000000000 23.074871286868127457531377479412635420
887 632 1 1 0 0.46100000000000000000000000000000000000 21.933720997838897209089311042993465286
887 668 1 1 0 0.34500000000000000000000000000000000000 23.113871695841903183650778273530583771
887 674 0 0 0 0.085000000000000000000000000000000000000 23.117610291192048448373572216352049045
887 704 1 1 1 0.030000000000000000000000000000000000000 21.923251095581817344098327805217220964
887 712 2 2 1 0.60100000000000000000000000000000000000 22.127271265544662552871766365211008563
887 746 0 2 0 0.51800000000000000000000000000000000000 23.111873051528700050009165463767984926
887 758 1 1 0 0.45500000000000000000000000000000000000 23.099611549559056755224928097689660767
887 772 0 0 0 0.092000000000000000000000000000000000000 23.079686004468185221829338077579406622
887 796 1 1 0 0.45800000000000000000000000000000000000 22.550405427290731767182087157986082006
887 808 0 0 0 0.019000000000000000000000000000000000000 22.688995024608181537453457736714910865
887 818 0 0 0 0.019000000000000000000000000000000000000 22.950770401538727086046642184846722785
887 842 0 2 0 0.45200000000000000000000000000000000000 22.333443447908120348224602235265592833
887 856 0 2 0 0.46200000000000000000000000000000000000 22.373301031684847161962303734336510031
889 4 1 1 0 0.34800000000000000000000000000000000000 20.943280773484873580639622114517555177
892 7 0 0 0 0.020000000000000000000000000000000000000 21.196434777669054702856001904442892391
892 23 0 0 0 0.023000000000000000000000000000000000000 21.711227257535846851037274937685051923
892 31 2 2 2 0.034000000000000000000000000000000000000 21.839202766144356799769411240396120252
892 43 1 1 0 0.39100000000000000000000000000000000000 21.977886400391914000151453643315410891
892 49 1 1 0 0.37200000000000000000000000000000000000 21.187378310599325471570556301288342580
892 61 0 0 0 0.046000000000000000000000000000000000000 21.277369410154811321381373701504711876
892 67 0 0 0 0.074000000000000000000000000000000000000 21.461230059267021226359093278810311302
892 73 2 2 1 0.49700000000000000000000000000000000000 21.717014788208615031402684404156831336
892 97 0 0 0 0.019000000000000000000000000000000000000 22.301232919714073179496137937801459532
892 109 1 1 0 0.35900000000000000000000000000000000000 21.387515998582012154941023495126698154
892 113 1 1 0 0.43600000000000000000000000000000000000 22.353729371622248269192247776044947542
892 131 0 0 0 0.080000000000000000000000000000000000000 22.399372082973527489953794480152278135
892 151 2 2 2 0.032000000000000000000000000000000000000 20.538739245787853161977850197473243958
892 179 0 0 0 0.015000000000000000000000000000000000000 21.990221256347022026528710441988266499
892 193 0 0 0 0.077000000000000000000000000000000000000 22.474375466740936088798638434758906518
892 227 1 1 1 0.025000000000000000000000000000000000000 22.467784996215755436379087709262242535
892 229 0 0 0 0.017000000000000000000000000000000000000 22.466289940330862131188198544693080986
892 241 0 0 0 0.015000000000000000000000000000000000000 22.454471123465324329576658361325866774
892 263 2 2 1 0.53600000000000000000000000000000000000 22.418585594172910729609753986291173001
892 277 1 1 0 0.28000000000000000000000000000000000000 22.384134480475925449509869185904090681
892 281 1 1 0 0.36100000000000000000000000000000000000 22.372273867944348974238096913381371439
892 283 0 0 0 0.068000000000000000000000000000000000000 20.436547171103205494749112962917250645
892 307 2 2 2 0.027000000000000000000000000000000000000 21.788675432022883681310045306626451992
892 317 1 1 0 0.40700000000000000000000000000000000000 21.506893520190289340902190599488365550
892 343 1 1 1 0.084000000000000000000000000000000000000 19.779337249133744399487058181402139027
892 347 1 1 0 0.35100000000000000000000000000000000000 21.880958505778976403835988103777122956
892 353 1 1 1 0.069000000000000000000000000000000000000 20.908964103343812137561983498463857669
892 359 0 0 0 0.070000000000000000000000000000000000000 21.088048940794716285212150900045885572
892 373 1 1 0 0.28000000000000000000000000000000000000 21.108765778527315150979774920458862943
892 389 1 3 0 0.32400000000000000000000000000000000000 21.870731744822147514788421211929089581
892 419 0 2 0 0.41300000000000000000000000000000000000 22.305117053680772207325822072543367633
892 457 1 1 0 0.23500000000000000000000000000000000000 22.583367068254057725501619279957893840
892 461 1 3 0 0.60400000000000000000000000000000000000 22.605570618095785270894740182097256424
892 463 1 1 0 0.43100000000000000000000000000000000000 22.616323757865661461881592254184076592
892 557 1 1 0 0.38300000000000000000000000000000000000 22.480277449734876691021659608850249635
892 563 0 2 0 0.41800000000000000000000000000000000000 22.971804271578252521816170984312708795
892 571 1 1 0 0.31800000000000000000000000000000000000 22.990011790641733443551021822989152081
892 577 0 2 0 0.47500000000000000000000000000000000000 22.525822433975935002223046694405095197
892 587 1 1 0 0.40600000000000000000000000000000000000 23.023169215398699787015219711952693974
892 593 2 2 2 0.19100000000000000000000000000000000000 22.080289020317966880950659515478288394
892 613 1 1 0 0.62300000000000000000000000000000000000 22.591258090104313787134900783274579852
892 641 1 1 0 0.51200000000000000000000000000000000000 23.105730050389868122304591555991020711
892 683 0 0 0 0.022000000000000000000000000000000000000 21.963809885022182788904007225489801897
892 729 0 0 0 0.021000000000000000000000000000000000000 20.758365137025451353935461435280109306
892 773 1 1 0 0.45800000000000000000000000000000000000 22.627443997946018340262976869278313812
892 787 1 1 0 0.36600000000000000000000000000000000000 23.079386805357914705754986516069756457
892 809 1 1 0 0.22200000000000000000000000000000000000 21.113091624585926706997432603660960985
892 857 1 1 0 0.36000000000000000000000000000000000000 22.737228096236019031793333856084599059
893 4 1 1 0 0.28700000000000000000000000000000000000 20.956929209096438159486320296965664427
893 8 1 1 1 0.030000000000000000000000000000000000000 20.956746176005857968943455568825202389
893 32 1 1 0 0.53300000000000000000000000000000000000 20.254103883755950901657277283983094446
895 2 1 1 1 0.11200000000000000000000000000000000000 20.662746066165467989518263531686335816
895 128 2 2 2 0.021000000000000000000000000000000000000 20.053062049203406813016835774623285252
896 1 1 1 0 0.46500000000000000000000000000000000000 18.859972306891831150697832874396719909
896 61 1 1 1 0.021000000000000000000000000000000000000 20.631049242883345141321954472757465953
896 79 1 1 1 0.020000000000000000000000000000000000000 20.034526778551859832971948414465669851
896 131 1 1 0 0.43400000000000000000000000000000000000 20.431358521952608657954306404903783027
896 149 0 0 0 0.017000000000000000000000000000000000000 20.465465900336225835688627354715294745
896 167 0 0 0 0.078000000000000000000000000000000000000 18.580879906063420935678049246637705931
896 173 0 2 0 0.51000000000000000000000000000000000000 20.972339670189085281818600717400119933
896 181 1 1 0 0.53100000000000000000000000000000000000 20.978552775153466640867993823165708303
896 199 2 2 2 0.033000000000000000000000000000000000000 20.985952243593846178704644514800601561
896 233 0 0 0 0.095000000000000000000000000000000000000 20.974229627137747638398842336572697597
896 251 1 1 1 0.019000000000000000000000000000000000000 20.952760841312876315250343177336749940
896 269 0 0 0 0.075000000000000000000000000000000000000 20.918320433593878707606540277662139167
896 281 0 0 0 0.080000000000000000000000000000000000000 20.886494941216461334081175582022914099
896 307 1 1 0 0.35100000000000000000000000000000000000 20.783391593950136543915264699614523126
896 311 0 2 0 0.46200000000000000000000000000000000000 20.284726896368922802160999577493178606
896 313 1 1 1 0.022000000000000000000000000000000000000 20.750327449295208735949846896874697381
896 379 0 2 0 0.43200000000000000000000000000000000000 19.272243366918211179299149252352240675
896 433 0 0 0 0.011000000000000000000000000000000000000 20.920901017472287902638311870849716071
896 461 0 0 0 0.014000000000000000000000000000000000000 21.104661240182012532307817416510669960
896 467 2 2 2 0.023000000000000000000000000000000000000 19.906360389366703222783561902923367898
896 577 0 0 0 0.018000000000000000000000000000000000000 21.507861653451428683544765277911175413
896 587 0 0 0 0.075000000000000000000000000000000000000 21.528421735023667961780241864216537552
896 599 0 0 0 0.017000000000000000000000000000000000000 20.596738561561381747784088085013288856
896 641 2 2 2 0.10700000000000000000000000000000000000 21.612836948887603263341506281699127830
896 643 1 1 1 0.019000000000000000000000000000000000000 20.183773919437499377543690021132995620
896 677 0 0 0 0.014000000000000000000000000000000000000 20.603840912854326617820788159468569281
896 683 1 1 0 0.38000000000000000000000000000000000000 21.648729979739955349386701870225886055
896 709 2 2 2 0.26100000000000000000000000000000000000 21.657121582406741574241074848283142921
896 719 0 2 0 0.65000000000000000000000000000000000000 21.657215710223292739345910080831130665
896 733 0 2 0 0.38000000000000000000000000000000000000 21.176983914006909747609115867348164298
896 751 1 1 0 0.36200000000000000000000000000000000000 20.689647232241165098450918809862642311
896 809 1 1 0 0.48400000000000000000000000000000000000 21.543322556024020306145329939750556239
896 827 1 1 0 0.54100000000000000000000000000000000000 21.477651012776079773211028144817356257
896 853 0 2 0 0.45800000000000000000000000000000000000 21.320856830136659000629888611982531015
896 863 1 1 0 0.36300000000000000000000000000000000000 21.224003929568797204396347379428360802
896 877 1 1 0 0.40200000000000000000000000000000000000 20.531944320652954388572799322808606861
898 1 1 1 1 0.094000000000000000000000000000000000000 20.371900591096784226695997079134050164
898 5 1 1 0 0.45700000000000000000000000000000000000 21.070780110570756301236690123699284815
898 37 2 2 2 0.023000000000000000000000000000000000000 21.934923047759148297340318361811252858
898 47 1 1 0 0.35500000000000000000000000000000000000 21.081374373337198660229008837866855355
898 103 1 1 0 0.43400000000000000000000000000000000000 22.343361706954109259359755457459320377
898 107 1 1 0 0.36300000000000000000000000000000000000 22.356506690497067526465933296905029654
898 139 0 0 0 0.087000000000000000000000000000000000000 22.437275261190086559434599198338186761
898 157 1 1 1 0.12000000000000000000000000000000000000 22.466828323483813365455698408046000887
898 167 1 1 0 0.33100000000000000000000000000000000000 21.633887831289124342578485753871237935
898 173 0 0 0 0.017000000000000000000000000000000000000 21.308800030450219633594038535205938707
898 199 1 1 0 0.27900000000000000000000000000000000000 21.653678243385384822465139971371172947
898 229 0 0 0 0.015000000000000000000000000000000000000 21.645639301511042694898322165721234919
898 233 1 1 0 0.44700000000000000000000000000000000000 22.487575949191527511804520956612780613
898 257 0 0 0 0.022000000000000000000000000000000000000 21.095036020555889311015335831487115286
898 271 0 0 0 0.13300000000000000000000000000000000000 22.427914178463795268540690044125869767
898 281 0 2 0 0.40900000000000000000000000000000000000 21.924133886271623638770884472627172341
898 313 0 0 0 0.082000000000000000000000000000000000000 21.790178207020322983816430783985754850
898 337 0 2 0 0.40000000000000000000000000000000000000 22.076229678418100791578439704131142193
898 343 0 0 0 0.092000000000000000000000000000000000000 20.312643108517513651075989776151589691
898 347 1 1 0 0.40000000000000000000000000000000000000 21.943747148812249520425638633004325000
898 367 1 1 1 0.020000000000000000000000000000000000000 20.790888523681307882365205471977504817
898 373 0 0 0 0.092000000000000000000000000000000000000 19.895931728184420210981549124820602976
898 383 1 1 1 0.038000000000000000000000000000000000000 21.633881677724109565288956231425443197
898 397 0 2 0 0.41500000000000000000000000000000000000 22.004909917214284950281936086491530722
898 421 1 1 0 0.34500000000000000000000000000000000000 20.998252535371644224955883185716850938
898 443 0 2 0 0.40400000000000000000000000000000000000 20.531806276988021062875665058276464989
898 467 0 2 0 0.45000000000000000000000000000000000000 22.644275228395478317728211656079112227
898 499 2 2 1 0.35300000000000000000000000000000000000 22.788907877641894681607528518083760852
898 521 0 2 0 0.53000000000000000000000000000000000000 22.867802483214935082943849169882560111
898 541 1 1 0 0.22900000000000000000000000000000000000 22.928787021360424057253624732790886807
898 557 0 2 0 0.50300000000000000000000000000000000000 22.971420949285371268804683592659312537
898 569 2 2 1 0.46400000000000000000000000000000000000 22.523090016035710434317692154726154768
898 593 1 1 0 0.35400000000000000000000000000000000000 23.050384255544565055262856257090323433
898 607 1 1 0 0.41000000000000000000000000000000000000 23.075416084678564361020637987954085735
898 643 0 0 0 0.019000000000000000000000000000000000000 23.126392788270691992879141161290328137
898 653 1 1 0 0.31500000000000000000000000000000000000 22.292109939028065446757330710902606178
898 677 1 1 1 0.11500000000000000000000000000000000000 21.981072321005845569464858475726742884
898 683 1 1 0 0.34000000000000000000000000000000000000 22.315695410362568712991965974029690076
898 733 0 2 0 0.54500000000000000000000000000000000000 23.167570282753145435929102668740768488
898 811 1 1 0 0.33400000000000000000000000000000000000 23.055633787327227556696918259199025220
898 887 1 1 1 0.11100000000000000000000000000000000000 22.297594789719665674902795362888685197
899 2 1 1 0 0.39500000000000000000000000000000000000 20.676302795880546777872576802671902912
899 4 0 0 0 0.017000000000000000000000000000000000000 20.977287650554146127113221903266588485
899 8 1 1 1 0.10400000000000000000000000000000000000 19.545743288910297354114589255490769070
899 128 1 1 0 0.41600000000000000000000000000000000000 20.912332379195712143074549190485211613
899 256 0 0 0 0.015000000000000000000000000000000000000 20.656660624039187082851146513155350585
901 2 1 1 0 0.29300000000000000000000000000000000000 20.683058557326081876392124545327622295
901 4 1 1 0 0.34200000000000000000000000000000000000 20.984043612193540811601722440606684081
901 16 0 2 0 0.51900000000000000000000000000000000000 20.983144097877831065205840126788636236
901 32 1 1 1 0.075000000000000000000000000000000000000 20.980256669918316905023723810540326071
901 256 0 0 0 0.077000000000000000000000000000000000000 20.665335926520326723103609785193002692
902 1 1 1 0 0.48100000000000000000000000000000000000 20.385412030581222871151163926001413135
904 1 2 2 2 0.15000000000000000000000000000000000000 20.091115301966354032347909347364064007
904 11 0 0 0 0.030000000000000000000000000000000000000 21.132061417803780091251066723746705024
904 19 1 1 1 0.035000000000000000000000000000000000000 21.368528209502990548994323182168089134
904 31 2 2 2 0.038000000000000000000000000000000000000 21.101773963208943215099676004664548707
904 53 2 2 2 0.029000000000000000000000000000000000000 21.804854367518758534765537472621499091
904 71 1 1 0 0.40600000000000000000000000000000000000 20.379260558426679989273542027561844700
904 97 2 2 2 0.035000000000000000000000000000000000000 22.041835295952023481867452235962059238
904 101 1 1 0 0.42600000000000000000000000000000000000 21.211150923338114391812647183257233216
904 139 0 0 0 0.023000000000000000000000000000000000000 21.680465027675047495221865122023110033
904 163 2 2 2 0.046000000000000000000000000000000000000 22.195280646465469654195510417367502984
904 167 1 1 0 0.45600000000000000000000000000000000000 21.722767550060204858245025270671779764
904 169 2 2 2 0.032000000000000000000000000000000000000 20.242980035665316299999706110773244007
904 181 0 0 0 0.10100000000000000000000000000000000000 22.212456698104439180977324631634399042
904 191 1 1 0 0.39300000000000000000000000000000000000 22.218103551026036761971435492389105984
904 211 1 1 1 0.19900000000000000000000000000000000000 21.743959032167291798890997870703736737
904 239 1 1 0 0.45900000000000000000000000000000000000 21.728455962482569472370895570286965436
904 241 1 1 1 0.040000000000000000000000000000000000000 22.203512025605737845893537950558589564
904 243 1 1 0 0.35600000000000000000000000000000000000 19.447725686658192105538988438527174035
904 251 1 1 0 0.28800000000000000000000000000000000000 22.191062577448703305063681875612416564
904 269 0 0 0 0.029000000000000000000000000000000000000 22.158729120128151114499742462703686793
904 277 0 0 0 0.063000000000000000000000000000000000000 22.139598939583311870609160879875509335
904 281 0 0 0 0.028000000000000000000000000000000000000 22.128763321746784143218419469949035889
904 293 1 1 1 0.042000000000000000000000000000000000000 21.613283551689664563592364540501624555
904 331 0 0 0 0.092000000000000000000000000000000000000 21.877985916343483409937796375057010810
904 343 1 1 1 0.22000000000000000000000000000000000000 20.064460917918400270046986363948532108
904 349 1 1 0 0.36800000000000000000000000000000000000 21.670895670228962698957206365657539812
904 361 0 2 0 0.54600000000000000000000000000000000000 20.130837010326285681100693855002107160
904 409 1 1 0 0.32600000000000000000000000000000000000 21.396412438979843746971274465813618060
904 421 0 0 0 0.16200000000000000000000000000000000000 21.315543537202350439718149252029937761
904 431 2 2 2 0.081000000000000000000000000000000000000 22.108017570481902183792767106100700452
904 433 0 2 0 0.43800000000000000000000000000000000000 22.124845219689211854159648583616226302
904 439 1 1 0 0.27000000000000000000000000000000000000 21.327187500872167964739635768384337828
904 449 1 1 0 0.42900000000000000000000000000000000000 22.242859884492344732709597610879627791
904 461 0 0 0 0.092000000000000000000000000000000000000 22.316602625955538638750688485930023115
904 491 1 1 0 0.42400000000000000000000000000000000000 21.987681062288451340187094150470292486
904 503 0 2 0 0.40100000000000000000000000000000000000 22.513595817367521344212966980983581134
904 601 1 1 0 0.56700000000000000000000000000000000000 22.779970987326751028157709880312651510
904 607 1 1 0 0.40800000000000000000000000000000000000 21.836384197073939634579418162189401729
904 631 0 0 0 0.026000000000000000000000000000000000000 22.827919084477247294977242737483883754
904 643 2 2 2 0.035000000000000000000000000000000000000 22.366321134434311284141835523009616000
904 673 1 1 0 0.50700000000000000000000000000000000000 22.873211408860289422133063231269622621
904 691 1 1 1 0.084000000000000000000000000000000000000 22.884715002414474408038566720821769249
904 701 1 1 0 0.42400000000000000000000000000000000000 22.888937320300343550268476579713969809
904 739 1 1 0 0.52400000000000000000000000000000000000 22.889302740573366080855235893223903072
904 743 0 0 0 0.024000000000000000000000000000000000000 21.933488316983875303731713905331959153
904 761 2 2 2 0.034000000000000000000000000000000000000 21.168635408682897218311040896238601784
904 797 1 1 0 0.34800000000000000000000000000000000000 20.917498840244199082860769570671923131
904 839 1 1 0 0.45400000000000000000000000000000000000 22.691572516927516628386512237944868600
904 881 2 2 1 0.59800000000000000000000000000000000000 22.316510462677774706092417059620354492
905 8 1 1 1 0.030000000000000000000000000000000000000 20.152234408122787182771054262038291774
907 8 2 2 2 0.22600000000000000000000000000000000000 21.004044450028357400890300316153850434
907 10 0 0 0 0.019000000000000000000000000000000000000 21.401851356021408233590483488802106004
907 24 1 1 0 0.17300000000000000000000000000000000000 20.634171902522238266552772583052943642
907 28 1 1 0 0.30000000000000000000000000000000000000 21.846474881479214245933010475872861955
907 34 1 1 0 0.26000000000000000000000000000000000000 21.452291643539111731726143671570387504
907 38 1 1 0 0.49800000000000000000000000000000000000 21.022402291841200137594762400011933622
907 44 1 1 0 0.38900000000000000000000000000000000000 22.038476819892768617359772366175755478
907 52 1 1 1 0.029000000000000000000000000000000000000 21.631027445699028584445595416846116394
907 62 1 1 0 0.36300000000000000000000000000000000000 21.066295082874645324549858342786310135
907 82 0 0 0 0.018000000000000000000000000000000000000 21.591692569110696843773334640189771940
907 88 1 1 0 0.42100000000000000000000000000000000000 21.539236301752224340282637852538628879
907 94 0 0 0 0.14200000000000000000000000000000000000 22.341781574497896784658227069130821037
907 108 2 2 2 0.062000000000000000000000000000000000000 21.436683069024744601620851554500752536
907 116 0 0 0 0.098000000000000000000000000000000000000 22.414783773224482819155817347274195753
907 128 1 1 0 0.39100000000000000000000000000000000000 19.618251435071522167040834262212819792
907 148 0 2 0 0.57400000000000000000000000000000000000 22.485533534293424927396089031991558986
907 158 1 1 0 0.32500000000000000000000000000000000000 22.500696997779507294855488487738707103
907 166 0 0 0 0.11200000000000000000000000000000000000 21.665601496912686911834781196327991909
907 172 1 1 0 0.42700000000000000000000000000000000000 21.671903988652776721340846360679538196
907 192 0 0 0 0.023000000000000000000000000000000000000 21.326678361882748603208789139331482994
907 194 1 3 1 0.65500000000000000000000000000000000000 22.531574389904103827756340728615720398
907 214 0 2 0 0.52300000000000000000000000000000000000 22.056119342750260460621090892818862140
907 242 0 0 0 0.20700000000000000000000000000000000000 21.474446588285349636710649786065469601
907 248 1 1 1 0.23900000000000000000000000000000000000 22.207758066462013248874674728012012799
907 262 1 1 0 0.43200000000000000000000000000000000000 22.487095772799176202726923789121135278
907 278 1 1 0 0.32300000000000000000000000000000000000 22.451930481790834500357033220979612585
907 292 1 1 0 0.39700000000000000000000000000000000000 22.409886301952877201043413443452357092
907 298 0 2 0 0.51200000000000000000000000000000000000 22.387880638951776864118159475987366943
907 302 1 1 0 0.39200000000000000000000000000000000000 21.330249346042071237919602322104776055
907 328 1 1 1 0.026000000000000000000000000000000000000 21.922502214324861909489343448053151690
907 332 0 0 0 0.020000000000000000000000000000000000000 21.492393208395163329861871144994808735
907 346 2 2 1 0.45100000000000000000000000000000000000 22.043338863328567605778440329979014166
907 358 1 1 1 0.026000000000000000000000000000000000000 21.357284382846176250574334573688356031
907 368 2 2 2 0.033000000000000000000000000000000000000 19.339134431334513466971056725660986929
907 384 0 0 0 0.014000000000000000000000000000000000000 20.032536088736559951040574846478598566
907 388 0 0 0 0.079000000000000000000000000000000000000 21.712873701172498377738679978925819385
907 452 0 0 0 0.021000000000000000000000000000000000000 22.088120556782423043032214835798196197
907 458 0 0 0 0.063000000000000000000000000000000000000 22.602608856155725339152828985371272451
907 466 0 0 0 0.082000000000000000000000000000000000000 21.326370994146847760935479802270557650
907 472 2 2 2 0.041000000000000000000000000000000000000 21.149098507517820272267532171940192457
907 478 1 1 1 0.032000000000000000000000000000000000000 22.710685359696095060787456932824266233
907 484 0 0 0 0.018000000000000000000000000000000000000 21.220592544282363414664344116348639615
907 496 1 1 0 0.42800000000000000000000000000000000000 22.189447483708680199402558155686901612
907 500 1 1 0 0.53600000000000000000000000000000000000 21.409857125136814549285227708156523507
907 508 0 0 0 0.10600000000000000000000000000000000000 22.838796898410482394342145217389170167
907 512 0 0 0 0.084000000000000000000000000000000000000 20.746349176531048481148866377409894298
907 536 1 1 0 0.45700000000000000000000000000000000000 22.632087612201093953066412594564950664
907 542 0 0 0 0.17400000000000000000000000000000000000 22.473734936420335756352138477079854048
907 554 1 1 0 0.32000000000000000000000000000000000000 22.984059248376432521306109382766060193
907 556 0 2 0 0.46700000000000000000000000000000000000 22.035070833319223507774906944432824423
907 562 1 1 0 0.32100000000000000000000000000000000000 23.004618693980256749794567438731942130
907 578 1 1 0 0.37400000000000000000000000000000000000 20.857557433642607123248639069275891490
907 584 1 1 0 0.63700000000000000000000000000000000000 22.754198970172487349718225915813876702
907 608 2 2 2 0.19200000000000000000000000000000000000 21.353222087535139291247174080330995900
907 622 0 2 0 0.42500000000000000000000000000000000000 23.124323784458041709551433265186176275
907 626 0 0 0 0.082000000000000000000000000000000000000 23.130345655928743262325154807116242143
907 634 0 0 0 0.15300000000000000000000000000000000000 23.141699793510007512017726628174376949
907 640 1 1 0 0.56600000000000000000000000000000000000 21.644465994113379761101290272385526817
907 688 1 1 1 0.027000000000000000000000000000000000000 22.592334881292903845546639623294044947
907 692 0 0 0 0.019000000000000000000000000000000000000 23.196596702258598416595562431898443028
907 698 0 2 0 0.60600000000000000000000000000000000000 23.199435019547515874832336104067349251
907 704 1 1 0 0.39500000000000000000000000000000000000 21.520462871821342331560228394727867367
907 734 0 2 0 0.46900000000000000000000000000000000000 23.203888221873745404658078731313244694
907 746 0 0 0 0.022000000000000000000000000000000000000 23.200036705375277781667554030182523998
907 752 0 0 0 0.022000000000000000000000000000000000000 22.594910326503437667443132359897511432
907 788 2 2 1 0.69400000000000000000000000000000000000 23.159412418888021456196467782454411970
907 842 1 1 1 0.031000000000000000000000000000000000000 23.003078628871085043317467139388475651
907 878 0 0 0 0.11100000000000000000000000000000000000 22.717912612393345715539040162305124760
908 5 1 1 0 0.54100000000000000000000000000000000000 21.104448758367821607550524791117491437
908 7 0 0 0 0.10700000000000000000000000000000000000 21.250488278539040459104859393188842267
908 11 0 0 0 0.026000000000000000000000000000000000000 20.601419259795584249912328570526655814
908 23 0 0 0 0.077000000000000000000000000000000000000 20.920247011970630761040033994489340365
908 37 1 1 1 0.030000000000000000000000000000000000000 21.014461131798702397208416103947102289
908 47 0 0 0 0.10900000000000000000000000000000000000 22.069468395170229598592991660377700088
908 61 1 1 0 0.38800000000000000000000000000000000000 21.135630070360054626503708244975356145
908 79 0 0 0 0.079000000000000000000000000000000000000 22.279737058627229048860244375183118181
908 103 1 1 0 0.39400000000000000000000000000000000000 22.377965942380303435670886317531938626
908 107 0 2 0 0.52500000000000000000000000000000000000 21.914069630778167099189333068802479145
908 127 1 1 1 0.022000000000000000000000000000000000000 21.969636079170271867297530858908207045
908 137 1 1 1 0.081000000000000000000000000000000000000 21.238318954554327559774766402589697002
908 149 0 0 0 0.082000000000000000000000000000000000000 22.490746182695682006056189755946038302
908 163 2 2 2 0.044000000000000000000000000000000000000 22.033652706122688225151147944247141324
908 167 0 0 0 0.027000000000000000000000000000000000000 21.816475023054687858767912827247716807
908 173 1 1 0 0.32000000000000000000000000000000000000 21.676505336502638700619644015176723331
908 193 2 2 1 0.48400000000000000000000000000000000000 22.534945468277764416509095756503168481
908 197 0 0 0 0.091000000000000000000000000000000000000 22.059178881015690059665019824151372954
908 211 1 1 0 0.33900000000000000000000000000000000000 22.537560866674266695412171416773043853
908 223 0 0 0 0.11700000000000000000000000000000000000 22.534214725930100728564867518172764082
908 257 0 2 0 0.51600000000000000000000000000000000000 22.500017896918338445724898178332725511
908 281 2 2 2 0.030000000000000000000000000000000000000 22.448581943745625237801663515251772378
908 289 1 1 0 0.33500000000000000000000000000000000000 20.717215037228537027300311180426706686
908 313 0 0 0 0.096000000000000000000000000000000000000 22.324966215085304394567908357067167682
908 347 0 0 0 0.023000000000000000000000000000000000000 22.038877197991583620289238966195353839
908 353 3 3 3 0.040000000000000000000000000000000000000 21.946665015087618774356688264250321015
908 361 0 2 0 0.30200000000000000000000000000000000000 19.539475112133704822720533958923526867
908 373 0 0 0 0.020000000000000000000000000000000000000 21.100363625619590560944382472137562292
908 397 1 1 0 0.27500000000000000000000000000000000000 21.478258771985405903273894060772791344
908 401 1 1 0 0.40600000000000000000000000000000000000 20.921722391745764317291151234820731476
908 419 0 0 0 0.023000000000000000000000000000000000000 22.289831220697896299975894522045826270
908 443 1 1 0 0.43000000000000000000000000000000000000 22.503909847126891229832839810128873815
908 457 1 1 0 0.43700000000000000000000000000000000000 22.597323545432504057368938195135487614
908 479 0 0 0 0.067000000000000000000000000000000000000 21.871712724469368738247283819166120794
908 499 0 0 0 0.021000000000000000000000000000000000000 22.805380322392208733948251717004390988
908 509 0 2 0 0.51000000000000000000000000000000000000 22.844270336565653456634585215679258850
908 523 0 2 0 0.53900000000000000000000000000000000000 21.939501231533949468872564158797157448
908 587 0 0 0 0.027000000000000000000000000000000000000 23.063987422609784322400471239269963792
908 593 1 1 0 0.42900000000000000000000000000000000000 22.599018435987823521687301034277614437
908 601 0 2 0 0.48600000000000000000000000000000000000 23.091464110697728255834490727354485918
908 607 1 1 0 0.37900000000000000000000000000000000000 23.102314407809460388649722597792107795
908 643 1 1 0 0.38800000000000000000000000000000000000 23.156333169309645333844632130663004145
908 653 1 1 0 0.45500000000000000000000000000000000000 23.168052816544836680703957492902028147
908 673 0 2 0 0.64500000000000000000000000000000000000 23.187220266447168834703774140555104455
908 677 1 1 0 0.42800000000000000000000000000000000000 23.190361045227686218105382945274655779
908 691 0 0 0 0.085000000000000000000000000000000000000 23.199486061497502862419042165509705773
908 743 1 1 0 0.41200000000000000000000000000000000000 22.360313452403134546136339220970727978
908 751 1 1 0 0.37000000000000000000000000000000000000 23.201816937915788951747501807050123875
908 797 0 2 0 0.60600000000000000000000000000000000000 21.918771146126888342354614637035390655
908 809 1 1 0 0.27700000000000000000000000000000000000 22.646564188479656237479378897749854840
908 821 1 1 0 0.21400000000000000000000000000000000000 23.091187866750961318588430032768081379
908 863 1 1 0 0.46500000000000000000000000000000000000 22.406505259377023491467194254628402294
908 877 1 1 0 0.45200000000000000000000000000000000000 22.746761651015562878108096216862625995
908 907 1 1 0 0.42500000000000000000000000000000000000 20.265592819280388734052967059751847463
909 512 0 2 0 0.46100000000000000000000000000000000000 19.427672746163327923108587148120810930
911 14 1 1 1 0.10400000000000000000000000000000000000 20.862038287864507020921037094141970645
911 18 0 0 0 0.019000000000000000000000000000000000000 21.192561897749253735631114734902535251
911 28 1 1 0 0.36700000000000000000000000000000000000 21.859878018351945748847675099079876465
911 46 1 1 0 0.43200000000000000000000000000000000000 22.070555523041430319347015781638751349
911 64 0 0 0 0.095000000000000000000000000000000000000 19.262103331163367172121316637662382207
911 76 0 0 0 0.016000000000000000000000000000000000000 22.274876177302776086980964392220342481
911 88 0 0 0 0.11700000000000000000000000000000000000 21.075755844705050674741299299801262877
911 92 0 0 0 0.020000000000000000000000000000000000000 21.870438484306178770885342341591683452
911 94 0 0 0 0.019000000000000000000000000000000000000 22.355461608979482739943994160480560822
911 104 1 1 0 0.31800000000000000000000000000000000000 22.090623697283544669738333805529222443
911 106 1 1 0 0.30900000000000000000000000000000000000 21.921155908262313591204658804855416437
911 112 0 0 0 0.016000000000000000000000000000000000000 21.814964282099445034410619541074817457
911 116 1 1 1 0.028000000000000000000000000000000000000 22.428636222627132920131592668768289780
911 122 1 1 0 0.31000000000000000000000000000000000000 21.599714427415530293735865636011098312
911 134 1 1 0 0.43900000000000000000000000000000000000 22.473049268256973779595610065069880397
911 142 0 0 0 0.024000000000000000000000000000000000000 21.057712084804424995256136149002187669
911 146 2 2 1 0.43400000000000000000000000000000000000 22.019184298104795567743618527700611601
911 194 0 2 0 0.50000000000000000000000000000000000000 22.546545992011993010584221326965303714
911 196 1 1 0 0.35000000000000000000000000000000000000 20.747915623844606346303782430830009982
911 232 1 1 0 0.42300000000000000000000000000000000000 21.762746159801200717941397181922586500
911 244 0 0 0 0.027000000000000000000000000000000000000 22.530119244075099495982526534667642951
911 248 2 2 2 0.059000000000000000000000000000000000000 22.224421442106712759816994232145885345
911 262 0 0 0 0.094000000000000000000000000000000000000 22.504463111698014239909841521412561055
911 274 0 0 0 0.082000000000000000000000000000000000000 21.634911237977732431618381511572095264
911 278 0 2 0 0.36700000000000000000000000000000000000 20.780149837357750254784742391803204916
911 284 1 1 0 0.45400000000000000000000000000000000000 22.454265676332317732709169912392927468
911 288 0 0 0 0.017000000000000000000000000000000000000 19.831741229150863546933702286341329530
911 296 2 2 1 0.47100000000000000000000000000000000000 22.114571804034533774672516759684793599
911 316 0 0 0 0.020000000000000000000000000000000000000 22.325821825089809510332875062110258658
911 328 0 0 0 0.022000000000000000000000000000000000000 21.948570142229404707403925498666131754
911 356 1 1 0 0.34400000000000000000000000000000000000 21.924744519446247790959590667472493485
911 368 0 0 0 0.017000000000000000000000000000000000000 20.134208303865728684511979069839232182
911 376 1 1 1 0.025000000000000000000000000000000000000 17.896480783748187526906892621303344165
911 384 0 0 0 0.081000000000000000000000000000000000000 19.947392552998182215241946965275706462
911 394 1 1 0 0.28700000000000000000000000000000000000 21.385088946672821745613688591833584673
911 398 1 3 0 0.44900000000000000000000000000000000000 21.005761365839811056160310936386700987
911 400 1 1 0 0.32400000000000000000000000000000000000 20.701233489442969905662167810296769351
911 428 1 1 0 0.20200000000000000000000000000000000000 22.379057298276568340802165955773757590
911 446 1 1 0 0.28300000000000000000000000000000000000 22.526440612518584077614894943636852974
911 454 0 2 0 0.53100000000000000000000000000000000000 22.580573052000525143973227465353543432
911 482 0 2 0 0.41300000000000000000000000000000000000 22.735070129145942400744852580818575705
911 484 1 1 0 0.42100000000000000000000000000000000000 21.225997028440467954493985487819340006
911 496 0 0 0 0.024000000000000000000000000000000000000 22.195631358747829615680514566238110415
911 508 0 2 0 0.57600000000000000000000000000000000000 22.845645323496185260643353219772037460
911 512 1 1 0 0.37900000000000000000000000000000000000 20.753399345217933012502638571574877368
911 524 0 0 0 0.019000000000000000000000000000000000000 22.425648797039098950225129787663120904
911 526 0 2 0 0.59500000000000000000000000000000000000 22.909424578593076334862619615003338941
911 538 1 1 0 0.28000000000000000000000000000000000000 22.470188614498690615023473953654755688
911 554 0 0 0 0.024000000000000000000000000000000000000 22.992852533411544691781410753090451244
911 566 1 1 0 0.34800000000000000000000000000000000000 23.023665478912272616426989780082061391
911 584 0 0 0 0.10700000000000000000000000000000000000 22.764013345324396021668914390291364618
911 596 1 1 0 0.35800000000000000000000000000000000000 22.612521845325836658599850234245795585
911 626 1 1 0 0.44700000000000000000000000000000000000 23.141521237406283887548602946736796038
911 664 0 0 0 0.017000000000000000000000000000000000000 21.711544173668944574327837918413137114
911 668 0 0 0 0.014000000000000000000000000000000000000 21.283956380056965484683091319960523269
911 694 0 0 0 0.094000000000000000000000000000000000000 23.211332709857439121015946831042578527
911 704 2 2 2 0.038000000000000000000000000000000000000 21.534654575579067172318489871603323438
911 706 1 1 0 0.57600000000000000000000000000000000000 22.371522105914520773089884158720714499
911 724 1 1 0 0.53400000000000000000000000000000000000 23.220179347754799372976809599157525525
911 734 0 2 0 0.59500000000000000000000000000000000000 23.219722498308739227673199204599534956
911 766 1 1 0 0.45400000000000000000000000000000000000 23.204784711437566645303743425348152261
911 788 0 0 0 0.097000000000000000000000000000000000000 23.179962467080385031318941544652667656
911 794 0 0 0 0.11400000000000000000000000000000000000 22.693498254373381701241767848996071824
911 818 0 0 0 0.081000000000000000000000000000000000000 23.119038145433444515102722310579684066
911 856 1 1 0 0.39400000000000000000000000000000000000 22.661886067304021702361907194310810669
911 878 1 1 0 0.40300000000000000000000000000000000000 22.780601062013635845486569486740401137
911 892 0 0 0 0.085000000000000000000000000000000000000 22.565236019297887367281074607888822397
911 898 1 1 0 0.27400000000000000000000000000000000000 20.611365775073136128264718543013166765
913 64 0 0 0 0.019000000000000000000000000000000000000 19.319004070690009908613384783799152269
914 1 1 1 0 0.38700000000000000000000000000000000000 20.425589735395717183459288262690204060
914 11 1 1 1 0.030000000000000000000000000000000000000 20.767575568749420426132278866927856586
914 17 2 2 1 0.58400000000000000000000000000000000000 20.809891654937522316863210981095576637
914 29 0 2 0 0.57700000000000000000000000000000000000 21.884923185687976771470930862766575503
914 43 1 1 1 0.028000000000000000000000000000000000000 20.362099569591420017241792602057414960
914 59 1 1 0 0.49800000000000000000000000000000000000 21.706522458026214134765189975497497459
914 67 1 1 0 0.31200000000000000000000000000000000000 20.716594441338643690539313540255626506
914 89 1 1 1 0.10200000000000000000000000000000000000 20.801381397159410024188781914398506243
914 97 0 0 0 0.021000000000000000000000000000000000000 22.377117739752844119770957024821711503
914 101 0 2 0 0.54200000000000000000000000000000000000 22.391603981192106700655061943388403536
914 103 1 1 0 0.36100000000000000000000000000000000000 21.921414315615989713793952441970523547
914 109 2 2 2 0.050000000000000000000000000000000000000 20.746060656151624819535721868336932953
914 121 1 1 1 0.031000000000000000000000000000000000000 20.934082850328051191214245548471307012
914 131 0 0 0 0.098000000000000000000000000000000000000 21.522690535603769821324753382123902028
914 137 1 1 0 0.37800000000000000000000000000000000000 22.489813524898352027518533510225866319
914 151 0 0 0 0.090000000000000000000000000000000000000 22.515268757906610508052265697008179295
914 163 0 0 0 0.019000000000000000000000000000000000000 22.532329513151231437472349081994570962
914 191 0 2 0 0.45100000000000000000000000000000000000 22.556403450782683752383386584620446811
914 193 0 0 0 0.11200000000000000000000000000000000000 21.603065350196795467608689642579715258
914 199 2 2 2 0.044000000000000000000000000000000000000 22.559373198290755878451013404710982392
914 241 0 0 0 0.034000000000000000000000000000000000000 22.545458255567320806357187573811597347
914 251 0 2 0 0.62900000000000000000000000000000000000 21.688998406066288202404235221350893039
914 263 1 1 0 0.41800000000000000000000000000000000000 22.515642544582085621336064292226313395
914 269 1 1 0 0.34600000000000000000000000000000000000 21.390287271495192330968264508989939744
914 313 1 1 0 0.34300000000000000000000000000000000000 22.358490886314946005151864553381527660
914 331 1 1 0 0.25100000000000000000000000000000000000 22.246676782074378474663050595040230882
914 353 0 2 0 0.54700000000000000000000000000000000000 22.007974001027433589360178132431992107
914 359 1 1 1 0.021000000000000000000000000000000000000 21.899802050169421336232443803253681725
914 361 1 1 1 0.093000000000000000000000000000000000000 18.386521907078670858757576823028794997
914 383 1 1 0 0.27700000000000000000000000000000000000 19.959131579322117753462160844518063287
914 397 0 0 0 0.089000000000000000000000000000000000000 21.917611654778290489275617234909213835
914 419 1 1 1 0.026000000000000000000000000000000000000 19.906568887890437202340677500647153518
914 421 2 2 1 0.39200000000000000000000000000000000000 22.304190343202595833181028638266590432
914 431 1 1 0 0.28900000000000000000000000000000000000 22.405283378428261747383336094807552640
914 439 2 2 2 0.19800000000000000000000000000000000000 20.544494210892862726819386881050338101
914 443 0 0 0 0.023000000000000000000000000000000000000 22.505098486866185288150433059832786322
914 449 0 0 0 0.16000000000000000000000000000000000000 22.548633267587320883596804628651391864
914 479 1 1 1 0.12500000000000000000000000000000000000 22.724225081536404005612922551209127599
914 487 1 1 0 0.26400000000000000000000000000000000000 22.762445452113153725773086037398462230
914 521 1 1 0 0.38500000000000000000000000000000000000 22.898111944600714467089090474501940299
914 529 0 0 0 0.10000000000000000000000000000000000000 21.563271964634147629986501047820255562
914 599 0 0 0 0.078000000000000000000000000000000000000 22.625957478408414642846204153508956087
914 617 0 0 0 0.015000000000000000000000000000000000000 22.181181099070937806782762530125798982
914 619 1 1 0 0.46900000000000000000000000000000000000 23.138722006120528486460895199487350524
914 641 1 1 0 0.43000000000000000000000000000000000000 23.171227760544840698226722945684423604
914 659 1 1 0 0.25700000000000000000000000000000000000 22.151366240344728501066855389964916653
914 661 1 1 1 0.12800000000000000000000000000000000000 22.018780177906353895759468468007771361
914 701 1 1 0 0.31000000000000000000000000000000000000 23.225092986651917117939386078220356247
914 719 2 2 1 0.64900000000000000000000000000000000000 23.230804524905711193174737243038476790
914 739 1 1 0 0.41400000000000000000000000000000000000 22.531757470475286131519995425795791196
914 769 0 0 0 0.024000000000000000000000000000000000000 22.738688883424736573270283725954891038
914 829 1 1 0 0.49400000000000000000000000000000000000 23.106077495696821985686855474868267980
914 857 0 0 0 0.081000000000000000000000000000000000000 22.985097456522681551177595376275301191
916 1 3 3 3 0.047000000000000000000000000000000000000 20.432234696807715283936612281142435534
916 17 1 1 0 0.40000000000000000000000000000000000000 21.661639235942977827601129196264373070
916 19 1 1 0 0.52200000000000000000000000000000000000 21.709682539313880523027042636171915254
916 41 0 0 0 0.10700000000000000000000000000000000000 20.640960842493757905575000201053967658
916 43 1 1 0 0.27100000000000000000000000000000000000 21.581849019265868969127688445293289441
916 71 0 2 0 0.55200000000000000000000000000000000000 21.151008057467206443772325396951781640
916 121 0 2 0 0.52700000000000000000000000000000000000 21.418104028612303150511239034361212214
916 139 0 2 0 0.52000000000000000000000000000000000000 22.500828200885623709052158337969255098
916 149 0 2 0 0.47800000000000000000000000000000000000 22.519061365727233136523954689120006901
916 151 1 1 1 0.27200000000000000000000000000000000000 22.045212737217007351487939781140528235
916 157 1 1 0 0.41700000000000000000000000000000000000 22.531432190859352401612655309789182235
916 169 0 0 0 0.024000000000000000000000000000000000000 20.955435636181775466056575200693210669
916 173 1 1 0 0.31200000000000000000000000000000000000 21.032110691609735376496320793294975962
916 179 0 0 0 0.030000000000000000000000000000000000000 22.555988553077340529627075846470830352
916 211 0 0 0 0.081000000000000000000000000000000000000 21.723086882773702615170071281685576522
916 223 1 1 0 0.44900000000000000000000000000000000000 22.088399870786971325170764590718034877
916 233 0 0 0 0.017000000000000000000000000000000000000 18.012489948969927932212699154469740220
916 239 0 0 0 0.093000000000000000000000000000000000000 22.555384872997311466257157995391935875
916 243 1 1 0 0.30900000000000000000000000000000000000 20.643111854955510686564606767247742470
916 251 1 1 0 0.39200000000000000000000000000000000000 22.542403919349891187391061240525468614
916 277 0 0 0 0.10600000000000000000000000000000000000 22.018404329636846838646410370573077691
916 281 0 2 0 0.54800000000000000000000000000000000000 22.008492971100768578999557915818517826
916 289 0 0 0 0.097000000000000000000000000000000000000 21.232741960358311365613767502461137112
916 293 1 1 0 0.44900000000000000000000000000000000000 22.450550898946982642786398393254033785
916 331 1 1 0 0.30400000000000000000000000000000000000 20.937534856946876559610562553272607778
916 347 0 2 0 0.46200000000000000000000000000000000000 20.877772620602583841056920128755817778
916 349 0 0 0 0.015000000000000000000000000000000000000 20.651924877263003631304158596088077149
916 373 1 1 0 0.23500000000000000000000000000000000000 21.438404380512872083151320081611453804
916 379 0 0 0 0.014000000000000000000000000000000000000 20.260912781392204582765360871201461501
916 389 1 1 0 0.37400000000000000000000000000000000000 21.153787809506312391333446238665257791
916 419 1 1 0 0.40000000000000000000000000000000000000 22.278093008315872101889638501757972237
916 421 2 2 1 0.60400000000000000000000000000000000000 21.824279022525645206068555068857290741
916 433 0 2 0 0.36600000000000000000000000000000000000 22.422463236479964633811808279657968650
916 449 0 0 0 0.031000000000000000000000000000000000000 22.549357967491207294754087802061756362
916 461 0 2 0 0.58200000000000000000000000000000000000 21.196276693071172168779956609291391520
916 479 0 2 0 0.46300000000000000000000000000000000000 22.249481899977911114489391354370416890
916 487 0 2 0 0.58300000000000000000000000000000000000 22.765123186332452481283780685262418453
916 491 1 1 0 0.44300000000000000000000000000000000000 22.084363663861490016016115940816772267
916 503 0 0 0 0.027000000000000000000000000000000000000 22.834262120192774858000373200065628788
916 509 0 0 0 0.096000000000000000000000000000000000000 22.158882426271725179655205470007986371
916 547 0 0 0 0.11200000000000000000000000000000000000 22.506956311301700473296591657609756203
916 601 2 2 2 0.21500000000000000000000000000000000000 22.634877294957573444487167169329474784
916 617 1 1 0 0.51600000000000000000000000000000000000 23.140763296313553697395784365443899982
916 631 1 1 0 0.37400000000000000000000000000000000000 23.162869152418483085234125148965142323
916 661 1 1 1 0.11200000000000000000000000000000000000 23.200946873281467754099770509103176983
916 701 1 1 0 0.30100000000000000000000000000000000000 22.386867506905429022813685055801230998
916 729 1 1 1 0.17000000000000000000000000000000000000 20.853625961161447658754871705328066443
916 757 0 0 0 0.10700000000000000000000000000000000000 23.232617582027495932001149813941213556
916 761 1 1 0 0.49000000000000000000000000000000000000 23.230369396291917416146010177994670548
916 797 0 2 0 0.38500000000000000000000000000000000000 23.191847151511883129799308660123434929
916 811 0 0 0 0.031000000000000000000000000000000000000 23.165742683903201332745545494578354656
916 823 1 1 0 0.52800000000000000000000000000000000000 23.136672605860423879208411542572012820
916 839 1 1 1 0.034000000000000000000000000000000000000 22.131157642290840491960477593490068438
917 4 1 1 0 0.36700000000000000000000000000000000000 21.037557497890398743979138593445278991
917 32 0 0 0 0.090000000000000000000000000000000000000 21.033901960944135330138670197738640373
917 128 1 1 0 0.43800000000000000000000000000000000000 20.975264126432284773468010729403439039
919 4 1 3 1 0.76000000000000000000000000000000000000 21.044180979425357184168094018362502203
919 16 2 2 2 0.042000000000000000000000000000000000000 21.043316384850535700134263004242748578
919 26 0 2 0 0.56900000000000000000000000000000000000 20.900471225319925046431723664325792907
919 38 0 0 0 0.026000000000000000000000000000000000000 22.016742030595943378301548865110080923
919 50 0 0 0 0.12300000000000000000000000000000000000 21.433112292656391470105519326061181465
919 68 1 1 0 0.36700000000000000000000000000000000000 22.257810392263343230283660587442396373
919 72 0 0 0 0.024000000000000000000000000000000000000 20.461013752838008832773209515224858453
919 82 1 1 0 0.44100000000000000000000000000000000000 21.377049574337253508406952873523819854
919 86 2 2 1 0.55300000000000000000000000000000000000 21.504353569982859853927473902496672195
919 98 0 0 0 0.095000000000000000000000000000000000000 21.075587662929426929280217513211796278
919 104 2 2 1 0.62900000000000000000000000000000000000 22.117938314021848505794888606172368268
919 112 0 0 0 0.019000000000000000000000000000000000000 21.842405975503898429496124784227507005
919 116 2 2 2 0.056000000000000000000000000000000000000 21.979024916241868617225839093993446214
919 124 0 0 0 0.045000000000000000000000000000000000000 22.477545180693249910300512874933146288
919 152 1 1 0 0.49100000000000000000000000000000000000 21.756348313603148594800806875840965365
919 160 1 1 1 0.036000000000000000000000000000000000000 21.643150746439038374357735873641973898
919 166 0 0 0 0.085000000000000000000000000000000000000 22.553837496322200657685736924713729590
919 194 1 1 0 0.34800000000000000000000000000000000000 21.877268740163196100104412637079307085
919 202 0 0 0 0.027000000000000000000000000000000000000 22.578778749623748377591604225132672140
919 212 0 0 0 0.023000000000000000000000000000000000000 22.579527498420843875626116079656508245
919 214 0 0 0 0.10600000000000000000000000000000000000 22.579349005930671613443079632505565228
919 226 0 0 0 0.088000000000000000000000000000000000000 22.098795330703345186195981615797672098
919 236 0 0 0 0.090000000000000000000000000000000000000 22.569843323450682173904318794570946017
919 254 1 1 0 0.33300000000000000000000000000000000000 22.550881516623171780146692609848703969
919 256 0 0 0 0.020000000000000000000000000000000000000 20.042932524316655681825750153361751297
919 292 1 1 0 0.24000000000000000000000000000000000000 22.468209817948949735193901411858848613
919 298 0 0 0 0.11800000000000000000000000000000000000 21.493878385873678801191992075230151952
919 302 2 2 1 0.56400000000000000000000000000000000000 22.433325876130017054477852608478110789
919 316 1 1 0 0.42900000000000000000000000000000000000 21.893790609039461545091222341513379846
919 324 2 2 2 0.024000000000000000000000000000000000000 20.894550275657117815498818295449382108
919 332 1 1 0 0.34300000000000000000000000000000000000 21.794620947583309651607815325417659556
919 334 0 0 0 0.092000000000000000000000000000000000000 21.779311213481132536611906162661480074
919 346 0 2 0 0.47200000000000000000000000000000000000 22.144285933683899635716253232116412117
919 358 0 0 0 0.018000000000000000000000000000000000000 20.285600471479469043792192788323000308
919 368 0 0 0 0.021000000000000000000000000000000000000 20.656546431973092587820514914009051018
919 376 1 1 0 0.39700000000000000000000000000000000000 21.010538461007113816165000995264892733
919 386 1 1 0 0.33700000000000000000000000000000000000 20.904884333769878169260367511736449344
919 392 1 1 0 0.43900000000000000000000000000000000000 20.569781851826733244771172442765540136
919 394 2 2 1 0.42000000000000000000000000000000000000 21.089696049148962470922053915830760021
919 424 0 0 0 0.023000000000000000000000000000000000000 21.552685583964358221524802318779466221
919 436 1 1 0 0.32700000000000000000000000000000000000 22.447800655336018686660725036926861450
919 446 1 1 1 0.16700000000000000000000000000000000000 22.528374533773974272870440132120410921
919 464 0 0 0 0.021000000000000000000000000000000000000 22.045861409055559469754220100207319200
919 472 1 1 1 0.16200000000000000000000000000000000000 22.392327583432054157769073561257763410
919 484 1 1 0 0.45800000000000000000000000000000000000 21.713397277691313884854255105645627380
919 514 0 2 0 0.55500000000000000000000000000000000000 21.450422587839627419128917389416279119
919 524 0 0 0 0.095000000000000000000000000000000000000 22.072484695448033757319462433126615176
919 544 1 1 1 0.11600000000000000000000000000000000000 20.680454709544923967277899815507218117
919 586 2 2 2 0.032000000000000000000000000000000000000 22.611563071328120428258494674464140797
919 596 1 1 0 0.46700000000000000000000000000000000000 23.109665908518851940312707602301636151
919 614 1 1 0 0.28600000000000000000000000000000000000 23.143534939439410202141229526437037891
919 628 0 2 0 0.54200000000000000000000000000000000000 23.166578539329046738319815693157161549
919 632 0 0 0 0.080000000000000000000000000000000000000 22.871618878099391988107573191613624988
919 688 0 0 0 0.016000000000000000000000000000000000000 22.632172129109755924071257141760598585
919 698 1 3 1 0.76200000000000000000000000000000000000 22.395471308210138394973960918627096917
919 716 0 0 0 0.020000000000000000000000000000000000000 23.248187168480457151352309187962515358
919 724 1 1 0 0.48300000000000000000000000000000000000 23.249930804256548922357238439404100557
919 734 1 1 0 0.45700000000000000000000000000000000000 23.250600922122583978373155463214309778
919 752 1 1 0 0.50700000000000000000000000000000000000 22.645189200600519080515062959329031211
919 758 1 1 0 0.49000000000000000000000000000000000000 23.244718198819915768856986699486652615
919 764 0 0 0 0.021000000000000000000000000000000000000 22.764298625467723442859063929426341322
919 776 0 0 0 0.081000000000000000000000000000000000000 22.931310341271432831069211366850417575
919 778 1 1 0 0.28800000000000000000000000000000000000 23.230482723019920010460789025785005948
919 824 1 1 1 0.14400000000000000000000000000000000000 22.851526528047764177535636532228239080
919 838 0 2 0 0.50000000000000000000000000000000000000 21.678877861838477301960014369097468053
919 866 0 2 0 0.47500000000000000000000000000000000000 22.977907366477198257348205010653595785
919 878 0 0 0 0.021000000000000000000000000000000000000 22.887885817434263503218074589614276894
921 256 1 1 0 0.39700000000000000000000000000000000000 20.750248260125081343698667512982533836
922 1 0 0 0 0.076000000000000000000000000000000000000 18.761886795483012825766052974513117226
922 13 1 1 1 0.034000000000000000000000000000000000000 21.088303872686003170156335538494006319
922 23 0 0 0 0.022000000000000000000000000000000000000 20.857677024012454422488991998352396073
922 37 1 1 0 0.43600000000000000000000000000000000000 22.015372540485866495435963468955704954
922 47 0 2 0 0.55000000000000000000000000000000000000 20.718292666940641082385395962449973983
922 53 2 2 1 0.72300000000000000000000000000000000000 21.467262760925787785813311203486529489
922 67 1 1 0 0.29300000000000000000000000000000000000 21.784770210844954888747522526489971573
922 79 0 2 0 0.55500000000000000000000000000000000000 22.326973123730283177099952250721674236
922 101 0 0 0 0.018000000000000000000000000000000000000 22.418780162047551132164459289524415111
922 103 0 0 0 0.091000000000000000000000000000000000000 21.249649682156532375104279371940377702
922 109 0 0 0 0.023000000000000000000000000000000000000 22.445455892432080771916405509512954675
922 157 1 1 0 0.33100000000000000000000000000000000000 22.075520505480054152563993572368828554
922 163 1 1 0 0.31900000000000000000000000000000000000 22.560814323128017139473782433967391494
922 173 1 1 0 0.35300000000000000000000000000000000000 22.572192029474703112429698059699214784
922 191 0 2 0 0.43500000000000000000000000000000000000 22.585850141539885792980625833681242835
922 233 1 1 0 0.39200000000000000000000000000000000000 22.583803321133566615091488128444705696
922 239 0 2 0 0.45500000000000000000000000000000000000 21.625158715462849905761213519028712936
922 251 1 1 0 0.35700000000000000000000000000000000000 22.567145079933566978720870138928228859
922 257 1 1 1 0.024000000000000000000000000000000000000 22.082048785214803066594867130583931666
922 271 0 2 0 0.40600000000000000000000000000000000000 22.535219970278403326565898899825200662
922 277 1 1 0 0.28000000000000000000000000000000000000 21.677315082995581243883512320851689340
922 313 1 1 0 0.38600000000000000000000000000000000000 22.402044840403348223249089525842946696
922 317 1 1 0 0.23900000000000000000000000000000000000 21.341004200092306410431706660155840919
922 343 1 1 0 0.31000000000000000000000000000000000000 20.508429860960965284807176886135661062
922 373 1 1 0 0.36800000000000000000000000000000000000 21.120295648489211735290702144650250610
922 383 1 1 0 0.24400000000000000000000000000000000000 19.376900293285398586418712451622845060
922 389 1 1 1 0.025000000000000000000000000000000000000 21.517482054392695212124561769322472907
922 421 1 1 0 0.41700000000000000000000000000000000000 22.291875812528748388896431428377814983
922 443 0 0 0 0.11900000000000000000000000000000000000 20.892660472777796114485110518074438709
922 457 0 2 0 0.31200000000000000000000000000000000000 22.606268417298365736331916819165355992
922 467 0 2 0 0.36200000000000000000000000000000000000 22.667958398209521459585159560664517742
922 499 0 0 0 0.017000000000000000000000000000000000000 19.367883561005001341880765706510460299
922 523 1 1 0 0.30200000000000000000000000000000000000 21.689059407955055100099314268441541411
922 541 1 1 0 0.35900000000000000000000000000000000000 22.978450865479669355490399936819601162
922 557 1 1 0 0.35100000000000000000000000000000000000 23.024642705242043343272329109809144453
922 577 1 1 0 0.39000000000000000000000000000000000000 23.075323331429664820846370824935031360
922 593 1 1 0 0.33000000000000000000000000000000000000 23.110845866647553509889769028987475162
922 607 0 0 0 0.069000000000000000000000000000000000000 22.661460299232168433189002069137983903
922 625 0 0 0 0.12500000000000000000000000000000000000 20.118788102721946216572160190505896982
922 673 0 0 0 0.18700000000000000000000000000000000000 23.231303054478220799407717313461793585
922 677 1 1 0 0.45000000000000000000000000000000000000 22.389882617600536388887810668509238753
922 727 1 1 0 0.33300000000000000000000000000000000000 23.261347236462007978492263942046929300
922 757 1 1 1 0.39100000000000000000000000000000000000 23.257593383138061341222795881597365274
922 761 2 2 2 0.31600000000000000000000000000000000000 22.778663410671406090657092734895544812
922 827 2 2 1 0.56300000000000000000000000000000000000 23.163066267422026388231624891972634846
922 863 1 1 0 0.33400000000000000000000000000000000000 23.023839153265371374835316051181909914
923 8 2 2 2 0.027000000000000000000000000000000000000 20.212115439477550955929492191355230133
923 512 0 0 0 0.082000000000000000000000000000000000000 20.773693070617248530019531860940192008
925 32 1 1 1 0.026000000000000000000000000000000000000 19.516304842356891538609912445403755951
925 64 0 0 0 0.085000000000000000000000000000000000000 20.350321510660751725816629936909283532
926 9 0 0 0 0.090000000000000000000000000000000000000 20.942080923801640202237970059688378635
926 23 0 2 0 0.54100000000000000000000000000000000000 21.825096352133949002793494233199730568
926 29 0 0 0 0.090000000000000000000000000000000000000 21.924655922803104140515216378086963947
926 31 0 0 0 0.027000000000000000000000000000000000000 21.953191926855992656391585595117741857
926 37 0 2 0 0.51500000000000000000000000000000000000 21.551454291657960542281200716730895409
926 53 1 1 1 0.11200000000000000000000000000000000000 20.857261980577036650308233756593452743
926 61 1 1 0 0.41200000000000000000000000000000000000 22.237238941761010045209550309885826412
926 67 1 1 0 0.36400000000000000000000000000000000000 22.275194067114411642646997898056362244
926 79 0 0 0 0.099000000000000000000000000000000000000 21.298940639822534279486712841633394840
926 89 1 1 1 0.10500000000000000000000000000000000000 21.431639403949214159503920997466177100
926 101 0 0 0 0.023000000000000000000000000000000000000 21.733305263887302272926650480503956233
926 109 2 2 1 0.45900000000000000000000000000000000000 21.981889056928324028115653031847149747
926 121 1 1 1 0.026000000000000000000000000000000000000 21.452361242570854872193478979598724132
926 131 0 0 0 0.17000000000000000000000000000000000000 22.518379020158973172293029941007845514
926 149 0 0 0 0.027000000000000000000000000000000000000 21.855093744187124737501809335723511816
926 167 0 0 0 0.021000000000000000000000000000000000000 22.579890264297694345849039058521730033
926 179 1 1 0 0.38900000000000000000000000000000000000 22.114970376935045409264866622971516799
926 211 0 0 0 0.023000000000000000000000000000000000000 22.605958696443503860088980361846330994
926 223 0 2 0 0.38100000000000000000000000000000000000 22.604108689255548700930120095571061277
926 229 1 1 0 0.34000000000000000000000000000000000000 22.601675404285291905545471218459545400
926 233 1 1 0 0.44800000000000000000000000000000000000 22.122353507424191486090993094109645050
926 257 1 1 0 0.27400000000000000000000000000000000000 21.461840672294738642188349028266755354
926 263 1 1 0 0.37600000000000000000000000000000000000 22.566772409898686397847122808159989289
926 271 1 1 0 0.31700000000000000000000000000000000000 22.075450072506279416036535288055115596
926 281 1 1 0 0.44100000000000000000000000000000000000 22.530932092457234282709931721046914563
926 317 0 0 0 0.14200000000000000000000000000000000000 22.404351932594606394923333044322129397
926 331 0 0 0 0.073000000000000000000000000000000000000 22.323117666227106833816020080749703826
926 353 0 0 0 0.080000000000000000000000000000000000000 22.118576136676234257894527977835142267
926 361 2 2 1 0.39900000000000000000000000000000000000 20.241412419748059163541100787161272081
926 383 3 3 3 0.041000000000000000000000000000000000000 20.420451758736328539220440711297998683
926 401 2 2 1 0.53600000000000000000000000000000000000 21.233485688006381529608714207692572353
926 409 1 1 0 0.42600000000000000000000000000000000000 22.104784377697468684434681650284783915
926 431 0 0 0 0.089000000000000000000000000000000000000 21.919498046175923078865024982458726565
926 439 1 1 1 0.025000000000000000000000000000000000000 22.471379864807630562309017419404497339
926 457 0 0 0 0.14200000000000000000000000000000000000 22.608218732981609761739727629158342090
926 461 0 0 0 0.016000000000000000000000000000000000000 22.634299713806532979547215544890677983
926 487 0 0 0 0.017000000000000000000000000000000000000 22.300734809379796804788714324966236422
926 491 1 1 1 0.082000000000000000000000000000000000000 22.796772651715570709948246598791431871
926 499 2 2 1 0.41500000000000000000000000000000000000 22.133627047982808349119449842411798848
926 509 1 1 0 0.38100000000000000000000000000000000000 22.874010086820665497504841249197138790
926 523 0 0 0 0.096000000000000000000000000000000000000 22.449443101936408069155329741816264124
926 541 0 0 0 0.095000000000000000000000000000000000000 22.509158740058356897528792388770963925
926 563 0 0 0 0.026000000000000000000000000000000000000 22.007879040576784536943153240357932870
926 569 2 2 1 0.54400000000000000000000000000000000000 23.064781528482387459998464176723113669
926 607 1 1 1 0.14200000000000000000000000000000000000 23.148655723781587657099555901142679021
926 625 0 0 0 0.093000000000000000000000000000000000000 21.083666556223236635308399926108985050
926 673 0 0 0 0.10000000000000000000000000000000000000 23.243531319705151095505736830034719012
926 691 1 1 0 0.31500000000000000000000000000000000000 21.183442198609549569575165471904696825
926 709 0 0 0 0.085000000000000000000000000000000000000 23.269854343187864312850409195608613028
926 719 1 1 0 0.51300000000000000000000000000000000000 22.796693545216924510322237277155666126
926 733 0 0 0 0.082000000000000000000000000000000000000 23.276720261191998893841084700293923561
926 739 0 0 0 0.086000000000000000000000000000000000000 21.954754007712802312703788745603470177
926 751 1 1 0 0.36900000000000000000000000000000000000 22.576604299032385685167082379078774034
926 761 1 1 0 0.45900000000000000000000000000000000000 23.272336005549278915308412180135139929
926 841 1 1 0 0.35100000000000000000000000000000000000 21.685451014782957103933596004264710788
926 859 1 1 0 0.37500000000000000000000000000000000000 23.078094127258396483088265500760602917
928 7 1 1 0 0.53200000000000000000000000000000000000 20.413640891622777418081457477693658047
928 31 0 0 0 0.023000000000000000000000000000000000000 21.056675619088697394950482669599659339
928 59 0 0 0 0.095000000000000000000000000000000000000 21.327153488731049783646033802205518486
928 67 1 1 1 0.089000000000000000000000000000000000000 21.378733377292786234988098541310327075
928 73 0 0 0 0.092000000000000000000000000000000000000 20.935807545079511103656874481092599324
928 79 0 0 0 0.022000000000000000000000000000000000000 21.443901143958972544693818825244824233
928 109 0 0 0 0.090000000000000000000000000000000000000 21.085552972674218038394967481151048054
928 137 0 0 0 0.076000000000000000000000000000000000000 21.635240279887260816416219521677329104
928 151 1 1 0 0.43800000000000000000000000000000000000 21.661270393241846493126193153215136911
928 157 0 0 0 0.024000000000000000000000000000000000000 21.670603194834901142505441949853790917
928 181 1 1 0 0.39700000000000000000000000000000000000 21.220719137186978367144218162666336095
928 193 0 0 0 0.032000000000000000000000000000000000000 20.860581645549469928255561157189827111
928 227 0 0 0 0.10300000000000000000000000000000000000 21.707215744660036982657840702412657584
928 257 0 0 0 0.033000000000000000000000000000000000000 21.680954829753106854151588821090538817
928 263 1 1 0 0.50100000000000000000000000000000000000 21.672087756380982791066596606922644942
928 277 0 0 0 0.11000000000000000000000000000000000000 21.645855289075586961426096380404913389
928 283 1 1 0 0.62400000000000000000000000000000000000 21.631955838230781294592784884423178813
928 293 2 2 2 0.037000000000000000000000000000000000000 21.604678524843490156912653248665229399
928 307 1 1 1 0.032000000000000000000000000000000000000 20.601906498742461491118947006401694112
928 313 1 1 0 0.48700000000000000000000000000000000000 21.530820400624787435659831873326284771
928 317 1 1 0 0.34100000000000000000000000000000000000 18.869654026214779489929533823637485192
928 337 0 0 0 0.020000000000000000000000000000000000000 21.389302538876651899021992740153984540
928 343 1 1 1 0.026000000000000000000000000000000000000 19.171717664743043609083013182072003337
928 347 1 1 0 0.42000000000000000000000000000000000000 20.601482582078266302159949976522548402
928 353 2 2 2 0.038000000000000000000000000000000000000 18.636043373862434221556047900977995483
928 367 2 2 2 0.038000000000000000000000000000000000000 20.994330697265094798347178623680069406
928 383 2 2 1 0.53000000000000000000000000000000000000 19.916481112021397432209843060831002717
928 389 1 1 1 0.13600000000000000000000000000000000000 19.598889160170623975241402739480155309
928 431 2 2 2 0.13100000000000000000000000000000000000 21.014472261865485520009141107396220455
928 439 0 2 0 0.54400000000000000000000000000000000000 21.567490026679866797054761335847060509
928 463 1 1 1 0.20400000000000000000000000000000000000 20.899942737322328884518850541075610823
928 491 1 1 1 0.059000000000000000000000000000000000000 21.896242608022842969657467660499635909
928 499 0 0 0 0.022000000000000000000000000000000000000 21.932334170818389199634455792039763942
928 521 1 1 1 0.11900000000000000000000000000000000000 21.542627160332227699386050294386996547
928 529 1 1 1 0.028000000000000000000000000000000000000 20.686175571820761541475780508555418357
928 557 0 0 0 0.099000000000000000000000000000000000000 21.179914031678568873727500218296288658
928 563 1 1 0 0.58400000000000000000000000000000000000 22.150458742665673005899522047667529086
928 577 0 0 0 0.10200000000000000000000000000000000000 19.869896306431139730257342591114778132
928 587 3 3 3 0.037000000000000000000000000000000000000 19.528712884373242000406056729972915930
928 601 1 1 1 0.029000000000000000000000000000000000000 22.238757272817959294788567753081130257
928 613 0 0 0 0.022000000000000000000000000000000000000 21.784693222719672616967456680741542979
928 619 1 1 0 0.44900000000000000000000000000000000000 22.272544422207623444789242944685693930
928 653 0 0 0 0.031000000000000000000000000000000000000 19.934594360601951898747542412383209451
928 733 0 2 0 0.73300000000000000000000000000000000000 22.380958260929363404294683840921572372
928 823 1 1 0 0.57600000000000000000000000000000000000 22.304920998394465508749715260802699454
928 857 1 1 0 0.53000000000000000000000000000000000000 22.199657036462736334977649483343135960
928 859 0 2 0 0.53100000000000000000000000000000000000 22.190931569973912126390774531171236632
929 6 0 0 0 0.023000000000000000000000000000000000000 21.253104429471920632363189111337464982
929 14 0 0 0 0.085000000000000000000000000000000000000 21.620517235769716327721882441815841850
929 16 0 2 0 0.68700000000000000000000000000000000000 20.121995054877718631289008368721152427
929 26 0 0 0 0.096000000000000000000000000000000000000 21.887667463935520176025630024365181680
929 28 1 3 1 0.63600000000000000000000000000000000000 21.919470100659266045372409796446287053
929 40 2 2 2 0.030000000000000000000000000000000000000 21.770447692336135737741913282963279956
929 44 1 3 1 0.88500000000000000000000000000000000000 22.111674547002447003798414031674966132
929 58 0 0 0 0.20800000000000000000000000000000000000 22.226541101854921201841531943675938882
929 74 0 0 0 0.063000000000000000000000000000000000000 21.847587717138253454601735498843420407
929 86 1 1 0 0.57500000000000000000000000000000000000 22.382949060041546788493657552583050063
929 94 1 1 0 0.47300000000000000000000000000000000000 22.416254031922157452803603642772652642
929 98 0 0 0 0.015000000000000000000000000000000000000 21.586395065987109798307735332725783289
929 116 0 2 0 0.42300000000000000000000000000000000000 21.645076490515147357062770635202677611
929 124 0 0 0 0.025000000000000000000000000000000000000 21.080386895757700851851771767049956057
929 136 1 1 0 0.43500000000000000000000000000000000000 22.238633075405654780653492163673989337
929 152 2 2 1 0.53300000000000000000000000000000000000 22.268436725602996151776077743089988164
929 166 1 1 0 0.47100000000000000000000000000000000000 22.589283044761918357810915712318394797
929 176 1 1 1 0.052000000000000000000000000000000000000 21.998046833051656751432486660772085376
929 184 1 1 1 0.20800000000000000000000000000000000000 22.305811014350270383656545717070489249
929 212 0 2 0 0.41800000000000000000000000000000000000 22.617198178841839424137120049282898261
929 214 1 1 0 0.44000000000000000000000000000000000000 21.294927263418391513514364233297271346
929 226 0 2 0 0.42400000000000000000000000000000000000 22.614546615645517373695300837419282827
929 236 1 1 0 0.42900000000000000000000000000000000000 22.132153486682870619298406256533953806
929 244 2 2 1 0.53700000000000000000000000000000000000 22.602907848137581755522733281354888605
929 248 1 1 0 0.34000000000000000000000000000000000000 22.297940473521291142236948133138402617
929 262 0 2 0 0.42600000000000000000000000000000000000 22.580926905218337383049482617035883307
929 278 1 1 0 0.33100000000000000000000000000000000000 22.551151767723201809101846447433797788
929 292 0 0 0 0.040000000000000000000000000000000000000 21.670315542378622926305074407735708672
929 314 0 0 0 0.028000000000000000000000000000000000000 22.434663177690296075501782013988623674
929 334 1 1 0 0.34000000000000000000000000000000000000 22.321007430526783628779442786616776967
929 344 1 1 0 0.38200000000000000000000000000000000000 21.461938976367492894630872087391507136
929 346 0 0 0 0.096000000000000000000000000000000000000 21.522074458184566440567453967245766589
929 376 0 0 0 0.084000000000000000000000000000000000000 20.837532586421455729417836040591263929
929 394 1 1 0 0.31000000000000000000000000000000000000 19.856032391471551304454073554960517474
929 398 0 0 0 0.084000000000000000000000000000000000000 21.339481958410779419577634390116784412
929 404 0 2 0 0.48200000000000000000000000000000000000 19.614717084187009512751748954379404628
929 424 0 0 0 0.099000000000000000000000000000000000000 22.014768740929374160934768144007577028
929 432 1 3 0 0.51300000000000000000000000000000000000 20.847564633170288894737987056363637153
929 436 0 0 0 0.087000000000000000000000000000000000000 22.442776238592254032309296660276249999
929 446 0 0 0 0.10000000000000000000000000000000000000 21.130909398439175349913105059078532114
929 452 1 1 0 0.35400000000000000000000000000000000000 22.097255150941894634893889768642505883
929 464 1 1 0 0.37500000000000000000000000000000000000 22.052941523842448018317334109421486663
929 478 1 1 0 0.39700000000000000000000000000000000000 22.735585915351202546727719717599943266
929 514 1 1 0 0.26900000000000000000000000000000000000 22.898327991953934907915533470982580062
929 526 1 1 0 0.34400000000000000000000000000000000000 22.942398880506119101430802675076863484
929 544 2 2 2 0.030000000000000000000000000000000000000 22.098263297367623596085095207106148185
929 566 1 1 0 0.49100000000000000000000000000000000000 21.177101974840753759553045802120588086
929 568 0 0 0 0.018000000000000000000000000000000000000 21.488992970979831649176973628128993429
929 584 2 2 2 0.11800000000000000000000000000000000000 22.806633374603595955557845745335979226
929 604 0 0 0 0.023000000000000000000000000000000000000 22.451305141198891283396984910857748740
929 628 1 1 0 0.37500000000000000000000000000000000000 22.716284035964049942567682833080030904
929 656 1 1 0 0.45300000000000000000000000000000000000 22.631415546886978791979627004506688111
929 674 0 0 0 0.10300000000000000000000000000000000000 23.253602841637143676140108528691852886
929 676 2 2 1 0.48100000000000000000000000000000000000 22.141624515880821926333174349793007583
929 716 0 2 0 0.52900000000000000000000000000000000000 23.283138620605622986892384360455861830
929 724 1 1 0 0.48800000000000000000000000000000000000 23.285846911133751370921930009137409271
929 758 1 1 0 0.41200000000000000000000000000000000000 22.808460214767830349696183285839851767
929 776 0 0 0 0.095000000000000000000000000000000000000 22.498472188884228463862139547545393590
929 796 0 0 0 0.085000000000000000000000000000000000000 22.558908511293918977424019489788873951
929 800 2 2 2 0.048000000000000000000000000000000000000 21.650781312184486078529304024508391022
929 838 0 0 0 0.094000000000000000000000000000000000000 23.176430341060492772042666038263534499
929 842 1 1 0 0.41100000000000000000000000000000000000 21.551734262970658054805220679549282638
929 856 1 1 0 0.35800000000000000000000000000000000000 22.813504494060520779378755284218536517
931 4 1 1 0 0.34800000000000000000000000000000000000 19.761402347107765218286273113439736213
932 17 0 0 0 0.033000000000000000000000000000000000000 21.714318010621969350749373196443425034
932 19 0 0 0 0.026000000000000000000000000000000000000 21.762370227935576272076715034648253553
932 29 0 2 0 0.40900000000000000000000000000000000000 20.452967162909084843269631170279646675
932 37 0 0 0 0.027000000000000000000000000000000000000 22.048272816169815079820714215147552251
932 43 0 0 0 0.029000000000000000000000000000000000000 20.051146049033014064138210958204932762
932 47 0 0 0 0.034000000000000000000000000000000000000 22.149198428467047817158053522515828895
932 71 0 0 0 0.020000000000000000000000000000000000000 22.318235202384116033031744520272673850
932 83 1 1 0 0.50100000000000000000000000000000000000 22.379356021920137716836088052748801307
932 97 1 1 0 0.30900000000000000000000000000000000000 20.747596685403928606446207893397178338
932 113 1 1 1 0.11300000000000000000000000000000000000 22.014408703733644829149251897030049871
932 127 1 1 0 0.41700000000000000000000000000000000000 22.529414692046704972129736551436585169
932 139 0 0 0 0.088000000000000000000000000000000000000 22.079042601696555128937858388018150974
932 167 0 0 0 0.027000000000000000000000000000000000000 22.123923902315361441209697270585616731
932 173 0 0 0 0.16700000000000000000000000000000000000 22.607768108922100699759816529903507685
932 223 1 3 0 0.60500000000000000000000000000000000000 22.626978959709323920364527025091678599
932 227 0 0 0 0.026000000000000000000000000000000000000 22.625643953321111243529705293992616581
932 241 0 0 0 0.069000000000000000000000000000000000000 22.617360046026788291981567914803171017
932 271 1 1 0 0.28200000000000000000000000000000000000 19.943854003656926724389141223081732385
932 277 1 1 0 0.35100000000000000000000000000000000000 22.566442275087826705996143945918412928
932 311 0 0 0 0.088000000000000000000000000000000000000 21.509068081154297945510336730382130309
932 331 1 1 0 0.21100000000000000000000000000000000000 22.359654892590463629056585449394062325
932 337 1 1 0 0.35900000000000000000000000000000000000 21.364061227090194399189967155557477150
932 343 0 0 0 0.016000000000000000000000000000000000000 19.881010079236384592160649680781190389
932 349 0 2 0 0.43400000000000000000000000000000000000 22.213304680262728960422935914877116047
932 373 0 0 0 0.018000000000000000000000000000000000000 21.314057738198887801910772162189080125
932 379 0 0 0 0.084000000000000000000000000000000000000 21.530930896693946489712340499469327999
932 421 1 1 0 0.33500000000000000000000000000000000000 22.271675928132589636941917696832061670
932 433 0 2 0 0.41900000000000000000000000000000000000 22.411073287724130992204332342267705400
932 449 1 1 0 0.45500000000000000000000000000000000000 22.552235671872457091388844180397732455
932 463 1 1 1 0.18000000000000000000000000000000000000 22.173343092893020655136767625463364837
932 487 0 2 0 0.44200000000000000000000000000000000000 22.784960146700593576471307713364856262
932 503 1 1 1 0.025000000000000000000000000000000000000 22.858317283712788202306801405015477444
932 547 0 0 0 0.085000000000000000000000000000000000000 23.016331067812775338597364383445160509
932 563 0 0 0 0.083000000000000000000000000000000000000 22.584890372904897889410404736884994044
932 587 0 2 0 0.55600000000000000000000000000000000000 22.276302160535709912034964581323202099
932 613 1 1 0 0.39600000000000000000000000000000000000 23.174976989087263117847276080042688660
932 619 0 0 0 0.085000000000000000000000000000000000000 23.185891478238310822802903817852706602
932 659 0 2 0 0.62000000000000000000000000000000000000 23.245761569571525260034058154299972231
932 673 0 0 0 0.069000000000000000000000000000000000000 23.261582193382063403208129375158632430
932 683 0 2 0 0.54300000000000000000000000000000000000 23.271264029706534363144032294596500454
932 701 1 1 0 0.50400000000000000000000000000000000000 23.285236869779733528498530415806236880
932 709 1 1 0 0.34300000000000000000000000000000000000 23.289985405714779711375350212189708335
932 727 1 1 0 0.54100000000000000000000000000000000000 23.297227572616934077091757351292609986
932 773 2 2 2 0.15900000000000000000000000000000000000 22.446187345243767775720796138444927655
932 797 1 1 0 0.44000000000000000000000000000000000000 22.316683449534580707042751616412550619
932 839 1 1 1 0.14800000000000000000000000000000000000 23.192421268437330221010158021552904438
932 853 0 0 0 0.096000000000000000000000000000000000000 23.147960575567016317025612673157119966
932 919 0 0 0 0.025000000000000000000000000000000000000 22.480488333396520403583757348118818728
933 2 1 1 0 0.41000000000000000000000000000000000000 19.944059496608881173545728202164315832
934 1 2 2 2 0.032000000000000000000000000000000000000 20.491394653050499676862076634752827880
934 11 1 1 1 0.032000000000000000000000000000000000000 20.578126496140591333062635920824739151
934 17 1 1 0 0.38000000000000000000000000000000000000 21.720839092044504802325434650619045273
934 31 0 0 0 0.026000000000000000000000000000000000000 21.979401594258066153071031558179571587
934 41 0 0 0 0.020000000000000000000000000000000000000 21.399325467916765733461005938715778405
934 67 0 0 0 0.020000000000000000000000000000000000000 21.071175100538169702853289717755586630
934 73 1 1 0 0.41900000000000000000000000000000000000 22.335859679651856033826466973770664948
934 81 0 0 0 0.025000000000000000000000000000000000000 20.945212475257697845391886966312538500
934 89 0 0 0 0.030000000000000000000000000000000000000 21.298591945920072261075027861833321226
934 101 1 1 1 0.12400000000000000000000000000000000000 21.136863097858805332149191244717118123
934 109 1 1 0 0.43700000000000000000000000000000000000 21.786963568046518064375885335018207501
934 131 1 1 0 0.30800000000000000000000000000000000000 21.700586096160090272303753656314814051
934 139 1 1 0 0.45300000000000000000000000000000000000 22.563006645403326294429301974984919705
934 151 1 1 1 0.050000000000000000000000000000000000000 21.630900501636460927548988642400886974
934 157 1 1 0 0.29800000000000000000000000000000000000 22.594588981157339376952431127540860665
934 179 1 1 0 0.29800000000000000000000000000000000000 22.620635781631592789927077777239752545
934 193 1 1 0 0.45400000000000000000000000000000000000 21.785427617700926091950570506572325814
934 197 1 1 0 0.41800000000000000000000000000000000000 22.632419781011027154375805134662982667
934 199 1 1 0 0.41200000000000000000000000000000000000 21.788113875408355551679035881528772021
934 239 1 1 0 0.50000000000000000000000000000000000000 22.626720119400566632821481302200841294
934 241 0 0 0 0.021000000000000000000000000000000000000 21.449125063491969267897230216825568668
934 263 0 0 0 0.098000000000000000000000000000000000000 22.123079922287946146785264745572917259
934 269 1 1 0 0.31600000000000000000000000000000000000 22.590421180035008498656582159912070328
934 271 1 1 0 0.40300000000000000000000000000000000000 22.586848278397676885167420971073522725
934 307 0 0 0 0.026000000000000000000000000000000000000 22.489308725607611764792892500273512394
934 311 0 2 0 0.40700000000000000000000000000000000000 22.473517991066833318653589105976469523
934 331 1 1 0 0.36200000000000000000000000000000000000 21.894486299765100303183199729192416173
934 353 0 2 0 0.45900000000000000000000000000000000000 20.346510021346438866138204002426686573
934 361 0 0 0 0.021000000000000000000000000000000000000 20.800180843316162933612161656898626272
934 379 0 0 0 0.015000000000000000000000000000000000000 21.584747529119497764436371422628881724
934 401 1 1 0 0.32200000000000000000000000000000000000 21.863389660037843979618872304089520387
934 409 1 1 0 0.29900000000000000000000000000000000000 21.367741041681730831489759837835145405
934 419 1 1 1 0.17700000000000000000000000000000000000 21.393627038721130089937962374697757719
934 431 1 1 0 0.25300000000000000000000000000000000000 22.387943142162325629034244530055286951
934 461 0 2 0 0.49400000000000000000000000000000000000 22.161328080381875664383079669348543232
934 479 2 2 1 0.43200000000000000000000000000000000000 22.268706666456543490006715484665681438
934 509 0 0 0 0.097000000000000000000000000000000000000 22.187302212187967622865190071299908370
934 521 1 1 0 0.41100000000000000000000000000000000000 22.932920031989618814892866634114839818
934 523 0 0 0 0.086000000000000000000000000000000000000 22.095169693125039599649665853299569127
934 529 1 1 1 0.10200000000000000000000000000000000000 20.168545037025220923679591475509707033
934 557 1 3 1 0.67900000000000000000000000000000000000 23.049574628963135291058293706857259003
934 571 1 1 0 0.51300000000000000000000000000000000000 22.045887125553606104831090150995131825
934 599 1 1 0 0.30100000000000000000000000000000000000 21.254579221942635070839815754935981543
934 613 0 0 0 0.081000000000000000000000000000000000000 23.179966799005351530655052977165797076
934 647 0 0 0 0.080000000000000000000000000000000000000 23.235615650912359251148351060612686255
934 653 1 1 0 0.29200000000000000000000000000000000000 21.036958230529874749188086777663534255
934 661 2 2 1 0.50900000000000000000000000000000000000 23.253922609757693209421909240950210111
934 719 0 0 0 0.10700000000000000000000000000000000000 22.456345006264839690281565508475310263
934 739 1 1 1 0.13600000000000000000000000000000000000 21.815214073131780663370701107933692795
934 757 1 1 0 0.30000000000000000000000000000000000000 22.460470930727029647606226103517449400
934 769 0 0 0 0.11400000000000000000000000000000000000 23.301604093291110326168255797856480784
934 797 1 1 0 0.37100000000000000000000000000000000000 23.280301842572213088387756861376006417
934 829 1 1 0 0.45600000000000000000000000000000000000 23.228925161079152234256933535953943916
934 907 1 1 0 0.39200000000000000000000000000000000000 21.826693557633184937600743787918093488
937 2 0 2 0 0.54000000000000000000000000000000000000 20.802163285629746157641482034603420803
937 8 0 0 0 0.086000000000000000000000000000000000000 20.148742975211484683466447335602585940
937 20 0 0 0 0.024000000000000000000000000000000000000 21.800790513237271978122056304774887567
937 22 1 1 0 0.41800000000000000000000000000000000000 21.841891605179120656795167173844648088
937 32 1 1 1 0.12400000000000000000000000000000000000 20.254552997974900864463162200538811866
937 38 1 1 0 0.52200000000000000000000000000000000000 21.376940040782326580490085473062183921
937 52 0 0 0 0.021000000000000000000000000000000000000 22.207714652148586774677714780762613362
937 64 1 1 0 0.45600000000000000000000000000000000000 20.611734635592836360459281732771126739
937 68 2 2 2 0.15400000000000000000000000000000000000 22.317429838152433912427930930336360146
937 76 1 1 0 0.47500000000000000000000000000000000000 22.361623329944632218086673128378444598
937 86 1 1 0 0.51400000000000000000000000000000000000 22.409478939588126838842346905597749848
937 118 0 0 0 0.025000000000000000000000000000000000000 20.096269490492482501043137537876104571
937 124 2 2 1 0.48100000000000000000000000000000000000 22.538829147806876139423466613380162928
937 134 1 1 1 0.14300000000000000000000000000000000000 22.085506471941241742468783884669958977
937 142 1 1 0 0.40400000000000000000000000000000000000 21.734120534882739947854891616457580970
937 144 0 0 0 0.077000000000000000000000000000000000000 21.503864870574096812037566199635094616
937 148 1 1 0 0.41200000000000000000000000000000000000 22.590331012611046586315423239851575521
937 158 0 0 0 0.024000000000000000000000000000000000000 22.606462305573039081128096751810593098
937 178 0 0 0 0.027000000000000000000000000000000000000 22.630349943580410474783246090724244085
937 196 0 2 0 0.57100000000000000000000000000000000000 21.797742605140815674244980150658495027
937 202 0 2 0 0.46100000000000000000000000000000000000 21.800055197694672800678693121197113515
937 218 0 2 0 0.55500000000000000000000000000000000000 22.646763114863683294904459296882831993
937 224 1 1 1 0.023000000000000000000000000000000000000 20.788289699762179486932242072272849894
937 232 1 1 1 0.024000000000000000000000000000000000000 22.341537225580394609177344312220347058
937 248 2 2 1 0.59800000000000000000000000000000000000 21.099431044772850101605143126468404968
937 272 2 2 1 0.72600000000000000000000000000000000000 21.995693754590641316636495571335991158
937 274 1 1 0 0.28900000000000000000000000000000000000 22.594019513319414691427250655042469722
937 298 0 0 0 0.042000000000000000000000000000000000000 22.057610967671463412310203779555481273
937 302 0 0 0 0.12800000000000000000000000000000000000 22.521799738900728931061782479793267861
937 328 1 1 0 0.55100000000000000000000000000000000000 22.106053779934025592973361544629602898
937 356 1 1 0 0.40800000000000000000000000000000000000 22.174465118531330271066267572080954261
937 358 0 0 0 0.027000000000000000000000000000000000000 22.149190971474826073528477325712367202
937 376 0 2 0 0.46400000000000000000000000000000000000 21.475553459693310604671303173352206441
937 382 0 0 0 0.014000000000000000000000000000000000000 21.486951189714949543024870372824436164
937 398 1 1 0 0.21200000000000000000000000000000000000 20.868266908704021936352253881399473420
937 412 0 2 0 0.51000000000000000000000000000000000000 21.412410929004767713046425583410664112
937 428 0 0 0 0.023000000000000000000000000000000000000 22.349731212152997731662173943174983558
937 454 1 1 0 0.35000000000000000000000000000000000000 22.590354224497859944320217585397887232
937 482 2 4 2 0.62000000000000000000000000000000000000 21.403034247617711536562862288504645094
937 486 2 2 1 0.42900000000000000000000000000000000000 20.877021996091126138160440262766512281
937 508 1 1 1 0.10200000000000000000000000000000000000 21.656125485375562696664672552858476356
937 512 1 1 0 0.29700000000000000000000000000000000000 19.619635276921066528424480326167452412
937 526 3 3 3 0.044000000000000000000000000000000000000 22.956181467619538698319870083236863664
937 538 1 1 0 0.33400000000000000000000000000000000000 22.298445688492205797506783472040007406
937 542 2 2 1 0.52800000000000000000000000000000000000 23.010354338106301658531027877160731556
937 568 0 0 0 0.021000000000000000000000000000000000000 22.307716781629644396953699671119286211
937 592 1 1 0 0.43500000000000000000000000000000000000 22.542074085092631848604098859082543120
937 596 1 1 0 0.38000000000000000000000000000000000000 23.152902228667042404370018916640703898
937 608 1 1 1 0.10500000000000000000000000000000000000 22.274614154259484920029954223701529121
937 614 0 0 0 0.094000000000000000000000000000000000000 23.189287660557759329545277677265981782
937 652 0 0 0 0.020000000000000000000000000000000000000 23.250783078633072446704404216711380634
937 662 1 1 0 0.33300000000000000000000000000000000000 22.564727154942737011527987684538721725
937 706 1 1 0 0.53100000000000000000000000000000000000 23.304617569631504844051223062502890114
937 716 1 1 0 0.46400000000000000000000000000000000000 23.310205293713727602600823577596483117
937 722 0 0 0 0.083000000000000000000000000000000000000 22.034110125623952784694074574175231855
937 746 1 1 0 0.41600000000000000000000000000000000000 22.840870579404424856097811367169096515
937 818 0 2 0 0.43500000000000000000000000000000000000 20.950225708711744452244389466002959091
937 824 1 1 0 0.42200000000000000000000000000000000000 22.954565474850467912779845796548925325
937 832 0 0 0 0.082000000000000000000000000000000000000 22.035208165112108250437091191499215181
937 848 1 1 0 0.55000000000000000000000000000000000000 22.596042526529583366287685790019507372
937 886 1 1 0 0.36800000000000000000000000000000000000 21.534181214391835358665954836950079575
939 4 0 0 0 0.090000000000000000000000000000000000000 21.109633973067842415226776843044642018
939 128 0 0 0 0.072000000000000000000000000000000000000 21.050373776586059464842011113336840602
941 16 1 1 1 0.11300000000000000000000000000000000000 20.416307812076796012660177345110030111
941 18 0 0 0 0.071000000000000000000000000000000000000 21.291135232704526602370464176248515808
941 28 1 1 1 0.024000000000000000000000000000000000000 21.958557768063552074629145180794328568
941 38 0 2 0 0.53400000000000000000000000000000000000 22.088903041162025684137968501801877497
941 44 1 1 1 0.023000000000000000000000000000000000000 22.150866673634045723823687992445745088
941 46 0 0 0 0.072000000000000000000000000000000000000 20.556762827366679566243798992041192169
941 74 0 0 0 0.075000000000000000000000000000000000000 21.133782124288124771086598492610817025
941 86 1 1 1 0.020000000000000000000000000000000000000 21.100436699867933210992057835822935890
941 92 1 1 0 0.39800000000000000000000000000000000000 22.448105658995113011817977952775727890
941 94 0 0 0 0.078000000000000000000000000000000000000 20.937588528418013332473674979516953197
941 104 2 2 2 0.027000000000000000000000000000000000000 21.237534947743129643939585675744421979
941 116 0 2 0 0.39400000000000000000000000000000000000 21.831524420003982044742021374479009986
941 118 1 1 0 0.27200000000000000000000000000000000000 22.536175487522128173298926387855610028
941 124 1 1 0 0.37700000000000000000000000000000000000 22.552274775367960988688606988015111127
941 136 1 1 0 0.34100000000000000000000000000000000000 22.279500181684901980289374995682163172
941 164 2 2 2 0.14000000000000000000000000000000000000 22.628657270247417183681338916924732575
941 200 0 0 0 0.076000000000000000000000000000000000000 21.658970229814455173344309221561181274
941 206 3 3 3 0.16900000000000000000000000000000000000 21.815693024398611997202552152192880998
941 214 2 2 2 0.11200000000000000000000000000000000000 22.661781596774476039391596071799913327
941 226 1 1 0 0.34800000000000000000000000000000000000 22.660125665810124979218641875990427794
941 236 0 0 0 0.021000000000000000000000000000000000000 22.655759352894463914823086401608022346
941 244 1 1 0 0.29400000000000000000000000000000000000 22.650210144933964616019378779203172248
941 248 2 2 2 0.14000000000000000000000000000000000000 21.868566128093252199993991263199143057
941 256 1 1 0 0.44400000000000000000000000000000000000 20.354919580209199543786875903584773208
941 272 0 0 0 0.056000000000000000000000000000000000000 22.012578579418609025046346801039278150
941 278 1 1 0 0.30200000000000000000000000000000000000 22.603274310803383161824250864815195144
941 304 0 0 0 0.018000000000000000000000000000000000000 21.087046469204119881983199221294333388
941 314 1 1 0 0.33800000000000000000000000000000000000 22.496713578923284966528369750959959092
941 326 1 1 0 0.30700000000000000000000000000000000000 22.440549808379120247294797304489983316
941 332 0 0 0 0.081000000000000000000000000000000000000 22.406639686223701757244051847523996769
941 346 1 1 0 0.35500000000000000000000000000000000000 21.829118614734709047184658629739498272
941 352 1 1 0 0.25300000000000000000000000000000000000 21.347379239073766079703362850081648442
941 368 0 0 0 0.013000000000000000000000000000000000000 21.430121900983724119337709722581938457
941 392 1 1 0 0.19500000000000000000000000000000000000 19.447021443399005834888672747782481147
941 416 1 1 0 0.35700000000000000000000000000000000000 20.565180224512114958635195059217667477
941 424 1 1 0 0.26800000000000000000000000000000000000 21.989699656662948607047051080617999370
941 428 0 0 0 0.014000000000000000000000000000000000000 19.820097188255192150323354716665733632
941 446 2 2 2 0.085000000000000000000000000000000000000 22.049134744896226738105869693992522828
941 466 2 2 1 0.40100000000000000000000000000000000000 21.975481846072668099325264645127764038
941 482 1 1 0 0.26900000000000000000000000000000000000 20.969263811033367525157800877481392064
941 508 0 0 0 0.064000000000000000000000000000000000000 22.415188130137705401782637231861037137
941 514 0 2 0 0.50700000000000000000000000000000000000 21.686543441784897795586688753648613825
941 538 1 1 1 0.022000000000000000000000000000000000000 23.004643606542822021057369531070595183
941 554 1 1 0 0.32300000000000000000000000000000000000 22.577711958584734066766464457747025068
941 556 1 1 0 0.38200000000000000000000000000000000000 23.060706373025519740112765056817086857
941 568 0 2 0 0.44400000000000000000000000000000000000 22.793204392146286023896189734103896518
941 584 0 0 0 0.14600000000000000000000000000000000000 22.134712874610094096909719586031562942
941 596 0 0 0 0.14200000000000000000000000000000000000 22.317080751261525524201107235650873100
941 640 1 1 0 0.45000000000000000000000000000000000000 21.738979153104372883414065090864899295
941 674 1 1 0 0.33600000000000000000000000000000000000 21.598934507283677800703550844226710582
941 676 1 1 0 0.36600000000000000000000000000000000000 21.332259932367875664188923163450326977
941 688 1 1 1 0.096000000000000000000000000000000000000 22.224032782977952965646218862910886921
941 694 1 1 0 0.28800000000000000000000000000000000000 22.463353090124268719624063022733173464
941 704 2 2 1 0.62600000000000000000000000000000000000 22.111979127052807252205690000143635603
941 724 1 1 0 0.34300000000000000000000000000000000000 22.850104346386405216161243243732550759
941 736 1 1 1 0.028000000000000000000000000000000000000 22.428017358410365925835056314541765468
941 746 2 2 1 0.50600000000000000000000000000000000000 23.332642215850809753366894875440228051
941 758 0 0 0 0.015000000000000000000000000000000000000 23.332315054183796025358803530292114775
941 764 2 2 1 0.59900000000000000000000000000000000000 23.331210689158291431629523615478149145
941 772 0 2 0 0.36800000000000000000000000000000000000 21.369659387557479289815077833131649998
941 776 0 2 0 0.53200000000000000000000000000000000000 22.180851856889978643072106062888579407
941 788 1 1 1 0.047000000000000000000000000000000000000 22.842699419270942631646174409032034374
941 808 0 0 0 0.020000000000000000000000000000000000000 22.999361001188566088031015172795489346
941 844 0 2 0 0.49600000000000000000000000000000000000 23.234044896291614232162351833850769991
941 886 1 1 1 0.30600000000000000000000000000000000000 22.587499967166418009559697609163995849
943 8 0 0 0 0.022000000000000000000000000000000000000 21.122393009668006134028315114510292924
943 64 0 0 0 0.021000000000000000000000000000000000000 20.263346753518231671539976176210964467
943 128 1 1 0 0.50100000000000000000000000000000000000 20.586702902462070902650920963722442634
943 256 1 1 0 0.34200000000000000000000000000000000000 20.840059841742916531918921687966174381
944 1 0 0 0 0.086000000000000000000000000000000000000 18.967468052200731552323765496784200470
944 13 1 1 1 0.10200000000000000000000000000000000000 20.189982477657398402215323091428511258
944 29 2 2 2 0.027000000000000000000000000000000000000 21.381236152479070470215121018694532151
944 31 1 1 1 0.022000000000000000000000000000000000000 20.710818389180050573962541628327378923
944 41 1 1 0 0.53900000000000000000000000000000000000 21.528735952015268325263954099298241134
944 43 1 1 1 0.098000000000000000000000000000000000000 21.548841687735270724542353224093601027
944 47 1 1 1 0.022000000000000000000000000000000000000 21.586228804663384520519329711727264072
944 53 2 2 2 0.084000000000000000000000000000000000000 19.359868859116636263031987203607758568
944 71 0 0 0 0.094000000000000000000000000000000000000 21.278405424286452378560200286011508922
944 79 0 0 0 0.10200000000000000000000000000000000000 20.952569217557155052287845068613580533
944 83 2 2 1 0.48700000000000000000000000000000000000 21.816822648005878093140165094778520210
944 101 1 1 1 0.10400000000000000000000000000000000000 21.890193800114399577987091121820259321
944 127 1 1 1 0.023000000000000000000000000000000000000 21.490698022183404750216637455983074493
944 139 1 1 0 0.42400000000000000000000000000000000000 20.716165517375381334896906973079698174
944 151 0 2 0 0.54300000000000000000000000000000000000 21.172289341979075112139654734252395530
944 157 0 0 0 0.095000000000000000000000000000000000000 22.027016150572132544792561054720253750
944 167 0 0 0 0.027000000000000000000000000000000000000 22.040820712742861382648709513458051156
944 169 1 1 0 0.45100000000000000000000000000000000000 20.230341924450304690983559379977880444
944 211 1 1 0 0.43300000000000000000000000000000000000 22.070531234363424871056777006664516868
944 229 1 1 0 0.34000000000000000000000000000000000000 22.068375936127753673354058636814637372
944 239 2 2 1 0.58400000000000000000000000000000000000 20.949449658211287393745395434557753369
944 241 1 1 1 0.10300000000000000000000000000000000000 21.216957586460672458373543733426333365
944 251 0 0 0 0.093000000000000000000000000000000000000 21.576460451036179457618896135466535828
944 277 0 0 0 0.029000000000000000000000000000000000000 22.015994819160674378567412610371130612
944 281 0 0 0 0.025000000000000000000000000000000000000 20.463854988879294200128211774863050910
944 317 1 1 1 0.024000000000000000000000000000000000000 21.897313500725980298860114159583775408
944 337 1 1 0 0.34200000000000000000000000000000000000 21.790820741188461641752556583764949142
944 349 0 0 0 0.015000000000000000000000000000000000000 21.698685787368973760769552833172035857
944 361 1 1 0 0.36000000000000000000000000000000000000 19.812856845509030796646830927780183100
944 389 0 2 0 0.38700000000000000000000000000000000000 20.430549373672821201965993658601860329
944 409 1 1 0 0.38600000000000000000000000000000000000 21.402481824268561880148104970929190427
944 419 2 2 1 0.57800000000000000000000000000000000000 20.905722390895554532476872684495223572
944 421 0 0 0 0.090000000000000000000000000000000000000 21.636646659239994725648893989431578031
944 449 1 1 1 0.021000000000000000000000000000000000000 21.471450397534319419847559953170680600
944 461 1 1 0 0.35800000000000000000000000000000000000 22.039995206383008411966731185094106177
944 463 0 0 0 0.076000000000000000000000000000000000000 22.053785592098334903890751247209963166
944 491 1 1 0 0.45700000000000000000000000000000000000 22.216168719098882395419690357389077886
944 499 0 0 0 0.086000000000000000000000000000000000000 22.254519745935784118266135241551483893
944 541 2 2 2 0.028000000000000000000000000000000000000 21.463638658136003118712913720247022932
944 563 0 0 0 0.017000000000000000000000000000000000000 22.484617518208480053517500463913655649
944 659 0 0 0 0.083000000000000000000000000000000000000 22.677422778708946504055951588000502303
944 691 1 1 1 0.11200000000000000000000000000000000000 22.712942765743089362919860782474779507
944 709 0 0 0 0.024000000000000000000000000000000000000 22.726959345595786036674863144758475520
944 729 0 0 0 0.017000000000000000000000000000000000000 20.351673596807944861887726844247306637
944 739 2 2 2 0.029000000000000000000000000000000000000 21.418035065744312062501426942598961362
944 743 2 2 1 0.41200000000000000000000000000000000000 22.741015884208737778577708373368748092
944 761 0 0 0 0.020000000000000000000000000000000000000 22.741235220177247353814906640299155761
944 811 1 1 0 0.54300000000000000000000000000000000000 21.754623246268275028271220459017434002
944 827 1 1 1 0.034000000000000000000000000000000000000 22.207968998831923030503670596663058574
944 841 1 1 0 0.41500000000000000000000000000000000000 21.194489134877517728935128325014841726
944 857 1 1 0 0.47100000000000000000000000000000000000 22.613769481041901022989698402522201314
944 883 1 1 0 0.29500000000000000000000000000000000000 22.029770009154060026218976152109535865
944 911 1 1 0 0.52000000000000000000000000000000000000 22.288748500918338335848648266973660363
944 937 1 1 0 0.41200000000000000000000000000000000000 21.181446281224531100593576120408595426
947 2 0 2 0 0.47400000000000000000000000000000000000 19.880193783972690659658410780398334010
947 12 0 0 0 0.019000000000000000000000000000000000000 21.612112766787069319825041560981769475
947 14 0 2 0 0.43100000000000000000000000000000000000 20.187521422353248215793490995398133385
947 16 1 1 0 0.33400000000000000000000000000000000000 19.812392128559458899289098560154892397
947 22 0 0 0 0.083000000000000000000000000000000000000 21.175229621010917705218208449324333442
947 32 1 1 0 0.54500000000000000000000000000000000000 21.131998675074029401506966850891266042
947 36 1 1 0 0.47200000000000000000000000000000000000 21.608191878942135580163738944923927187
947 54 1 1 1 0.096000000000000000000000000000000000000 21.301604904915086028929776792386831608
947 58 0 0 0 0.088000000000000000000000000000000000000 22.285335860972010827850809713301464516
947 68 0 0 0 0.017000000000000000000000000000000000000 22.350047945351417440428577110378428323
947 76 0 0 0 0.088000000000000000000000000000000000000 22.394330405021861531397575979659350932
947 98 1 1 0 0.37800000000000000000000000000000000000 21.646082893790037240899519925416465312
947 128 1 1 0 0.44300000000000000000000000000000000000 19.901121446103556013642691152994897675
947 142 0 0 0 0.072000000000000000000000000000000000000 21.094635591622665672600384188223816263
947 148 0 0 0 0.017000000000000000000000000000000000000 22.624425960564196634784331924594476369
947 152 1 1 0 0.40200000000000000000000000000000000000 22.330314353366300964954481870343093711
947 158 0 0 0 0.018000000000000000000000000000000000000 22.640855254399496369430465228594118396
947 166 1 1 0 0.29500000000000000000000000000000000000 22.651974948046416605611027554312800622
947 184 1 1 0 0.47500000000000000000000000000000000000 22.369749170204923036951122528379360335
947 188 0 2 0 0.58600000000000000000000000000000000000 22.673826860368660783275531679986841570
947 208 1 1 0 0.35400000000000000000000000000000000000 22.080962664880697324435172307250758744
947 212 2 2 2 0.12700000000000000000000000000000000000 20.608104553193048800871599980317040965
947 224 0 0 0 0.015000000000000000000000000000000000000 21.779981089007540023912482848889863300
947 226 2 2 2 0.027000000000000000000000000000000000000 22.682608140192219011474884079456427538
947 232 1 1 0 0.36500000000000000000000000000000000000 21.902424111148923454632503996152893178
947 242 0 2 0 0.43900000000000000000000000000000000000 20.788485132375022479587711629030887361
947 250 0 0 0 0.078000000000000000000000000000000000000 20.793347340885150855360990626386751311
947 262 1 1 0 0.34500000000000000000000000000000000000 22.654810688242433202550390500637214633
947 292 1 1 0 0.29700000000000000000000000000000000000 22.597474087522350772778842063266195337
947 296 0 0 0 0.075000000000000000000000000000000000000 22.285743332767580987962827745348907390
947 298 1 1 0 0.35500000000000000000000000000000000000 22.581101188684968368292907130358917057
947 320 0 0 0 0.084000000000000000000000000000000000000 21.297591037136501463656572580279469051
947 338 1 1 0 0.37100000000000000000000000000000000000 21.290427017652624052525496935173087959
947 352 0 0 0 0.015000000000000000000000000000000000000 21.391332533876629237196721271655161874
947 358 1 1 1 0.023000000000000000000000000000000000000 19.891956924095637583650090718845717173
947 362 2 2 2 0.035000000000000000000000000000000000000 21.706620916154589760225546092941135767
947 386 1 1 1 0.098000000000000000000000000000000000000 21.529108207802473534634686641314777928
947 388 1 1 0 0.23200000000000000000000000000000000000 21.364278111002229499482229085615568550
947 392 1 1 0 0.38800000000000000000000000000000000000 19.008684197288542103313767451793816586
947 464 2 2 2 0.050000000000000000000000000000000000000 22.061601986129679888604310621791065666
947 472 1 1 1 0.15500000000000000000000000000000000000 21.715592251076038085950006795395234910
947 478 1 1 0 0.27800000000000000000000000000000000000 22.052436833692722176408224413055236107
947 488 0 0 0 0.071000000000000000000000000000000000000 21.550835033936147072640262982801659925
947 496 0 0 0 0.018000000000000000000000000000000000000 22.243983907426635203218926981617211374
947 502 1 1 0 0.31900000000000000000000000000000000000 22.396950262912636265122886560751541828
947 544 2 2 1 0.34900000000000000000000000000000000000 22.132046948110993946819932539415515540
947 548 0 2 0 0.50600000000000000000000000000000000000 23.047916717116814609799333050986203678
947 562 1 1 0 0.26700000000000000000000000000000000000 23.089839156162455248928129987798740712
947 576 0 0 0 0.012000000000000000000000000000000000000 21.446541597526608088985787825618654329
947 628 0 0 0 0.016000000000000000000000000000000000000 22.063584423960930273154893628289921422
947 634 1 1 0 0.27600000000000000000000000000000000000 22.404893002984156564231886937071938604
947 648 1 1 1 0.023000000000000000000000000000000000000 21.539754874901431313912467975715886847
947 652 1 1 0 0.33700000000000000000000000000000000000 23.277996706571077056956478353936769787
947 668 1 1 0 0.51800000000000000000000000000000000000 22.822160900547527944252759217112536157
947 686 1 1 0 0.35300000000000000000000000000000000000 21.151917227821100873603219783261405220
947 688 1 1 0 0.28000000000000000000000000000000000000 22.719130517980039389573111173084232257
947 692 1 1 0 0.36600000000000000000000000000000000000 23.324944956034615505490361187329594332
947 698 1 1 0 0.32300000000000000000000000000000000000 23.330181104685793648014323768543327312
947 712 0 2 0 0.54500000000000000000000000000000000000 23.039498160064755812744781261164265479
947 758 2 2 2 0.079000000000000000000000000000000000000 22.400580239406681066174582790534639871
947 784 1 1 0 0.46900000000000000000000000000000000000 21.900384117529698188283232585103521760
947 796 0 0 0 0.015000000000000000000000000000000000000 23.339651889346484067837756382039552859
947 802 1 1 0 0.33900000000000000000000000000000000000 23.334483188832793360408268103219686006
947 824 1 1 1 0.21900000000000000000000000000000000000 23.006410826686368432921382242345561968
947 838 2 2 2 0.18400000000000000000000000000000000000 23.282300892962755040970694620896515222
947 866 0 0 0 0.019000000000000000000000000000000000000 20.929559196255102577423391341918125859
947 904 0 2 0 0.59700000000000000000000000000000000000 22.697490580829197452360881244183096625
947 908 0 2 0 0.48900000000000000000000000000000000000 22.962976772668514823056042634013290649
947 926 0 2 0 0.43800000000000000000000000000000000000 22.724451477743097467923073296101960731
948 1 1 1 0 0.34300000000000000000000000000000000000 20.536624982975989610311329255736417097
949 256 0 2 0 0.44400000000000000000000000000000000000 20.386828229781769033852252496888252627
953 4 0 0 0 0.14400000000000000000000000000000000000 21.154626740737459722164315202023885032
953 6 0 0 0 0.072000000000000000000000000000000000000 21.330651043914074045664641683461542995
953 22 0 0 0 0.082000000000000000000000000000000000000 20.349352682124064392308103105982736645
953 48 1 1 1 0.049000000000000000000000000000000000000 21.624039954067417514844876560326924185
953 50 1 1 0 0.42100000000000000000000000000000000000 21.544193825953527416422490561699378354
953 52 0 0 0 0.026000000000000000000000000000000000000 20.569308293445133203726879776780912209
953 62 0 0 0 0.017000000000000000000000000000000000000 20.900642780984522515799250922513103205
953 82 1 1 1 0.049000000000000000000000000000000000000 21.966376893730779127341403786996435464
953 92 1 1 1 0.12700000000000000000000000000000000000 22.487392069166996353014952901988077610
953 106 2 2 2 0.038000000000000000000000000000000000000 21.497702139584204621967166253356461758
953 118 0 2 0 0.50000000000000000000000000000000000000 22.098875374856719901120995816073120198
953 128 2 2 2 0.037000000000000000000000000000000000000 20.398210877843924670170691785949857541
953 136 0 0 0 0.086000000000000000000000000000000000000 20.801284030125657379312084840330620022
953 148 1 1 0 0.32600000000000000000000000000000000000 22.644689706340792810816735035535731013
953 152 2 2 2 0.026000000000000000000000000000000000000 21.873523983291751070194820369432172100
953 158 1 1 0 0.42000000000000000000000000000000000000 22.661292372515866538631054702844939421
953 160 0 0 0 0.14100000000000000000000000000000000000 21.761184130497558063586515210934266055
953 166 1 1 0 0.41200000000000000000000000000000000000 22.672564695588955938553319661925081010
953 178 0 0 0 0.079000000000000000000000000000000000000 21.987318931645120817481433378381975959
953 184 0 2 0 0.59800000000000000000000000000000000000 22.390734111536467665471961092590267460
953 188 0 2 0 0.43700000000000000000000000000000000000 22.217789326758300542888838542389486356
953 194 1 1 1 0.10900000000000000000000000000000000000 21.853783612791242698973432356848471507
953 202 3 3 2 0.60600000000000000000000000000000000000 22.702786146779490845222953500958654282
953 212 1 1 0 0.34400000000000000000000000000000000000 22.705430272556069204602324483412017017
953 232 0 0 0 0.080000000000000000000000000000000000000 22.402073434816344323912607378892384941
953 242 1 1 0 0.29700000000000000000000000000000000000 20.334343760679476338545825989331578762
953 254 0 0 0 0.079000000000000000000000000000000000000 22.688001534310501033978309634864577697
953 256 0 0 0 0.083000000000000000000000000000000000000 20.879738920759429611329606640661153196
953 268 1 1 0 0.40100000000000000000000000000000000000 22.670687469096101452471070339996274975
953 288 0 0 0 0.086000000000000000000000000000000000000 21.253324348227547243762460906187406199
953 302 1 1 1 0.11800000000000000000000000000000000000 22.596850926840735723744256392563728684
953 344 0 0 0 0.074000000000000000000000000000000000000 22.098959473377609471795851956111125870
953 356 1 1 0 0.36800000000000000000000000000000000000 22.299353920564322168052074989232545610
953 358 1 1 0 0.35200000000000000000000000000000000000 22.279010916566919535305440521937037906
953 384 0 2 0 0.45700000000000000000000000000000000000 20.272578610352375882488840600386540968
953 392 1 1 0 0.38400000000000000000000000000000000000 20.048309101267619402650973200289851390
953 398 2 2 1 0.30100000000000000000000000000000000000 21.275051700252551642321461998044255177
953 400 0 0 0 0.075000000000000000000000000000000000000 20.184280896426941442788995689223088963
953 412 0 2 0 0.31500000000000000000000000000000000000 22.014510857674871025963335645523939015
953 436 1 1 0 0.24600000000000000000000000000000000000 20.312731528140557938120161851932863093
953 458 1 1 0 0.31600000000000000000000000000000000000 22.144027052743146317227382991842629337
953 472 1 1 0 0.31800000000000000000000000000000000000 21.718843387654982078994022037169880680
953 482 0 0 0 0.14800000000000000000000000000000000000 22.778889450068253680370960592136718438
953 488 0 0 0 0.015000000000000000000000000000000000000 20.435273638010167575900650994338357468
953 502 1 1 1 0.069000000000000000000000000000000000000 22.881444191317726986211436430996889070
953 514 0 0 0 0.079000000000000000000000000000000000000 22.457218213979188178158892798244056299
953 524 0 0 0 0.023000000000000000000000000000000000000 22.974477363935509751079589879256612373
953 526 0 2 0 0.43800000000000000000000000000000000000 22.982121237361986556086725203938266673
953 538 0 0 0 0.093000000000000000000000000000000000000 23.025558375877713482693151739014642143
953 542 1 1 0 0.39200000000000000000000000000000000000 22.194078284867246349233379057246758693
953 554 0 2 0 0.47000000000000000000000000000000000000 23.077697243125356004138250169585141507
953 562 1 1 0 0.23300000000000000000000000000000000000 23.101581566588415122933680750007821506
953 566 1 1 1 0.020000000000000000000000000000000000000 21.790803998498789662368817440740292644
953 568 2 2 2 0.61200000000000000000000000000000000000 21.226529362454514778110553875118623746
953 608 1 1 1 0.063000000000000000000000000000000000000 22.312484783785653835698659681837306659
953 628 1 1 0 0.26800000000000000000000000000000000000 22.555576862469488577637758137824945478
953 652 1 1 0 0.35100000000000000000000000000000000000 23.293935733926365690585490707196163046
953 662 1 1 0 0.23800000000000000000000000000000000000 23.308087683007141846032243668432117723
953 686 2 2 1 0.47300000000000000000000000000000000000 21.646579519713834040188849687102124102
953 692 0 0 0 0.085000000000000000000000000000000000000 22.865667558235292079649993217780476822
953 698 0 0 0 0.086000000000000000000000000000000000000 23.348336022119848164102388597393554814
953 706 1 1 0 0.35100000000000000000000000000000000000 23.355001543447479504438655571566372927
953 722 1 1 0 0.32100000000000000000000000000000000000 21.388056822808379540594917084780185266
953 734 0 2 0 0.42900000000000000000000000000000000000 23.371560531502889502493612026968435255
953 752 0 2 0 0.56900000000000000000000000000000000000 22.774256594362375599024798658052967575
953 758 1 1 1 0.023000000000000000000000000000000000000 23.376798791960752528197081658347038379
953 776 0 2 0 0.54900000000000000000000000000000000000 23.073629291621338789026090567669625146
953 818 2 2 1 0.41000000000000000000000000000000000000 22.390543829996083209314040710097933759
953 832 1 1 1 0.10000000000000000000000000000000000000 21.079457574203318083979998054999339963
953 862 0 0 0 0.020000000000000000000000000000000000000 22.216944559974105914815919587223389460
953 914 1 1 0 0.33600000000000000000000000000000000000 22.982596856956772589572623409450214494
953 932 1 1 0 0.42200000000000000000000000000000000000 22.743871371152220810251698406471719868
955 32 0 0 0 0.014000000000000000000000000000000000000 21.157630666142842076609188252385011887
956 1 1 1 0 0.38400000000000000000000000000000000000 20.562171923920168443141447889304354049
956 13 1 1 0 0.48400000000000000000000000000000000000 21.675556191151067174901302834587751396
956 17 0 0 0 0.084000000000000000000000000000000000000 21.791662098680702954492110717880002758
956 31 0 0 0 0.082000000000000000000000000000000000000 21.351361890845830102567071293397069938
956 43 0 0 0 0.081000000000000000000000000000000000000 21.235219446627085373673953439175223246
956 59 2 2 1 0.60800000000000000000000000000000000000 22.321336400500333652729120776064204539
956 67 1 1 0 0.35800000000000000000000000000000000000 22.373131272996810197729031432858433394
956 71 1 1 0 0.44500000000000000000000000000000000000 22.396429349187015081221683663061787815
956 89 2 2 2 0.056000000000000000000000000000000000000 21.254178020830169517381652556670779123
956 101 1 1 1 0.031000000000000000000000000000000000000 22.054454429192726798020207803572181833
956 103 1 1 0 0.33800000000000000000000000000000000000 22.538651778539185511066105775296355543
956 109 1 1 0 0.45900000000000000000000000000000000000 21.517337332485797292906917872755762668
956 113 0 2 0 0.39400000000000000000000000000000000000 22.571212428283051244327042402207574267
956 139 1 1 0 0.42000000000000000000000000000000000000 22.637225223589104209385533797189103448
956 149 0 2 0 0.47900000000000000000000000000000000000 22.656566520569439921486101800572828187
956 151 0 0 0 0.015000000000000000000000000000000000000 21.705833072808239635113534628819738515
956 157 0 0 0 0.084000000000000000000000000000000000000 22.669914585199541708387266935954068896
956 179 1 1 0 0.40100000000000000000000000000000000000 22.697639728498626185223814382988017007
956 191 0 0 0 0.020000000000000000000000000000000000000 22.230405626440262326935499709685832546
956 199 0 0 0 0.079000000000000000000000000000000000000 22.712133727032801647623796865264592525
956 241 1 1 1 0.10700000000000000000000000000000000000 21.002410666549026911724448645581296088
956 251 1 1 0 0.36000000000000000000000000000000000000 22.702526967827758605046989763583313645
956 263 1 1 0 0.36600000000000000000000000000000000000 22.212480818320129108910379572080536619
956 289 0 0 0 0.015000000000000000000000000000000000000 21.413794556950785983851129601901003491
956 307 1 1 0 0.32600000000000000000000000000000000000 22.595208835793027923148738092452292646
956 311 0 2 0 0.51800000000000000000000000000000000000 22.581804242090765470130022871232435373
956 353 0 0 0 0.097000000000000000000000000000000000000 21.871349251024752463104273788879141802
956 361 1 1 0 0.36000000000000000000000000000000000000 20.991004461884803769087744870037372415
956 373 0 2 0 0.38700000000000000000000000000000000000 21.257629408068819386093871967277048694
956 397 0 0 0 0.019000000000000000000000000000000000000 20.774727508888934771207371761980727812
956 401 1 1 0 0.28600000000000000000000000000000000000 21.474048788592956348716923133081325922
956 409 1 1 0 0.32700000000000000000000000000000000000 21.897009209545633055673565452745492307
956 431 0 2 0 0.42400000000000000000000000000000000000 21.649936777185399316078250964333063409
956 439 1 1 1 0.023000000000000000000000000000000000000 21.968567537710859473026139770584253452
956 443 0 0 0 0.014000000000000000000000000000000000000 21.533652027762408554313866045897265763
956 461 3 3 3 0.038000000000000000000000000000000000000 21.321637033751756964886485896058377138
956 463 1 1 0 0.34600000000000000000000000000000000000 22.658605145112574227463021984435573497
956 479 0 0 0 0.015000000000000000000000000000000000000 22.286500645429363754700802918557456057
956 487 1 3 0 0.57100000000000000000000000000000000000 22.809135879095405055658065771530716241
956 521 0 0 0 0.022000000000000000000000000000000000000 22.967203037977673638872708615897590317
956 529 0 2 0 0.28800000000000000000000000000000000000 20.682124594312293673140616113294267645
956 557 1 1 0 0.37400000000000000000000000000000000000 23.092446264084829277116455236410548928
956 563 0 0 0 0.017000000000000000000000000000000000000 22.265172957877026610396940513356494735
956 571 0 0 0 0.078000000000000000000000000000000000000 23.132889086536401406453929390608014824
956 599 0 0 0 0.073000000000000000000000000000000000000 23.202774918268831731094153935588040443
956 607 1 1 0 0.30200000000000000000000000000000000000 22.375243662349565022504940264506901889
956 647 0 2 0 0.41500000000000000000000000000000000000 23.294120041330970426280006229646235200
956 659 1 1 0 0.40000000000000000000000000000000000000 22.357756008852165566179743884918267479
956 661 0 0 0 0.079000000000000000000000000000000000000 22.469697690112561260397843614140139920
956 683 1 3 0 0.60800000000000000000000000000000000000 23.342171583790003296075370939973507672
956 709 1 1 0 0.39000000000000000000000000000000000000 22.889401308738734093071095163784455628
956 739 1 1 0 0.29600000000000000000000000000000000000 23.383492643964407129442170385502894784
956 761 0 0 0 0.081000000000000000000000000000000000000 23.387735527114875957400545369889088142
956 769 0 0 0 0.019000000000000000000000000000000000000 22.688420168533034786392412500597267081
956 773 1 1 1 0.026000000000000000000000000000000000000 23.386813632661684604008542251283633359
956 811 0 0 0 0.079000000000000000000000000000000000000 23.366048889576987252861168367344166625
956 829 0 2 0 0.39500000000000000000000000000000000000 23.344533606839522187986634716415407262
956 887 0 0 0 0.015000000000000000000000000000000000000 23.188100267323297145731750302934787426
956 919 1 1 0 0.41300000000000000000000000000000000000 20.875965669615586576233870842489058263
956 953 0 0 0 0.079000000000000000000000000000000000000 21.937605267303727787610570373299248634
958 1 0 0 0 0.084000000000000000000000000000000000000 20.568525255411539458548850803049696914
958 23 1 1 0 0.38100000000000000000000000000000000000 21.451380324466990361136371314567490579
958 41 1 1 0 0.35700000000000000000000000000000000000 21.221475985215839451150807086946217211
958 43 1 1 1 0.024000000000000000000000000000000000000 22.195841189016891337125651158961810269
958 61 1 1 0 0.37300000000000000000000000000000000000 22.341405831377426023997670548950329151
958 97 1 1 0 0.32300000000000000000000000000000000000 22.523302002266061237497146185914977390
958 107 0 0 0 0.018000000000000000000000000000000000000 22.558746021447491083078823744704955775
958 113 0 0 0 0.088000000000000000000000000000000000000 20.986691713632592143583245095486271592
958 127 0 2 0 0.55000000000000000000000000000000000000 22.616388800301757021950789862832803364
958 163 0 2 0 0.37100000000000000000000000000000000000 22.685536833032513087822383675681192512
958 173 1 1 0 0.38900000000000000000000000000000000000 22.698186883180397532866645509187751594
958 181 1 1 0 0.42700000000000000000000000000000000000 22.706448020311724000134110497625178158
958 197 0 0 0 0.074000000000000000000000000000000000000 22.718172263276694805434679382690441695
958 199 1 1 0 0.42500000000000000000000000000000000000 21.874096223105920793202863967234355930
958 227 1 1 0 0.46100000000000000000000000000000000000 22.723112617114620886889545915643858914
958 251 2 2 2 0.14900000000000000000000000000000000000 22.710250947379286018873171001147624592
958 263 1 1 0 0.40900000000000000000000000000000000000 22.697554871668686632793186218758034288
958 277 0 2 0 0.65200000000000000000000000000000000000 22.676695677353166762609806853288553255
958 293 0 2 0 0.49000000000000000000000000000000000000 22.166417022712887124473441933082947361
958 307 0 0 0 0.079000000000000000000000000000000000000 22.604523588125361178806804260473518234
958 313 1 1 0 0.30200000000000000000000000000000000000 22.584315821457604541001028264097656878
958 331 2 2 1 0.42500000000000000000000000000000000000 21.276887176167054373651139555239109083
958 337 0 0 0 0.032000000000000000000000000000000000000 21.520455915899110306818979730722529453
958 347 1 1 0 0.32200000000000000000000000000000000000 21.932430025311064898296694978112992873
958 353 0 2 0 0.48100000000000000000000000000000000000 21.320714946930462138416853129367623908
958 389 1 1 0 0.20700000000000000000000000000000000000 20.813825148031937669677437239320720753
958 397 1 1 0 0.22500000000000000000000000000000000000 20.038458668218660661801673228246023985
958 433 0 0 0 0.023000000000000000000000000000000000000 21.671618417460406997848129957283997924
958 449 2 2 1 0.37300000000000000000000000000000000000 22.544000375441872203885308242693238845
958 461 1 1 1 0.16300000000000000000000000000000000000 22.643868146825595196214952037907980256
958 463 2 2 1 0.43900000000000000000000000000000000000 21.336570868345553246397846241772404064
958 503 0 0 0 0.067000000000000000000000000000000000000 22.892014694789364478510226889894033089
958 521 1 1 0 0.40200000000000000000000000000000000000 22.970107616857535665886208148354246189
958 547 1 1 0 0.28500000000000000000000000000000000000 23.064494497817370936652241737650459595
958 587 0 0 0 0.13000000000000000000000000000000000000 23.178727945506264536730808179489505125
958 593 2 2 2 0.026000000000000000000000000000000000000 23.193262205842974951909540147122579528
958 617 0 0 0 0.089000000000000000000000000000000000000 22.069527652930964007158345901551900569
958 659 0 0 0 0.081000000000000000000000000000000000000 22.472207130329678733158165661749606003
958 673 0 0 0 0.085000000000000000000000000000000000000 23.336014715066773111531828480783775095
958 727 1 1 0 0.26800000000000000000000000000000000000 22.154183911731710250556910551960893445
958 797 1 1 0 0.41900000000000000000000000000000000000 22.431232443776531291453410032390473826
958 809 1 1 0 0.32900000000000000000000000000000000000 23.376680870630565266100019353331720134
958 827 0 2 0 0.47400000000000000000000000000000000000 23.356990015481673582752747708319242179
958 839 1 1 0 0.28200000000000000000000000000000000000 23.338753355757631561251462906817817009
958 911 0 2 0 0.45200000000000000000000000000000000000 23.066287473114610293537029732094978660
959 16 0 0 0 0.016000000000000000000000000000000000000 20.473943428479000413340089091770842100
959 64 0 2 0 0.59100000000000000000000000000000000000 21.160067320204176527449341350776687168
961 2 1 1 0 0.42300000000000000000000000000000000000 18.910567597718570490840686537302769468
961 4 0 0 0 0.016000000000000000000000000000000000000 19.688679344169216624859392898086478870
961 18 1 1 0 0.42400000000000000000000000000000000000 19.863755789429744281842818698403837375
961 26 3 3 3 0.035000000000000000000000000000000000000 20.499416020942726656953471205916141047
961 32 1 1 0 0.39500000000000000000000000000000000000 19.685351812364430131492479319838744860
961 40 1 1 1 0.031000000000000000000000000000000000000 20.382412150720918833901214744772826563
961 44 1 1 0 0.47100000000000000000000000000000000000 20.723718077231515312808637796731485120
961 46 2 2 2 0.029000000000000000000000000000000000000 20.742424123982762771385861590436405169
961 64 1 1 1 0.020000000000000000000000000000000000000 18.976126666586365096832921964891243670
961 68 0 2 0 0.52200000000000000000000000000000000000 19.213569271645501219264415790936945272
961 76 0 0 0 0.084000000000000000000000000000000000000 20.948167548710841907846584321015444150
961 106 0 0 0 0.019000000000000000000000000000000000000 20.596689994186312355238529326509424433
961 144 0 0 0 0.015000000000000000000000000000000000000 20.093400865260560331083758268635542930
961 166 1 1 0 0.37700000000000000000000000000000000000 20.363325470680457286123736636084733638
961 184 0 0 0 0.082000000000000000000000000000000000000 20.927105069360184854515672513747639133
961 194 1 1 1 0.10700000000000000000000000000000000000 21.235583051597726734848574965648426220
961 196 0 0 0 0.021000000000000000000000000000000000000 19.914559205275093723864105445699462696
961 212 2 2 2 0.17800000000000000000000000000000000000 21.242827291798059008481639627300383943
961 224 1 1 1 0.025000000000000000000000000000000000000 20.340135145310811025077786934783932350
961 236 0 0 0 0.078000000000000000000000000000000000000 20.063869182898909900636147070343003304
961 242 0 2 0 0.42500000000000000000000000000000000000 20.195505621911593831514533714925458602
961 274 1 1 0 0.39400000000000000000000000000000000000 21.202640692286906932063409705506230225
961 278 3 3 2 0.64500000000000000000000000000000000000 18.735068359933515134565093256774208037
961 296 1 1 0 0.33800000000000000000000000000000000000 20.856869965859003974453437864251582500
961 304 1 1 0 0.42000000000000000000000000000000000000 20.056932043487768740989214406040783687
961 326 1 1 0 0.33500000000000000000000000000000000000 20.578581666455010375316763956659517283
961 334 1 1 1 0.24100000000000000000000000000000000000 21.016646242647090163270083607636347973
961 338 2 2 1 0.46000000000000000000000000000000000000 19.880576077630275177339389301426961114
961 352 0 0 0 0.072000000000000000000000000000000000000 19.995962907504315959786996308531669213
961 376 1 1 0 0.20400000000000000000000000000000000000 19.832459101070690091889441063642572455
961 404 0 2 0 0.35500000000000000000000000000000000000 20.073375317633006665371653556988694543
961 436 3 3 2 0.52400000000000000000000000000000000000 20.211889988170573454958840330477693316
961 446 0 2 0 0.46700000000000000000000000000000000000 21.021490572029719850020987900984548337
961 464 1 3 1 0.68900000000000000000000000000000000000 19.873952338577688218734188306682095095
961 488 0 0 0 0.013000000000000000000000000000000000000 19.318845990563981909001392483921500249
961 502 0 0 0 0.055000000000000000000000000000000000000 18.547453987012569005590123822345761809
961 512 0 2 0 0.45300000000000000000000000000000000000 19.337904561366320513909411684896379565
961 524 1 1 0 0.20000000000000000000000000000000000000 20.540812812605473775269603877997886081
961 544 0 0 0 0.019000000000000000000000000000000000000 20.665207440955814892094611432579931435
961 554 2 2 2 0.24200000000000000000000000000000000000 21.600973119301941667915937771820234091
961 576 1 1 1 0.026000000000000000000000000000000000000 18.132618688262750281352346919408605468
961 584 1 1 1 0.098000000000000000000000000000000000000 21.385066693241637255516173540392068419
961 586 0 0 0 0.10700000000000000000000000000000000000 20.293221512074271266549009976296831469
961 604 0 2 0 0.46000000000000000000000000000000000000 21.733705354285683838893923356702655586
961 628 0 0 0 0.017000000000000000000000000000000000000 21.305478393126913594503615381930188801
961 634 1 1 0 0.29000000000000000000000000000000000000 21.793529033074685630889010328732653867
961 648 0 0 0 0.042000000000000000000000000000000000000 20.084730922951720873704240353587602025
961 656 1 1 1 0.023000000000000000000000000000000000000 20.382282720722859374166661997962691515
961 674 0 0 0 0.022000000000000000000000000000000000000 21.854131743796236361698364121679201535
961 688 1 1 0 0.61700000000000000000000000000000000000 21.268428543571675677210118943264682506
961 716 0 0 0 0.017000000000000000000000000000000000000 21.050630968799040683000785154218820420
961 746 1 1 0 0.36300000000000000000000000000000000000 21.911297945204177319194736459417472756
961 766 2 2 2 0.032000000000000000000000000000000000000 21.914512231256914137437343348812832555
961 772 2 2 1 0.47500000000000000000000000000000000000 20.960012897130862372914328984633379577
961 796 0 0 0 0.035000000000000000000000000000000000000 21.906952326152869990128622904013411749
961 818 1 1 1 0.095000000000000000000000000000000000000 21.890087950022539574020438501678033574
961 824 0 0 0 0.026000000000000000000000000000000000000 21.582468675057374549544423349632355356
961 856 2 2 2 0.026000000000000000000000000000000000000 20.298445370470001371794337742734188997
961 866 1 1 1 0.023000000000000000000000000000000000000 21.327984739879088011359322852200677023
961 926 1 1 0 0.24300000000000000000000000000000000000 21.476912910047638567566071020570608914
964 3 1 1 0 0.23500000000000000000000000000000000000 18.728141319577858861039139345077876059
964 5 0 2 0 0.38300000000000000000000000000000000000 21.286397456501363774716354908936148717
964 29 1 1 0 0.41400000000000000000000000000000000000 21.202051740171145622994704863419184529
964 37 1 1 1 0.028000000000000000000000000000000000000 21.674094633225832766825878344847174079
964 41 1 1 1 0.15000000000000000000000000000000000000 22.194768902549292894104742211791274509
964 59 1 1 1 0.10300000000000000000000000000000000000 22.346865470803938232618241634763371240
964 61 0 0 0 0.081000000000000000000000000000000000000 21.661572608818584485420087677952789989
964 71 0 0 0 0.014000000000000000000000000000000000000 21.944927063195095142614603562429567149
964 79 1 1 0 0.36200000000000000000000000000000000000 22.464368002809318034392676228387202958
964 103 0 0 0 0.022000000000000000000000000000000000000 22.564604980368782912759586734003833198
964 107 1 1 0 0.27200000000000000000000000000000000000 20.249849099064486729608049463831111379
964 109 2 2 2 0.037000000000000000000000000000000000000 22.107641414082488694127429850645839465
964 113 1 1 0 0.35800000000000000000000000000000000000 22.597301261732748909694179987448620719
964 121 0 0 0 0.018000000000000000000000000000000000000 21.578998456300522400067783706384785726
964 131 1 1 0 0.35300000000000000000000000000000000000 21.800753527112458094293595889703266280
964 149 1 1 1 0.094000000000000000000000000000000000000 22.683291562910314041939133283950652847
964 169 0 0 0 0.025000000000000000000000000000000000000 21.599873280077616324757932803013774582
964 173 1 3 0 0.58400000000000000000000000000000000000 22.718642413925452724689126175244716063
964 191 1 1 0 0.31400000000000000000000000000000000000 22.735379633238033192566591950776554317
964 233 0 0 0 0.11000000000000000000000000000000000000 22.266445299941631096837289080550105937
964 257 1 1 0 0.25400000000000000000000000000000000000 22.727806421353125458278175482561575835
964 271 0 0 0 0.020000000000000000000000000000000000000 22.233575178405309040235921392012747565
964 283 0 0 0 0.079000000000000000000000000000000000000 22.690646078463840684238733981949307190
964 331 0 0 0 0.086000000000000000000000000000000000000 22.539314057940751414183489105028586315
964 343 1 1 0 0.35200000000000000000000000000000000000 19.828541268243937902551393041208810508
964 349 0 0 0 0.089000000000000000000000000000000000000 22.432500966745203852999548354428217289
964 353 0 2 0 0.46300000000000000000000000000000000000 22.402036710370434670955672991953545958
964 379 0 0 0 0.027000000000000000000000000000000000000 21.600513565841198632667747203253001085
964 389 1 1 0 0.35900000000000000000000000000000000000 20.250902483715262092006065540476799067
964 401 0 0 0 0.062000000000000000000000000000000000000 21.025672938373726025124259377852444582
964 431 1 1 0 0.32200000000000000000000000000000000000 21.850523342929029033809475254890145147
964 439 1 1 0 0.25900000000000000000000000000000000000 21.733899965232790740637931227836958582
964 467 1 1 0 0.33300000000000000000000000000000000000 21.734220077434302618197044998250439789
964 479 0 0 0 0.081000000000000000000000000000000000000 22.768389829916914401633542126460838382
964 491 0 2 0 0.40100000000000000000000000000000000000 22.837681998555028204747983806685198729
964 499 0 0 0 0.078000000000000000000000000000000000000 22.879220614076215568228142149355762600
964 509 1 1 0 0.20000000000000000000000000000000000000 22.926826820620625024056221664235145201
964 541 1 1 0 0.28200000000000000000000000000000000000 22.577211034410746111903755796653545832
964 547 1 1 0 0.29200000000000000000000000000000000000 23.074865595793345646813993908796961431
964 569 1 1 0 0.32500000000000000000000000000000000000 23.142923637870179960852048268054924706
964 587 1 1 1 0.12600000000000000000000000000000000000 23.191267205623708923046109461386328091
964 617 0 0 0 0.014000000000000000000000000000000000000 22.414428030736220831011409076790266381
964 631 0 0 0 0.017000000000000000000000000000000000000 22.809592704978328652181382538365389317
964 641 1 1 1 0.024000000000000000000000000000000000000 23.304458679574631498833829010800343279
964 647 0 0 0 0.078000000000000000000000000000000000000 22.837336947234979338973798623769387770
964 691 0 0 0 0.087000000000000000000000000000000000000 23.373592229387262737662679691219497936
964 709 1 1 1 0.16300000000000000000000000000000000000 23.390730524407947833312763449541423655
964 719 1 1 0 0.32300000000000000000000000000000000000 22.076246483001049706833393395530629961
964 751 1 1 0 0.36500000000000000000000000000000000000 21.724067103095993354319379307142002331
964 757 0 0 0 0.021000000000000000000000000000000000000 22.938500799829791444640062244416328313
964 761 0 2 0 0.51700000000000000000000000000000000000 22.717259292763482741012574355372669413
964 821 0 0 0 0.096000000000000000000000000000000000000 23.391821786778846058079303712793992668
964 853 0 0 0 0.065000000000000000000000000000000000000 18.392949827104587663468886374735843217
964 887 0 2 0 0.46800000000000000000000000000000000000 23.247901978388591683669771923315192343
965 8 1 1 1 0.025000000000000000000000000000000000000 21.192512219846190768044242632603329293
967 2 1 1 0 0.37300000000000000000000000000000000000 20.897972314069634592032926307033561995
967 8 1 1 0 0.40100000000000000000000000000000000000 20.499837204340707261456989439691191932
967 22 1 1 0 0.36400000000000000000000000000000000000 20.983559925109435655988116244002077076
967 26 1 1 0 0.37600000000000000000000000000000000000 22.009726949044267378305490962253388549
967 32 2 2 2 0.030000000000000000000000000000000000000 20.241434533328484581555399352943414658
967 34 1 1 0 0.39500000000000000000000000000000000000 22.124664306294316728755123242761486350
967 68 1 1 0 0.38800000000000000000000000000000000000 21.092022480765086780142019439679007327
967 98 1 1 0 0.26800000000000000000000000000000000000 21.711025467157406792918711927049556536
967 106 2 2 2 0.14200000000000000000000000000000000000 22.584581820397115497129112149670231848
967 112 1 1 1 0.028000000000000000000000000000000000000 21.524768817677738269162551625827070042
967 118 0 0 0 0.10800000000000000000000000000000000000 22.621782195738041222393916608540241503
967 144 1 1 0 0.43900000000000000000000000000000000000 21.604636546129958338771443403262085354
967 148 1 1 0 0.28400000000000000000000000000000000000 22.214300893120727050282134946303847705
967 164 1 1 0 0.31800000000000000000000000000000000000 22.717285338903832850451860756552183915
967 172 0 0 0 0.018000000000000000000000000000000000000 22.727636316637407637402652103058544102
967 178 0 0 0 0.018000000000000000000000000000000000000 21.372597001494985053679432251491112244
967 188 1 1 0 0.38500000000000000000000000000000000000 22.743481725705757446421466698163208096
967 194 0 2 0 0.45300000000000000000000000000000000000 21.793560322852679442662745127455544314
967 196 1 1 0 0.19200000000000000000000000000000000000 21.903951573108278720868014074265570854
967 202 0 2 0 0.47000000000000000000000000000000000000 22.275090163782830885255502923743485546
967 208 1 1 0 0.42800000000000000000000000000000000000 21.453476006923925787431734469807678144
967 218 1 1 0 0.32800000000000000000000000000000000000 22.756393619208982848575686332962954989
967 232 1 1 0 0.42400000000000000000000000000000000000 21.608762667660913761521627150936260349
967 242 0 0 0 0.036000000000000000000000000000000000000 21.010380259809538948302875047072050867
967 254 0 0 0 0.023000000000000000000000000000000000000 22.742176794122014753277303403310196176
967 268 2 2 1 0.54000000000000000000000000000000000000 22.726810426716817313658727891359364147
967 272 1 1 0 0.47800000000000000000000000000000000000 22.119204563189266843570014286225384767
967 274 1 1 0 0.38700000000000000000000000000000000000 22.241164996307362773765803007636002481
967 278 0 2 0 0.63400000000000000000000000000000000000 22.711903881980650028500827600181408148
967 298 0 0 0 0.13600000000000000000000000000000000000 21.825407498057653017425499875130400587
967 302 1 1 1 0.031000000000000000000000000000000000000 21.705825656378493597174073299861425489
967 304 0 0 0 0.065000000000000000000000000000000000000 22.052482132416251971774629883850701327
967 326 1 1 0 0.31900000000000000000000000000000000000 22.577600544659674780607349531153526481
967 328 0 0 0 0.076000000000000000000000000000000000000 21.790696047872251200954834305971859348
967 338 0 0 0 0.019000000000000000000000000000000000000 20.928279578956381734999845880443478133
967 344 0 0 0 0.015000000000000000000000000000000000000 22.183167576587472937411673495010241721
967 358 1 1 0 0.27500000000000000000000000000000000000 21.681036810934534801085931980062010094
967 382 1 1 0 0.28800000000000000000000000000000000000 21.572848699132626069557474818051641872
967 386 1 1 0 0.26600000000000000000000000000000000000 21.949246425360962371348013711519031831
967 398 0 0 0 0.088000000000000000000000000000000000000 21.206023312962965519338014871234570822
967 404 0 0 0 0.065000000000000000000000000000000000000 21.345582431642839410737795074849967953
967 412 0 0 0 0.086000000000000000000000000000000000000 21.874674641218255388545711404576881391
967 428 2 2 1 0.40400000000000000000000000000000000000 20.948285129507241709464467748998512457
967 452 1 1 0 0.34500000000000000000000000000000000000 22.565284519506945367559574850777470647
967 454 2 2 1 0.38600000000000000000000000000000000000 20.784211391354406230647489749036594130
967 482 1 1 0 0.41000000000000000000000000000000000000 22.311274612943576221753457772089288459
967 496 0 0 0 0.087000000000000000000000000000000000000 22.264800282800347397150456114055709119
967 502 1 1 0 0.39000000000000000000000000000000000000 22.897163243980218702217713000606224400
967 512 0 2 0 0.40400000000000000000000000000000000000 20.836787670470646603971124476217739809
967 526 0 0 0 0.011000000000000000000000000000000000000 21.680795182031717940046859378008059372
967 536 0 0 0 0.013000000000000000000000000000000000000 22.263056766631808279808501004883819895
967 538 0 0 0 0.060000000000000000000000000000000000000 23.048494247345933316279751115391349201
967 568 0 2 0 0.57100000000000000000000000000000000000 22.844718532397818943332264567624718637
967 584 1 1 0 0.28200000000000000000000000000000000000 20.353401320622835387012770471452297847
967 586 1 1 0 0.28700000000000000000000000000000000000 23.194887418265512634778523702485072900
967 604 1 1 0 0.40100000000000000000000000000000000000 22.196877180713980804624186916599946905
967 622 1 1 0 0.27700000000000000000000000000000000000 23.276524811862841319250319855727223844
967 628 0 0 0 0.073000000000000000000000000000000000000 23.288218520645593054943570234373783984
967 632 1 1 0 0.40100000000000000000000000000000000000 22.994702438587616914271573298650952663
967 648 1 1 0 0.49500000000000000000000000000000000000 21.591209634631658407283794419690514905
967 668 0 2 0 0.42900000000000000000000000000000000000 23.353712388032977686760074817603143521
967 692 1 1 0 0.32400000000000000000000000000000000000 22.684187236726808395526544805457399555
967 694 1 1 1 0.020000000000000000000000000000000000000 23.385285869485836379115500818596555025
967 712 0 0 0 0.016000000000000000000000000000000000000 23.101154882488684505152517754489343048
967 736 0 0 0 0.017000000000000000000000000000000000000 22.515172414061283700015507647976074926
967 758 0 0 0 0.019000000000000000000000000000000000000 22.727187953883122037471232294282701844
967 772 1 1 0 0.44900000000000000000000000000000000000 23.427494067166955994250788020574176527
967 802 0 0 0 0.069000000000000000000000000000000000000 22.188936813916329156595205264229120342
967 818 1 1 0 0.42700000000000000000000000000000000000 23.407942232139221450570779476104486082
967 844 1 1 0 0.31900000000000000000000000000000000000 23.375996201672844771303568147475773036
967 848 0 0 0 0.029000000000000000000000000000000000000 21.725869517953702021603664900462914200
967 862 1 1 1 0.16400000000000000000000000000000000000 23.341432449976672731993811051303024982
968 19 1 1 1 0.042000000000000000000000000000000000000 20.535256074939724855704351724313578839
968 37 1 1 1 0.027000000000000000000000000000000000000 19.976320640020058295365476509572993509
968 47 1 1 0 0.54200000000000000000000000000000000000 20.922563228253012761880422956021842141
968 61 0 0 0 0.088000000000000000000000000000000000000 19.340614557450023148806087405250036835
968 67 2 2 2 0.034000000000000000000000000000000000000 20.591886688858458561030971017099212267
968 71 0 0 0 0.11000000000000000000000000000000000000 21.092353698123278520829129926199022054
968 97 1 1 0 0.50500000000000000000000000000000000000 21.213123372313219369063219056181572671
968 103 1 1 1 0.078000000000000000000000000000000000000 20.757952938429354835554715127280063800
968 107 1 1 1 0.033000000000000000000000000000000000000 20.549753550107140729288293720887743299
968 113 0 0 0 0.015000000000000000000000000000000000000 19.945617623069799192451046858831166103
968 137 0 0 0 0.073000000000000000000000000000000000000 20.485100479306458114913142665272756536
968 149 2 2 1 0.45800000000000000000000000000000000000 20.877017316188676615143677635853066557
968 163 1 1 1 0.022000000000000000000000000000000000000 21.376801866514206511536437016981690709
968 173 1 1 0 0.41200000000000000000000000000000000000 21.389774001335860862355808215512813105
968 191 1 1 0 0.29600000000000000000000000000000000000 21.406777209790101059618694852185280472
968 227 0 0 0 0.017000000000000000000000000000000000000 21.417196967512956387464365493520706281
968 251 1 1 0 0.35700000000000000000000000000000000000 21.406074174202903715107375112116079621
968 269 1 1 0 0.42900000000000000000000000000000000000 21.387017407926100092531329274159031386
968 271 2 2 2 0.027000000000000000000000000000000000000 21.384266464598068079862078398729735245
968 313 1 1 1 0.022000000000000000000000000000000000000 21.289150260006092259948576927392235122
968 317 2 2 1 0.53500000000000000000000000000000000000 21.275368052129821410650232520300910283
968 361 0 2 0 0.57200000000000000000000000000000000000 19.738246232298874302665146607676105772
968 373 0 0 0 0.017000000000000000000000000000000000000 20.400286252615219041583137154603560255
968 383 0 0 0 0.016000000000000000000000000000000000000 20.220357897383958252312970370059979226
968 397 1 3 1 0.52600000000000000000000000000000000000 20.057102525861162189424143914292103539
968 443 1 1 1 0.097000000000000000000000000000000000000 20.430948631978673306232019135605213871
968 457 2 2 1 0.45900000000000000000000000000000000000 20.567947320759138499747387193674976982
968 467 0 0 0 0.075000000000000000000000000000000000000 21.346347328518014648587008343463763234
968 487 1 1 0 0.28200000000000000000000000000000000000 21.476079697531062026480859454987493668
968 509 0 0 0 0.013000000000000000000000000000000000000 20.634897500539389133773933219316259418
968 523 1 1 0 0.33000000000000000000000000000000000000 21.649908488377351995576485848368485791
968 529 1 1 0 0.44600000000000000000000000000000000000 19.467010895281122327131588381865301753
968 569 1 1 1 0.15300000000000000000000000000000000000 21.808112489717663520725245845624335463
968 577 1 1 0 0.46100000000000000000000000000000000000 21.830624639263220391098264724976621797
968 613 1 1 1 0.12900000000000000000000000000000000000 21.917826861029775628111720268290281435
968 641 1 1 0 0.39200000000000000000000000000000000000 21.971854896864462159036134839804947503
968 647 1 1 1 0.025000000000000000000000000000000000000 21.136927533293572714632034792233174790
968 659 0 0 0 0.014000000000000000000000000000000000000 22.000949357571083007017441078086872262
968 677 1 1 0 0.35700000000000000000000000000000000000 22.025880984869602801971385290844720521
968 683 0 0 0 0.027000000000000000000000000000000000000 22.033286404763093228502123963210705071
968 709 2 2 2 0.031000000000000000000000000000000000000 22.060184885998849041737958960429285660
968 761 0 0 0 0.029000000000000000000000000000000000000 21.610614878718824545187654962239860268
968 829 0 2 0 0.59200000000000000000000000000000000000 22.058810977608769238200053597175670263
968 841 0 0 0 0.052000000000000000000000000000000000000 19.626488896983558349248703026596113338
968 877 1 1 0 0.47900000000000000000000000000000000000 21.488881091842950435915700798856796172
968 881 1 1 0 0.45200000000000000000000000000000000000 20.320268452730630906243382596310367004
968 961 1 1 0 0.34800000000000000000000000000000000000 19.503449246610599165675692652879238507
971 2 0 0 0 0.082000000000000000000000000000000000000 20.910521711768349717423788454586344744
971 6 1 1 0 0.30100000000000000000000000000000000000 21.387539775935822338081489095358015071
971 14 1 1 1 0.024000000000000000000000000000000000000 21.755000345576546210360066056510986023
971 16 1 1 0 0.44500000000000000000000000000000000000 21.210738607279672828606899579119153260
971 36 0 0 0 0.074000000000000000000000000000000000000 21.684492650348342356407693919816131776
971 44 1 1 0 0.43400000000000000000000000000000000000 21.769561372870621256820060384629936875
971 56 1 1 0 0.50100000000000000000000000000000000000 22.046465886953306692029210676449613481
971 74 1 1 0 0.32500000000000000000000000000000000000 22.460817559415753197799353712990859562
971 86 0 0 0 0.014000000000000000000000000000000000000 22.519673609998725796350018543926035037
971 100 1 1 1 0.035000000000000000000000000000000000000 21.400278726836829640916926560931650263
971 124 3 3 2 0.61600000000000000000000000000000000000 21.609799955320817977246244921189144083
971 128 1 1 0 0.33900000000000000000000000000000000000 21.156278017712627985444759123310372776
971 134 1 1 0 0.37400000000000000000000000000000000000 21.721496604282370409510851744467752171
971 162 1 1 0 0.27400000000000000000000000000000000000 21.296439316960051308150502652451927010
971 166 0 0 0 0.078000000000000000000000000000000000000 22.733444942457113152790414357530036972
971 176 1 1 0 0.43600000000000000000000000000000000000 22.143681659538339266264961463351325519
971 184 1 1 0 0.36300000000000000000000000000000000000 22.452743976882915200744332393655059918
971 188 2 2 1 0.48700000000000000000000000000000000000 21.802959783673702484261624998984744593
971 194 1 1 0 0.37700000000000000000000000000000000000 22.761619666343424413546450430567913864
971 202 1 1 0 0.34900000000000000000000000000000000000 22.766166743514955579458528256632451577
971 206 1 1 0 0.43900000000000000000000000000000000000 22.290745602639967582777344091326586335
971 212 1 1 0 0.34200000000000000000000000000000000000 21.655755963181988156264999811498938647
971 226 1 1 0 0.44900000000000000000000000000000000000 22.293469393859986513595994985829722179
971 236 1 1 0 0.37100000000000000000000000000000000000 21.923155827159687002695843541535399951
971 250 0 0 0 0.021000000000000000000000000000000000000 21.362662551356743207393944836704942630
971 256 1 1 1 0.022000000000000000000000000000000000000 20.949489409650612582996588201548301611
971 268 0 0 0 0.090000000000000000000000000000000000000 22.742589042488805938867966226528641827
971 274 0 0 0 0.017000000000000000000000000000000000000 22.734326272434491719817009766507312618
971 298 1 1 0 0.28600000000000000000000000000000000000 21.733650339982961538282909034884534639
971 304 0 2 0 0.44400000000000000000000000000000000000 21.371338978949275375725571684024378347
971 316 0 0 0 0.087000000000000000000000000000000000000 22.158360885282354111742334615784414084
971 332 0 0 0 0.014000000000000000000000000000000000000 22.094002337588748279832422060406511880
971 334 0 0 0 0.079000000000000000000000000000000000000 21.239338855922349237049188482028887734
971 338 0 0 0 0.017000000000000000000000000000000000000 21.427266014397614537199428614031913482
971 344 1 1 1 0.097000000000000000000000000000000000000 21.361137695071959844450674119711013302
971 362 0 0 0 0.076000000000000000000000000000000000000 22.371301782696188394005252997258973337
971 376 0 2 0 0.37600000000000000000000000000000000000 21.902318204394483914369113756677541823
971 382 1 1 0 0.28500000000000000000000000000000000000 22.097775593607927128024645026519597909
971 386 1 1 1 0.026000000000000000000000000000000000000 21.529631928059010095685325706410881354
971 394 0 0 0 0.018000000000000000000000000000000000000 21.720448036592955357594175749433066278
971 416 1 1 0 0.30100000000000000000000000000000000000 21.067351376729425224956534017995327212
971 436 1 1 0 0.34800000000000000000000000000000000000 22.379271533665907317795780442853786026
971 446 1 3 1 0.51400000000000000000000000000000000000 21.802020576623061304672137832357760294
971 448 1 1 0 0.38700000000000000000000000000000000000 21.318036837158791478061609033788040363
971 454 2 2 1 0.39500000000000000000000000000000000000 21.881861727537867929434586148840417663
971 464 0 2 0 0.48400000000000000000000000000000000000 20.949794062693078568585275655558896592
971 478 1 1 0 0.32900000000000000000000000000000000000 22.288201084049322980058887901877719308
971 524 1 1 0 0.34900000000000000000000000000000000000 23.000546137769378107802112686607040383
971 536 0 2 0 0.51400000000000000000000000000000000000 22.746343915746375724249638498856973545
971 542 0 2 0 0.46800000000000000000000000000000000000 23.069182228764439774166448116709954057
971 544 1 1 0 0.42500000000000000000000000000000000000 22.173142821832947476700691400251919662
971 576 2 2 2 0.026000000000000000000000000000000000000 21.494877029717498584990879385598436020
971 586 1 1 0 0.47400000000000000000000000000000000000 22.725868741796022431926509733242386334
971 592 1 1 0 0.38300000000000000000000000000000000000 22.616186422061825195784799901791152692
971 604 1 1 0 0.34600000000000000000000000000000000000 22.070841305135470574744830770382043364
971 614 0 0 0 0.081000000000000000000000000000000000000 23.269082397279831867156072123041601718
971 674 1 1 0 0.28300000000000000000000000000000000000 22.418186825075874254331305563071143453
971 706 2 2 1 0.48400000000000000000000000000000000000 23.408673162788562674567894913550109445
971 712 0 0 0 0.084000000000000000000000000000000000000 22.635900743237927366597780279352607447
971 716 0 0 0 0.087000000000000000000000000000000000000 23.417386704395371020367545353472477169
971 722 1 1 0 0.31100000000000000000000000000000000000 22.143255282911405131502353800229402522
971 724 0 0 0 0.018000000000000000000000000000000000000 23.423447553491625039938948798391102504
971 734 1 1 1 0.031000000000000000000000000000000000000 22.584767100002344929175350768957537925
971 758 0 0 0 0.080000000000000000000000000000000000000 23.439798988400495057393934235395793241
971 784 1 1 0 0.47200000000000000000000000000000000000 21.039691627597500668398107154964070763
971 796 0 0 0 0.016000000000000000000000000000000000000 22.738995855041677715873639399333160347
971 800 1 1 0 0.48500000000000000000000000000000000000 21.357167434723649388942027706726301586
971 856 1 1 0 0.46600000000000000000000000000000000000 22.597400477382224306959932855463188506
971 866 0 0 0 0.072000000000000000000000000000000000000 23.354789137450520542632861283200488154
971 892 2 2 1 0.55000000000000000000000000000000000000 21.847112071548953800636260857155360640
971 908 1 1 0 0.34100000000000000000000000000000000000 22.731129620675895024792293370072958803
971 914 0 0 0 0.064000000000000000000000000000000000000 22.330020169456154422625007200213222386
971 916 0 0 0 0.060000000000000000000000000000000000000 23.163027869150036516523217893579025118
972 29 1 1 0 0.35700000000000000000000000000000000000 20.163834683011154853635813655836800081
972 73 1 1 1 0.028000000000000000000000000000000000000 20.550077312395274180201686343130867256
972 139 0 0 0 0.018000000000000000000000000000000000000 19.936446713901396725563750078059885228
972 149 0 2 0 0.46300000000000000000000000000000000000 20.801284841184582820922828328161999138
972 167 1 1 0 0.39900000000000000000000000000000000000 20.829651961125782696372958274540780498
972 199 1 1 0 0.18400000000000000000000000000000000000 20.859620170872314706865445588923149685
972 293 0 0 0 0.016000000000000000000000000000000000000 19.564831682422270311146682947359575086
972 337 1 1 0 0.30400000000000000000000000000000000000 20.643340859669929046047069532848612488
972 349 1 1 0 0.33200000000000000000000000000000000000 20.572824222089922571930842330395350953
972 379 1 1 0 0.35000000000000000000000000000000000000 20.256097233253955990566310597020133044
972 401 0 0 0 0.012000000000000000000000000000000000000 19.116992798834761298412855048956712763
972 491 0 0 0 0.015000000000000000000000000000000000000 20.935590152953008194057620310143565131
972 641 1 1 0 0.27000000000000000000000000000000000000 21.415495930403001599997226779045698889
972 643 0 0 0 0.018000000000000000000000000000000000000 21.418995958716509482967086269359802040
972 661 0 2 0 0.38700000000000000000000000000000000000 20.217682236065417163552178842071701157
972 673 1 1 1 0.11800000000000000000000000000000000000 21.465249518198049328234593698065265955
972 719 1 1 0 0.32700000000000000000000000000000000000 21.514272923292425768159010080430045573
972 757 0 0 0 0.020000000000000000000000000000000000000 21.534429278137456586764126967833136570
972 821 0 0 0 0.019000000000000000000000000000000000000 21.518449731060944717796791395074349890
972 911 0 0 0 0.015000000000000000000000000000000000000 21.292448301778715563899921383372504938
973 16 0 0 0 0.017000000000000000000000000000000000000 21.216997274282679628819061171690523537
974 1 1 1 0 0.35700000000000000000000000000000000000 19.919909493611156568523137640197013164
974 5 1 1 0 0.36000000000000000000000000000000000000 20.472674548261913004819772741497609010
974 29 2 2 2 0.16800000000000000000000000000000000000 21.124337187665585938012039915841039493
974 31 1 1 0 0.29000000000000000000000000000000000000 22.107157013333387286851630693304295399
974 41 0 0 0 0.021000000000000000000000000000000000000 22.226255718734902704373831990124478905
974 49 1 1 1 0.023000000000000000000000000000000000000 20.757267505432361612735507740222918900
974 61 0 0 0 0.018000000000000000000000000000000000000 21.915048530820526657726423124709920064
974 71 0 0 0 0.091000000000000000000000000000000000000 22.453767991953207129263797378827643315
974 83 1 3 1 0.54600000000000000000000000000000000000 21.084108852904290029974395714146837376
974 131 1 1 1 0.031000000000000000000000000000000000000 22.678488875250686025646251153005147770
974 139 0 0 0 0.073000000000000000000000000000000000000 22.696563123814381550559646966734081357
974 157 2 2 2 0.036000000000000000000000000000000000000 22.730092689240098090623332682916182323
974 169 2 2 2 0.049000000000000000000000000000000000000 21.156385490343563758108486371967043405
974 173 0 0 0 0.016000000000000000000000000000000000000 22.275284442494875204825212401042089095
974 181 0 0 0 0.076000000000000000000000000000000000000 22.761114773557594715375826985046964506
974 199 1 1 0 0.27800000000000000000000000000000000000 22.076050485589179766350402800237166835
974 211 0 2 0 0.38000000000000000000000000000000000000 22.779999273320487976845381367113326042
974 233 1 1 0 0.35500000000000000000000000000000000000 22.780136424161206257124322258159476683
974 269 1 1 0 0.41900000000000000000000000000000000000 22.753087290853154825937657854218634741
974 271 1 1 1 0.092000000000000000000000000000000000000 22.750463407712820495336905588232888437
974 281 0 0 0 0.14200000000000000000000000000000000000 22.258189090353829369017175862935359605
974 307 1 1 0 0.37800000000000000000000000000000000000 22.677350154584534213835718577950788600
974 311 0 2 0 0.31600000000000000000000000000000000000 21.820460105865431714840195584165400220
974 337 1 1 0 0.21100000000000000000000000000000000000 21.717407200507884264910740224495090991
974 343 0 0 0 0.015000000000000000000000000000000000000 20.839921532217604929574346094461029410
974 347 1 1 0 0.41400000000000000000000000000000000000 22.506072288830372420109780401612393297
974 359 0 0 0 0.056000000000000000000000000000000000000 20.008843308932091635513860878880422487
974 379 1 1 0 0.42000000000000000000000000000000000000 22.184846611259295411592502719448936788
974 389 0 0 0 0.079000000000000000000000000000000000000 21.491283597707277967121475321051840826
974 419 0 2 0 0.34300000000000000000000000000000000000 22.033647384911182160659202730810615193
974 421 2 2 2 0.31600000000000000000000000000000000000 21.611095633207153144536960647485823245
974 461 1 1 0 0.33000000000000000000000000000000000000 21.686431747267042929106263228656539407
974 463 1 1 0 0.31600000000000000000000000000000000000 22.657150300449263694211206291773639854
974 491 0 2 0 0.28000000000000000000000000000000000000 22.845542756022643887738641932933347495
974 521 1 1 0 0.28500000000000000000000000000000000000 22.992039477162028866925591499900726133
974 541 0 0 0 0.097000000000000000000000000000000000000 23.070332538711538972723051284796274343
974 547 1 1 0 0.21300000000000000000000000000000000000 21.500464952949528245542677089766275610
974 571 1 1 1 0.11700000000000000000000000000000000000 22.322491928538323959868174357911443584
974 617 1 1 0 0.30100000000000000000000000000000000000 23.282142606053544632880935038118236415
974 641 0 2 0 0.38500000000000000000000000000000000000 22.851668541408094006905925569650730254
974 659 0 2 0 0.47000000000000000000000000000000000000 22.881526841522134996374637876174170507
974 701 0 0 0 0.075000000000000000000000000000000000000 22.713415337259849521373680986687105931
974 709 1 1 0 0.40400000000000000000000000000000000000 22.943027907750157492465116285251350126
974 743 0 2 0 0.42700000000000000000000000000000000000 23.444152872585068175687609135500850991
974 769 1 1 0 0.34000000000000000000000000000000000000 23.452097313324502609593614472071429703
974 797 0 0 0 0.13800000000000000000000000000000000000 23.449198604130529178158506220540816534
974 811 1 1 0 0.43400000000000000000000000000000000000 23.442609181005088960919409442742930298
974 841 1 1 1 0.032000000000000000000000000000000000000 20.910499459986924307750223970775126039
974 853 0 0 0 0.12900000000000000000000000000000000000 20.516080270821107569418161098580915659
974 859 1 1 1 0.091000000000000000000000000000000000000 23.385599465415908011648415138939674888
974 881 1 1 0 0.32300000000000000000000000000000000000 23.334050710368794578657735965022344097
974 911 1 1 0 0.42500000000000000000000000000000000000 22.740843485660579835723983398407432697
974 937 2 2 1 0.38300000000000000000000000000000000000 22.185637814111522715665226238877706640
974 967 0 0 0 0.071000000000000000000000000000000000000 22.356087268974311662247399283432165799
976 11 2 2 2 0.026000000000000000000000000000000000000 21.064065138433099316654125956227548208
976 19 1 1 1 0.023000000000000000000000000000000000000 21.300659145208978594498628492741910133
976 25 2 2 2 0.032000000000000000000000000000000000000 20.720030829302385642844935603538461428
976 31 0 0 0 0.018000000000000000000000000000000000000 20.557103210371790170923492954937563244
976 41 2 2 2 0.026000000000000000000000000000000000000 21.153332749676488506934031641239889603
976 47 1 1 0 0.41500000000000000000000000000000000000 21.688065534210199705760044992506250251
976 59 1 1 0 0.34000000000000000000000000000000000000 21.305577272048444331062231792267407055
976 79 0 0 0 0.094000000000000000000000000000000000000 21.900433657115746962133172762557892988
976 83 1 1 0 0.47300000000000000000000000000000000000 21.919742449820010556727402758320370270
976 109 0 0 0 0.018000000000000000000000000000000000000 20.790877739345600822309615737363273575
976 113 0 0 0 0.083000000000000000000000000000000000000 20.515432765280210671842949393593881274
976 151 3 3 3 0.027000000000000000000000000000000000000 20.580404419040772572504970922242064486
976 157 0 0 0 0.097000000000000000000000000000000000000 21.657520063780840987066410129674687261
976 179 1 1 1 0.027000000000000000000000000000000000000 22.163770087740111640822506772715078539
976 181 2 2 2 0.15200000000000000000000000000000000000 22.165812835821253380999922909733907503
976 197 1 1 1 0.029000000000000000000000000000000000000 20.687317279818621917538543369113506312
976 199 2 2 1 0.54300000000000000000000000000000000000 21.480888114283696207880403556075110563
976 263 0 0 0 0.020000000000000000000000000000000000000 22.165843465442147192646528011224166255
976 269 0 0 0 0.090000000000000000000000000000000000000 22.158854541878544138284730462035071644
976 271 0 0 0 0.024000000000000000000000000000000000000 22.156271966355888045410530218693038667
976 289 0 0 0 0.018000000000000000000000000000000000000 18.361059423644389741680410904548052595
976 311 2 2 1 0.44900000000000000000000000000000000000 21.595442513120517915013225213232107449
976 317 0 0 0 0.013000000000000000000000000000000000000 22.053397941118236564540376719861973816
976 343 1 1 0 0.20400000000000000000000000000000000000 20.248999760714070205315311678216233594
976 349 1 1 1 0.11600000000000000000000000000000000000 21.203976689881315497621071628907998721
976 361 1 1 0 0.43000000000000000000000000000000000000 20.534282765812480871574505939213229206
976 367 0 0 0 0.019000000000000000000000000000000000000 21.756100154885810690868835868657561092
976 389 1 1 0 0.42300000000000000000000000000000000000 21.395860844771344746087408458707091459
976 397 1 1 0 0.28500000000000000000000000000000000000 19.392707538204534225570782683431732204
976 421 0 0 0 0.095000000000000000000000000000000000000 21.470521928830560194739130438183287078
976 431 0 0 0 0.021000000000000000000000000000000000000 21.683986828254002401767874452327052917
976 443 1 1 0 0.32400000000000000000000000000000000000 21.856338393078752635301886487043767989
976 449 1 1 1 0.028000000000000000000000000000000000000 21.225312378279826477742363883086137915
976 479 1 1 0 0.34200000000000000000000000000000000000 22.171612323980695092665142341031931495
976 487 0 2 0 0.54400000000000000000000000000000000000 22.221593761845882784488574389070125867
976 503 1 1 1 0.15900000000000000000000000000000000000 20.618931989480059907695814972169835360
976 521 0 0 0 0.082000000000000000000000000000000000000 22.392555322618028162813409964710069677
976 529 0 0 0 0.086000000000000000000000000000000000000 21.063892696922741643339556616689188683
976 541 1 1 1 0.14200000000000000000000000000000000000 22.471376149695992916364348045199267829
976 547 0 0 0 0.083000000000000000000000000000000000000 22.492708874697824345362227467799326194
976 569 2 2 2 0.033000000000000000000000000000000000000 22.563352765009714904238987199864944345
976 571 2 2 1 0.56800000000000000000000000000000000000 21.137878507995570928150048611066891553
976 599 3 3 2 0.69900000000000000000000000000000000000 21.467600232630980872301350961114908489
976 619 0 0 0 0.10300000000000000000000000000000000000 22.688753122922072406811857628440340271
976 641 0 0 0 0.078000000000000000000000000000000000000 21.886412301908223518719190918395327573
976 677 3 3 3 0.027000000000000000000000000000000000000 22.787589283987771228315188267434578840
976 701 1 1 1 0.027000000000000000000000000000000000000 22.117004454748680975916642269040279524
976 729 1 1 1 0.021000000000000000000000000000000000000 20.454509689147267227184504624372408438
976 773 1 1 0 0.34200000000000000000000000000000000000 22.857406777342804844005637956165753233
976 787 2 2 2 0.023000000000000000000000000000000000000 21.902787374664722733983542947180451758
976 809 2 2 1 0.51000000000000000000000000000000000000 22.849762042433262015256789731180222752
976 827 0 0 0 0.080000000000000000000000000000000000000 22.836820728790584719632409116784907464
976 857 1 1 0 0.40200000000000000000000000000000000000 22.797524025704426900079004888860055584
976 877 1 1 0 0.46100000000000000000000000000000000000 21.432593617208984680820456004625711276
976 911 1 1 0 0.39900000000000000000000000000000000000 22.632488780847176662726865992768659290
976 953 0 2 0 0.55500000000000000000000000000000000000 22.251411117329642924332884837963660843
976 967 1 1 0 0.34400000000000000000000000000000000000 20.544057619603451697935276889238104167
977 2 1 1 0 0.46700000000000000000000000000000000000 20.230279202037518956264508334874948859
977 8 2 2 2 0.045000000000000000000000000000000000000 21.230088075129404549086993454182091417
977 16 1 1 0 0.28200000000000000000000000000000000000 18.893016331059906781596698882297198505
977 28 0 2 0 0.61900000000000000000000000000000000000 22.072887891753664565356390756937064987
977 36 1 1 0 0.30100000000000000000000000000000000000 21.703271507458099212717494413648097387
977 38 1 1 0 0.41100000000000000000000000000000000000 22.203399085116034621249045950413448622
977 46 1 1 1 0.060000000000000000000000000000000000000 21.439114868037159826756776288205205338
977 68 0 0 0 0.019000000000000000000000000000000000000 21.968711019823992747571721385327112133
977 80 1 1 0 0.39700000000000000000000000000000000000 21.908528094179361003777398721217029485
977 88 1 1 0 0.36000000000000000000000000000000000000 22.246504723996091172972528897677894431
977 104 0 0 0 0.087000000000000000000000000000000000000 21.831646431993713202964195595851013350
977 108 1 1 0 0.45700000000000000000000000000000000000 21.669074361882488214552049498411492419
977 122 0 2 0 0.43400000000000000000000000000000000000 22.188101617032413144192680451825087168
977 128 2 2 2 0.13800000000000000000000000000000000000 21.175714177764196103860159384422791599
977 158 1 1 0 0.36500000000000000000000000000000000000 22.264479777869250913895288654255477404
977 166 1 1 0 0.36800000000000000000000000000000000000 22.276328385717279007407187623909966189
977 172 0 0 0 0.019000000000000000000000000000000000000 22.761245217870814401267040091053143004
977 178 1 1 0 0.43200000000000000000000000000000000000 22.768134435921917328503570712350730780
977 196 1 1 0 0.41700000000000000000000000000000000000 21.938445532228896219842541948772650084
977 200 0 0 0 0.024000000000000000000000000000000000000 21.785918654424574240286415771050521908
977 206 0 0 0 0.023000000000000000000000000000000000000 21.674829802376617027629106532709663722
977 212 1 1 0 0.36600000000000000000000000000000000000 21.468558396359195981868421176896028703
977 218 1 1 0 0.33400000000000000000000000000000000000 21.946830229743909150932576779776407320
977 224 0 0 0 0.14900000000000000000000000000000000000 21.889126740559605311257578138700414520
977 232 1 1 0 0.50800000000000000000000000000000000000 22.490208032753073283500243721841017375
977 242 1 1 0 0.29400000000000000000000000000000000000 20.901270666196810559220013528324505068
977 262 1 1 0 0.48200000000000000000000000000000000000 22.772796936102853685773122133167182150
977 284 2 2 2 0.028000000000000000000000000000000000000 22.265189056550472459558644144195403511
977 288 2 2 1 0.61700000000000000000000000000000000000 21.354730463282255078058837558484991461
977 298 1 1 1 0.029000000000000000000000000000000000000 22.014714861040053132695271678478293144
977 304 0 0 0 0.021000000000000000000000000000000000000 22.096734159854273748319991535417789952
977 328 1 1 0 0.38200000000000000000000000000000000000 21.840940348671468445020141315594563992
977 332 2 2 2 0.13500000000000000000000000000000000000 22.601889199940878532462300257030531788
977 362 1 1 0 0.25100000000000000000000000000000000000 21.182678329027051788847132491435182381
977 368 1 1 0 0.37800000000000000000000000000000000000 21.753141579072496743450747903467952596
977 382 1 1 0 0.22300000000000000000000000000000000000 21.686912472296850192449073315655233111
977 388 0 2 0 0.43100000000000000000000000000000000000 20.676113807725357478262796424403150918
977 416 0 0 0 0.014000000000000000000000000000000000000 20.997167165236772018374418934668941713
977 458 1 1 0 0.22200000000000000000000000000000000000 22.613087411680021261465071754134289383
977 466 1 1 1 0.084000000000000000000000000000000000000 22.680403640569582900360728098194521976
977 472 0 2 0 0.48800000000000000000000000000000000000 21.947552248584175082164160125049565119
977 478 1 1 0 0.15500000000000000000000000000000000000 22.767373430924069557991501430650511529
977 502 0 2 0 0.54700000000000000000000000000000000000 22.208098611506655444252882518705636316
977 508 0 0 0 0.074000000000000000000000000000000000000 20.620848488041261282269588945001286069
977 542 0 2 0 0.41600000000000000000000000000000000000 22.233512700800316088410028847253068796
977 548 1 1 1 0.10900000000000000000000000000000000000 22.400880500084369651204726637038958244
977 576 1 1 0 0.21200000000000000000000000000000000000 21.506319861382573474055644655218014865
977 578 0 2 0 0.37900000000000000000000000000000000000 21.962738958126823052239874085475529604
977 592 1 1 0 0.43400000000000000000000000000000000000 22.628419947218188155605173707561221094
977 614 0 0 0 0.015000000000000000000000000000000000000 22.240921172115243083365983928781821473
977 622 1 1 0 0.33300000000000000000000000000000000000 23.299293878996759509710224843515453638
977 634 0 2 0 0.36300000000000000000000000000000000000 21.155711487872705552151890214563716769
977 662 0 0 0 0.12400000000000000000000000000000000000 22.893697307396682341102616066689029431
977 668 1 1 0 0.34200000000000000000000000000000000000 23.379741750563736478439354833216500609
977 676 0 0 0 0.075000000000000000000000000000000000000 22.276995314166297316580427590323472072
977 704 0 2 0 0.34900000000000000000000000000000000000 20.607016982342844724051248720784398304
977 716 1 1 0 0.30900000000000000000000000000000000000 22.957991334053024422831488402944591682
977 718 1 1 0 0.43200000000000000000000000000000000000 23.436804848678803653383765881419813975
977 746 0 0 0 0.078000000000000000000000000000000000000 23.455178767683970959752145003324418121
977 752 2 2 2 0.099000000000000000000000000000000000000 21.679633320106083316489405552534501852
977 772 1 1 0 0.36200000000000000000000000000000000000 23.462853847061160669630566117773862533
977 794 1 1 1 0.092000000000000000000000000000000000000 22.231018949740375525661415327076028105
977 796 0 0 0 0.020000000000000000000000000000000000000 22.983826167729895607760457008170745483
977 808 1 1 0 0.47300000000000000000000000000000000000 22.041347839360917752300973210033053561
977 878 1 1 0 0.37300000000000000000000000000000000000 22.883050083815944117423552229233345962
977 892 2 2 1 0.56900000000000000000000000000000000000 23.319213444834817658019318261629745090
977 904 0 0 0 0.087000000000000000000000000000000000000 21.651049032914352364928670889360975214
977 908 0 2 0 0.72200000000000000000000000000000000000 23.256791472337279889781789993310599424
977 926 0 0 0 0.078000000000000000000000000000000000000 23.156304325091699402134262854479980857
979 32 1 1 0 0.52200000000000000000000000000000000000 21.233252120789259316128794738219233860
979 64 0 0 0 0.019000000000000000000000000000000000000 21.223375712994445999852106963231517071
979 256 2 2 1 0.43200000000000000000000000000000000000 20.134736232955333524234380263536512159
981 64 0 0 0 0.019000000000000000000000000000000000000 20.752512744504381721972652482946058858
982 7 1 1 0 0.38000000000000000000000000000000000000 20.789723960873460904312687192331671641
982 9 1 1 0 0.33800000000000000000000000000000000000 21.120616264908006262643880844267567057
982 13 1 1 0 0.31000000000000000000000000000000000000 21.757160759818863756885977367017303868
982 19 1 1 0 0.30300000000000000000000000000000000000 21.444243634746018265832069241511819929
982 23 0 2 0 0.72800000000000000000000000000000000000 22.003808274044485051758945589021695776
982 25 0 0 0 0.10100000000000000000000000000000000000 21.340746890854791334282465425101358516
982 47 0 0 0 0.083000000000000000000000000000000000000 20.618648024672969330997125250821525866
982 61 1 1 0 0.39100000000000000000000000000000000000 22.417234841587463156947123598628584873
982 83 0 0 0 0.14400000000000000000000000000000000000 22.540712011417161620547271203045467741
982 89 1 1 0 0.27400000000000000000000000000000000000 22.090518626526927177483021789328754068
982 97 0 0 0 0.017000000000000000000000000000000000000 22.600108496652892531347436475686475779
982 103 1 1 0 0.26200000000000000000000000000000000000 22.622182278047286835159308641108166045
982 113 1 1 0 0.40100000000000000000000000000000000000 22.655170629894248381296568832630499680
982 131 0 2 0 0.56600000000000000000000000000000000000 22.704338131604995070349843910655372814
982 139 1 1 0 0.32700000000000000000000000000000000000 22.722550208260991753939884673976531851
982 149 2 2 2 0.032000000000000000000000000000000000000 21.897429989960951375396332153278665671
982 157 2 2 2 0.12900000000000000000000000000000000000 22.057465765145359655946050183770601447
982 163 0 0 0 0.017000000000000000000000000000000000000 22.288602319605125691622179480576213876
982 173 1 1 0 0.34500000000000000000000000000000000000 22.779126157763665458424418404775192294
982 191 0 0 0 0.021000000000000000000000000000000000000 22.797027165475800090744750818886728813
982 223 0 0 0 0.023000000000000000000000000000000000000 21.964850921146464581114921951608955666
982 227 1 1 0 0.38100000000000000000000000000000000000 21.119669674802932551936564285818542849
982 239 1 1 0 0.26600000000000000000000000000000000000 22.807274021637284094973772797066770289
982 251 0 0 0 0.089000000000000000000000000000000000000 22.323908722199918244587158754295756538
982 257 0 0 0 0.016000000000000000000000000000000000000 22.097493249402888990801907215962455990
982 269 0 0 0 0.080000000000000000000000000000000000000 22.307113031740425214012134379608158227
982 271 1 1 0 0.36800000000000000000000000000000000000 22.304651373207403001968032182637911671
982 283 0 2 0 0.51400000000000000000000000000000000000 22.764245859523568092714786899676264129
982 289 1 1 1 0.030000000000000000000000000000000000000 21.046007619979342853319118553267819070
982 293 0 2 0 0.46600000000000000000000000000000000000 22.046726709962342654375409758119847795
982 313 1 1 0 0.30900000000000000000000000000000000000 22.695652621825934740557219604328687174
982 317 1 1 0 0.49800000000000000000000000000000000000 22.683175888854598585722759559715223950
982 331 0 0 0 0.079000000000000000000000000000000000000 22.631320833847376063445637631027262750
982 353 1 1 0 0.31400000000000000000000000000000000000 22.514141547274060766884193185315091749
982 361 1 1 0 0.44300000000000000000000000000000000000 19.376936591392215047107228792697589693
982 367 0 2 0 0.39200000000000000000000000000000000000 22.401901287869576604234277378402547832
982 373 0 0 0 0.019000000000000000000000000000000000000 22.338568254615484679283904907442565773
982 379 0 0 0 0.073000000000000000000000000000000000000 21.783978242095169003957500855103229992
982 383 0 0 0 0.017000000000000000000000000000000000000 22.198427522246249020919740679963184024
982 397 0 0 0 0.077000000000000000000000000000000000000 21.351366218511068064708774149859399766
982 421 0 0 0 0.081000000000000000000000000000000000000 22.018725305861204047736544902845835660
982 443 1 1 0 0.44700000000000000000000000000000000000 20.901670603622357284216916155148358162
982 467 2 2 1 0.39300000000000000000000000000000000000 22.210032161117017965755508668612174219
982 487 2 2 2 0.093000000000000000000000000000000000000 22.349789719409934010096405572945990400
982 509 2 2 2 0.13400000000000000000000000000000000000 22.946828293361358172395318992250098317
982 523 0 0 0 0.020000000000000000000000000000000000000 22.056530967307317317970445227174010282
982 547 1 1 0 0.43400000000000000000000000000000000000 23.104298964875026119987240724769645734
982 569 1 1 1 0.027000000000000000000000000000000000000 23.176269579177717682271440089544158667
982 613 1 1 1 0.10400000000000000000000000000000000000 22.813805040365049184947157625490512259
982 617 2 2 1 0.56600000000000000000000000000000000000 23.299740206970929639971544892294265594
982 653 0 0 0 0.080000000000000000000000000000000000000 23.368786441895242950382088961143707399
982 677 1 1 0 0.42300000000000000000000000000000000000 23.405333615767714091188485207926437293
982 683 1 1 0 0.33800000000000000000000000000000000000 22.936231153843147621153261100214473238
982 709 0 0 0 0.15900000000000000000000000000000000000 23.443043357832568479286262636044457911
982 761 1 1 0 0.28400000000000000000000000000000000000 23.477357625187484667753208439853569443
982 773 1 1 0 0.36900000000000000000000000000000000000 22.525963184660851807777878795835331791
982 787 0 0 0 0.11600000000000000000000000000000000000 23.480862818389914425213191552765021579
982 863 0 0 0 0.10000000000000000000000000000000000000 22.942469795552688766159236448526719254
982 877 0 2 0 0.57200000000000000000000000000000000000 22.277274951609602821921651790423645844
982 887 0 0 0 0.061000000000000000000000000000000000000 21.262129418643844949569676682219644241
982 919 1 1 0 0.23400000000000000000000000000000000000 22.766596060770807640498926426452296859
982 953 1 1 0 0.30400000000000000000000000000000000000 21.641112290570906194972311873780375734
982 971 0 0 0 0.016000000000000000000000000000000000000 22.093940706144296189339493082136385713
983 4 1 1 0 0.33100000000000000000000000000000000000 21.248854280481317410416135673357050723
983 18 1 1 0 0.28100000000000000000000000000000000000 21.423975681028769365160836217122687390
983 22 0 2 0 0.53800000000000000000000000000000000000 19.651282943540944691729513164952915177
983 32 2 2 2 0.10100000000000000000000000000000000000 21.245674423835758384692265303603695991
983 40 0 0 0 0.018000000000000000000000000000000000000 21.942819863092153144042455526070127907
983 52 1 1 1 0.019000000000000000000000000000000000000 21.032061415546368428723692487704322077
983 62 0 0 0 0.074000000000000000000000000000000000000 22.427020511959093705820563476464554814
983 82 1 1 0 0.38800000000000000000000000000000000000 21.694027904890258482433845595471911714
983 88 1 1 0 0.50200000000000000000000000000000000000 21.788308996252907509333428588697985089
983 98 0 0 0 0.015000000000000000000000000000000000000 20.531528056950630544617899533812639299
983 112 0 0 0 0.017000000000000000000000000000000000000 22.053190116129910564360340110052548572
983 122 1 1 1 0.12300000000000000000000000000000000000 22.684461501983528862808526542712780359
983 128 0 0 0 0.093000000000000000000000000000000000000 20.717900662736382955730410615675664168
983 148 0 0 0 0.10000000000000000000000000000000000000 22.743915821563866253629453036918392025
983 158 1 1 1 0.044000000000000000000000000000000000000 22.062358988150736290749453378592049332
983 164 1 1 0 0.37600000000000000000000000000000000000 22.293353152537176406126768851530157527
983 172 1 1 0 0.41300000000000000000000000000000000000 22.781218892312639373141414689535580026
983 178 1 1 0 0.39900000000000000000000000000000000000 21.833982296667983525980179242565737413
983 196 0 0 0 0.086000000000000000000000000000000000000 21.481812048318849366811902554191529745
983 202 0 0 0 0.018000000000000000000000000000000000000 22.807602554061638288515178709971019378
983 206 1 1 0 0.38700000000000000000000000000000000000 22.809516930137722163774845654570520144
983 224 1 1 0 0.35600000000000000000000000000000000000 21.910409063542354579063585838207498515
983 242 1 1 0 0.35900000000000000000000000000000000000 20.224247171679221160907656695811402393
983 262 1 1 0 0.36900000000000000000000000000000000000 22.795682361324044467983737817225725837
983 268 1 1 0 0.44600000000000000000000000000000000000 22.312150692386250377964616331683164553
983 274 0 2 0 0.46200000000000000000000000000000000000 22.781755201894419517580866810808351947
983 278 1 1 1 0.021000000000000000000000000000000000000 21.930999760573411365031892873786220793
983 284 0 2 0 0.39900000000000000000000000000000000000 22.766587337748926831542632837892196579
983 296 0 2 0 0.47100000000000000000000000000000000000 22.442518193128860924762776445990487909
983 298 0 0 0 0.019000000000000000000000000000000000000 22.739141427583517997516698236227831113
983 304 0 0 0 0.018000000000000000000000000000000000000 21.645673192825141220433696774313625746
983 326 0 2 0 0.39900000000000000000000000000000000000 22.179121463469984678140312651605328217
983 328 0 0 0 0.074000000000000000000000000000000000000 22.347453573633128575051936356700165499
983 332 0 0 0 0.014000000000000000000000000000000000000 22.632043986057916841121111282506967384
983 356 1 1 0 0.32800000000000000000000000000000000000 22.499449652472324164078976526502990813
983 368 2 2 2 0.028000000000000000000000000000000000000 21.797302736119314996548557104423770218
983 382 1 1 0 0.29700000000000000000000000000000000000 22.224939652689194304396689080627300431
983 388 1 1 0 0.22700000000000000000000000000000000000 22.113928161913969557859633623484887532
983 422 0 2 0 0.40300000000000000000000000000000000000 22.039908392045657777219730754598429897
983 424 2 2 1 0.42500000000000000000000000000000000000 21.795859731009554418541170788764997406
983 428 0 0 0 0.017000000000000000000000000000000000000 22.193509929353510122175938137207244755
983 452 1 1 0 0.38000000000000000000000000000000000000 22.071728344813534928127998746772478003
983 454 0 0 0 0.017000000000000000000000000000000000000 21.207826191547946763020205599176568045
983 458 0 0 0 0.061000000000000000000000000000000000000 21.909622317680084182965012706189635437
983 466 0 2 0 0.45900000000000000000000000000000000000 22.201613006091325574520128362963430559
983 472 1 1 0 0.41300000000000000000000000000000000000 22.424686222874324954195948650539605909
983 502 1 3 1 0.51100000000000000000000000000000000000 21.958216697205901404597656830220926509
983 508 0 0 0 0.072000000000000000000000000000000000000 22.243960668088663092721593566640805782
983 512 0 0 0 0.068000000000000000000000000000000000000 20.009980102777781762434212202101616747
983 554 1 1 0 0.36900000000000000000000000000000000000 23.130096590178385293473665940968701224
983 568 1 1 0 0.30700000000000000000000000000000000000 22.873983779613391957299627839936357137
983 592 0 0 0 0.084000000000000000000000000000000000000 21.464315167160298510585003402272473844
983 614 0 0 0 0.017000000000000000000000000000000000000 22.818178772617755779796453481596599888
983 632 1 1 1 0.14000000000000000000000000000000000000 22.077696656692716347164380052911699569
983 662 1 1 1 0.16200000000000000000000000000000000000 23.385824202531177141248244444818326353
983 668 1 1 0 0.37500000000000000000000000000000000000 22.917877748878982335984691044581734554
983 674 1 1 0 0.41100000000000000000000000000000000000 23.403724965764154068667117986252754007
983 688 0 0 0 0.016000000000000000000000000000000000000 22.820305191641079701827747396512669490
983 716 1 1 0 0.39600000000000000000000000000000000000 23.452513840423433433676066146577654030
983 722 1 1 0 0.25500000000000000000000000000000000000 21.701861349300645337395794679985173094
983 736 1 1 0 0.44800000000000000000000000000000000000 22.087982387326005557361342394096370432
983 746 1 1 0 0.29400000000000000000000000000000000000 23.474151890088277555170459934516462141
983 752 2 2 2 0.12300000000000000000000000000000000000 22.875046287252960562867101801511363219
983 766 0 2 0 0.57500000000000000000000000000000000000 23.482127347771150545879784872594267915
983 788 0 0 0 0.14700000000000000000000000000000000000 23.484386738232650532782586508173510009
983 802 1 1 0 0.36800000000000000000000000000000000000 23.481901721026109727802220501196725746
983 872 1 1 0 0.40800000000000000000000000000000000000 23.106566316750401523541330905870494028
983 896 0 0 0 0.019000000000000000000000000000000000000 21.840154246924882705902164089538149947
983 898 1 1 1 0.25200000000000000000000000000000000000 21.171433372521214241140416836063087452
983 928 2 2 2 0.12200000000000000000000000000000000000 21.453326084809798785293718889416630300
983 964 1 1 1 0.12300000000000000000000000000000000000 21.953777668255416001110342042028445783
983 974 0 0 0 0.021000000000000000000000000000000000000 22.013042756344792122994913326689257779
983 976 1 1 0 0.33500000000000000000000000000000000000 21.782090305199492405918245309268298559
985 16 1 1 1 0.023000000000000000000000000000000000000 21.254280940080988186044825262205990187
986 1 1 1 0 0.43100000000000000000000000000000000000 20.656105281911846680286375296607724978
988 1 0 2 0 0.73400000000000000000000000000000000000 20.662265502083953951928051830145580815
989 8 1 1 0 0.38400000000000000000000000000000000000 20.790083833566727214403559270568561557
989 16 0 0 0 0.095000000000000000000000000000000000000 19.594509993730692582354664103312602777
991 2 1 1 0 0.25200000000000000000000000000000000000 20.972503199150130537542071738579044488
991 4 1 1 0 0.30200000000000000000000000000000000000 21.273496046560639339957934087935198202
991 10 0 2 0 0.51500000000000000000000000000000000000 21.194054699164720213636621548701487549
991 16 0 0 0 0.015000000000000000000000000000000000000 20.573782600062834291165104317831304330
991 32 0 0 0 0.079000000000000000000000000000000000000 21.270367458544362396288497019018560150
991 34 2 2 2 0.022000000000000000000000000000000000000 21.500405487962261591601278755045034080
991 46 1 1 1 0.21000000000000000000000000000000000000 21.373415192758443844932231534274474022
991 48 0 2 0 0.51000000000000000000000000000000000000 20.898394483947357522650269504864120599
991 56 1 1 0 0.39500000000000000000000000000000000000 22.108857587100233432926733434409583175
991 74 2 2 2 0.026000000000000000000000000000000000000 22.523524768517661774244692623672859663
991 76 0 0 0 0.090000000000000000000000000000000000000 21.303701564390256370541192924833793549
991 88 1 1 0 0.42900000000000000000000000000000000000 22.290479287165701615440598238621051435
991 94 0 0 0 0.073000000000000000000000000000000000000 22.616624262827195355548410409496412782
991 122 1 1 0 0.54000000000000000000000000000000000000 22.709918450706275205499069308551074283
991 136 0 0 0 0.026000000000000000000000000000000000000 21.121614757279665093680667972487845210
991 164 1 1 0 0.58700000000000000000000000000000000000 22.796698999272899163570007152193106015
991 166 2 2 2 0.031000000000000000000000000000000000000 22.100613782485609849382607283623142767
991 206 0 0 0 0.084000000000000000000000000000000000000 22.359806163134563420697734283049062862
991 214 1 1 0 0.41500000000000000000000000000000000000 22.839928809079007658627212641105870545
991 244 1 1 0 0.41500000000000000000000000000000000000 21.515636518640151478457153224204812097
991 250 0 0 0 0.019000000000000000000000000000000000000 21.436863763425028107633786295148111321
991 254 0 0 0 0.082000000000000000000000000000000000000 21.601801265048173283924290567329771783
991 256 1 1 0 0.39100000000000000000000000000000000000 20.179535917569175132847652963806869793
991 262 1 1 0 0.36000000000000000000000000000000000000 20.440243738868445011150720108444470110
991 268 0 0 0 0.10700000000000000000000000000000000000 21.974770918368146631008758420180380420
991 274 1 1 0 0.33700000000000000000000000000000000000 22.812819979777631332856953234586959177
991 284 0 0 0 0.022000000000000000000000000000000000000 22.099561652423881849113953965903779187
991 288 0 0 0 0.020000000000000000000000000000000000000 21.411652885159419676684549809840558699
991 292 0 0 0 0.014000000000000000000000000000000000000 22.784614315497066261755482867776188978
991 296 2 2 2 0.029000000000000000000000000000000000000 21.998601440733696017887211386329439960
991 304 2 2 1 0.49000000000000000000000000000000000000 22.156997913498874573931236267192352978
991 320 1 1 0 0.30500000000000000000000000000000000000 20.665351151284023350522373902016174512
991 326 1 1 0 0.36500000000000000000000000000000000000 22.694175297719976865515215338361595044
991 346 1 1 0 0.28400000000000000000000000000000000000 22.606593754290058089547937671283826784
991 362 1 1 0 0.29700000000000000000000000000000000000 22.504844657002534324680474989017847524
991 388 0 2 0 0.42500000000000000000000000000000000000 21.726931683544797843898640291184492811
991 392 0 0 0 0.014000000000000000000000000000000000000 20.977602881819941642157520099892953650
991 416 0 0 0 0.017000000000000000000000000000000000000 20.023135214391474674521674887455178293
991 452 0 0 0 0.056000000000000000000000000000000000000 21.691803545833009072049180840330147555
991 458 0 0 0 0.062000000000000000000000000000000000000 22.123655367592239036557489889810739576
991 464 0 0 0 0.019000000000000000000000000000000000000 21.210348686969867214774421749047705127
991 466 1 1 0 0.29400000000000000000000000000000000000 21.976130357707785270047438298154734928
991 472 0 0 0 0.015000000000000000000000000000000000000 22.423509214548303233617423074669316713
991 514 0 0 0 0.066000000000000000000000000000000000000 22.503017233099393691576885027266560730
991 526 0 0 0 0.081000000000000000000000000000000000000 23.034787248091087428836258795883766782
991 536 2 2 2 0.060000000000000000000000000000000000000 22.775171024039003129808441068364957125
991 548 0 0 0 0.016000000000000000000000000000000000000 21.690330802368387264265737967612473067
991 554 0 2 0 0.42500000000000000000000000000000000000 23.142919039024161821851736658212042422
991 556 0 2 0 0.52200000000000000000000000000000000000 23.149785833405898161235685248707655544
991 584 0 0 0 0.087000000000000000000000000000000000000 21.759163013511999717070985527220239280
991 592 1 1 0 0.38500000000000000000000000000000000000 22.656007488882787815613545983325633539
991 604 2 2 2 0.027000000000000000000000000000000000000 22.811487754919442429936657430399993348
991 614 0 2 0 0.47000000000000000000000000000000000000 22.467140807133003451545737172673397148
991 626 1 1 0 0.34600000000000000000000000000000000000 22.493461564050950544096325324621699435
991 634 0 2 0 0.40900000000000000000000000000000000000 21.956999836635082431286868668742643833
991 662 0 2 0 0.40000000000000000000000000000000000000 23.405430758691304868774110710025237337
991 668 0 0 0 0.016000000000000000000000000000000000000 23.414934776631179228484769374536725040
991 686 1 1 0 0.29300000000000000000000000000000000000 21.750591554248292510253543393789871280
991 692 0 2 0 0.58500000000000000000000000000000000000 22.971413018629387311734087375436369859
991 704 1 1 0 0.34200000000000000000000000000000000000 22.258618206831951108612329823208018886
991 736 1 1 1 0.19300000000000000000000000000000000000 20.898928536793582626286119361787006239
991 752 0 0 0 0.014000000000000000000000000000000000000 22.900215411339838966926648432738894627
991 776 0 0 0 0.017000000000000000000000000000000000000 23.210140917949205513869039003564005131
991 794 1 1 0 0.30100000000000000000000000000000000000 23.512572569164023457223146718231072286
991 842 1 1 1 0.023000000000000000000000000000000000000 23.489745467409294655276452672665400308
991 872 1 1 1 0.021000000000000000000000000000000000000 21.716961015218258522790511594397456387
991 896 1 1 0 0.54000000000000000000000000000000000000 21.890072419233829496674573669490935352
991 898 0 2 0 0.52500000000000000000000000000000000000 23.389543021598935688268454307099990488
991 914 1 1 0 0.50900000000000000000000000000000000000 23.335618426362311766991909196841259480
991 934 1 1 0 0.34300000000000000000000000000000000000 22.540098697598992309683099848457535041
991 956 0 0 0 0.092000000000000000000000000000000000000 23.063496536153706422744812821672845090
992 7 0 0 0 0.15500000000000000000000000000000000000 19.662165858826465343935197550871482205
992 13 1 1 1 0.45300000000000000000000000000000000000 20.884882760024018697889077897835066528
992 23 2 2 2 0.024000000000000000000000000000000000000 21.131553122032971290605813108860335908
992 43 0 0 0 0.023000000000000000000000000000000000000 20.922069797298312069054440444074292551
992 53 0 0 0 0.10200000000000000000000000000000000000 21.486997164500593993759224906045618655
992 79 0 0 0 0.021000000000000000000000000000000000000 21.172374035821523452855343300514075892
992 89 1 1 1 0.023000000000000000000000000000000000000 21.695873453471149156059630961588583408
992 103 0 0 0 0.024000000000000000000000000000000000000 21.750603430849375595428780969341910066
992 107 0 2 0 0.48000000000000000000000000000000000000 21.764399642360037643370308193599871668
992 113 1 1 0 0.48200000000000000000000000000000000000 20.938648584248651855319332687912327233
992 121 1 1 0 0.46900000000000000000000000000000000000 20.765840245114163000059168709877284582
992 149 0 2 0 0.70000000000000000000000000000000000000 21.871827184472223779769172873639586365
992 163 1 1 0 0.40900000000000000000000000000000000000 21.895386434484804849251532687684808296
992 167 1 1 1 0.028000000000000000000000000000000000000 21.202197479523486231473425694171984410
992 173 0 0 0 0.098000000000000000000000000000000000000 21.431961469846819020026686973095991472
992 193 1 1 0 0.47400000000000000000000000000000000000 21.929181020395006062506404315274772279
992 197 0 2 0 0.56600000000000000000000000000000000000 21.932075543153406809917240044374499630
992 227 1 1 0 0.36300000000000000000000000000000000000 21.464950635008960622472106285471677536
992 229 1 1 1 0.023000000000000000000000000000000000000 21.941997362255227058055982022991148151
992 233 1 1 1 0.026000000000000000000000000000000000000 20.397495731591706328715422189548369979
992 243 0 0 0 0.016000000000000000000000000000000000000 20.030303637873889542619008401008723052
992 251 3 3 3 0.030000000000000000000000000000000000000 21.934772996658502270471210513836402475
992 277 0 0 0 0.018000000000000000000000000000000000000 20.955427529879825329687797116120668422
992 289 0 0 0 0.080000000000000000000000000000000000000 20.660588174632879716818965668571060359
992 313 1 1 1 0.028000000000000000000000000000000000000 21.359848024339703824419491733856013369
992 317 2 2 2 0.11800000000000000000000000000000000000 20.172116666169382718148444360440863098
992 343 1 1 1 0.018000000000000000000000000000000000000 20.033971909928325313329108505355180027
992 347 1 1 0 0.46200000000000000000000000000000000000 21.703533447714741275434061506182510144
992 359 0 0 0 0.019000000000000000000000000000000000000 21.629850123595606677241725427493210031
992 373 0 0 0 0.020000000000000000000000000000000000000 21.511731954328691349094666802458039241
992 383 0 0 0 0.021000000000000000000000000000000000000 19.993261040273498494066275519861190538
992 397 1 1 0 0.48900000000000000000000000000000000000 21.105242723053021160175387273251570383
992 433 2 2 2 0.027000000000000000000000000000000000000 20.645963170977640752152880944356717927
992 443 0 0 0 0.078000000000000000000000000000000000000 21.039466952366957899342050184017282351
992 449 1 1 0 0.30400000000000000000000000000000000000 21.596511141762916473727026422707830977
992 457 1 1 0 0.32000000000000000000000000000000000000 21.209246320500456750777484945329561673
992 461 0 2 0 0.40700000000000000000000000000000000000 21.248814047805063088688707343194222009
992 487 1 1 1 0.024000000000000000000000000000000000000 21.928028054139521892147368626419337761
992 499 1 1 1 0.024000000000000000000000000000000000000 22.000085912856483651683570579271659104
992 503 1 1 1 0.12000000000000000000000000000000000000 22.022050170104368202266694752156750033
992 509 0 0 0 0.016000000000000000000000000000000000000 22.053347760721176125370158144379789275
992 523 2 2 1 0.51100000000000000000000000000000000000 22.119738332728065501801751827795622475
992 541 1 1 1 0.026000000000000000000000000000000000000 22.194004203387500404218170216677825646
992 563 0 0 0 0.018000000000000000000000000000000000000 22.271616895795855999485721416280981369
992 593 1 1 0 0.45300000000000000000000000000000000000 22.359545917515523205143040607771527530
992 607 0 0 0 0.083000000000000000000000000000000000000 22.394811931706530025024571631430818377
992 647 0 0 0 0.14300000000000000000000000000000000000 21.633798249877436341414969960409728096
992 653 0 2 0 0.66700000000000000000000000000000000000 22.489590147906713483766586796767913338
992 673 2 2 1 0.42600000000000000000000000000000000000 22.044795908629702104579517547155334388
992 691 1 1 0 0.46400000000000000000000000000000000000 22.069680448137265815588804050323629127
992 709 1 1 0 0.47700000000000000000000000000000000000 20.659324505323147363115575401158636592
992 719 1 1 1 0.027000000000000000000000000000000000000 22.577817797442649704129139353066092958
992 733 0 0 0 0.019000000000000000000000000000000000000 21.890851139076029102612540787083026400
992 739 0 0 0 0.015000000000000000000000000000000000000 22.594239341505038187677311128728385402
992 757 1 1 1 0.021000000000000000000000000000000000000 22.604812381755551631029147692347757213
992 769 1 3 0 0.63500000000000000000000000000000000000 20.074254294302209675772104597451716349
992 809 1 1 0 0.44500000000000000000000000000000000000 22.610576221670877786007719035994636300
992 827 1 1 1 0.024000000000000000000000000000000000000 22.602527579088718096838571606831509967
992 863 1 1 1 0.039000000000000000000000000000000000000 22.565874149599436137510653807115759490
992 877 1 1 0 0.30900000000000000000000000000000000000 22.542102879108007170225421155694332571
992 929 1 1 0 0.55400000000000000000000000000000000000 21.895392349575346422824725778849834897
992 971 1 1 0 0.70500000000000000000000000000000000000 21.964073406275566106560970721827342923
993 8 0 0 0 0.072000000000000000000000000000000000000 21.279477386413347549710163623433850164
993 512 0 0 0 0.027000000000000000000000000000000000000 20.865153384778267968186578841352106189
995 8 0 0 0 0.033000000000000000000000000000000000000 21.285595004858220794441037789314173608
995 512 0 2 0 0.56400000000000000000000000000000000000 20.867038442886248038049241330682715825
997 4 1 1 0 0.41200000000000000000000000000000000000 21.291847167729843453842004528069239354
997 6 0 0 0 0.073000000000000000000000000000000000000 18.932583131058724824201374146402045850
997 8 0 0 0 0.020000000000000000000000000000000000000 21.291700335745491931673832281195265028
997 10 0 0 0 0.087000000000000000000000000000000000000 21.689530197152551407249143177004426296
997 18 1 1 1 0.20500000000000000000000000000000000000 21.466995637956729336366939589038501808
997 28 0 0 0 0.069000000000000000000000000000000000000 21.435621624203761951932816088770492942
997 38 2 2 2 0.027000000000000000000000000000000000000 21.788066019861708828393056436693278693
997 40 1 1 0 0.31200000000000000000000000000000000000 21.140854840898705224326413810462923156
997 48 0 0 0 0.062000000000000000000000000000000000000 21.761929646501057998495812818344512746
997 62 1 1 0 0.38300000000000000000000000000000000000 22.470356018475062075334350991611253070
997 74 1 1 0 0.32700000000000000000000000000000000000 22.064963272769316099553503952291156049
997 82 0 0 0 0.015000000000000000000000000000000000000 22.582728427507754951322871492202442849
997 88 1 1 1 0.017000000000000000000000000000000000000 21.832008017728401982299860303151699844
997 98 1 1 0 0.31200000000000000000000000000000000000 21.805854809004971073484087175979156850
997 108 0 0 0 0.080000000000000000000000000000000000000 21.732248809776185665506664164430352727
997 124 1 1 0 0.31000000000000000000000000000000000000 22.257177896221441465517186388692112447
997 136 1 1 0 0.43700000000000000000000000000000000000 22.462943621456894056058100615485198707
997 142 0 0 0 0.020000000000000000000000000000000000000 22.299942519970930923647057071548804449
997 158 1 1 0 0.29800000000000000000000000000000000000 22.806837125891133940533231652108500652
997 172 0 0 0 0.019000000000000000000000000000000000000 22.128309304492585574219821965189324739
997 178 1 1 0 0.41400000000000000000000000000000000000 21.658455971905924543422171639566555553
997 192 1 1 1 0.31700000000000000000000000000000000000 21.644063220967381546506460768603114341
997 194 0 0 0 0.016000000000000000000000000000000000000 22.849759735708288832671801177033294066
997 202 2 2 2 0.025000000000000000000000000000000000000 22.010054090339820900673072459937202288
997 212 0 0 0 0.018000000000000000000000000000000000000 22.859849464350177572746506809932678444
997 214 1 1 0 0.24800000000000000000000000000000000000 21.906274418375043037850872085033697648
997 242 1 1 0 0.39200000000000000000000000000000000000 21.818779632324995692453314892542041446
997 248 2 2 1 0.65400000000000000000000000000000000000 22.556634333489715082082395679835223427
997 256 0 0 0 0.10600000000000000000000000000000000000 21.046721845394530246728594678290875515
997 274 0 0 0 0.071000000000000000000000000000000000000 22.835838904098310203918868810587522869
997 284 1 1 0 0.27900000000000000000000000000000000000 22.822181675623921285183414973011746335
997 298 1 1 0 0.41700000000000000000000000000000000000 22.797301415142650189660221828923368204
997 332 0 0 0 0.070000000000000000000000000000000000000 22.700217713328570927642925999794859645
997 344 1 1 0 0.31700000000000000000000000000000000000 21.870138646768147049284391861302054415
997 346 1 1 0 0.25100000000000000000000000000000000000 22.638383164311600400652040145655451095
997 352 0 0 0 0.022000000000000000000000000000000000000 20.857911954698843550376273985947302718
997 368 2 2 2 0.11100000000000000000000000000000000000 20.402110714265972120551168071318717282
997 382 0 0 0 0.018000000000000000000000000000000000000 22.351336058379225524815612599264698209
997 384 1 1 0 0.34300000000000000000000000000000000000 20.819650301898565694002856710643927501
997 388 0 4 0 0.61600000000000000000000000000000000000 22.265122634686868985888296154445351083
997 422 0 0 0 0.079000000000000000000000000000000000000 21.162355253067975554035312764197826946
997 446 0 0 0 0.021000000000000000000000000000000000000 22.448061367168760087722609055104232416
997 452 1 1 0 0.26700000000000000000000000000000000000 22.048887073884950361852108833733482696
997 458 0 0 0 0.020000000000000000000000000000000000000 21.748306650594173755976146413570207948
997 466 0 2 0 0.57500000000000000000000000000000000000 22.194107518025049556149415188839523755
997 472 0 2 0 0.45100000000000000000000000000000000000 21.722694984890178511139454392242745261
997 482 1 1 0 0.40700000000000000000000000000000000000 22.798495947641295931951973026104345931
997 486 1 1 0 0.32900000000000000000000000000000000000 20.917484787179231417854756257325364530
997 508 1 1 0 0.30300000000000000000000000000000000000 22.955629210640023244784616327367130789
997 526 1 1 0 0.28800000000000000000000000000000000000 23.041903885622848338295157817410792318
997 542 0 0 0 0.085000000000000000000000000000000000000 21.676570999263160518355061029309106761
997 566 1 1 0 0.36900000000000000000000000000000000000 23.192699186986219241782421033915300730
997 568 1 3 1 0.78900000000000000000000000000000000000 22.898082023124770354609028218869053986
997 584 0 2 0 0.41800000000000000000000000000000000000 21.584546478615223280603842448918549184
997 604 1 3 0 0.51000000000000000000000000000000000000 23.300589282970791916407750717511526705
997 652 1 3 1 0.50400000000000000000000000000000000000 23.402586269401352224980247975255829448
997 656 1 1 0 0.43700000000000000000000000000000000000 22.807582182399879232838279259760703205
997 662 0 2 0 0.45900000000000000000000000000000000000 23.419842090739975371540783888658588676
997 668 1 1 1 0.026000000000000000000000000000000000000 22.952467552273497399843959738721490346
997 698 1 1 0 0.41700000000000000000000000000000000000 23.471745547094269862857582805060692655
997 724 1 3 0 0.60600000000000000000000000000000000000 23.499653243777840672640763835310565264
997 752 0 0 0 0.016000000000000000000000000000000000000 22.073568895722877370654162996196686129
997 766 0 0 0 0.082000000000000000000000000000000000000 23.527638774462446400505598962563416335
997 788 1 1 0 0.43000000000000000000000000000000000000 23.533279279845383602035929404807070222
997 802 0 2 0 0.50400000000000000000000000000000000000 23.533286203971981185020549587305597546
997 832 1 1 1 0.021000000000000000000000000000000000000 22.318449114544572424543832736819044416
997 928 1 1 0 0.40900000000000000000000000000000000000 21.718735769316141071437923231777864837
997 956 1 1 0 0.37900000000000000000000000000000000000 21.433638109343077574312298615248647212
997 958 1 1 0 0.36800000000000000000000000000000000000 23.122730942950017926662527698316051147
998 3 1 1 0 0.42800000000000000000000000000000000000 21.169977577122921996484478653362134541
998 17 0 0 0 0.14300000000000000000000000000000000000 21.445328716806532320084493131876219001
998 25 1 1 1 0.095000000000000000000000000000000000000 21.389943136493072050774516608966952932
998 29 1 1 0 0.36000000000000000000000000000000000000 22.152709406032412572335483618296064745
998 31 0 2 0 0.42400000000000000000000000000000000000 20.491109085706066813976602259326835958
998 47 1 1 1 0.12000000000000000000000000000000000000 19.900319614339407345711937303830577560
998 59 1 1 1 0.027000000000000000000000000000000000000 22.453016811104192590427744397584301882
998 67 0 2 0 0.53400000000000000000000000000000000000 21.660001895722888127424893010540421405
998 73 0 0 0 0.022000000000000000000000000000000000000 21.363627826429402738651537626494047828
998 83 0 0 0 0.081000000000000000000000000000000000000 21.745463419502386119172644397572569938
998 97 1 1 0 0.44800000000000000000000000000000000000 22.650233253222406510459106385199780725
998 101 1 1 0 0.41500000000000000000000000000000000000 22.665239448298281702696352237548174200
998 107 0 0 0 0.019000000000000000000000000000000000000 21.254908198447897661976990996740129692
998 113 1 1 1 0.093000000000000000000000000000000000000 19.343380560268249027430858837509462632
998 137 2 2 1 0.47000000000000000000000000000000000000 22.769407533617996552339183579136777876
998 157 1 3 1 0.70400000000000000000000000000000000000 21.346005704665325348588015705916818820
998 167 0 0 0 0.019000000000000000000000000000000000000 22.823795740039138375194342803408242704
998 179 0 2 0 0.50800000000000000000000000000000000000 22.361835662942040217879442784074216952
998 193 2 2 1 0.51900000000000000000000000000000000000 22.852313139909142955234272955160373354
998 199 0 0 0 0.026000000000000000000000000000000000000 22.379532274732793235065018918211016111
998 223 0 0 0 0.096000000000000000000000000000000000000 22.166881930177474501091548525225275400
998 257 1 1 0 0.43500000000000000000000000000000000000 22.855858312305327346774972407136455310
998 263 1 1 0 0.30900000000000000000000000000000000000 22.005966344499619196125861350610614785
998 277 0 2 0 0.42100000000000000000000000000000000000 22.136948152631281669785467720518457328
998 283 1 1 0 0.46100000000000000000000000000000000000 22.827598838551891532267959530717608594
998 311 1 1 0 0.40000000000000000000000000000000000000 22.771479350566752280270544235884510953
998 313 2 2 1 0.54200000000000000000000000000000000000 22.766195139370596254608215285022023833
998 347 1 1 0 0.18600000000000000000000000000000000000 22.638547424964424685832168064097792952
998 349 0 2 0 0.42900000000000000000000000000000000000 22.628101609142531990205390017563806859
998 353 1 1 0 0.31500000000000000000000000000000000000 22.605856114855086636904431438173609808
998 367 1 1 0 0.28500000000000000000000000000000000000 22.510233787588378428932495252928578744
998 379 0 0 0 0.013000000000000000000000000000000000000 20.964238821506568178070839004298169016
998 389 2 2 1 0.54500000000000000000000000000000000000 22.258593593601482039123346383524651047
998 409 1 1 0 0.26000000000000000000000000000000000000 21.536405448534436808727333083081731271
998 443 0 0 0 0.082000000000000000000000000000000000000 21.555418816826223436981709648345398512
998 479 1 1 0 0.20100000000000000000000000000000000000 22.776837543612407818832989929364371154
998 487 1 1 1 0.18600000000000000000000000000000000000 21.878624895771490538917781807188432449
998 503 0 0 0 0.10800000000000000000000000000000000000 22.452450705430786209322636825717379072
998 547 1 1 0 0.44800000000000000000000000000000000000 23.128323610075431250682828369508054310
998 563 0 2 0 0.51700000000000000000000000000000000000 23.184524379648652717970364477058227042
998 607 0 0 0 0.077000000000000000000000000000000000000 23.309978240160674408857377856660112680
998 613 1 3 1 0.64200000000000000000000000000000000000 22.847248525196686108193297172926122329
998 617 1 3 1 0.59900000000000000000000000000000000000 23.333647805608343983410985210571246593
998 641 1 1 0 0.39700000000000000000000000000000000000 23.384337171928458978874385233465672316
998 647 1 1 0 0.40100000000000000000000000000000000000 22.441508339776895433442970194263419966
998 653 0 2 0 0.44400000000000000000000000000000000000 23.406687295282306899728343859774122730
998 751 1 1 1 0.039000000000000000000000000000000000000 22.161443028469079601790562523070105605
998 773 0 0 0 0.074000000000000000000000000000000000000 22.357291454429323681168151215696022434
998 787 0 2 0 0.47000000000000000000000000000000000000 23.536553770238508602168456348210381594
998 857 0 2 0 0.42900000000000000000000000000000000000 23.504652753810656950099952391241759195
998 883 0 0 0 0.059000000000000000000000000000000000000 21.757228347070869331720022189682424276
998 887 1 1 0 0.44900000000000000000000000000000000000 23.456718301637493776927310367885018652
998 907 1 1 0 0.30500000000000000000000000000000000000 23.406179298923309856990678589693236209
1000 1 0 0 0 0.091000000000000000000000000000000000000 18.045754450491701620405517692571785444
1000 43 1 1 1 0.027000000000000000000000000000000000000 20.627821215102587868761936915423073991
1000 131 0 0 0 0.079000000000000000000000000000000000000 20.217607098550032444225529571143829196
1000 139 0 0 0 0.015000000000000000000000000000000000000 21.081213636776030901257512814509277044
1000 197 0 0 0 0.014000000000000000000000000000000000000 20.685884506904859074591032163789519149
1000 241 1 1 1 0.079000000000000000000000000000000000000 21.172197236373046417842095589742892269
1000 311 1 1 0 0.37700000000000000000000000000000000000 21.081068902969014087195786515959640875
1000 337 1 1 0 0.43100000000000000000000000000000000000 20.995737299604440138012989296904250799
1000 349 1 1 0 0.37500000000000000000000000000000000000 20.939781789403394003871320938611844137
1000 419 1 1 0 0.29800000000000000000000000000000000000 19.891409985448119688303065038572880037
1000 449 2 2 2 0.20800000000000000000000000000000000000 20.305136777172910781001273098201507962
1000 463 1 1 0 0.53300000000000000000000000000000000000 20.941480952372661121499162919931133028
1000 547 1 1 0 0.40600000000000000000000000000000000000 21.432213174800133730751874856615998438
1000 643 1 1 0 0.40300000000000000000000000000000000000 21.693706460864434390028369737198197719
1000 659 1 1 0 0.47800000000000000000000000000000000000 21.722882391082405182472093687128824642
1000 677 0 0 0 0.021000000000000000000000000000000000000 21.751819177660503291407665053946291778
1000 727 1 1 0 0.48900000000000000000000000000000000000 21.811871755186004169948177286648362966
1000 769 0 0 0 0.077000000000000000000000000000000000000 21.839384358870590191798593007250960612
1000 881 2 2 2 0.024000000000000000000000000000000000000 21.302736241853952609826893547114310973
300 1 0 0 0 0.014000000000000000000000000000000000000 16.339815003639603408156668620854817680
301 2 1 1 0 0.39900000000000000000000000000000000000 17.349831236776537033001915736917205088
301 4 0 0 0 0.067000000000000000000000000000000000000 16.696215847941581252688610250947445529
301 16 1 1 0 0.28200000000000000000000000000000000000 17.642344204049281613696707549819092334
301 64 1 1 1 0.017000000000000000000000000000000000000 17.494695441407303272491172295764494523
301 128 0 0 0 0.012000000000000000000000000000000000000 16.283026698875815674415194547355711522
302 1 2 2 1 0.45300000000000000000000000000000000000 17.058985271578021531567962485549363859
302 3 1 1 1 0.033000000000000000000000000000000000000 15.482761349337467112979787816373474127
302 7 1 1 0 0.38200000000000000000000000000000000000 17.902481152152018515726919239750610669
302 11 1 1 1 0.20700000000000000000000000000000000000 18.096364607464354813235919347842261014
302 13 0 0 0 0.069000000000000000000000000000000000000 16.459732300830507984405979108969102732
302 17 2 2 2 0.022000000000000000000000000000000000000 18.279757180145046842300341175183059788
302 23 2 2 2 0.021000000000000000000000000000000000000 16.381662773392421658013534018228494314
302 27 1 1 0 0.41200000000000000000000000000000000000 16.812369619853891856646161705042549366
302 29 1 1 1 0.019000000000000000000000000000000000000 18.492714169322985649417488610269728851
302 37 0 0 0 0.069000000000000000000000000000000000000 18.579771416115817988198173869598412039
302 41 0 0 0 0.029000000000000000000000000000000000000 16.445675063223487220872469719718744942
302 43 1 1 1 0.12500000000000000000000000000000000000 18.627468047969283623535810230211080052
302 47 1 1 0 0.22400000000000000000000000000000000000 18.652568404661750229289120115402894019
302 49 1 1 0 0.28600000000000000000000000000000000000 16.863981205928621031699300122447806084
302 53 1 1 0 0.34600000000000000000000000000000000000 18.681480432797570846916196593291233473
302 67 1 1 0 0.32500000000000000000000000000000000000 18.235537354345536398778960478458916947
302 71 1 1 1 0.020000000000000000000000000000000000000 18.712581237969145620921800022626969889
302 83 1 1 0 0.34000000000000000000000000000000000000 18.686321175011466567814289552360143252
302 89 2 2 1 0.36600000000000000000000000000000000000 18.655986819662879568097522941809967782
302 97 2 2 2 0.023000000000000000000000000000000000000 18.591408959652163171562117478639326492
302 101 0 0 0 0.013000000000000000000000000000000000000 18.545117457772710977773908014240428224
302 103 1 1 0 0.33100000000000000000000000000000000000 17.085924390525840922061333088556064864
302 107 0 0 0 0.015000000000000000000000000000000000000 18.449387512617711193953371554387364264
302 109 0 0 0 0.11100000000000000000000000000000000000 18.407561901307246903051255249157738132
302 113 1 1 0 0.28100000000000000000000000000000000000 17.346590152591236599560213348886206291
302 125 2 2 1 0.33500000000000000000000000000000000000 14.833179285853003919425486877729639266
302 127 2 2 2 0.028000000000000000000000000000000000000 16.853515321952241009505615420742151636
302 137 0 0 0 0.074000000000000000000000000000000000000 17.534777100041458014626464798262004726
302 149 1 1 1 0.019000000000000000000000000000000000000 18.237378832355150574405252217086573049
302 157 3 3 3 0.033000000000000000000000000000000000000 17.057946415649348797326877870312939982
302 163 2 2 1 0.42400000000000000000000000000000000000 18.943186726256054197811475312962417374
302 167 0 2 0 0.48800000000000000000000000000000000000 16.366832486484274917715343497510769326
302 169 0 0 0 0.014000000000000000000000000000000000000 17.902396363500442857536510831750988452
302 173 0 0 0 0.044000000000000000000000000000000000000 17.515391019930417479108339749072505940
302 179 2 2 1 0.39700000000000000000000000000000000000 19.117100901616772565164409596284044453
302 181 1 1 1 0.024000000000000000000000000000000000000 18.093257514861040527232059779171566300
302 191 0 0 0 0.088000000000000000000000000000000000000 19.211617688131974982793615639392504223
302 193 0 2 0 0.48600000000000000000000000000000000000 18.747930106840585466585581831390162078
302 197 0 2 0 0.44700000000000000000000000000000000000 19.250129339087865524289826880823789513
302 211 0 0 0 0.015000000000000000000000000000000000000 18.366243456127052233072392371576100728
302 223 1 1 1 0.090000000000000000000000000000000000000 17.170156187474488546136799619447592081
302 233 1 1 0 0.39600000000000000000000000000000000000 19.379362093766282870954500387972537986
302 239 1 1 0 0.38400000000000000000000000000000000000 18.906750378611289696749755113197895569
302 241 0 0 0 0.072000000000000000000000000000000000000 19.384141311306967289494431954111643563
302 251 0 0 0 0.13400000000000000000000000000000000000 19.375071250348657017472916360635910619
302 257 0 0 0 0.082000000000000000000000000000000000000 18.882795900004735389094740314206087878
302 263 1 1 0 0.33200000000000000000000000000000000000 19.335593170077484093627702040555153978
302 271 0 2 0 0.32800000000000000000000000000000000000 16.232406227225791599455103462580228010
302 281 2 2 1 0.62900000000000000000000000000000000000 19.172791915718509885404617118141965777
302 283 0 0 0 0.030000000000000000000000000000000000000 17.432909174292657489888701373610505111
302 289 1 1 1 0.030000000000000000000000000000000000000 17.777984099147103210750362656954288645
302 293 1 1 1 0.13000000000000000000000000000000000000 18.392894080157431331944815945627063651
303 2 1 1 1 0.029000000000000000000000000000000000000 15.506643073404025907072335569837749504
303 16 2 2 2 0.033000000000000000000000000000000000000 17.662591770516206270605485884531297556
303 32 1 1 1 0.026000000000000000000000000000000000000 16.791135256693209088149060569239466407
304 1 1 1 0 0.56700000000000000000000000000000000000 16.476992201978482560073474474017703309
304 5 0 0 0 0.022000000000000000000000000000000000000 17.175172160840256993230653344174935687
304 11 0 0 0 0.11500000000000000000000000000000000000 15.545941397699308455479622380010303147
304 17 0 0 0 0.017000000000000000000000000000000000000 17.697892032539494048052790283660558846
304 23 1 1 1 0.023000000000000000000000000000000000000 17.821096702835566777717014930031438870
304 25 0 0 0 0.023000000000000000000000000000000000000 16.677957434031083668250017359107995119
304 29 1 1 1 0.029000000000000000000000000000000000000 16.735014806362832217935874886478101852
304 31 1 1 1 0.030000000000000000000000000000000000000 17.935918561793263370091509821207349268
304 37 1 1 1 0.024000000000000000000000000000000000000 17.153327080389970801982343177723111180
304 41 1 1 0 0.40000000000000000000000000000000000000 17.186710802175310195201203132666144357
304 43 1 1 1 0.027000000000000000000000000000000000000 17.569253514632666122969484660584062678
304 49 1 1 0 0.34600000000000000000000000000000000000 17.237441101935300333183241496014375960
304 53 1 1 0 0.34100000000000000000000000000000000000 18.100942462309893933460932563553883451
304 59 0 0 0 0.015000000000000000000000000000000000000 16.234248336477207802308684595938163774
304 67 1 1 0 0.35900000000000000000000000000000000000 18.133293508800438010349850949207530353
304 73 2 2 2 0.026000000000000000000000000000000000000 18.132348139575265919197289336691679635
304 81 1 1 1 0.020000000000000000000000000000000000000 16.684899575891502203902448158856527392
304 83 2 2 2 0.022000000000000000000000000000000000000 17.632202912024223734020060437485547736
304 89 2 2 2 0.020000000000000000000000000000000000000 18.080420430971533708460699211884072344
304 101 0 0 0 0.014000000000000000000000000000000000000 16.543125728577155356615769848369378188
304 103 0 0 0 0.012000000000000000000000000000000000000 17.947988232954933547725714257361193139
304 109 0 0 0 0.016000000000000000000000000000000000000 17.844152403734595374060993194827378734
304 113 1 1 0 0.30900000000000000000000000000000000000 17.744458339685839417351984719418258148
304 121 1 1 1 0.016000000000000000000000000000000000000 15.616981147765701398084465527738388539
304 125 1 1 1 0.015000000000000000000000000000000000000 15.246338180929058288400530547643624537
304 127 1 1 0 0.31800000000000000000000000000000000000 16.720170435659247517555568730942605072
304 131 1 1 0 0.29500000000000000000000000000000000000 17.406411284425266849776055284500126385
304 137 0 2 0 0.40700000000000000000000000000000000000 16.441664186044180776980150014312776729
304 139 1 1 1 0.020000000000000000000000000000000000000 16.996715530802843577030998352954882589
304 149 1 1 1 0.082000000000000000000000000000000000000 18.114844960520523250008728374294643929
304 151 1 1 1 0.019000000000000000000000000000000000000 17.678523544105935809097685199750643879
304 157 2 2 1 0.29200000000000000000000000000000000000 17.416692096271434261215423962248124148
304 163 1 1 0 0.36200000000000000000000000000000000000 18.349745217434717426582476414755473395
304 169 1 1 1 0.020000000000000000000000000000000000000 16.356288699958298920713722572104451391
304 179 1 1 1 0.020000000000000000000000000000000000000 17.129328611500619749461255894988362788
304 181 2 2 2 0.33100000000000000000000000000000000000 18.545168754924687949646899144562946554
304 191 1 1 1 0.022000000000000000000000000000000000000 18.146612831286036609826267618335057456
304 193 1 1 1 0.018000000000000000000000000000000000000 18.637466829596839601316660097225886946
304 197 1 1 1 0.019000000000000000000000000000000000000 18.663132410773462797361086585326533198
304 199 0 2 0 0.50700000000000000000000000000000000000 18.675099107640956782642458979080841556
304 211 1 1 0 0.35900000000000000000000000000000000000 18.735538465674158618804849887606121702
304 227 1 1 1 0.021000000000000000000000000000000000000 18.310239986040074334715563869604740582
304 229 0 0 0 0.064000000000000000000000000000000000000 18.092553661358258845590338923506727026
304 233 1 3 1 0.54700000000000000000000000000000000000 17.953137637102741035285929799068498915
304 239 0 0 0 0.069000000000000000000000000000000000000 18.804089060777838499639733130834519450
304 241 1 1 1 0.027000000000000000000000000000000000000 18.327731927524514097309017139852912460
304 251 1 1 1 0.086000000000000000000000000000000000000 18.798738470011894518043066419850245918
304 257 2 2 2 0.024000000000000000000000000000000000000 17.940807245139830661272129522934907689
304 263 0 0 0 0.013000000000000000000000000000000000000 17.333183673328011785231718760923640292
304 269 0 0 0 0.017000000000000000000000000000000000000 18.732490599202904242816519463467894174
304 271 1 1 1 0.019000000000000000000000000000000000000 18.019912143192465854688790709046191755
304 281 1 1 1 0.021000000000000000000000000000000000000 18.142770181779268477090866672686143823
304 293 0 0 0 0.013000000000000000000000000000000000000 18.364970062764722376020010932353968121
305 4 1 1 0 0.37200000000000000000000000000000000000 16.018507907422368772842844637477942116
305 32 2 2 2 0.14500000000000000000000000000000000000 17.656703214527659987868125375699862691
305 64 1 1 1 0.088000000000000000000000000000000000000 17.062361564050494688050658191277517359
305 256 1 1 1 0.020000000000000000000000000000000000000 16.752859980365604179919024281275384021
307 2 1 1 0 0.38300000000000000000000000000000000000 17.409839592107281151967630746779489222
307 4 1 1 0 0.25700000000000000000000000000000000000 16.865384274651220844612097212664450118
307 6 1 1 0 0.22800000000000000000000000000000000000 17.885927569727614553515935044645665413
307 8 1 1 0 0.37300000000000000000000000000000000000 17.231809495054838931016038072522598466
307 12 1 1 0 0.37500000000000000000000000000000000000 18.183457222158286052589251278195555782
307 14 0 0 0 0.012000000000000000000000000000000000000 18.248711433786839925644203363309069655
307 16 1 1 1 0.017000000000000000000000000000000000000 17.702684524789210422888983478140331845
307 20 0 0 0 0.067000000000000000000000000000000000000 18.396927235063549202411107437735049483
307 22 1 1 1 0.015000000000000000000000000000000000000 18.435545166688434946488461680764522856
307 28 2 2 2 0.047000000000000000000000000000000000000 18.053143887280406636269615660750911041
307 32 0 0 0 0.015000000000000000000000000000000000000 16.978062903053259368047819565266621893
307 34 1 1 1 0.10200000000000000000000000000000000000 18.601930503779244869312234713004922634
307 38 1 1 0 0.33600000000000000000000000000000000000 18.640250007932828684681840411832371998
307 40 1 1 1 0.015000000000000000000000000000000000000 18.356017028182847582966960152176339178
307 48 1 1 0 0.35300000000000000000000000000000000000 18.108789602607058734426021013978044193
307 50 0 0 0 0.064000000000000000000000000000000000000 18.022343516466142253713588737888969872
307 52 0 2 0 0.55400000000000000000000000000000000000 18.730688470723428345165499583460912642
307 58 0 0 0 0.078000000000000000000000000000000000000 18.752621847853808416567036569913507964
307 62 0 0 0 0.015000000000000000000000000000000000000 17.440093915542671461346413686896079124
307 64 0 0 0 0.011000000000000000000000000000000000000 15.653112973341714350724986508406111355
307 76 1 1 0 0.33100000000000000000000000000000000000 18.765776779537343838709584314242064740
307 86 2 2 2 0.027000000000000000000000000000000000000 18.736558725206895445425519138558159089
307 88 2 2 2 0.027000000000000000000000000000000000000 18.425915357848759384880623590533201772
307 92 0 0 0 0.018000000000000000000000000000000000000 18.703253203063629178775784803217477878
307 94 1 1 0 0.27000000000000000000000000000000000000 17.843822537473391039919594134106910898
307 98 1 1 0 0.27700000000000000000000000000000000000 16.377980717339549475889671306661419903
307 100 2 2 2 0.020000000000000000000000000000000000000 17.457756580292203623563608067628441233
307 104 0 0 0 0.010000000000000000000000000000000000000 18.283366037654388742420507334120392145
307 106 1 1 0 0.23900000000000000000000000000000000000 18.554662682484702535038281955000588137
307 112 1 1 0 0.25800000000000000000000000000000000000 17.834807203277453740994746929257266697
307 116 0 0 0 0.012000000000000000000000000000000000000 17.843577561163225354733519072539164596
307 118 1 1 1 0.043000000000000000000000000000000000000 16.589826836777164887096198642836007953
307 122 1 1 1 0.068000000000000000000000000000000000000 18.009429790077532050544075496713942093
307 128 1 1 1 0.015000000000000000000000000000000000000 14.890342028488437730716321596506451443
307 142 1 1 0 0.27800000000000000000000000000000000000 18.533059415203866132256869865312710021
307 144 0 0 0 0.014000000000000000000000000000000000000 17.514252107476092056029826007130702881
307 146 1 1 0 0.23400000000000000000000000000000000000 18.647446858196801068798023507260919534
307 148 2 2 2 0.026000000000000000000000000000000000000 18.696349108770038135548951852770104946
307 152 1 1 1 0.018000000000000000000000000000000000000 17.526938739625244303015933076701795668
307 158 2 2 2 0.070000000000000000000000000000000000000 18.889191985100602798948567937453155936
307 162 2 2 2 0.020000000000000000000000000000000000000 17.518545405480423644075920648004346399
307 164 0 2 0 0.39800000000000000000000000000000000000 18.977749777357144861482311774427122537
307 166 0 2 0 0.38900000000000000000000000000000000000 18.159025009797093938351580235418440837
307 176 1 1 1 0.025000000000000000000000000000000000000 18.515821399696760821150194374788086362
307 178 1 1 0 0.37800000000000000000000000000000000000 19.137594956376462840050557655809565986
307 188 0 0 0 0.10500000000000000000000000000000000000 18.746942640237874137943512488279845765
307 194 1 1 0 0.20000000000000000000000000000000000000 19.267570579724821104642128622595057212
307 196 0 0 0 0.014000000000000000000000000000000000000 18.435740359447547642416529490971064681
307 200 1 1 1 0.018000000000000000000000000000000000000 16.346595992833964886673939135262205498
307 202 0 0 0 0.063000000000000000000000000000000000000 19.317199234637636447635160608773742246
307 208 1 1 0 0.34500000000000000000000000000000000000 18.269498371677598893011882069487996444
307 212 0 0 0 0.077000000000000000000000000000000000000 19.367084175776570087984362200406598427
307 214 1 1 0 0.32300000000000000000000000000000000000 18.145081670516517401853451236649129572
307 218 0 0 0 0.074000000000000000000000000000000000000 18.691959373215808387744830588573512132
307 224 2 2 1 0.41400000000000000000000000000000000000 18.030094853960720352380416008955670424
307 232 0 0 0 0.013000000000000000000000000000000000000 17.583996032614043173971917466684283016
307 242 2 2 1 0.43500000000000000000000000000000000000 15.818258974277621691819030530149948921
307 244 1 1 1 0.028000000000000000000000000000000000000 18.964020371018158490562098707537018156
307 248 0 0 0 0.024000000000000000000000000000000000000 19.139352713764978036572088169113198513
307 254 0 0 0 0.017000000000000000000000000000000000000 19.434105502730580519249070491630808828
307 262 2 2 2 0.29200000000000000000000000000000000000 18.937408169864454548713020666128767720
307 268 3 3 3 0.025000000000000000000000000000000000000 18.690470397671243652570457231351244848
307 272 1 1 0 0.35100000000000000000000000000000000000 18.764396461780101041336282711004848516
307 274 1 1 0 0.43000000000000000000000000000000000000 19.352709315682492340305465425099200474
307 278 1 1 1 0.093000000000000000000000000000000000000 18.842700706097579756692807326772611475
307 288 1 1 0 0.46300000000000000000000000000000000000 17.811903251102455084914046019211388922
307 302 1 1 0 0.41400000000000000000000000000000000000 18.685936118287236449019790051235005212
307 304 1 1 0 0.45600000000000000000000000000000000000 17.872126462737120096403155646725878747
309 4 1 1 0 0.37300000000000000000000000000000000000 17.730229707078528070308564062776730144
309 8 1 1 0 0.24400000000000000000000000000000000000 17.728698204241719575123158497055850579
309 128 0 0 0 0.012000000000000000000000000000000000000 13.733455751319945471306075483665276389
311 2 1 1 1 0.11200000000000000000000000000000000000 17.449196985210172262244150102188726432
311 4 1 1 0 0.33500000000000000000000000000000000000 17.272728356114356514698288505326127626
311 8 1 1 0 0.41800000000000000000000000000000000000 17.748337783176778553633965059964397798
311 10 1 1 0 0.31100000000000000000000000000000000000 18.145141446914451935756243806817411100
311 12 0 0 0 0.018000000000000000000000000000000000000 18.222930932363421460991651337199507402
311 14 1 1 1 0.031000000000000000000000000000000000000 16.635016273751809309443060244756927617
311 16 1 1 0 0.50500000000000000000000000000000000000 17.742252537153092681312157507179273025
311 18 1 1 0 0.42500000000000000000000000000000000000 17.916173871193264476518802549150982875
311 20 1 1 0 0.54900000000000000000000000000000000000 18.436618163162234237341621367967162141
311 24 0 2 0 0.49900000000000000000000000000000000000 18.209093788627908985641452174935148824
311 26 0 0 0 0.019000000000000000000000000000000000000 18.541637153020469907644873388866658691
311 32 0 0 0 0.0090000000000000000000000000000000000000 15.549962061629443995778782879569835188
311 34 1 1 0 0.29700000000000000000000000000000000000 18.642299565049493454154479542536738035
311 38 2 2 2 0.023000000000000000000000000000000000000 18.680893039153411005472065041772000434
311 44 1 1 0 0.31200000000000000000000000000000000000 18.727596244579896526554624716971097229
311 46 0 0 0 0.090000000000000000000000000000000000000 18.740570817349038514681804444212591196
311 52 1 1 0 0.34200000000000000000000000000000000000 17.731255569748151152997389127831200916
311 56 2 2 2 0.045000000000000000000000000000000000000 18.487747236483130125809535438256630871
311 58 1 1 1 0.18600000000000000000000000000000000000 16.628043548076901142554166471104228528
311 64 0 0 0 0.066000000000000000000000000000000000000 16.207348543916681045616942237065736381
311 74 1 1 0 0.41600000000000000000000000000000000000 18.814058058530536907473491166337175636
311 76 1 1 1 0.028000000000000000000000000000000000000 18.334976046232724301571105511117033989
311 80 1 1 1 0.033000000000000000000000000000000000000 18.203037013361923141704721677804699723
311 82 1 1 0 0.30700000000000000000000000000000000000 18.799981120947553197626634060340672449
311 88 2 2 2 0.020000000000000000000000000000000000000 18.476503323587984690287274421715038285
311 92 2 2 1 0.33100000000000000000000000000000000000 17.910799380719361853805692624958527507
311 94 1 1 0 0.41300000000000000000000000000000000000 17.311409249559144536042488971803399261
311 96 1 1 0 0.36300000000000000000000000000000000000 17.824837899371248218156088659964014570
311 104 1 1 1 0.026000000000000000000000000000000000000 17.024021645879655024081721468909053096
311 106 1 1 0 0.35100000000000000000000000000000000000 18.620314212259397510741146558545412595
311 108 1 1 1 0.020000000000000000000000000000000000000 17.635522309417128020334020051605027542
311 112 0 0 0 0.014000000000000000000000000000000000000 17.435789903280191008461284258577767284
311 116 0 0 0 0.075000000000000000000000000000000000000 18.413980704883849685070109332132894265
311 118 0 0 0 0.016000000000000000000000000000000000000 18.348462621028790193550285927048401688
311 122 0 0 0 0.012000000000000000000000000000000000000 17.209422819648111713989974060636489234
311 124 2 2 2 0.027000000000000000000000000000000000000 18.020441822519466292274020515275647924
311 134 1 1 0 0.30200000000000000000000000000000000000 18.086136169059363466200498504892502176
311 136 0 0 0 0.068000000000000000000000000000000000000 17.234249471761589516261402254786155185
311 142 2 2 2 0.020000000000000000000000000000000000000 15.789112801566150561958514614245787663
311 144 0 0 0 0.023000000000000000000000000000000000000 16.273123341575822664254408595434426206
311 146 1 1 0 0.31500000000000000000000000000000000000 18.641876915594926991774917505317163063
311 148 2 2 2 0.11500000000000000000000000000000000000 17.740648032572495941281764384170098751
311 158 0 0 0 0.023000000000000000000000000000000000000 18.423220859862412138092747157550015455
311 164 1 1 0 0.42000000000000000000000000000000000000 17.449250239102196886383647483524119085
311 166 0 0 0 0.076000000000000000000000000000000000000 18.543772472811176099521107996071190095
311 172 1 1 0 0.38800000000000000000000000000000000000 19.095467553789522423226400137032551626
311 178 1 1 0 0.41400000000000000000000000000000000000 19.159930230479563527527349929463964391
311 184 1 1 0 0.38000000000000000000000000000000000000 18.438053060211914617896359514180905206
311 188 0 0 0 0.013000000000000000000000000000000000000 18.019382405420732059235952270322963504
311 194 1 1 0 0.29400000000000000000000000000000000000 18.818025097367595325009699961247478170
311 196 0 0 0 0.022000000000000000000000000000000000000 17.349951540698535017355872262546133022
311 200 0 0 0 0.021000000000000000000000000000000000000 18.334927008379990828145271952242988829
311 206 1 1 1 0.072000000000000000000000000000000000000 19.369675622004934658893081626000584506
311 212 1 1 1 0.12000000000000000000000000000000000000 18.922613557663942047962195042220146495
311 214 1 1 0 0.33600000000000000000000000000000000000 18.709782896502613215661349282220791342
311 216 0 0 0 0.018000000000000000000000000000000000000 18.162007409187005237702148475066477918
311 218 0 0 0 0.069000000000000000000000000000000000000 18.063591903456249486985908105128606978
311 224 1 1 1 0.030000000000000000000000000000000000000 18.543446178550678638042764149958394331
311 226 1 1 0 0.31000000000000000000000000000000000000 19.452641125686793148186592319409095119
311 242 1 1 0 0.26000000000000000000000000000000000000 18.442094251670895459978610465244218908
311 244 0 0 0 0.016000000000000000000000000000000000000 19.484961985825453666362596962932375036
311 248 1 1 0 0.36100000000000000000000000000000000000 18.708019782550771401481630187275307244
311 250 2 2 2 0.025000000000000000000000000000000000000 18.087924102086534278290197909592676317
311 254 0 0 0 0.048000000000000000000000000000000000000 18.638205850969406688983685217404903566
311 256 0 0 0 0.014000000000000000000000000000000000000 16.243447495412352761913773899778877351
311 268 1 1 1 0.034000000000000000000000000000000000000 19.450065012553422561901165020129481720
311 272 0 0 0 0.017000000000000000000000000000000000000 18.829775445189591849541698851838089350
311 274 0 0 0 0.015000000000000000000000000000000000000 18.943736922713190580412478039272975702
311 278 2 2 2 0.071000000000000000000000000000000000000 19.394552348908045851991246840395052483
311 284 0 0 0 0.016000000000000000000000000000000000000 18.387297533176704929411911322923829038
311 292 1 1 0 0.40900000000000000000000000000000000000 18.755677785049744814735952832792558813
311 298 0 0 0 0.071000000000000000000000000000000000000 19.099727571482042898850822732822529078
311 304 0 2 0 0.44300000000000000000000000000000000000 18.259619905574981383437279300382541223
313 2 0 0 0 0.014000000000000000000000000000000000000 16.991564972032643371180752211500288191
313 6 1 1 1 0.022000000000000000000000000000000000000 17.944813479259659485220939451891342705
313 8 1 1 0 0.42800000000000000000000000000000000000 17.767851132582251272712279589048013017
313 10 2 2 2 0.028000000000000000000000000000000000000 18.164669332818733037320924953790140114
313 12 0 2 0 0.38500000000000000000000000000000000000 17.543506654476802366926904228905659127
313 14 1 1 0 0.28500000000000000000000000000000000000 18.307795703611784700609397901153263596
313 16 0 0 0 0.073000000000000000000000000000000000000 16.807601536514112005837527619029805430
313 22 1 1 1 0.017000000000000000000000000000000000000 18.494995069815934387734069097660832664
313 26 1 1 1 0.056000000000000000000000000000000000000 16.033775343201346037749259927587033358
313 28 1 1 1 0.086000000000000000000000000000000000000 18.590108196114416904480258800067293336
313 32 1 1 0 0.42500000000000000000000000000000000000 17.737199978802694702186444639651912278
313 34 0 0 0 0.013000000000000000000000000000000000000 18.185158282406036550500237296488140308
313 38 1 1 1 0.019000000000000000000000000000000000000 17.047793175901508261434581042114823009
313 40 1 1 0 0.29700000000000000000000000000000000000 18.416998707434741436903876221654850926
313 44 1 1 1 0.017000000000000000000000000000000000000 18.747945987572168326215060164896883259
313 46 1 3 1 0.52500000000000000000000000000000000000 18.761010802256782493355379084182618608
313 52 0 0 0 0.064000000000000000000000000000000000000 17.085827077801097558476386024163048961
313 56 2 2 2 0.064000000000000000000000000000000000000 16.669889260728142188437830659359914746
313 58 1 1 0 0.34400000000000000000000000000000000000 18.816485407022570371125040377229603472
313 62 0 0 0 0.064000000000000000000000000000000000000 16.584046059543275509487788274639996860
313 64 1 1 0 0.40400000000000000000000000000000000000 17.626870518720378934671523089513044131
313 68 0 0 0 0.071000000000000000000000000000000000000 17.990944311716882043446996657821632486
313 72 1 1 1 0.12800000000000000000000000000000000000 18.059238907390384722615336790586146642
313 74 1 1 1 0.074000000000000000000000000000000000000 17.514428755423269554912430221006553155
313 82 2 2 2 0.028000000000000000000000000000000000000 18.823701114249675877896176575199477481
313 86 0 0 0 0.074000000000000000000000000000000000000 18.810709494873169096713348879278370547
313 92 0 0 0 0.021000000000000000000000000000000000000 17.350357149694809973397151444245130057
313 94 0 2 0 0.40000000000000000000000000000000000000 18.769159873200585645823019892179365624
313 96 2 2 2 0.13900000000000000000000000000000000000 17.851855274780861966700845058037383011
313 98 1 1 1 0.052000000000000000000000000000000000000 17.893819295126092926985411576856725662
313 100 0 2 0 0.34500000000000000000000000000000000000 16.791463985777169109474614343299002684
313 104 0 0 0 0.081000000000000000000000000000000000000 18.376766192472720947175183320573129372
313 112 0 2 0 0.50300000000000000000000000000000000000 17.251181356902238056556109294906126366
313 116 1 1 1 0.073000000000000000000000000000000000000 18.457589657619600119049070889814023885
313 118 1 1 0 0.28500000000000000000000000000000000000 18.396945889486211892776786923444051871
313 122 1 1 0 0.28600000000000000000000000000000000000 17.384858993013421082855101308452775500
313 124 0 0 0 0.073000000000000000000000000000000000000 17.151614350978672321327177789304444984
313 128 2 2 2 0.021000000000000000000000000000000000000 14.758169842070299985290886724247620826
313 142 2 2 1 0.33200000000000000000000000000000000000 18.027430770143915894946517375688916899
313 148 1 1 0 0.27300000000000000000000000000000000000 18.692772575593863176289286715356365208
313 152 0 0 0 0.015000000000000000000000000000000000000 18.487316940943341360256817184589777617
313 158 2 2 2 0.26400000000000000000000000000000000000 18.905182818807620200279492066941327281
313 160 0 0 0 0.012000000000000000000000000000000000000 15.868545853673733403020963911498870153
313 164 0 2 0 0.33100000000000000000000000000000000000 18.523397274268157842753307202890600318
313 172 0 0 0 0.068000000000000000000000000000000000000 18.259807764123949330151878184788646906
313 176 1 1 1 0.019000000000000000000000000000000000000 18.547696988785713596269692569981191249
313 184 0 0 0 0.014000000000000000000000000000000000000 18.926995652940351586493258949976259116
313 194 1 1 0 0.31000000000000000000000000000000000000 18.194585962323374275675412117565995055
313 202 1 1 0 0.35300000000000000000000000000000000000 19.361560564198711438398398447834960864
313 208 1 1 0 0.39400000000000000000000000000000000000 18.793476360489020127112768865240981527
313 212 1 1 0 0.27200000000000000000000000000000000000 18.716646779384680559323320921490185844
313 214 0 0 0 0.014000000000000000000000000000000000000 18.947790898392268745194595399322767872
313 218 0 0 0 0.041000000000000000000000000000000000000 18.964921799453996120574281016913713212
313 226 0 0 0 0.072000000000000000000000000000000000000 18.625455275978906336038710735088035837
313 236 1 1 0 0.29600000000000000000000000000000000000 19.018242453174921481934500281431624718
313 242 1 1 0 0.24800000000000000000000000000000000000 18.462842703395437318310105310833153549
313 244 2 2 2 0.032000000000000000000000000000000000000 19.506132120396437086029571994929569492
313 248 1 1 1 0.031000000000000000000000000000000000000 19.207218097878001191877161728677734097
313 256 0 0 0 0.043000000000000000000000000000000000000 17.699027384359158282132533397854282446
313 262 2 4 2 0.69700000000000000000000000000000000000 18.796724304646152971813344155152413502
313 268 0 0 0 0.019000000000000000000000000000000000000 19.001657242484465871293756671342590209
313 272 1 1 0 0.40100000000000000000000000000000000000 18.383424133763655329917820117452664258
313 274 0 2 0 0.47200000000000000000000000000000000000 19.452811250100323824847689339142359672
313 278 0 0 0 0.084000000000000000000000000000000000000 19.429273566694820585637408703710165335
313 292 0 0 0 0.086000000000000000000000000000000000000 18.244290395988277963387117873668404752
313 296 0 0 0 0.024000000000000000000000000000000000000 18.914216473494805873220653867275431964
313 298 0 0 0 0.022000000000000000000000000000000000000 19.171394745014024381070571546444889618
313 302 1 1 0 0.39100000000000000000000000000000000000 19.057395176044577252401085465144327104
313 304 2 2 2 0.027000000000000000000000000000000000000 17.901260248694134639871408439215553930
314 1 0 2 0 0.34400000000000000000000000000000000000 16.700325451830714139943717499543095873
314 3 1 1 0 0.31100000000000000000000000000000000000 17.654321230572565562661130920910032324
314 5 2 2 1 0.51300000000000000000000000000000000000 17.875676218172722597035891070246387978
314 7 1 1 0 0.28300000000000000000000000000000000000 18.021062857883376398493581588061883030
314 9 1 1 1 0.025000000000000000000000000000000000000 17.652096135231634470642600945167602815
314 11 0 0 0 0.017000000000000000000000000000000000000 17.516157866117852704931705628370667399
314 13 1 1 0 0.35100000000000000000000000000000000000 18.286187553325842532888204957825496477
314 19 1 1 0 0.32000000000000000000000000000000000000 17.967875663875651595442873941817623027
314 23 0 0 0 0.013000000000000000000000000000000000000 18.522671106942501182146061737312170738
314 27 0 0 0 0.070000000000000000000000000000000000000 17.631693641184505281567711122450261685
314 29 1 1 0 0.42500000000000000000000000000000000000 16.923176939258908501166524909963840880
314 31 2 2 2 0.029000000000000000000000000000000000000 18.638458342346793789602315786248457737
314 41 0 0 0 0.071000000000000000000000000000000000000 18.736066750158924635132143184177964740
314 43 1 1 1 0.034000000000000000000000000000000000000 18.751054956666332271620988599283413858
314 49 1 1 0 0.32500000000000000000000000000000000000 16.902178819364902100391390126749976170
314 53 0 0 0 0.021000000000000000000000000000000000000 18.331090376699607352914612738758329736
314 59 2 2 2 0.027000000000000000000000000000000000000 18.830023179756366697340388282119710229
314 61 0 0 0 0.015000000000000000000000000000000000000 17.437453207754106719154711769352746744
314 67 2 2 2 0.025000000000000000000000000000000000000 18.845981453962144540859675696388619472
314 71 0 0 0 0.017000000000000000000000000000000000000 16.939972365996186556639435633811634232
314 79 1 1 0 0.34200000000000000000000000000000000000 18.842039562104442340529417473853037300
314 83 0 2 0 0.50800000000000000000000000000000000000 18.832741437726713097526907860326474932
314 89 1 1 1 0.10700000000000000000000000000000000000 17.634089199615997060732034015610206003
314 97 1 1 0 0.29000000000000000000000000000000000000 18.760703485257301614605042121962338341
314 101 0 0 0 0.015000000000000000000000000000000000000 17.363624820359580186469102043702237459
314 107 1 1 0 0.23700000000000000000000000000000000000 18.176866222768133020908093615324464475
314 109 0 2 0 0.35500000000000000000000000000000000000 18.146670606735607309593036511220596972
314 113 2 2 2 0.078000000000000000000000000000000000000 18.550029636146711374259039897689734059
314 121 2 2 2 0.022000000000000000000000000000000000000 17.266598958376598300947384748955731474
314 127 0 0 0 0.014000000000000000000000000000000000000 16.537006220790032317620975249665818491
314 131 1 1 0 0.18400000000000000000000000000000000000 16.513585648478249705927917106564890600
314 137 0 0 0 0.016000000000000000000000000000000000000 18.247541203947077554686980645854700973
314 139 0 0 0 0.067000000000000000000000000000000000000 17.664681546456309379407437097219236411
314 149 0 0 0 0.072000000000000000000000000000000000000 18.717462780677842216587776482917562902
314 151 2 2 1 0.37200000000000000000000000000000000000 18.766061978321777967421197926337508894
314 167 2 2 1 0.35200000000000000000000000000000000000 18.201095228539695923778380286312385899
314 169 0 0 0 0.075000000000000000000000000000000000000 17.958553805826594864583044962119838775
314 173 1 1 0 0.24600000000000000000000000000000000000 19.121239708736286047571954713560386367
314 179 0 0 0 0.019000000000000000000000000000000000000 18.231869459303740596128236179072096063
314 181 1 1 1 0.096000000000000000000000000000000000000 18.728713143614111983372863702531994298
314 191 1 1 0 0.31000000000000000000000000000000000000 19.292526925154042547888054535326502396
314 193 0 0 0 0.017000000000000000000000000000000000000 17.152413416373418386615613847585270495
314 197 0 0 0 0.085000000000000000000000000000000000000 18.859192465543675119968459318502846139
314 199 1 1 0 0.37400000000000000000000000000000000000 18.395457915216142056912552587251066837
314 211 1 1 0 0.29600000000000000000000000000000000000 18.719579529887548342483521261720687476
314 223 1 1 0 0.39900000000000000000000000000000000000 19.469362738937414880217966613674143585
314 229 0 0 0 0.12400000000000000000000000000000000000 18.643237393074342744545221539416891155
314 239 2 2 1 0.47600000000000000000000000000000000000 18.811332445234979075476390811278386951
314 241 0 0 0 0.092000000000000000000000000000000000000 19.513192857879683635631692529898458651
314 251 0 0 0 0.016000000000000000000000000000000000000 19.042377225057322608688844170388599869
314 257 1 1 0 0.22200000000000000000000000000000000000 19.516098901183534684878759586452041621
314 263 0 0 0 0.070000000000000000000000000000000000000 19.506422386432864878353633120172041782
314 269 1 1 0 0.27700000000000000000000000000000000000 17.322036895426967623198810315055217100
314 271 1 1 0 0.38900000000000000000000000000000000000 19.004636693804665296746013942035196085
314 281 2 2 2 0.026000000000000000000000000000000000000 19.425558565506236962966862243758890087
314 283 0 0 0 0.019000000000000000000000000000000000000 18.179330245148717500379259385509855685
314 293 2 2 1 0.40600000000000000000000000000000000000 19.295740538924581673615188669786743674
316 1 1 1 0 0.28900000000000000000000000000000000000 16.719627882729198614893061981510930227
316 7 0 0 0 0.015000000000000000000000000000000000000 18.040384010970662571561616304388879851
316 11 1 1 1 0.028000000000000000000000000000000000000 18.234477277890369934953924873240820901
316 13 0 0 0 0.019000000000000000000000000000000000000 18.305555912148249393830167819026540737
316 17 1 1 0 0.42900000000000000000000000000000000000 17.941244434447856927470754978541248647
316 19 1 1 0 0.35200000000000000000000000000000000000 17.510199511579341731478655545446398032
316 23 1 1 0 0.40800000000000000000000000000000000000 18.542184620944633701739380004283366235
316 25 1 1 1 0.017000000000000000000000000000000000000 17.876416803580660371650864697529732456
316 29 2 2 2 0.019000000000000000000000000000000000000 18.633016832277672412961512647576592375
316 31 2 2 1 0.43100000000000000000000000000000000000 18.658153436010931218243901774259645081
316 41 0 0 0 0.018000000000000000000000000000000000000 18.057114121563087974475092667375058231
316 43 1 1 0 0.35800000000000000000000000000000000000 18.771151366585440045904237706286298468
316 47 0 2 0 0.35500000000000000000000000000000000000 16.911070203367861010630747049202708111
316 49 0 0 0 0.074000000000000000000000000000000000000 17.963938801069148323309290379248400050
316 61 2 2 2 0.030000000000000000000000000000000000000 18.856488419526288699763319439731651243
316 67 0 0 0 0.071000000000000000000000000000000000000 18.867562938822182407250125478153309174
316 71 1 1 0 0.31600000000000000000000000000000000000 17.548203806818071163586912193078037807
316 83 1 1 0 0.38600000000000000000000000000000000000 18.856270059434984220387803453689782316
316 97 2 2 1 0.36100000000000000000000000000000000000 18.787488805663619329262588492846127814
316 101 1 1 0 0.22300000000000000000000000000000000000 17.908533228468701254402448198710261132
316 107 0 0 0 0.059000000000000000000000000000000000000 18.208325392905659399338927477458282070
316 109 1 1 1 0.075000000000000000000000000000000000000 17.480609791473242927948275270867130408
316 113 0 0 0 0.073000000000000000000000000000000000000 18.586823057708445348366431503290613554
316 121 1 1 1 0.023000000000000000000000000000000000000 17.320901401886779687402093554549110955
316 131 1 1 0 0.22700000000000000000000000000000000000 16.438943251417283705174739352585512430
316 137 1 1 0 0.26800000000000000000000000000000000000 18.208912578571172185792892548056065579
316 139 0 0 0 0.064000000000000000000000000000000000000 18.338050366522707365375154274537829508
316 149 1 1 0 0.26800000000000000000000000000000000000 17.869822017762421572732098077354131722
316 151 1 1 1 0.021000000000000000000000000000000000000 18.765465843095926623926818620671072815
316 157 1 1 0 0.37300000000000000000000000000000000000 18.892957433068999806773347708779196837
316 163 0 0 0 0.015000000000000000000000000000000000000 18.518190384262265999575059942511198595
316 167 1 1 0 0.27800000000000000000000000000000000000 19.053774118528093130787986787585065471
316 169 0 0 0 0.081000000000000000000000000000000000000 17.121620068817767199523580325819328981
316 173 0 0 0 0.019000000000000000000000000000000000000 19.130434161639650927098181028976624795
316 179 1 1 0 0.39100000000000000000000000000000000000 18.719479231967249787330873963114788459
316 181 2 2 2 0.028000000000000000000000000000000000000 18.262462426138566032774103441017326312
316 193 0 0 0 0.076000000000000000000000000000000000000 18.475490683770946349559486542842106681
316 197 1 1 0 0.30400000000000000000000000000000000000 18.395487965935571964485437952572586888
316 199 0 2 0 0.44500000000000000000000000000000000000 17.196080050672737640895515682354220195
316 211 0 2 0 0.38400000000000000000000000000000000000 19.433870682372890958382463640183880064
316 223 1 1 1 0.018000000000000000000000000000000000000 18.641241109520056494266121519722011917
316 227 1 1 0 0.19800000000000000000000000000000000000 19.500050456442649006962341356858170646
316 229 1 1 0 0.32700000000000000000000000000000000000 19.506203752758034615128652518904461056
316 239 0 0 0 0.019000000000000000000000000000000000000 19.529834956109282992307564401667574193
316 243 1 1 0 0.27200000000000000000000000000000000000 16.782262979433142741269224309018625926
316 251 1 1 1 0.019000000000000000000000000000000000000 18.110146612588497129445612239967187591
316 269 1 1 1 0.097000000000000000000000000000000000000 19.039970015430538553423044114068848307
316 281 1 1 1 0.088000000000000000000000000000000000000 19.460198531927833587321500089726597295
316 283 1 1 0 0.35500000000000000000000000000000000000 19.446053973893090553518622037265324967
316 293 0 0 0 0.082000000000000000000000000000000000000 19.344547218629572158487697132059537325
316 311 0 0 0 0.014000000000000000000000000000000000000 18.774499456418430614784426397652452021
316 313 2 2 1 0.50000000000000000000000000000000000000 18.562456635585988356116050948885072876
317 2 1 1 1 0.025000000000000000000000000000000000000 17.030172558048047251449821825591292953
317 8 3 3 3 0.031000000000000000000000000000000000000 16.262437525174957570783533834155611994
317 10 0 2 0 0.46900000000000000000000000000000000000 18.203352017167722674108172112327063552
317 12 1 1 0 0.35500000000000000000000000000000000000 18.281194008280948253958614372921705222
317 14 1 1 0 0.24300000000000000000000000000000000000 18.346554221744808818671448997698970181
317 16 0 0 0 0.018000000000000000000000000000000000000 17.323529084430566505345403490379726132
317 18 1 1 0 0.34100000000000000000000000000000000000 17.974654234396493971993910610161046612
317 22 0 0 0 0.068000000000000000000000000000000000000 18.533985626977509031121112529536165292
317 24 2 2 2 0.13400000000000000000000000000000000000 18.267885272111340073377674514681948037
317 28 1 1 0 0.37800000000000000000000000000000000000 17.398899074699270211065766207325259353
317 32 1 1 1 0.16900000000000000000000000000000000000 17.776644989229187759071962211124203896
317 34 0 0 0 0.013000000000000000000000000000000000000 17.747597198845588041740409518534937057
317 38 1 1 1 0.23700000000000000000000000000000000000 16.573505673576782155975542372631115876
317 40 0 0 0 0.085000000000000000000000000000000000000 18.456958809031749096004406756499754487
317 44 1 1 1 0.12900000000000000000000000000000000000 17.509468784122901034692371548426347210
317 52 1 3 1 0.64500000000000000000000000000000000000 18.357324183890255165028270231294839029
317 58 0 2 0 0.37000000000000000000000000000000000000 17.460317992570745638562166877852554889
317 62 0 0 0 0.017000000000000000000000000000000000000 17.507696271749819125732118268175422746
317 64 1 1 0 0.23600000000000000000000000000000000000 17.669523530481050540908431669224692079
317 68 2 2 2 0.023000000000000000000000000000000000000 18.879388350975081145942374273111002473
317 76 1 1 0 0.34800000000000000000000000000000000000 17.649550360441359457772049791679804191
317 82 2 2 2 0.13800000000000000000000000000000000000 18.870438629544497990615236806622692190
317 86 0 0 0 0.067000000000000000000000000000000000000 18.858819497620886788898421409740556477
317 92 0 0 0 0.020000000000000000000000000000000000000 17.656334996902740351398480029346167383
317 96 0 0 0 0.017000000000000000000000000000000000000 17.904789824667906222271070199698501893
317 98 0 0 0 0.014000000000000000000000000000000000000 17.948072361210101264041495109602041707
317 100 1 1 1 0.096000000000000000000000000000000000000 18.077655601766020913519850384398937542
317 104 0 0 0 0.066000000000000000000000000000000000000 18.436154851043321105483111287680684721
317 106 0 0 0 0.011000000000000000000000000000000000000 17.391522555787668832563253991063816924
317 108 0 0 0 0.012000000000000000000000000000000000000 17.034124596776417357002466489874735594
317 112 0 0 0 0.070000000000000000000000000000000000000 18.021503667650963725931144829765226493
317 116 0 0 0 0.053000000000000000000000000000000000000 18.539834304118266766806890112703668436
317 118 1 1 0 0.34300000000000000000000000000000000000 18.487243981043470798587899573522638841
317 122 1 1 0 0.28200000000000000000000000000000000000 18.347772873759244609840943439744251957
317 128 0 0 0 0.058000000000000000000000000000000000000 15.461091875070241797996934777756190480
317 134 0 0 0 0.013000000000000000000000000000000000000 17.852101400269144883920392128780976257
317 136 0 0 0 0.057000000000000000000000000000000000000 16.953529824913324617391050565961161430
317 142 1 1 0 0.16500000000000000000000000000000000000 16.822211648876133610677530074099990258
317 146 1 1 0 0.26800000000000000000000000000000000000 18.147514851195120860568817864790894626
317 148 1 1 1 0.10400000000000000000000000000000000000 17.571451771683036356107583798523374252
317 152 0 0 0 0.014000000000000000000000000000000000000 18.487796805308415350394868621685176134
317 158 1 1 1 0.076000000000000000000000000000000000000 17.369237454232949079149215891493051690
317 164 1 1 1 0.017000000000000000000000000000000000000 18.536586169625037183171317782479169244
317 166 1 1 1 0.017000000000000000000000000000000000000 19.043263474298442280163973312074336960
317 172 0 2 0 0.42800000000000000000000000000000000000 19.122808513919404823827930582725668393
317 176 1 1 1 0.083000000000000000000000000000000000000 18.567442065984577142723992055889026284
317 178 0 0 0 0.015000000000000000000000000000000000000 18.714116485389228473998207470523487319
317 184 1 1 0 0.40800000000000000000000000000000000000 18.949812596369718389199800090927095981
317 188 1 1 1 0.10500000000000000000000000000000000000 18.441354271958005295462085055687616984
317 194 1 1 0 0.34800000000000000000000000000000000000 19.334502324081006656113022896398870849
317 196 0 0 0 0.077000000000000000000000000000000000000 16.508481477961145171314850678410001398
317 200 0 0 0 0.021000000000000000000000000000000000000 17.899712260468070001069260217183428226
317 202 0 0 0 0.076000000000000000000000000000000000000 19.389780868899764011336538581324860116
317 208 1 1 1 0.026000000000000000000000000000000000000 18.124345404554433366045812206277416998
317 212 1 1 0 0.42200000000000000000000000000000000000 16.472017856670241435478261230360247092
317 214 1 1 1 0.11100000000000000000000000000000000000 18.979243620638428410093278305971105383
317 218 0 0 0 0.015000000000000000000000000000000000000 18.997468228623414563135537994037759269
317 226 0 0 0 0.071000000000000000000000000000000000000 19.505385325406565628974507545010819878
317 232 2 2 2 0.028000000000000000000000000000000000000 18.745438898098168675535224063898510583
317 242 0 0 0 0.018000000000000000000000000000000000000 17.804061651590683439080880627304784372
317 244 1 1 0 0.32500000000000000000000000000000000000 19.547107125440639879074928637719196558
317 248 0 2 0 0.55100000000000000000000000000000000000 19.249875252915712583331425687106831225
317 254 1 1 0 0.35000000000000000000000000000000000000 19.075333295013108639717536383127096118
317 256 0 2 0 0.41900000000000000000000000000000000000 16.900510458208109120726584364940039649
317 262 1 1 0 0.46100000000000000000000000000000000000 19.545890245937322639566453809574501354
317 268 1 1 1 0.020000000000000000000000000000000000000 18.211204889709013858124931573286515623
317 272 2 2 2 0.11700000000000000000000000000000000000 18.441678494687197500559805340344331403
317 274 0 0 0 0.020000000000000000000000000000000000000 19.513120215011639924052869995289478181
317 278 0 0 0 0.075000000000000000000000000000000000000 19.494329738882069139492337601036640129
317 292 0 0 0 0.017000000000000000000000000000000000000 18.680996312060540840228103890161190380
317 296 2 2 2 0.021000000000000000000000000000000000000 19.024684331905031816519686628047135922
317 298 0 0 0 0.017000000000000000000000000000000000000 19.292820872351948399685394225022259785
317 304 2 2 2 0.023000000000000000000000000000000000000 17.602798362053070845313180939857905675
319 4 0 0 0 0.015000000000000000000000000000000000000 17.349965341970269339919402321520129425
319 16 1 1 1 0.016000000000000000000000000000000000000 17.819868335947519073093964164702304840
319 32 2 2 2 0.021000000000000000000000000000000000000 16.841930461942131711807610356681017071
319 64 0 0 0 0.077000000000000000000000000000000000000 17.690600580741305394586205507963655222
319 256 0 0 0 0.078000000000000000000000000000000000000 16.591951876273641668326059882539912164
320 1 1 1 1 0.14000000000000000000000000000000000000 16.030870181095253057429438389759748221
320 19 1 1 1 0.020000000000000000000000000000000000000 16.068391406119131420711328465124807901
320 37 1 1 0 0.29200000000000000000000000000000000000 17.557027070016454632637777779566634579
320 41 0 0 0 0.017000000000000000000000000000000000000 14.990619696139214363014256541806117449
320 47 0 0 0 0.14700000000000000000000000000000000000 17.633560477703948911822087902205228361
320 61 0 0 0 0.024000000000000000000000000000000000000 17.694078788115982303816259951697805635
320 67 0 0 0 0.017000000000000000000000000000000000000 17.228967332492087612507157337935697004
320 71 1 1 1 0.10700000000000000000000000000000000000 17.709685938388352027348104088167082228
320 73 1 1 1 0.022000000000000000000000000000000000000 17.710152168110101662625673563822247567
320 79 2 2 2 0.022000000000000000000000000000000000000 17.706058706403755561333545601347687368
320 83 2 2 2 0.021000000000000000000000000000000000000 17.698514545952039564113219791648766987
320 89 0 0 0 0.015000000000000000000000000000000000000 17.679214282264607342665396207695855782
320 103 0 0 0 0.011000000000000000000000000000000000000 17.109191272655919129884362727444097349
320 107 1 1 0 0.29700000000000000000000000000000000000 17.542386426019199748030540209740108789
320 109 0 0 0 0.015000000000000000000000000000000000000 16.671151258462103607859795808314749040
320 131 0 0 0 0.066000000000000000000000000000000000000 15.467574517334916424762934670257402753
320 149 1 1 1 0.018000000000000000000000000000000000000 17.025384912943545479821189200945392327
320 157 2 2 2 0.022000000000000000000000000000000000000 17.217047953571499441658679530036354283
320 163 1 1 1 0.033000000000000000000000000000000000000 17.802348269975157239809282714273142122
320 173 0 2 0 0.58800000000000000000000000000000000000 17.098636535757197905411065975270720228
320 181 0 0 0 0.016000000000000000000000000000000000000 18.033477222513239465286829920034729153
320 191 0 0 0 0.015000000000000000000000000000000000000 18.125239331219154030930666415033506810
320 197 1 1 1 0.024000000000000000000000000000000000000 18.171666389414646939608858542524987052
320 229 1 1 0 0.30000000000000000000000000000000000000 17.859714132117779609638263162019112358
320 233 0 2 0 0.51300000000000000000000000000000000000 18.348935553200649032216171345742092876
320 241 1 1 1 0.022000000000000000000000000000000000000 18.367577242752836799633459653441496673
320 263 2 2 2 0.022000000000000000000000000000000000000 18.376504102995676544443854304982557638
320 269 2 2 2 0.031000000000000000000000000000000000000 18.365875008927007442070882193661620117
320 277 2 2 1 0.52500000000000000000000000000000000000 18.340038734514879387361348200783388613
320 289 0 0 0 0.013000000000000000000000000000000000000 17.036035139061983996059654561580114453
320 307 3 3 3 0.029000000000000000000000000000000000000 17.984237895569014826540202520001332732
321 2 0 0 0 0.079000000000000000000000000000000000000 16.700319161705538205057509115088457936
321 8 0 0 0 0.065000000000000000000000000000000000000 17.844674065035890115169017528777261586
321 64 2 2 2 0.025000000000000000000000000000000000000 17.711515184804440752068105452246308040
322 1 0 0 0 0.016000000000000000000000000000000000000 17.253931785051429061711517165797914135
323 2 2 2 2 0.024000000000000000000000000000000000000 16.865331084093292103728302611776972425
323 4 0 0 0 0.020000000000000000000000000000000000000 17.864981246266169952162148343723238099
323 8 1 1 0 0.40400000000000000000000000000000000000 17.386458623117178971286425698629345935
323 16 0 0 0 0.019000000000000000000000000000000000000 17.012843791353944335270316606903635996
323 32 2 2 2 0.031000000000000000000000000000000000000 17.834848503255751412121936696077974949
323 64 1 1 1 0.025000000000000000000000000000000000000 17.255148877401100051781976440046962077
323 128 0 0 0 0.029000000000000000000000000000000000000 16.707244674686629635992217102332405548
323 256 1 1 0 0.35000000000000000000000000000000000000 17.811351070258450282522559090770670234
324 1 1 1 1 0.016000000000000000000000000000000000000 15.142422347012807314816026879580556521
324 5 2 2 2 0.024000000000000000000000000000000000000 16.539666894905253195870688864224255481
324 17 3 3 3 0.026000000000000000000000000000000000000 17.063442702550366124819231155246147969
324 31 0 0 0 0.017000000000000000000000000000000000000 17.304292897039097911414343912866768455
324 47 1 1 0 0.26900000000000000000000000000000000000 17.445886363649318973882281612581398939
324 61 0 0 0 0.035000000000000000000000000000000000000 17.507922949200615764718491520481816173
324 71 1 1 1 0.11600000000000000000000000000000000000 17.525116746085976948922414149071022462
324 79 1 1 1 0.019000000000000000000000000000000000000 16.678117865700350709536586273819330345
324 83 2 2 2 0.022000000000000000000000000000000000000 17.516748782831790626647988334572058149
324 89 0 2 0 0.41500000000000000000000000000000000000 17.499434071488998026401142071238926603
324 103 0 0 0 0.012000000000000000000000000000000000000 17.414204660501560269459745000954593477
324 109 1 1 0 0.28500000000000000000000000000000000000 17.350092165941469435135541784810465816
324 121 0 0 0 0.012000000000000000000000000000000000000 16.079156969640720601004100111022867428
324 127 1 1 1 0.015000000000000000000000000000000000000 16.880264479366240226405808026790065261
324 131 1 1 0 0.21300000000000000000000000000000000000 16.542713855840631873692250145458540499
324 149 2 2 2 0.019000000000000000000000000000000000000 16.563067045429334386278230791208947325
324 157 1 1 0 0.28500000000000000000000000000000000000 17.469730527156369358162802852229699654
324 169 1 1 1 0.019000000000000000000000000000000000000 16.564404311943490301875943259927124262
324 181 0 0 0 0.017000000000000000000000000000000000000 17.825989795566985320712556163252261643
324 191 0 0 0 0.013000000000000000000000000000000000000 17.921252239246994023988979568421124928
324 227 0 0 0 0.012000000000000000000000000000000000000 18.135811092392688137308429695734687272
324 229 1 1 1 0.049000000000000000000000000000000000000 18.143097602166196958616822389591553734
324 233 1 1 0 0.30700000000000000000000000000000000000 18.156335153645863982962375563697608197
324 239 0 2 0 0.48700000000000000000000000000000000000 18.172840837796646297251639335961822077
324 251 1 1 0 0.31200000000000000000000000000000000000 17.494410229630902455211685879760846175
324 271 0 0 0 0.019000000000000000000000000000000000000 18.184766237805145693105430862740644738
324 313 1 1 0 0.29000000000000000000000000000000000000 16.887849708485376303757514795356536931
324 317 0 2 0 0.49700000000000000000000000000000000000 17.556227850651377128624458491293727281
325 2 1 1 0 0.29900000000000000000000000000000000000 16.039000345016170015888339317096381011
325 4 0 0 0 0.065000000000000000000000000000000000000 17.184782837348743987210361765231351125
325 16 1 1 1 0.016000000000000000000000000000000000000 17.177830357657864305104713117320256766
325 32 0 0 0 0.019000000000000000000000000000000000000 17.155029389638480699901118721639727556
325 256 1 1 0 0.31200000000000000000000000000000000000 17.133306669927373823894775873116791773
326 1 1 1 1 0.024000000000000000000000000000000000000 16.592494594460205207948803252737195168
326 3 1 1 1 0.094000000000000000000000000000000000000 17.768356956926697853646934628295707648
326 5 0 0 0 0.066000000000000000000000000000000000000 17.989747654647300839796024295971897332
326 7 0 0 0 0.015000000000000000000000000000000000000 17.658066709859072550366681051897247261
326 11 1 1 1 0.021000000000000000000000000000000000000 16.360931800289838212699444703403365496
326 13 0 0 0 0.068000000000000000000000000000000000000 18.400582918834455399183740288457961509
326 19 0 0 0 0.017000000000000000000000000000000000000 18.559831437789797363492621212430296960
326 23 1 1 1 0.019000000000000000000000000000000000000 18.637896877381008185487145113188756795
326 25 0 0 0 0.014000000000000000000000000000000000000 17.018073494658861327582844755114513890
326 29 1 1 0 0.32700000000000000000000000000000000000 17.775100882974841778262753515734827645
326 31 0 0 0 0.088000000000000000000000000000000000000 18.754721549812503966722351562876812583
326 41 1 1 1 0.020000000000000000000000000000000000000 18.854167541578780906321091198404463816
326 47 1 1 1 0.041000000000000000000000000000000000000 18.419712428173623355528836813355318444
326 53 0 0 0 0.014000000000000000000000000000000000000 18.929505346009598770984462146740180901
326 59 2 2 1 0.41900000000000000000000000000000000000 18.953433329841444682843213310432469904
326 61 0 0 0 0.066000000000000000000000000000000000000 18.482482382976527534243325057063949287
326 67 0 0 0 0.012000000000000000000000000000000000000 18.972929702499302679212319134113677496
326 71 0 0 0 0.017000000000000000000000000000000000000 18.977560520429603413125615448840970744
326 73 0 0 0 0.066000000000000000000000000000000000000 18.978598636303085120306583258062745858
326 79 0 0 0 0.074000000000000000000000000000000000000 17.545122231974405325708735313026563554
326 81 0 0 0 0.070000000000000000000000000000000000000 16.697518662915438224096765348001908881
326 89 0 0 0 0.061000000000000000000000000000000000000 18.109061469233751868961237955454282373
326 97 0 0 0 0.060000000000000000000000000000000000000 18.439071564256095075580001436363917073
326 101 2 2 2 0.024000000000000000000000000000000000000 17.712684953251063495430776663254791500
326 103 0 0 0 0.014000000000000000000000000000000000000 18.872515186761760700241326452281265847
326 107 1 1 0 0.18900000000000000000000000000000000000 17.988844491245470196390293835492376797
326 109 0 0 0 0.12700000000000000000000000000000000000 18.811122876741309273555387758370157484
326 113 0 2 0 0.35200000000000000000000000000000000000 18.756646900225365736218264544976264892
326 121 1 1 1 0.10800000000000000000000000000000000000 17.552706508646542617870576685839191941
326 125 2 2 2 0.026000000000000000000000000000000000000 17.065908313190407301730050145876681006
326 131 1 1 1 0.11000000000000000000000000000000000000 16.728098211048019447879773153686601053
326 137 1 1 1 0.096000000000000000000000000000000000000 16.843621787541492439988173728337550445
326 139 1 1 0 0.30700000000000000000000000000000000000 18.108919280901839848783283849093584106
326 149 0 2 0 0.41100000000000000000000000000000000000 17.985659321168357344432613148848267999
326 151 1 1 0 0.27000000000000000000000000000000000000 17.571951708159742509932046580524124032
326 157 1 1 0 0.39300000000000000000000000000000000000 17.787520247367594342493699110965224879
326 167 0 0 0 0.018000000000000000000000000000000000000 19.085875768468726320903486808794850208
326 169 0 0 0 0.018000000000000000000000000000000000000 17.524970679831473134300505625204162700
326 179 1 3 1 0.68200000000000000000000000000000000000 18.399567987577693396515377844290206404
326 181 1 1 1 0.14000000000000000000000000000000000000 18.152859526357502962021712605727511782
326 191 0 0 0 0.031000000000000000000000000000000000000 18.409616911047196481731103861639009190
326 193 0 0 0 0.16900000000000000000000000000000000000 19.380910441169818185906434339767222649
326 199 1 1 0 0.37800000000000000000000000000000000000 18.729069528884731430690071217814609225
326 211 0 0 0 0.049000000000000000000000000000000000000 19.506474911998742379236457831852061879
326 223 0 0 0 0.12000000000000000000000000000000000000 19.089662129760339928051390493369348502
326 227 2 2 2 0.14100000000000000000000000000000000000 19.106096978128718093129257498746671545
326 229 1 1 0 0.41200000000000000000000000000000000000 19.590770235319290549070158618822610966
326 233 1 1 0 0.48500000000000000000000000000000000000 19.604553438819372727025786672848768399
326 239 1 1 0 0.32400000000000000000000000000000000000 17.931729479729274705787396872943317999
326 241 1 1 0 0.22600000000000000000000000000000000000 18.195464340348542271850714305345606003
326 257 2 2 2 0.022000000000000000000000000000000000000 18.418770798866714147076312980190009336
326 263 1 1 1 0.080000000000000000000000000000000000000 19.172055937009580303036514740049966342
326 269 1 1 0 0.33400000000000000000000000000000000000 19.643780722099561742559515007624912752
326 271 0 0 0 0.015000000000000000000000000000000000000 19.640664909988009145426135749037591094
326 277 2 2 2 0.16100000000000000000000000000000000000 18.304633787167956441256084592046332583
326 283 1 1 0 0.23700000000000000000000000000000000000 19.605290976087999765960555914213921230
326 289 1 1 0 0.34000000000000000000000000000000000000 18.343624057167231092234193616022598716
326 293 1 1 1 0.020000000000000000000000000000000000000 19.546496140278846305246203440529755927
326 307 0 0 0 0.076000000000000000000000000000000000000 19.380684464932742408138732248141616136
326 311 0 2 0 0.55000000000000000000000000000000000000 18.453131203107582713274148624642828085
327 2 0 0 0 0.016000000000000000000000000000000000000 16.902750531034193087008758053467902034
327 4 0 0 0 0.012000000000000000000000000000000000000 17.902409203564211222363856528152404972
327 8 1 1 0 0.46500000000000000000000000000000000000 17.901041973607115169828586086865512708
327 16 1 1 1 0.15700000000000000000000000000000000000 16.205345975066063229738521665929980926
327 128 0 0 0 0.012000000000000000000000000000000000000 16.848243875083602638633686971762464963
327 256 0 0 0 0.017000000000000000000000000000000000000 17.852747886123405197410054454290672206
328 1 1 1 1 0.018000000000000000000000000000000000000 17.009028656436772722443275264349036998
328 5 2 2 2 0.024000000000000000000000000000000000000 17.230198814499728506332615259954456123
328 7 0 2 0 0.51100000000000000000000000000000000000 17.852768754892001216588696749239292952
328 9 1 1 1 0.015000000000000000000000000000000000000 17.483884986437632943160929385445195630
328 11 0 2 0 0.49900000000000000000000000000000000000 18.047020779963343008206160426693219453
328 13 1 1 1 0.019000000000000000000000000000000000000 15.789826269103441832749878550106205782
328 17 0 0 0 0.014000000000000000000000000000000000000 18.231283992863974690341077540662513730
328 23 1 1 1 0.091000000000000000000000000000000000000 17.401406737292704211124328689737345686
328 27 1 1 1 0.021000000000000000000000000000000000000 17.465220206680488956612443354787676223
328 29 0 0 0 0.016000000000000000000000000000000000000 18.447211628317673193981147965605916722
328 31 1 1 1 0.095000000000000000000000000000000000000 16.673294757508332568417847032685040480
328 37 2 2 2 0.034000000000000000000000000000000000000 17.692182496129336735018219201409769618
328 43 0 0 0 0.014000000000000000000000000000000000000 18.587874078194600177160979492609216219
328 49 1 1 1 0.017000000000000000000000000000000000000 17.305046942369894984866332720091919654
328 53 3 3 3 0.027000000000000000000000000000000000000 17.949226909977250485921989673411777559
328 59 0 0 0 0.014000000000000000000000000000000000000 18.195328457876183344596606181820904007
328 61 1 1 0 0.30800000000000000000000000000000000000 17.833644416498315687394698505279495572
328 67 1 1 0 0.32900000000000000000000000000000000000 17.370266482054896835651235840533241193
328 71 0 2 0 0.35100000000000000000000000000000000000 18.697443230774995670438861060088817556
328 73 2 2 2 0.026000000000000000000000000000000000000 18.698661723854534295289092517561146687
328 79 0 0 0 0.014000000000000000000000000000000000000 18.697171771983405030629191068361851364
328 81 0 2 0 0.38500000000000000000000000000000000000 17.263541883280341009607014959111150631
328 83 0 0 0 0.017000000000000000000000000000000000000 17.846617561835855858171283837071205451
328 89 0 0 0 0.062000000000000000000000000000000000000 18.676253239350890830764567488551990806
328 97 1 1 1 0.083000000000000000000000000000000000000 17.940973850729929385374568102164605505
328 101 1 1 0 0.33600000000000000000000000000000000000 18.613642458079546697471265196638139537
328 107 0 0 0 0.068000000000000000000000000000000000000 18.561062110688400007310411237377636094
328 109 0 0 0 0.017000000000000000000000000000000000000 18.539217776599191549998411466628193108
328 113 1 1 1 0.027000000000000000000000000000000000000 17.164987766851916787843540527184345063
328 125 2 2 2 0.026000000000000000000000000000000000000 16.815040731483650622056044170176997648
328 127 0 0 0 0.013000000000000000000000000000000000000 18.132068893535410184488648763395616707
328 131 1 1 0 0.27100000000000000000000000000000000000 16.931475247434128711524893628661872269
328 137 2 2 2 0.020000000000000000000000000000000000000 17.275188684450948215011896544457054585
328 139 0 2 0 0.42600000000000000000000000000000000000 16.767832587093961878431500583536258403
328 149 0 0 0 0.012000000000000000000000000000000000000 17.896056263342019651987358820729628728
328 151 0 0 0 0.013000000000000000000000000000000000000 18.440052494233122758609819446564052761
328 157 1 1 1 0.085000000000000000000000000000000000000 18.122938535421968872084008344464657513
328 163 0 0 0 0.017000000000000000000000000000000000000 18.722110743072141943457360455348006025
328 167 0 0 0 0.017000000000000000000000000000000000000 18.312915315565616587968556994533613425
328 169 0 0 0 0.067000000000000000000000000000000000000 17.706992649683933678862418090442352514
328 173 0 0 0 0.080000000000000000000000000000000000000 18.877670947116792318763515282475418842
328 197 0 0 0 0.11900000000000000000000000000000000000 18.424867809902428497852708703675534869
328 199 0 0 0 0.014000000000000000000000000000000000000 19.139190516231890383620646214728959387
328 211 0 0 0 0.012000000000000000000000000000000000000 17.896981973933143398659949408524034788
328 223 1 1 0 0.43200000000000000000000000000000000000 19.281008464310851062886965005963358603
328 227 0 0 0 0.015000000000000000000000000000000000000 18.452854619559773313394189221536520582
328 229 1 1 1 0.023000000000000000000000000000000000000 17.598193948085720675497583027951473877
328 233 0 0 0 0.016000000000000000000000000000000000000 17.629883103867208821955943706690195555
328 241 2 2 2 0.033000000000000000000000000000000000000 17.852127808484075781320261538146946762
328 251 1 1 0 0.47500000000000000000000000000000000000 19.362744860064990934851970789536705274
328 257 1 1 0 0.29700000000000000000000000000000000000 18.046422352685468523670134188365576476
328 263 1 1 1 0.019000000000000000000000000000000000000 17.679710353997692608654403719067770297
328 269 1 1 0 0.47900000000000000000000000000000000000 19.366047447102682258722249625252236573
328 271 1 1 0 0.26200000000000000000000000000000000000 18.133060027383660869826043322711781748
328 277 0 0 0 0.069000000000000000000000000000000000000 18.310287797259620933377845200732567501
328 281 1 1 0 0.46300000000000000000000000000000000000 19.339856193652821961438770239814840033
328 283 1 1 1 0.14700000000000000000000000000000000000 18.855481265860844757299818747478925570
328 289 1 1 0 0.28200000000000000000000000000000000000 18.074162445186533469734417173677656167
328 293 1 1 1 0.032000000000000000000000000000000000000 18.325552293174953058929239985533950727
328 307 1 1 0 0.44400000000000000000000000000000000000 17.901672486722873484876723406293309108
328 311 1 1 1 0.022000000000000000000000000000000000000 18.583498198322417872443366381085901244
328 317 0 0 0 0.097000000000000000000000000000000000000 18.901245874511659570040436471599001956
329 4 0 0 0 0.020000000000000000000000000000000000000 16.744860479412815662077732859258626448
329 16 0 0 0 0.022000000000000000000000000000000000000 17.914168356534894651841143314256289940
329 32 1 1 0 0.36300000000000000000000000000000000000 15.658939417234477020700488154862150626
329 64 1 1 1 0.019000000000000000000000000000000000000 17.793603763670318603231366419952352533
329 256 1 1 1 0.018000000000000000000000000000000000000 17.395664438847238747282563264204452569
331 2 0 0 0 0.065000000000000000000000000000000000000 17.161563700938622294693830274422426618
331 4 1 1 0 0.26700000000000000000000000000000000000 17.939381827356997969575995883399794650
331 8 1 1 1 0.018000000000000000000000000000000000000 16.576319666676814097719159565125882140
331 10 0 0 0 0.014000000000000000000000000000000000000 17.489886801207718597312688572848308887
331 12 1 1 1 0.016000000000000000000000000000000000000 16.722742268852604435460685306805118747
331 14 0 0 0 0.013000000000000000000000000000000000000 18.478430965558011617979129199335279128
331 16 0 0 0 0.016000000000000000000000000000000000000 17.455559430656334662905875272273054294
331 22 0 0 0 0.020000000000000000000000000000000000000 18.666607921311000248638563339390027809
331 26 0 2 0 0.40300000000000000000000000000000000000 18.733685599721669446832187174358266596
331 28 0 0 0 0.018000000000000000000000000000000000000 18.762769757772440172971561675725399941
331 32 1 1 1 0.022000000000000000000000000000000000000 16.869331230296829813852804638760555807
331 34 1 1 1 0.088000000000000000000000000000000000000 17.036946450855586993483252636777917359
331 40 0 2 0 0.44100000000000000000000000000000000000 18.592682976928484108688087808650656898
331 44 0 0 0 0.016000000000000000000000000000000000000 17.527013751959379022010241040996186257
331 46 1 1 1 0.26200000000000000000000000000000000000 18.938748100111135307620289760171285122
331 54 2 2 2 0.021000000000000000000000000000000000000 18.029006245539849382133126816587388943
331 56 1 1 1 0.017000000000000000000000000000000000000 17.514816502970403898194348392741284669
331 58 1 1 0 0.25100000000000000000000000000000000000 18.999721607896338542614446580418837005
331 62 1 1 0 0.35100000000000000000000000000000000000 19.012668187400757270906137523173806095
331 64 0 0 0 0.015000000000000000000000000000000000000 16.123550367443858700687965937911127953
331 68 0 0 0 0.015000000000000000000000000000000000000 19.025769766325179846579986191972908895
331 72 0 2 0 0.48300000000000000000000000000000000000 18.252227392922651793233678063228215586
331 76 0 0 0 0.016000000000000000000000000000000000000 19.031674913937770220942770414470570458
331 82 1 1 0 0.26000000000000000000000000000000000000 19.027211553101126848215114379299337111
331 86 1 1 0 0.25200000000000000000000000000000000000 18.174617931690366927347406870720867052
331 94 1 1 1 0.051000000000000000000000000000000000000 18.293582370827494135861608925374496853
331 96 2 2 2 0.030000000000000000000000000000000000000 18.079811186147658361405665108516144389
331 98 0 0 0 0.018000000000000000000000000000000000000 18.126855374597566544544864324828399506
331 100 0 0 0 0.020000000000000000000000000000000000000 18.260638662095935876892155219572841791
331 104 1 1 0 0.33700000000000000000000000000000000000 18.629199942459821146882910208143646605
331 106 1 1 1 0.022000000000000000000000000000000000000 17.736793412620194670869073253735537085
331 116 1 1 1 0.020000000000000000000000000000000000000 18.789639168614239078738272148084651222
331 122 1 1 1 0.015000000000000000000000000000000000000 18.668954196161462897842793984739700508
331 124 0 0 0 0.015000000000000000000000000000000000000 18.137943647172176743344819087060291772
331 128 0 0 0 0.014000000000000000000000000000000000000 16.012525786610476800420931392567465822
331 134 0 0 0 0.015000000000000000000000000000000000000 18.025797509848801674255651337434552141
331 136 0 0 0 0.069000000000000000000000000000000000000 17.282669980244351254020462673927590108
331 142 0 0 0 0.098000000000000000000000000000000000000 17.294986689564645728370460719913863364
331 144 0 0 0 0.033000000000000000000000000000000000000 16.625837008246440050093356118165931923
331 146 0 0 0 0.018000000000000000000000000000000000000 18.043290618716714324852330329252877076
331 152 0 0 0 0.018000000000000000000000000000000000000 18.459719328695575518605031523973107640
331 160 1 1 1 0.26600000000000000000000000000000000000 17.586878410528461750985470855475023687
331 162 0 0 0 0.11300000000000000000000000000000000000 15.617563752831578451752813397788176149
331 164 1 1 0 0.36800000000000000000000000000000000000 18.568755165225039210559948338394929258
331 166 1 1 1 0.022000000000000000000000000000000000000 19.081216401072277269532409204152864567
331 172 0 0 0 0.067000000000000000000000000000000000000 19.174770318653650341841765868880505576
331 176 1 1 1 0.024000000000000000000000000000000000000 17.512846062771064226241993776008462533
331 178 0 0 0 0.068000000000000000000000000000000000000 18.776740244146337811733739114105701973
331 184 0 0 0 0.12500000000000000000000000000000000000 18.175937221310215632497751527392398295
331 188 0 0 0 0.082000000000000000000000000000000000000 19.362639078693721245010134429247456816
331 194 0 0 0 0.074000000000000000000000000000000000000 18.718376951116499634322623238056029982
331 196 1 1 1 0.019000000000000000000000000000000000000 17.634780846288578307423866913823051514
331 202 1 1 1 0.10000000000000000000000000000000000000 19.480543376591178212164560181089594955
331 208 0 0 0 0.019000000000000000000000000000000000000 18.074504572444809533636376264168963079
331 212 1 1 0 0.19600000000000000000000000000000000000 19.546402633500401807853396902637986354
331 214 2 2 2 0.031000000000000000000000000000000000000 19.080897271521038807119394025312062045
331 218 1 1 0 0.31300000000000000000000000000000000000 19.102683816786803824039099824040042415
331 224 1 1 0 0.44600000000000000000000000000000000000 18.705929243265179988840750298508478875
331 226 1 1 0 0.31800000000000000000000000000000000000 19.617863823878520310148968856939203293
331 232 0 0 0 0.015000000000000000000000000000000000000 18.863638637598475231250158357021647555
331 236 1 1 0 0.27500000000000000000000000000000000000 18.224232728112848896675876948671717640
331 244 0 2 0 0.55400000000000000000000000000000000000 18.979110658076099253129513477877185248
331 254 0 0 0 0.096000000000000000000000000000000000000 19.219198628933289219251488372683125778
331 262 1 1 0 0.31200000000000000000000000000000000000 19.702453214905865539543908585465612277
331 274 0 0 0 0.052000000000000000000000000000000000000 18.654015097967923687389873382895445792
331 278 1 1 0 0.28400000000000000000000000000000000000 19.687973032911614489394154496285245936
331 284 1 1 0 0.35500000000000000000000000000000000000 18.825955221381340515025208603799914263
331 292 0 2 0 0.43500000000000000000000000000000000000 19.635299082875969185484582940694802474
331 296 1 1 1 0.018000000000000000000000000000000000000 19.309213269168685260863090336454199419
331 298 1 1 0 0.40400000000000000000000000000000000000 19.595492536420635794811147106984265426
331 314 0 0 0 0.014000000000000000000000000000000000000 19.390101429441905012691364046958159991
331 316 1 1 0 0.32500000000000000000000000000000000000 19.345635029234026068226219874387113013
331 320 1 1 1 0.015000000000000000000000000000000000000 18.026321051890669067733367977704285522
332 3 0 0 0 0.012000000000000000000000000000000000000 17.823809567483641131865230438228343108
332 7 1 1 1 0.071000000000000000000000000000000000000 17.491711664334377417157191297028714330
332 9 1 1 1 0.017000000000000000000000000000000000000 17.821819687878468717346723820420751436
332 11 1 1 0 0.26100000000000000000000000000000000000 16.694786726642221825461604031482188833
332 13 0 0 0 0.016000000000000000000000000000000000000 18.456200823420527873387821949789555485
332 17 0 0 0 0.017000000000000000000000000000000000000 18.092240645334908852683992038385397895
332 19 1 1 1 0.11600000000000000000000000000000000000 17.661408477933589413441888528206842038
332 23 2 2 2 0.034000000000000000000000000000000000000 17.848797855335162188133240728238145261
332 25 1 1 1 0.072000000000000000000000000000000000000 18.028418876236433204763814146310986184
332 29 0 2 0 0.44500000000000000000000000000000000000 17.506929885963464457398964050810663320
332 31 0 0 0 0.071000000000000000000000000000000000000 17.769802924530916852064839106809756760
332 37 0 0 0 0.014000000000000000000000000000000000000 18.399028237418240319287547677644868625
332 43 1 1 0 0.28200000000000000000000000000000000000 16.298733863056832962265966438594587749
332 47 0 0 0 0.076000000000000000000000000000000000000 18.954801806086681353385490955912933805
332 49 1 1 0 0.31900000000000000000000000000000000000 18.121877796568271626313106351195723649
332 53 1 1 0 0.37900000000000000000000000000000000000 18.511144003695195121306995666460426739
332 59 0 0 0 0.016000000000000000000000000000000000000 19.013145985358476162490576407401818692
332 61 1 1 1 0.016000000000000000000000000000000000000 19.019675134518658605204456355335952523
332 67 0 0 0 0.062000000000000000000000000000000000000 19.034222912040169595323925734302326350
332 71 1 1 1 0.017000000000000000000000000000000000000 18.562687545512592876041574939600606649
