# 3-face filter, m <= 2000
5 2 1
9 2 2
13 4 1
17 4 2
17 6 1
21 2 2
21 4 2
25 4 2
29 6 2
33 2 2
37 10 1
37 12 2
37 14 1
41 6 2
41 8 1
41 10 1
41 14 2
45 14 2
49 4 2
49 6 2
49 8 2
57 10 2
57 22 2
61 12 1
65 12 2
65 14 1
69 8 2
69 16 2
69 20 2
69 28 2
73 4 2
73 10 2
73 14 2
77 4 2
77 10 2
77 18 2
77 24 2
77 26 2
77 30 2
81 4 2
85 8 2
85 14 1
89 2 2
89 16 2
89 32 2
93 14 2
93 16 2
93 26 2
97 6 0
97 38 2
97 40 1
101 4 2
101 14 0
101 16 2
101 18 1
101 22 1
101 28 2
101 32 2
105 4 2
105 8 2
105 26 2
109 42 1
113 14 1
113 18 2
113 28 2
117 2 2
117 28 2
121 2 2
121 8 2
121 12 2
121 16 2
121 30 2
121 38 2
121 40 2
121 42 2
125 28 2
125 36 1
125 48 2
129 46 2
133 6 2
133 8 2
133 10 2
133 16 2
133 18 2
133 22 2
133 24 2
133 34 2
133 40 2
133 44 2
133 52 2
133 54 2
137 8 2
137 14 2
137 28 2
137 56 1
141 14 2
141 20 2
141 32 2
141 56 2
145 2 2
145 14 0
145 16 1
145 18 1
145 22 1
145 26 1
145 44 2
149 12 2
149 18 2
149 22 2
149 56 2
149 58 0
153 8 2
153 20 2
153 28 2
153 56 2
157 28 2
157 38 0
157 42 2
157 52 0
157 56 2
157 60 1
161 18 2
161 32 2
161 36 2
161 38 2
161 44 2
161 48 0
161 50 2
161 58 2
161 60 2
161 64 2
165 2 2
165 14 2
165 32 2
165 38 2
165 46 2
165 64 2
169 6 2
169 8 0
169 42 2
169 50 2
169 62 2
173 12 2
173 16 0
173 28 2
173 40 2
173 42 2
173 54 2
173 56 0
173 60 1
177 40 2
177 56 2
177 58 2
177 62 2
177 68 2
181 6 2
181 18 1
181 20 1
181 22 0
181 36 2
181 50 0
181 62 2
181 70 2
185 26 2
185 28 2
185 48 1
185 66 1
185 72 1
189 2 2
189 34 2
189 40 0
189 46 2
189 50 2
189 64 2
189 74 2
193 14 2
193 16 2
193 28 0
193 46 2
193 52 0
193 66 2
193 70 1
193 74 2
197 8 2
197 20 0
197 28 2
197 62 0
197 64 2
201 2 2
201 40 2
201 56 2
201 58 2
205 2 2
205 26 2
205 28 2
205 32 2
205 66 1
205 72 2
209 4 2
209 28 2
209 30 2
209 48 2
209 64 0
209 70 2
209 78 2
213 4 2
213 14 2
213 32 2
213 58 2
217 4 2
217 10 2
217 12 2
217 16 0
217 18 2
217 24 2
217 26 2
217 30 0
217 34 2
217 36 2
217 38 2
217 58 2
217 64 2
217 76 2
221 4 2
221 14 2
221 24 0
221 42 0
221 46 2
225 22 2
225 64 2
225 74 2
225 92 2
229 2 2
229 14 2
229 20 0
229 26 0
229 52 1
229 54 2
229 68 1
229 70 0
229 72 2
229 82 2
233 2 2
233 10 2
233 14 2
233 30 2
233 44 0
233 54 2
233 56 2
233 68 2
233 70 0
233 88 2
233 96 2
237 62 0
237 70 2
241 10 2
241 14 2
241 28 2
241 42 2
241 52 0
241 54 2
241 56 2
241 60 2
241 74 0
241 84 0
241 88 1
245 12 2
245 22 2
245 46 0
245 62 2
245 82 2
245 88 2
245 96 2
249 14 2
249 28 0
249 56 2
249 80 2
249 88 2
253 6 0
253 36 2
253 42 2
253 56 2
253 64 2
253 70 2
253 72 2
253 78 2
253 90 2
253 98 2
253 104 2
257 26 2
257 28 2
257 34 1
257 40 2
257 64 2
257 100 2
261 28 2
261 46 2
261 52 2
261 68 2
261 70 2
265 6 0
265 14 0
265 22 1
265 24 1
265 56 2
265 62 2
265 74 2
265 76 2
265 78 1
265 82 2
269 14 2
269 20 2
269 24 0
269 46 2
269 68 2
269 78 1
269 80 2
269 108 2
273 2 2
273 16 2
273 32 0
273 62 2
273 86 2
273 88 0
273 94 2
273 100 2
273 106 2
277 58 2
277 66 0
277 70 2
277 92 2
277 102 2
277 104 2
277 108 2
277 112 2
281 4 2
281 42 2
281 50 0
281 68 0
281 92 2
281 94 2
281 98 2
285 16 2
285 26 2
285 32 2
285 86 2
285 98 2
289 2 2
289 4 2
289 12 2
289 72 2
289 82 2
289 92 2
289 94 2
289 104 2
289 112 1
289 114 0
293 8 2
293 22 2
293 58 2
293 60 1
293 76 1
293 84 0
293 92 2
293 112 2
293 118 2
293 120 2
297 4 2
297 14 2
297 16 0
297 76 0
297 94 2
297 112 2
301 2 2
301 4 2
301 22 0
301 24 2
301 40 2
301 46 2
301 72 2
301 82 2
301 88 0
301 96 2
301 102 2
301 108 2
301 122 2
301 124 2
305 28 2
305 32 2
305 42 0
305 52 2
305 74 2
305 84 2
305 94 2
305 126 1
309 8 2
309 20 2
309 22 2
309 92 2
309 110 2
309 116 2
313 12 2
313 14 2
313 26 1
313 28 2
313 62 2
313 68 2
313 74 0
313 98 2
313 112 2
313 122 2
313 124 2
313 126 2
317 12 0
317 14 0
317 40 2
317 58 0
317 70 0
317 82 2
317 84 1
317 86 2
317 114 2
321 76 2
321 104 2
321 106 2
325 2 2
325 38 1
325 56 2
325 66 2
325 98 2
325 102 2
329 6 0
329 24 2
329 26 2
329 32 2
329 34 2
329 36 2
329 48 0
329 58 0
329 62 2
329 66 0
329 68 0
329 86 2
329 92 2
329 100 0
329 116 0
329 124 2
329 136 2
333 8 0
333 38 2
333 46 2
333 80 0
333 88 2
333 106 2
333 110 2
333 122 2
337 20 0
337 22 2
337 28 2
337 54 2
337 76 2
337 84 0
337 104 2
337 126 1
337 130 2
341 18 2
341 28 2
341 54 2
341 80 2
341 100 0
341 120 0
341 128 2
341 138 2
341 140 2
345 14 2
345 22 0
345 44 2
345 56 0
345 68 0
345 112 2
345 116 0
345 142 0
349 8 0
349 32 2
349 48 0
349 50 0
349 54 2
349 92 2
349 98 0
349 104 2
349 112 2
349 126 2
349 132 0
349 140 2
353 8 2
353 10 0
353 18 2
353 24 2
353 38 2
353 52 2
353 56 2
353 70 2
353 74 2
353 86 2
353 110 2
353 112 2
353 126 2
353 144 1
357 4 0
357 10 2
357 16 2
357 32 0
357 38 2
357 52 0
357 62 2
357 76 2
357 80 2
357 88 2
357 110 0
357 122 2
357 124 2
357 142 2
361 2 2
361 52 2
361 84 0
361 94 2
361 100 2
361 102 0
361 112 2
361 126 2
361 144 0
365 2 2
365 36 2
365 48 2
365 52 2
365 78 2
365 84 1
365 98 2
365 112 2
365 118 2
365 132 2
365 134 0
365 144 2
369 2 2
369 28 2
369 68 2
369 70 2
369 100 2
369 112 2
369 140 2
373 2 2
373 14 2
373 36 2
373 42 2
373 54 2
373 68 2
373 74 2
373 82 2
373 142 2
373 154 1
377 18 2
377 28 2
377 34 2
377 90 2
377 110 1
377 112 2
377 118 0
377 154 2
381 4 2
381 28 0
381 38 2
381 80 2
381 122 2
385 6 2
385 12 2
385 34 2
385 92 2
385 102 2
385 104 2
385 108 2
385 118 2
385 122 2
385 124 0
385 138 2
385 146 2
385 152 2
385 156 2
385 158 0
389 4 2
389 18 2
389 22 2
389 42 2
389 46 2
389 66 2
389 70 2
389 74 0
389 108 2
389 114 0
389 140 1
389 144 2
393 28 2
393 56 0
393 62 2
393 64 2
393 76 2
393 140 2
393 160 2
397 6 2
397 12 0
397 28 2
397 44 0
397 58 2
397 92 2
397 96 2
397 100 0
397 152 0
397 154 2
401 26 0
401 42 1
401 50 2
401 54 2
401 58 2
401 68 2
401 114 2
401 128 2
401 130 2
401 140 2
401 146 2
401 156 2
401 164 2
405 22 2
405 34 2
405 62 2
405 68 2
405 92 2
405 94 0
405 98 2
405 112 2
405 118 2
405 134 2
409 4 2
409 6 2
409 28 2
409 40 2
409 52 2
409 60 0
409 74 2
409 94 2
409 98 0
409 130 2
409 136 0
409 138 1
409 156 2
413 2 2
413 6 0
413 20 2
413 24 2
413 30 0
413 32 2
413 38 2
413 48 0
413 62 2
413 74 2
413 76 2
413 78 2
413 92 0
413 106 2
413 114 2
413 138 2
413 148 2
413 150 2
413 164 2
413 166 2
413 170 2
417 4 2
417 10 2
417 14 2
417 38 0
417 52 0
417 68 2
417 112 0
417 116 2
417 118 2
417 128 2
417 136 2
417 154 2
421 8 0
421 22 2
421 28 1
421 34 0
421 98 2
421 104 2
421 112 2
421 132 2
421 140 2
421 154 2
421 168 2
421 174 2
425 28 2
425 46 2
425 78 1
425 86 2
425 96 1
425 114 2
425 126 2
425 128 0
425 138 2
425 166 2
425 168 2
429 10 2
429 34 2
429 56 2
429 82 2
429 98 2
429 100 2
429 112 2
429 170 2
433 8 2
433 36 2
433 48 2
433 72 2
433 106 2
433 118 0
433 126 2
433 140 2
433 170 1
437 28 2
437 36 2
437 62 2
437 74 2
437 80 2
437 88 0
437 98 2
437 102 0
437 108 2
437 122 2
437 130 2
437 136 2
437 140 2
437 142 0
437 150 2
437 160 2
437 168 2
437 172 2
441 8 2
441 34 2
441 38 2
441 62 2
441 86 0
441 88 2
441 118 2
441 128 0
441 130 2
441 136 0
441 152 2
441 164 2
441 170 2
441 176 2
445 24 2
445 28 2
445 42 2
445 122 2
445 126 2
445 164 2
449 6 2
449 8 2
449 10 2
449 14 2
449 22 2
449 28 2
449 34 2
449 88 2
449 98 2
449 106 2
449 124 2
449 146 2
449 154 2
449 160 2
449 162 2
453 2 2
453 34 2
453 44 2
453 68 2
453 70 2
453 82 2
453 142 2
453 154 2
453 182 2
457 26 0
457 40 2
457 42 2
457 70 2
457 98 2
457 100 2
457 138 0
457 142 2
457 144 2
457 152 2
457 168 2
457 182 2
461 64 2
461 84 0
461 106 2
461 120 2
461 140 2
461 154 2
461 162 2
461 168 0
461 174 2
461 176 2
461 182 2
465 28 0
465 46 2
465 52 2
465 56 2
465 136 2
465 172 2
465 176 2
465 182 2
469 4 0
469 20 0
469 22 2
469 30 2
469 48 2
469 64 2
469 68 2
469 76 2
469 92 2
469 96 0
469 106 2
469 110 2
469 122 0
469 132 2
469 142 2
469 144 2
469 156 2
469 162 2
469 170 2
469 172 0
469 178 0
469 184 2
469 188 2
469 190 2
473 4 2
473 42 2
473 46 0
473 74 2
473 80 0
473 84 2
473 92 2
473 108 2
473 116 2
473 186 2
477 4 2
477 20 2
477 34 2
477 62 0
477 76 0
477 154 2
477 190 2
477 196 2
481 14 2
481 30 1
481 40 0
481 72 2
481 96 2
481 98 2
481 124 2
481 140 2
481 164 2
481 168 2
481 170 2
481 180 2
485 42 1
485 44 0
485 72 2
485 82 2
485 86 0
485 92 0
485 94 2
485 112 0
485 154 0
485 166 2
485 168 2
489 34 0
489 50 2
489 64 2
489 112 2
489 118 2
489 140 2
489 146 2
489 148 2
489 188 2
489 202 2
493 16 0
493 18 0
493 22 2
493 24 2
493 38 2
493 42 2
493 46 0
493 70 2
493 76 2
493 80 2
493 82 2
493 88 2
493 108 2
493 122 2
493 130 1
493 150 1
493 154 2
493 158 0
493 168 0
493 180 1
493 200 2
497 16 2
497 18 2
497 30 2
497 32 2
497 34 2
497 44 0
497 52 2
497 78 2
497 80 0
497 92 2
497 94 2
497 96 2
497 114 0
497 118 2
497 138 2
497 144 2
497 152 2
497 166 0
497 172 0
497 186 2
497 188 0
497 202 2
497 204 2
501 4 2
501 10 2
501 50 2
501 70 2
501 74 2
501 80 2
501 94 2
501 116 2
501 140 0
501 178 2
501 206 2
505 34 2
505 126 0
505 146 2
505 148 2
505 168 1
505 176 0
505 204 2
505 208 1
509 26 0
509 40 2
509 42 2
509 54 2
509 72 0
509 74 2
509 98 2
509 134 2
509 138 0
509 170 1
513 8 0
513 16 2
513 40 2
513 56 2
513 58 2
513 82 2
513 112 0
513 124 2
513 136 2
513 158 2
513 194 2
513 196 0
517 42 0
517 46 2
517 56 2
517 62 2
517 98 2
517 144 2
517 146 2
517 148 2
517 150 2
517 174 0
521 10 2
521 46 2
521 52 0
521 56 2
521 66 2
521 74 2
521 84 2
521 100 2
521 102 2
521 112 0
521 150 2
521 168 2
521 172 2
521 182 2
521 192 0
521 198 1
521 214 2
525 34 0
525 86 0
525 94 2
525 104 2
525 134 2
525 148 2
525 178 2
525 188 0
525 202 2
529 4 2
529 8 2
529 12 2
529 28 2
529 38 0
529 42 2
529 56 2
529 86 2
529 90 2
529 102 2
529 140 2
529 144 0
529 154 0
529 178 2
529 182 0
529 196 2
529 206 2
529 208 2
533 14 2
533 66 2
533 118 0
533 126 0
533 148 2
533 176 0
533 188 2
533 210 1
533 216 2
533 218 2
537 40 2
537 56 0
537 58 2
537 80 2
537 82 0
537 110 2
537 166 0
537 182 0
537 218 2
541 12 2
541 28 2
541 42 2
541 56 2
541 76 2
541 82 2
541 110 2
541 116 0
541 124 2
541 128 0
541 142 2
541 154 2
541 156 0
541 194 2
541 198 2
541 214 2
541 218 2
545 32 1
545 34 1
545 54 0
545 76 2
545 84 2
545 98 0
545 106 2
545 132 2
545 152 1
545 154 2
545 164 2
545 176 2
545 204 2
545 216 1
549 38 2
549 88 2
549 106 2
549 130 2
549 158 2
549 164 2
549 178 2
549 200 2
549 208 2
549 224 2
553 2 2
553 8 0
553 10 2
553 16 2
553 20 2
553 24 2
553 32 0
553 34 2
553 38 2
553 64 2
553 68 2
553 82 0
553 92 2
553 102 2
553 106 2
553 118 2
553 136 2
553 146 2
553 150 0
553 152 2
553 156 0
553 174 2
553 184 2
553 186 2
553 202 2
553 204 2
553 206 0
553 212 2
553 222 2
557 46 2
557 52 2
557 60 0
557 80 2
557 98 2
557 140 1
557 144 2
557 172 2
557 186 0
557 194 2
557 206 2
557 220 0
561 14 2
561 62 2
561 98 2
561 104 2
561 140 2
561 224 2
561 230 2
561 232 2
565 2 0
565 12 2
565 16 2
565 26 2
565 42 2
565 128 2
565 136 2
565 166 0
565 204 1
565 212 2
569 14 0
569 42 2
569 44 2
569 110 2
569 138 0
569 152 2
569 154 2
569 166 0
569 172 2
569 182 1
569 196 2
569 212 2
573 14 2
573 22 2
573 56 2
573 62 2
573 64 0
573 70 2
573 92 2
573 140 0
573 182 0
573 184 2
573 190 0
573 208 2
573 230 2
577 14 2
577 42 2
577 48 0
577 60 2
577 66 0
577 70 2
577 72 2
577 74 2
577 88 2
577 94 2
577 98 2
577 116 0
577 130 0
577 136 0
577 154 2
577 168 0
577 186 2
577 200 2
577 206 2
577 210 2
581 12 2
581 18 2
581 34 0
581 46 2
581 50 2
581 58 2
581 74 2
581 76 2
581 78 2
581 80 2
581 88 2
581 124 0
581 138 2
581 142 2
581 144 2
581 150 2
581 152 0
581 158 2
581 164 2
581 170 2
581 178 2
581 184 2
581 198 2
581 204 2
581 218 2
581 222 2
581 226 2
581 228 2
581 232 0
585 46 2
585 76 2
585 82 2
585 94 0
585 112 2
585 196 2
585 214 2
585 238 2
589 14 2
589 22 2
589 40 2
589 70 0
589 90 2
589 112 0
589 118 0
589 126 2
589 134 0
589 136 2
589 138 2
589 154 2
589 156 0
589 158 0
589 216 0
589 232 2
589 236 2
593 6 2
593 40 2
593 56 2
593 70 0
593 82 2
593 94 2
593 100 0
593 104 2
593 114 2
593 140 0
593 142 0
593 166 2
593 182 0
593 192 2
593 198 2
593 226 2
593 236 2
593 240 1
597 2 2
597 16 2
597 26 2
597 28 2
597 32 2
597 40 0
597 100 0
597 110 2
597 140 2
597 148 2
597 152 2
597 166 2
597 208 0
597 212 2
597 244 0
601 20 2
601 62 2
601 112 2
601 118 2
601 160 2
601 168 2
601 176 2
601 182 2
601 190 1
601 192 2
601 204 2
601 224 0
601 244 2
605 14 2
605 24 0
605 32 2
605 38 2
605 56 2
605 108 2
605 164 2
605 238 2
609 10 2
609 34 0
609 50 2
609 76 2
609 122 2
609 128 2
609 142 2
609 148 2
609 190 0
609 214 2
609 220 0
609 226 2
613 38 0
613 66 2
613 70 0
613 84 2
613 98 2
613 118 0
613 122 2
613 130 2
613 150 2
613 166 2
613 200 2
613 206 2
613 210 0
613 224 2
613 238 2
613 252 2
617 20 2
617 82 2
617 90 2
617 92 2
617 98 2
617 104 2
617 106 2
617 112 0
617 114 1
617 126 0
617 146 0
617 148 2
617 174 0
617 204 2
617 216 2
617 218 2
617 232 2
621 2 0
621 26 0
621 68 0
621 82 2
621 112 0
621 140 2
621 170 2
621 194 2
621 236 2
621 242 2
621 254 0
625 2 0
625 42 2
625 44 0
625 64 2
625 72 2
625 86 0
625 98 0
625 124 0
625 166 2
625 186 2
625 196 2
625 212 2
625 222 2
625 236 2
629 6 0
629 10 2
629 28 2
629 36 0
629 42 2
629 56 2
629 62 0
629 64 2
629 70 2
629 72 2
629 76 0
629 84 2
629 88 0
629 104 0
629 132 2
629 160 2
629 176 2
629 206 2
629 224 0
629 230 2
629 246 2
629 258 2
629 260 1
633 32 2
633 46 2
633 80 0
633 98 2
633 134 0
633 152 2
633 238 2
633 242 0
633 262 2
637 16 0
637 24 0
637 54 2
637 58 0
637 68 0
637 86 0
637 92 2
637 94 2
637 102 2
637 106 0
637 128 0
637 132 2
637 138 2
637 152 2
637 162 2
637 172 2
637 174 2
637 178 0
637 190 2
637 194 2
637 200 2
637 204 0
637 214 2
637 218 2
637 228 2
637 240 2
637 254 2
641 14 2
641 24 0
641 32 2
641 36 2
641 46 2
641 62 2
641 98 2
641 108 2
641 134 2
641 140 0
641 142 2
641 160 2
641 192 2
641 228 2
641 232 1
641 238 2
641 250 0
641 252 0
645 34 0
645 106 2
645 176 0
645 202 2
645 232 2
645 238 0
645 244 2
649 10 2
649 34 0
649 42 2
649 58 2
649 82 2
649 84 2
649 128 2
649 156 2
649 162 2
649 182 2
649 184 2
649 212 0
649 222 2
649 224 2
653 28 0
653 42 2
653 46 2
653 72 0
653 78 2
653 98 2
653 112 2
653 114 2
653 150 2
653 156 2
653 166 0
653 184 2
653 212 0
653 216 2
653 226 2
653 248 2
657 28 2
657 34 2
657 122 0
657 148 0
657 160 2
657 176 2
657 218 2
657 220 2
657 232 2
657 238 2
657 260 2
657 272 2
661 4 2
661 30 2
661 52 2
661 60 2
661 80 2
661 94 2
661 108 2
661 130 2
661 166 0
661 172 0
661 176 2
661 182 2
661 192 0
661 196 2
661 210 0
661 216 2
661 226 2
661 228 1
665 6 2
665 18 2
665 46 0
665 62 0
665 66 2
665 68 2
665 72 2
665 86 0
665 96 2
665 134 2
665 138 2
665 142 2
665 148 2
665 166 0
665 192 2
665 198 0
665 208 2
665 216 0
665 226 2
665 232 2
669 10 2
669 40 2
669 52 2
669 74 2
669 92 2
669 112 2
669 140 2
669 154 2
669 202 0
669 206 0
669 236 2
669 266 2
673 6 2
673 8 2
673 14 0
673 28 2
673 34 0
673 42 2
673 48 2
673 76 2
673 102 2
673 134 2
673 140 2
673 166 2
673 190 0
673 196 2
673 200 2
673 226 2
673 238 2
673 246 2
673 264 1
677 12 2
677 40 2
677 50 1
677 56 2
677 82 2
677 142 2
677 146 2
677 148 2
677 180 2
677 194 0
677 196 0
677 212 2
677 238 0
677 250 2
677 254 0
677 266 2
677 268 2
677 278 0
681 28 0
681 68 2
681 86 2
681 92 2
681 140 2
681 154 2
681 170 0
681 196 2
681 212 2
681 236 0
681 280 2
685 6 2
685 22 2
685 34 0
685 36 1
685 38 1
685 84 2
685 92 2
685 106 0
685 126 2
685 136 0
685 138 1
685 148 2
685 156 2
685 158 2
685 174 1
685 202 2
685 218 0
685 232 2
689 10 2
689 14 2
689 24 2
689 38 0
689 66 2
689 76 2
689 84 2
689 102 1
689 120 1
689 122 2
689 136 2
689 172 2
689 174 2
689 200 0
689 228 2
689 272 1
689 276 2
693 32 2
693 68 2
693 76 2
693 86 2
693 142 2
693 146 2
693 152 2
693 158 2
693 194 2
693 214 2
693 236 0
693 250 2
697 10 2
697 26 2
697 32 2
697 52 2
697 60 2
697 80 2
697 122 2
697 126 2
697 146 2
697 178 2
697 196 2
697 200 2
697 222 2
697 224 2
697 242 2
697 244 2
697 256 2
697 266 2
697 284 0
701 12 2
701 18 0
701 34 2
701 36 0
701 42 2
701 64 0
701 104 2
701 174 0
701 178 2
701 210 1
701 214 2
701 230 2
701 246 0
701 260 2
701 276 2
701 282 2
705 82 2
705 86 0
705 112 0
705 122 2
705 128 0
705 154 2
705 172 2
705 292 2
709 14 2
709 38 2
709 54 0
709 112 0
709 136 0
709 166 2
709 170 0
709 184 0
709 204 2
709 234 2
709 236 2
709 268 2
713 2 2
713 8 2
713 14 2
713 28 2
713 34 2
713 36 0
713 42 2
713 52 2
713 84 2
713 120 2
713 134 2
713 148 2
713 150 2
713 160 2
713 168 0
713 176 0
713 190 2
713 238 0
713 274 2
713 280 2
713 288 0
713 292 2
717 10 2
717 14 2
717 46 2
717 56 0
717 74 0
717 136 2
717 164 2
717 178 2
717 194 2
717 196 0
717 224 2
717 238 0
717 242 2
717 248 2
717 262 2
721 4 2
721 12 2
721 22 0
721 24 0
721 26 0
721 30 2
721 34 2
721 40 2
721 64 2
721 66 2
721 108 0
721 110 0
721 132 2
721 136 2
721 142 0
721 144 2
721 148 2
721 160 2
721 162 2
721 166 0
721 174 2
721 178 2
721 200 2
721 204 2
721 208 2
721 218 0
721 220 0
721 226 2
721 250 0
721 264 2
721 268 0
721 272 0
721 276 0
721 286 2
721 292 2
721 296 2
721 298 2
725 12 0
725 24 2
725 74 2
725 88 2
725 154 2
725 168 2
725 184 0
725 188 2
725 192 2
725 206 2
725 252 1
725 262 2
725 282 2
729 8 0
729 32 2
729 62 0
729 76 2
729 118 2
729 130 2
729 152 2
729 154 2
729 164 2
729 182 2
729 196 2
729 274 2
733 2 0
733 72 2
733 76 2
733 98 2
733 100 1
733 114 2
733 116 1
733 178 2
733 194 2
733 226 2
733 240 2
733 250 2
733 276 2
733 278 2
733 280 2
737 28 0
737 54 2
737 82 2
737 100 2
737 124 2
737 152 2
737 170 0
737 182 0
737 194 2
737 222 2
737 252 2
737 254 0
741 14 2
741 22 2
741 34 0
741 56 2
741 64 2
741 92 2
741 98 2
741 140 2
741 146 2
741 218 0
741 232 0
741 262 2
741 272 2
741 280 0
745 12 2
745 14 2
745 18 2
745 28 2
745 144 2
745 184 1
745 186 0
745 188 2
745 248 1
745 252 2
745 262 2
745 282 2
745 294 2
749 16 2
749 26 2
749 34 0
749 36 2
749 38 2
749 82 2
749 88 2
749 96 2
749 100 2
749 122 2
749 130 0
749 136 2
749 150 0
749 156 2
749 162 2
749 164 2
749 166 2
749 174 2
749 184 2
749 188 2
749 220 2
749 226 2
749 230 2
749 240 2
749 242 2
749 256 2
749 272 0
749 278 2
749 288 2
749 292 0
749 302 0
749 310 2
753 28 2
753 34 2
753 38 0
753 46 2
753 98 2
753 130 0
753 158 0
753 200 2
753 214 2
753 238 2
753 292 2
753 304 0
757 78 2
757 92 2
757 98 2
757 112 0
757 118 0
757 120 2
757 132 2
757 140 0
757 154 2
757 160 2
757 174 0
757 230 2
757 248 2
757 274 2
761 30 2
761 40 1
761 44 2
761 106 2
761 124 0
761 140 0
761 152 2
761 154 2
761 170 2
761 180 2
761 182 2
761 194 2
761 204 0
761 226 2
761 234 2
761 236 2
761 240 0
761 252 2
761 254 0
761 256 2
761 296 2
761 302 2
765 44 2
765 62 2
765 74 2
765 98 0
765 124 2
765 142 0
765 166 2
765 182 2
765 196 2
765 212 2
765 236 2
765 268 0
765 296 0
765 308 2
769 12 2
769 36 2
769 50 2
769 64 2
769 80 2
769 90 0
769 110 2
769 118 0
769 126 2
769 154 2
769 160 0
769 174 2
769 182 2
769 204 0
769 238 2
769 266 2
769 312 1
773 4 0
773 24 0
773 26 0
773 50 2
773 72 2
773 94 2
773 98 2
773 112 2
773 116 0
773 144 2
773 150 0
773 154 2
773 214 2
773 224 2
773 228 2
773 256 2
773 268 2
773 270 2
773 280 2
773 290 2
773 298 2
773 320 2
777 4 2
777 22 0
777 46 0
777 64 2
777 68 2
777 86 2
777 94 2
777 100 2
777 116 2
777 134 2
777 146 2
777 160 0
777 166 2
777 202 2
777 206 2
777 208 2
777 242 2
777 248 0
777 286 2
781 16 2
781 28 2
781 60 2
781 76 0
781 82 2
781 84 2
781 94 2
781 122 2
781 130 2
781 136 2
781 140 0
781 168 2
781 200 0
781 210 0
781 276 2
781 278 2
781 298 2
781 304 2
781 310 2
785 14 0
785 22 2
785 42 2
785 56 0
785 62 0
785 78 2
785 92 2
785 146 0
785 148 2
785 162 2
785 188 2
785 224 1
785 246 2
785 254 0
785 274 2
785 316 2
785 322 1
789 40 0
789 56 2
789 58 0
789 94 2
789 140 2
789 190 2
789 194 2
789 200 2
789 208 2
789 224 0
789 238 2
789 320 2
793 16 2
793 28 2
793 32 2
793 40 2
793 54 0
793 68 2
793 100 0
793 138 0
793 168 0
793 180 0
793 212 2
793 222 2
793 252 0
793 266 2
793 306 0
793 322 0
797 22 0
797 36 2
797 42 2
797 68 2
797 84 2
797 118 2
797 120 0
797 148 2
797 166 2
797 168 0
797 188 2
797 190 2
797 196 2
797 202 0
797 210 2
797 230 2
797 238 2
797 244 2
797 272 2
797 288 0
797 300 0
797 302 2
797 314 2
797 328 2
797 330 1
801 38 2
801 40 2
801 46 2
801 140 0
801 158 0
801 202 2
801 238 0
801 242 2
801 284 2
801 322 0
805 6 0
805 16 2
805 32 2
805 34 2
805 44 2
805 68 2
805 78 2
805 88 0
805 118 2
805 134 2
805 172 2
805 176 0
805 194 2
805 202 2
805 214 2
805 216 2
805 222 0
805 228 2
805 232 2
805 254 2
805 258 2
805 284 2
805 292 2
805 316 2
809 20 2
809 28 2
809 38 2
809 46 0
809 78 2
809 88 2
809 98 2
809 102 0
809 112 2
809 130 0
809 144 2
809 158 0
809 178 0
809 182 2
809 210 2
809 226 2
809 234 0
809 242 2
809 262 0
809 264 2
809 266 2
809 294 0
813 16 2
813 20 2
813 28 2
813 62 2
813 64 2
813 82 2
813 118 2
813 122 2
813 148 2
813 160 2
813 172 2
813 176 2
813 188 2
813 196 0
813 212 2
813 224 2
813 238 2
813 260 0
813 316 2
813 322 2
817 40 2
817 54 0
817 70 0
817 84 2
817 96 0
817 98 0
817 110 0
817 128 2
817 176 2
817 212 0
817 222 0
817 224 2
817 236 0
817 278 2
817 292 0
817 306 2
817 322 0
817 334 2
817 336 2
817 338 2
821 30 0
821 34 2
821 44 2
821 58 2
821 98 0
821 108 2
821 126 0
821 170 2
821 182 0
821 208 2
821 210 2
821 238 2
821 278 2
821 284 2
821 292 2
821 296 2
821 308 1
821 328 2
821 334 2
821 336 2
825 8 0
825 26 2
825 92 2
825 106 0
825 112 2
825 188 2
825 206 0
825 224 0
825 238 0
825 316 2
825 322 2
829 14 2
829 24 2
829 32 2
829 38 2
829 46 2
829 60 0
829 80 0
829 94 2
829 112 2
829 140 0
829 158 2
829 160 2
829 168 0
829 172 0
829 186 2
829 214 2
829 220 2
829 248 0
829 284 0
829 308 0
829 322 2
829 338 0
833 2 2
833 6 2
833 12 0
833 38 0
833 46 2
833 74 0
833 82 2
833 94 0
833 116 2
833 118 2
833 124 2
833 134 2
833 156 0
833 162 2
833 166 0
833 184 0
833 194 2
833 208 0
833 226 2
833 232 2
833 240 2
833 242 2
833 244 2
833 254 2
833 262 2
833 264 2
833 278 2
833 286 2
833 290 0
833 304 2
833 312 2
833 316 0
833 320 0
833 328 2
833 330 0
833 334 2
837 44 2
837 52 2
837 70 2
837 98 2
837 136 2
837 140 0
837 158 2
837 200 2
837 206 0
837 250 2
837 262 2
837 280 2
837 290 2
837 298 2
837 340 2
841 8 0
841 20 2
841 104 2
841 112 0
841 120 2
841 126 2
841 146 2
841 154 2
841 162 2
841 168 0
841 196 0
841 204 2
841 230 2
841 288 2
841 314 2
841 316 2
841 330 2
845 28 2
845 44 2
845 54 0
845 108 1
845 112 0
845 126 2
845 224 0
845 236 0
845 284 2
845 292 2
845 294 2
845 308 2
845 328 2
845 336 2
849 14 2
849 20 0
849 26 2
849 68 0
849 86 2
849 98 2
849 128 2
849 142 2
849 152 2
849 154 2
849 250 2
849 266 0
849 278 2
849 292 2
849 308 2
849 320 2
849 340 2
853 14 0
853 16 2
853 62 0
853 92 2
853 114 2
853 122 2
853 148 2
853 154 2
853 180 1
853 210 0
853 212 0
853 220 2
853 232 2
853 258 2
853 272 2
853 278 2
853 280 2
853 294 2
853 316 2
857 20 2
857 94 0
857 150 2
857 166 2
857 178 2
857 200 1
857 228 0
857 248 2
857 280 2
857 284 2
857 314 2
857 318 0
857 346 0
857 350 0
861 2 2
861 10 2
861 20 2
861 58 2
861 74 0
861 118 2
861 122 0
861 148 2
861 172 2
861 202 0
861 206 2
861 226 2
861 254 2
861 272 2
861 302 2
861 346 2
861 352 2
865 6 0
865 42 0
865 46 2
865 88 2
865 92 2
865 94 2
865 158 2
865 172 2
865 206 2
865 236 0
865 242 0
865 256 0
865 322 2
865 334 2
865 336 1
865 352 2
869 28 2
869 36 0
869 42 2
869 56 2
869 64 2
869 68 2
869 90 2
869 92 2
869 94 2
869 104 2
869 128 0
869 196 2
869 200 2
869 216 2
869 230 0
869 244 2
869 266 0
869 274 2
869 314 0
869 324 0
869 356 0
869 358 2
873 32 2
873 44 0
873 50 2
873 130 2
873 148 2
873 152 0
873 154 2
873 164 2
873 184 0
873 238 2
873 250 2
873 278 2
873 292 2
873 320 2
873 322 2
873 338 2
873 352 2
877 6 0
877 14 2
877 56 0
877 68 2
877 72 0
877 82 2
877 98 2
877 102 2
877 114 0
877 138 2
877 184 2
877 208 2
877 266 2
877 268 0
877 282 0
877 292 2
877 320 2
877 348 2
877 352 2
877 362 2
881 8 0
881 20 0
881 40 2
881 76 2
881 84 2
881 112 2
881 158 2
881 160 0
881 182 2
881 204 2
881 230 2
881 232 2
881 244 0
881 252 0
881 288 1
881 316 2
881 322 0
881 328 2
881 332 2
885 16 2
885 76 2
885 116 2
885 172 0
885 242 0
885 272 0
885 304 2
885 326 2
885 332 2
885 364 2
889 4 2
889 6 2
889 12 0
889 22 2
889 68 2
889 72 0
889 74 2
889 80 2
889 100 2
889 102 0
889 130 2
889 134 2
889 138 2
889 172 2
889 176 0
889 190 2
889 192 2
889 226 0
889 234 0
889 248 2
889 260 0
889 272 0
889 284 0
889 286 2
889 296 2
889 304 0
889 310 0
889 316 0
889 328 0
889 334 2
889 340 2
893 4 2
893 10 2
893 18 2
893 26 2
893 32 2
893 48 2
893 84 0
893 98 0
893 126 2
893 136 2
893 150 2
893 220 2
893 222 2
893 262 0
893 270 2
893 280 2
893 326 0
893 332 0
893 336 0
893 354 0
893 360 2
893 366 2
897 8 0
897 34 2
897 50 2
897 56 2
897 64 0
897 86 2
897 154 0
897 160 2
897 178 2
897 238 0
897 274 2
897 316 2
897 356 2
897 370 2
901 12 2
901 26 2
901 36 2
901 40 0
901 54 0
901 56 2
901 58 1
901 96 0
901 112 2
901 128 2
901 134 2
901 152 2
901 156 0
901 166 2
901 196 2
901 220 0
901 224 2
901 250 2
901 258 2
901 280 2
901 294 0
901 308 2
901 310 0
901 322 2
901 330 1
901 348 2
901 366 2
901 368 2
905 12 2
905 26 2
905 38 2
905 58 0
905 84 0
905 98 2
905 112 2
905 168 2
905 188 2
905 282 2
905 306 2
905 332 2
905 348 2
909 52 0
909 64 2
909 76 2
909 104 2
909 106 2
909 134 0
909 146 0
909 160 2
909 188 2
909 224 2
909 280 2
909 314 2
909 322 2
909 358 0
913 10 0
913 24 2
913 38 2
913 70 2
913 102 0
913 112 2
913 116 0
913 136 2
913 150 2
913 168 2
913 172 0
913 182 0
913 200 2
913 206 2
913 210 0
913 224 0
913 228 0
913 260 2
913 262 2
913 266 2
913 270 2
913 328 2
913 368 2
913 378 2
917 26 0
917 36 2
917 48 2
917 52 2
917 54 2
917 62 2
917 72 2
917 82 0
917 94 2
917 106 0
917 118 2
917 128 2
917 130 2
917 134 0
917 136 2
917 142 2
917 170 0
917 174 2
917 178 2
917 186 2
917 190 2
917 198 0
917 230 2
917 236 2
917 240 0
917 244 2
917 256 2
917 270 0
917 290 2
917 298 2
917 300 0
917 302 2
917 306 2
917 314 2
917 320 0
917 324 2
917 338 2
917 354 2
917 368 2
917 376 2
921 122 0
921 172 0
921 184 2
921 196 2
921 220 2
921 238 2
921 256 2
921 286 2
921 380 2
925 6 2
925 8 0
925 28 2
925 42 1
925 44 1
925 54 2
925 56 0
925 92 2
925 106 2
925 126 2
925 142 0
925 146 0
925 216 2
925 224 2
925 238 2
925 266 0
925 316 2
925 328 2
925 356 2
925 364 1
925 378 2
929 14 2
929 16 2
929 18 2
929 44 2
929 58 2
929 68 2
929 80 0
929 96 2
929 112 0
929 116 0
929 120 1
929 138 1
929 156 0
929 170 0
929 184 2
929 236 2
929 250 2
929 282 0
929 294 2
929 306 0
929 308 2
929 316 2
929 352 0
929 380 2
933 22 2
933 26 2
933 80 2
933 100 0
933 208 0
933 254 2
933 266 2
933 310 2
933 352 2
937 6 2
937 28 0
937 34 2
937 62 2
937 84 2
937 90 2
937 120 2
937 132 2
937 134 0
937 152 2
937 190 1
937 210 0
937 232 0
937 240 1
937 288 2
937 294 0
937 322 2
937 330 2
937 336 2
937 348 2
941 32 0
941 52 2
941 74 2
941 90 0
941 116 0
941 136 2
941 164 2
941 184 0
941 204 2
941 224 2
941 256 0
941 266 0
941 346 2
941 354 2
941 364 0
941 374 0
941 380 1
945 4 2
945 26 2
945 46 0
945 58 2
945 62 2
945 68 2
945 76 2
945 82 2
945 88 0
945 106 2
945 116 0
945 142 2
945 164 0
945 194 2
945 214 0
945 226 0
945 262 2
945 272 2
945 284 2
945 292 2
945 302 0
945 316 2
945 344 2
945 374 0
945 382 2
945 386 2
949 14 0
949 60 2
949 96 0
949 122 2
949 126 2
949 136 2
949 154 2
949 158 2
949 178 0
949 192 2
949 214 0
949 238 2
949 248 0
949 262 2
949 280 2
949 284 2
949 290 2
949 296 2
949 340 2
949 368 2
949 374 2
949 382 2
953 20 2
953 34 2
953 42 2
953 76 2
953 120 2
953 140 2
953 174 2
953 218 0
953 252 2
953 280 2
953 286 0
953 288 0
953 322 2
953 340 2
953 346 2
953 370 2
953 372 2
953 394 2
957 14 2
957 106 2
957 142 0
957 166 2
957 182 0
957 278 2
957 310 2
961 2 0
961 14 2
961 24 2
961 36 2
961 44 2
961 58 2
961 84 0
961 86 0
961 98 0
961 110 2
961 128 2
961 138 0
961 140 2
961 152 2
961 160 0
961 194 2
961 224 2
961 238 2
961 252 0
961 282 0
961 308 2
961 324 0
961 330 2
961 364 0
961 376 2
961 378 2
961 392 2
965 18 0
965 76 2
965 78 2
965 84 0
965 92 2
965 112 0
965 116 1
965 126 2
965 148 2
965 154 2
965 174 0
965 182 2
965 196 2
965 208 2
965 266 2
965 306 1
965 308 2
965 312 2
965 314 0
965 322 2
965 342 0
965 392 2
969 4 2
969 26 0
969 46 0
969 88 0
969 98 2
969 122 2
969 124 2
969 140 0
969 200 2
969 214 0
969 220 2
969 224 2
969 244 0
969 256 2
969 262 2
969 280 0
969 298 0
969 308 2
969 322 0
973 2 0
973 8 2
973 12 2
973 26 2
973 30 2
973 32 2
973 44 0
973 50 2
973 94 0
973 100 0
973 106 2
973 114 2
973 120 2
973 128 0
973 172 2
973 174 0
973 186 2
973 194 2
973 214 2
973 216 0
973 220 2
973 222 2
973 228 2
973 240 2
973 254 0
973 268 0
973 276 0
973 290 0
973 296 2
973 298 2
973 310 2
973 314 2
973 316 0
973 338 2
973 342 2
973 370 2
973 374 0
973 384 2
973 398 0
973 400 2
977 18 2
977 38 0
977 82 2
977 88 2
977 102 2
977 120 0
977 122 2
977 178 2
977 196 2
977 212 2
977 214 2
977 220 2
977 234 2
977 238 2
977 262 2
977 272 0
977 280 1
977 336 0
977 374 2
977 376 2
977 388 2
981 28 0
981 38 2
981 64 0
981 134 2
981 146 2
981 190 2
981 238 2
981 260 2
981 286 2
981 386 0
981 392 2
981 406 2
985 6 2
985 14 2
985 42 0
985 72 2
985 224 0
985 226 2
985 236 2
985 264 0
985 268 2
985 308 0
985 366 2
985 406 2
989 14 2
989 26 2
989 42 2
989 48 2
989 50 2
989 56 0
989 68 2
989 84 0
989 124 0
989 130 0
989 142 2
989 154 2
989 166 0
989 168 2
989 180 2
989 194 2
989 210 0
989 212 0
989 226 2
989 228 2
989 246 2
989 250 0
989 254 0
989 264 2
989 282 2
989 296 0
989 326 0
989 348 2
989 350 2
989 352 0
989 390 2
989 408 0
993 4 2
993 28 0
993 64 2
993 94 2
993 98 2
993 128 2
993 166 0
993 190 2
993 266 0
993 302 2
993 362 2
993 386 2
993 400 2
997 6 2
997 24 2
997 40 2
997 84 2
997 92 0
997 116 2
997 126 0
997 130 0
997 156 2
997 192 2
997 206 2
997 214 2
997 224 2
997 236 2
997 256 2
997 266 2
997 288 2
997 300 1
997 304 2
997 318 0
997 340 0
997 364 0
997 368 2
997 374 2
997 378 2
997 396 2
997 402 2
1001 4 2
1001 8 2
1001 16 2
1001 34 0
1001 62 0
1001 64 2
1001 100 2
1001 106 2
1001 116 2
1001 120 2
1001 134 0
1001 142 0
1001 166 2
1001 194 2
1001 222 2
1001 230 0
1001 240 2
1001 244 2
1001 268 0
1001 270 0
1001 288 2
1001 310 2
1001 314 2
1001 332 2
1001 344 2
1001 356 2
1001 400 2
1005 32 0
1005 56 2
1005 118 0
1005 128 2
1005 136 2
1005 172 0
1005 178 2
1005 206 2
1005 284 0
1005 322 2
1005 368 2
1005 382 2
1005 406 2
1009 6 2
1009 24 2
1009 78 2
1009 90 2
1009 92 0
1009 112 2
1009 114 2
1009 134 2
1009 148 2
1009 154 0
1009 174 0
1009 204 0
1009 220 2
1009 238 2
1009 252 2
1009 272 2
1009 278 0
1009 286 0
1009 316 2
1009 318 0
1009 328 2
1009 342 2
1009 372 2
1009 376 2
1009 384 2
1009 392 2
1009 406 2
1013 12 2
1013 14 2
1013 26 0
1013 44 1
1013 72 2
1013 98 2
1013 110 0
1013 124 2
1013 128 2
1013 170 2
1013 182 2
1013 196 2
1013 216 0
1013 242 2
1013 278 2
1013 296 0
1013 310 2
1013 366 2
1013 394 2
1013 412 2
1017 28 2
1017 88 2
1017 128 0
1017 152 2
1017 170 2
1017 184 0
1017 254 2
1017 278 2
1017 280 2
1017 328 2
1017 358 2
1021 26 0
1021 28 2
1021 34 2
1021 50 2
1021 64 0
1021 72 0
1021 88 2
1021 132 2
1021 134 2
1021 162 2
1021 190 2
1021 196 2
1021 224 2
1021 244 0
1021 246 2
1021 274 2
1021 300 2
1021 304 2
1021 320 2
1021 336 2
1021 344 0
1021 356 2
1021 382 2
1021 418 1
1025 4 0
1025 24 2
1025 38 2
1025 46 2
1025 62 1
1025 66 1
1025 74 0
1025 88 2
1025 108 2
1025 112 2
1025 122 2
1025 182 2
1025 192 2
1025 252 2
1025 326 2
1025 338 2
1025 388 2
1025 402 2
1029 4 2
1029 26 2
1029 34 2
1029 62 2
1029 86 0
1029 92 0
1029 110 2
1029 118 2
1029 122 2
1029 152 2
1029 170 2
1029 188 0
1029 208 2
1029 214 2
1029 230 2
1029 236 0
1029 274 2
1029 310 2
1029 320 2
1029 338 0
1029 374 0
1029 382 2
1029 388 2
1029 394 2
1029 398 0
1029 412 2
1029 418 2
1029 422 2
1033 4 2
1033 32 2
1033 36 0
1033 44 2
1033 46 2
1033 66 2
1033 94 2
1033 98 2
1033 112 2
1033 134 2
1033 136 2
1033 154 0
1033 160 2
1033 172 2
1033 186 2
1033 200 0
1033 210 1
1033 262 2
1033 308 0
1033 332 2
1033 350 2
1033 374 0
1033 378 2
1033 424 2
1037 20 2
1037 22 0
1037 28 0
1037 42 2
1037 56 0
1037 92 2
1037 108 2
1037 120 0
1037 140 2
1037 148 0
1037 168 2
1037 182 2
1037 202 2
1037 224 2
1037 232 0
1037 252 2
1037 266 1
1037 280 2
1037 286 2
1037 294 2
1037 302 2
1037 304 0
1037 316 0
1037 322 0
1037 344 2
1037 372 2
1037 378 2
1037 382 0
1037 384 2
1037 406 2
1037 412 2
1037 414 2
1037 418 2
1037 428 2
1041 26 2
1041 34 2
1041 58 2
1041 124 0
1041 142 2
1041 152 2
1041 166 2
1041 182 2
1041 236 0
1041 238 2
1041 250 2
1041 268 0
1041 280 0
1041 284 2
1041 296 0
1041 328 2
1041 352 2
1041 364 2
1041 382 0
1045 2 2
1045 16 2
1045 42 2
1045 82 2
1045 96 2
1045 138 2
1045 168 2
1045 212 2
1045 274 2
1045 364 2
1045 406 2
1045 412 2
1045 432 2
1049 22 0
1049 24 2
1049 28 2
1049 106 2
1049 126 2
1049 132 2
1049 134 0
1049 160 0
1049 174 2
1049 202 2
1049 232 2
1049 272 0
1049 274 2
1049 280 2
1049 294 2
1049 310 2
1049 336 2
1049 364 0
1049 370 1
1049 398 0
1049 408 0
1053 68 2
1053 70 2
1053 94 0
1053 98 2
1053 136 2
1053 166 0
1053 196 2
1053 256 2
1053 308 2
1053 314 2
1053 406 2
1057 12 2
1057 22 2
1057 24 2
1057 34 0
1057 46 0
1057 74 0
1057 78 2
1057 110 2
1057 118 2
1057 122 0
1057 146 2
1057 148 2
1057 152 0
1057 158 0
1057 160 2
1057 162 0
1057 164 2
1057 194 0
1057 198 0
1057 204 2
1057 214 2
1057 228 2
1057 250 2
1057 254 2
1057 260 0
1057 262 2
1057 268 0
1057 284 2
1057 288 2
1057 296 2
1057 298 2
1057 310 2
1057 312 2
1057 330 0
1057 346 2
1057 348 0
1057 354 2
1057 356 0
1057 384 2
1057 386 2
1057 390 0
1057 394 2
1057 396 0
1057 402 2
1057 422 2
1061 42 2
1061 56 2
1061 88 2
1061 102 2
1061 108 2
1061 140 0
1061 144 2
1061 164 2
1061 190 2
1061 200 2
1061 224 2
1061 228 0
1061 238 0
1061 262 0
1061 276 2
1061 300 0
1061 312 2
1061 318 2
1061 326 0
1061 368 2
1061 420 1
1061 434 2
1061 438 2
1065 14 2
1065 112 2
1065 148 0
1065 176 2
1065 182 0
1065 266 2
1065 274 2
1065 308 2
1065 322 2
1065 392 0
1069 28 0
1069 32 2
1069 84 2
1069 114 0
1069 124 2
1069 130 0
1069 140 2
1069 170 2
1069 196 2
1069 226 2
1069 338 0
1069 390 2
1069 406 0
1069 408 0
1069 424 2
1073 12 2
1073 26 0
1073 42 2
1073 56 2
1073 68 2
1073 70 2
1073 86 0
1073 96 2
1073 128 2
1073 138 0
1073 166 0
1073 168 2
1073 192 2
1073 200 0
1073 212 0
1073 238 2
1073 240 2
1073 266 2
1073 300 2
1073 306 2
1073 376 2
1073 380 0
1073 386 2
1073 396 2
1073 420 2
1073 436 2
1077 8 2
1077 20 2
1077 28 2
1077 50 0
1077 58 2
1077 104 2
1077 158 2
1077 188 2
1077 190 0
1077 202 2
1077 244 2
1077 322 2
1077 334 2
1077 356 2
1077 406 2
1077 442 2
1081 10 2
1081 22 2
1081 60 0
1081 74 2
1081 82 0
1081 102 2
1081 112 2
1081 140 0
1081 144 2
1081 242 2
1081 248 2
1081 252 0
1081 262 0
1081 272 0
1081 278 2
1081 298 2
1081 310 2
1081 346 2
1081 364 2
1081 370 2
1081 378 2
1081 396 2
1081 402 0
1081 410 2
1081 420 2
1085 8 0
1085 12 2
1085 46 2
1085 48 2
1085 54 2
1085 58 0
1085 82 2
1085 88 2
1085 96 0
1085 102 2
1085 136 0
1085 192 2
1085 204 2
1085 216 0
1085 218 0
1085 226 2
1085 228 2
1085 256 0
1085 262 2
1085 272 0
1085 286 2
1085 288 2
1085 316 0
1085 318 2
1085 324 2
1085 358 0
1085 374 2
1085 376 2
1085 382 0
1085 386 0
1085 388 2
1085 396 0
1085 416 2
1085 418 2
1085 424 0
1085 432 2
1089 4 0
1089 38 0
1089 50 0
1089 74 2
1089 116 2
1089 164 2
1089 172 2
1089 178 2
1089 196 2
1089 268 2
1089 322 0
1089 340 0
1089 388 2
1089 442 2
1089 448 2
1093 14 0
1093 36 2
1093 98 2
1093 126 2
1093 148 2
1093 160 2
1093 184 0
1093 214 2
1093 216 0
1093 224 0
1093 252 0
1093 276 2
1093 282 0
1093 286 2
1093 306 0
1093 312 2
1093 328 2
1093 336 0
1093 350 0
1093 380 2
1093 404 0
1093 406 2
1093 410 0
1093 414 2
1093 442 2
1097 14 2
1097 26 2
1097 30 0
1097 36 2
1097 58 2
1097 98 0
1097 160 0
1097 224 2
1097 254 2
1097 264 2
1097 292 2
1097 306 0
1097 308 2
1097 322 2
1097 324 0
1097 330 2
1097 336 2
1097 348 0
1097 404 2
1101 8 2
1101 16 2
1101 38 2
1101 44 0
1101 56 0
1101 86 2
1101 124 0
1101 128 0
1101 152 0
1101 170 2
1101 212 2
1101 280 2
1101 338 2
1101 406 2
1101 418 2
1101 430 0
1101 452 2
1105 28 2
1105 36 0
1105 64 2
1105 76 2
1105 84 2
1105 112 2
1105 154 0
1105 162 0
1105 174 0
1105 196 0
1105 218 2
1105 244 2
1105 246 2
1105 248 2
1105 252 2
1105 258 2
1105 266 2
1105 288 0
1105 292 0
1105 296 1
1105 302 2
1105 314 0
1105 336 2
1105 342 2
1105 346 0
1105 384 2
1105 394 2
1105 398 2
1105 414 1
1105 438 2
1105 448 2
1109 18 2
1109 34 2
1109 38 0
1109 42 2
1109 56 0
1109 60 2
1109 98 2
1109 100 2
1109 102 2
1109 126 2
1109 132 1
1109 136 2
1109 140 2
1109 150 1
1109 192 0
1109 196 0
1109 228 2
1109 238 2
1109 276 2
1109 294 2
1109 308 2
1109 322 2
1109 332 2
1109 336 2
1109 364 0
1109 406 0
1109 410 0
1109 420 2
1109 426 2
1113 20 0
1113 34 2
1113 50 2
1113 64 2
1113 92 2
1113 94 2
1113 110 2
1113 158 2
1113 160 2
1113 200 2
1113 206 0
1113 208 2
1113 236 0
1113 272 0
1113 274 0
1113 296 0
1113 298 2
1113 304 2
1113 326 2
1113 334 2
1113 356 2
1113 416 2
1113 442 2
1113 446 2
1117 46 0
1117 56 2
1117 90 2
1117 116 2
1117 130 2
1117 140 0
1117 158 2
1117 172 2
1117 184 2
1117 192 0
1117 238 2
1117 242 0
1117 252 2
1117 266 2
1117 294 2
1117 302 2
1117 306 2
1117 312 0
1117 346 2
1117 360 2
1117 368 0
1117 380 2
1117 444 2
1117 448 0
1121 20 0
1121 28 2
1121 50 2
1121 54 0
1121 64 2
1121 98 2
1121 104 0
1121 130 2
1121 142 0
1121 154 2
1121 176 2
1121 202 0
1121 210 0
1121 218 2
1121 246 0
1121 274 2
1121 286 2
1121 288 2
1121 322 0
1121 326 2
1121 336 2
1121 348 2
1121 360 0
1121 400 0
1121 412 2
1121 440 2
1121 446 2
1121 454 2
1125 14 2
1125 28 2
1125 44 2
1125 68 2
1125 86 0
1125 124 0
1125 128 2
1125 182 0
1125 184 2
1125 208 0
1125 226 0
1125 254 2
1125 266 2
1125 272 2
1125 292 0
1125 362 2
1125 364 2
1125 418 0
1125 434 2
1129 22 2
1129 42 2
1129 56 2
1129 68 0
1129 76 2
1129 96 0
1129 98 2
1129 110 2
1129 116 0
1129 124 2
1129 140 0
1129 170 2
1129 174 0
1129 198 2
1129 208 2
1129 212 0
1129 214 2
1129 266 2
1129 278 2
1129 280 1
1129 292 2
1129 294 2
1129 296 2
1129 306 0
1129 336 2
1129 352 0
1129 378 1
1129 404 0
1129 408 0
1129 414 2
1129 434 0
1129 436 2
1129 450 2
1133 6 0
1133 28 2
1133 50 2
1133 92 2
1133 118 2
1133 120 2
1133 130 0
1133 142 2
1133 182 2
1133 190 2
1133 202 2
1133 238 2
1133 244 2
1133 260 0
1133 262 2
1133 350 2
1133 356 0
1133 364 2
1133 384 2
1133 386 0
1133 414 2
1133 420 2
1133 426 2
1133 434 0
1133 442 2
1133 454 2
1133 456 2
1137 130 0
1137 154 2
1137 172 2
1137 182 2
1137 188 2
1137 206 0
1137 208 2
1137 266 2
1137 332 0
1137 340 0
1137 346 2
1137 392 2
1137 404 2
1137 458 0
1141 4 2
1141 18 2
1141 32 2
1141 46 0
1141 50 2
1141 52 0
1141 62 2
1141 72 2
1141 74 2
1141 86 2
1141 96 2
1141 108 2
1141 114 2
1141 120 0
1141 134 0
1141 170 2
1141 188 2
1141 208 0
1141 212 2
1141 216 0
1141 226 2
1141 230 2
1141 232 2
1141 236 2
1141 242 0
1141 244 2
1141 246 2
1141 250 0
1141 270 0
1141 298 0
1141 310 2
1141 340 2
1141 344 0
1141 346 0
1141 356 2
1141 362 0
1141 368 0
1141 372 0
1141 374 2
1141 382 2
1141 390 2
1141 408 2
1141 412 2
1141 430 2
1141 436 2
1141 464 2
1141 466 2
1145 18 2
1145 88 2
1145 94 2
1145 116 0
1145 126 2
1145 182 2
1145 198 0
1145 252 0
1145 304 2
1145 308 0
1145 346 2
1145 374 0
1145 392 2
1145 396 2
1145 426 0
1145 456 2
1149 46 0
1149 56 2
1149 64 0
1149 92 2
1149 112 2
1149 146 0
1149 160 2
1149 182 0
1149 238 2
1149 242 2
1149 244 2
1149 248 2
1149 286 2
1149 308 2
1149 340 2
1149 346 0
1149 350 2
1149 394 0
1149 434 2
1149 442 0
1153 14 2
1153 40 0
1153 112 2
1153 114 2
1153 124 2
1153 136 2
1153 138 2
1153 158 2
1153 180 0
1153 184 2
1153 254 0
1153 266 2
1153 278 2
1153 280 2
1153 286 2
1153 306 2
1153 332 2
1153 384 0
1153 400 1
1153 408 0
1153 420 2
1153 436 0
1153 450 2
1153 462 2
1153 464 0
1157 62 0
1157 68 2
1157 72 2
1157 84 0
1157 86 0
1157 98 0
1157 128 2
1157 154 2
1157 172 2
1157 196 2
1157 198 2
1157 252 0
1157 264 2
1157 308 0
1157 310 2
1157 320 2
1157 324 2
1157 336 2
1157 376 2
1157 392 2
1157 404 0
1157 422 2
1157 446 0
1157 448 2
1157 450 2
1157 460 0
1157 476 1
1161 28 2
1161 64 2
1161 92 2
1161 116 2
1161 146 0
1161 176 0
1161 208 0
1161 224 2
1161 230 2
1161 266 2
1161 316 0
1161 380 0
1161 386 2
1161 448 0
1161 472 2
1161 476 2
1161 478 2
1165 4 0
1165 66 2
1165 88 2
1165 98 2
1165 102 2
1165 144 2
1165 186 1
1165 196 2
1165 206 2
1165 214 0
1165 234 0
1165 238 0
1165 252 2
1165 298 2
1165 332 2
1165 392 2
1165 396 1
1165 434 2
1165 442 2
1165 452 2
1169 10 2
1169 20 2
1169 26 2
1169 34 2
1169 52 0
1169 60 2
1169 78 2
1169 80 2
1169 90 0
1169 102 2
1169 120 0
1169 124 0
1169 132 0
1169 144 0
1169 146 2
1169 148 2
1169 170 2
1169 192 2
1169 202 2
1169 204 2
1169 212 2
1169 228 2
1169 248 0
1169 264 2
1169 270 2
1169 272 0
1169 290 2
1169 296 0
1169 362 2
1169 370 2
1169 376 2
1169 416 2
1169 440 2
1169 452 0
1169 458 0
1169 460 0
1169 468 2
1173 10 0
1173 32 2
1173 70 2
1173 94 2
1173 98 2
1173 116 0
1173 122 0
1173 130 2
1173 154 0
1173 164 2
1173 178 2
1173 182 2
1173 212 2
1173 218 2
1173 284 2
1173 304 2
1173 308 2
1173 326 2
1173 332 2
1173 392 2
1173 406 2
1173 424 2
1173 434 0
1173 452 0
1173 466 2
1173 472 2
1177 8 0
1177 50 2
1177 90 0
1177 92 2
1177 120 2
1177 126 0
1177 134 0
1177 136 0
1177 146 2
1177 168 2
1177 182 0
1177 190 2
1177 196 2
1177 202 2
1177 230 2
1177 280 2
1177 322 2
1177 336 2
1177 356 0
1177 358 0
1177 372 2
1177 386 2
1177 406 0
1177 420 0
1177 426 2
1177 442 2
1177 450 2
1177 452 2
1177 468 2
1181 16 2
1181 30 2
1181 68 2
1181 84 0
1181 92 2
1181 98 2
1181 100 2
1181 102 0
1181 110 2
1181 112 0
1181 154 2
1181 194 2
1181 200 0
1181 202 2
1181 222 0
1181 240 2
1181 280 2
1181 288 2
1181 292 0
1181 296 2
1181 298 2
1181 310 2
1181 322 2
1181 364 0
1181 378 2
1181 388 0
1181 390 1
1181 406 0
1181 408 2
1181 450 2
1181 484 2
1185 56 2
1185 58 0
1185 82 2
1185 98 2
1185 112 2
1185 148 0
1185 166 0
1185 226 2
1185 236 0
1185 334 2
1185 338 0
1185 344 0
1185 442 0
1185 446 0
1185 448 0
1189 8 2
1189 14 0
1189 48 2
1189 62 2
1189 64 2
1189 70 2
1189 98 2
1189 102 2
1189 162 2
1189 168 2
1189 176 2
1189 204 2
1189 224 0
1189 244 2
1189 252 2
1189 308 2
1189 324 0
1189 342 2
1189 362 2
1189 426 2
1189 448 2
1189 460 1
1189 462 0
1189 470 2
1193 6 0
1193 10 0
1193 32 2
1193 60 0
1193 84 2
1193 92 0
1193 116 2
1193 122 2
1193 158 2
1193 190 2
1193 192 2
1193 210 2
1193 228 0
1193 256 0
1193 294 2
1193 318 0
1193 346 0
1193 354 2
1193 364 0
1193 368 2
1193 374 2
1193 430 2
1193 450 2
1193 462 2
1193 490 2
1197 34 2
1197 68 0
1197 80 2
1197 92 2
1197 116 2
1197 122 2
1197 124 2
1197 128 0
1197 158 2
1197 194 2
1197 214 0
1197 218 0
1197 232 2
1197 268 2
1197 286 2
1197 334 2
1197 346 2
1197 368 2
1197 370 0
1197 382 2
1197 404 2
1197 416 2
1197 428 2
1197 430 2
1197 452 2
1197 470 2
1197 484 2
1201 14 2
1201 28 0
1201 80 2
1201 88 2
1201 136 0
1201 150 0
1201 182 2
1201 216 0
1201 262 2
1201 270 2
1201 290 2
1201 294 2
1201 308 2
1201 322 2
1201 324 2
1201 336 0
1201 340 2
1201 354 2
1201 372 2
1201 374 2
1201 402 0
1201 410 0
1201 420 2
1201 422 2
1201 452 2
1201 462 0
1201 470 2
1201 494 2
1205 6 0
1205 74 0
1205 106 2
1205 114 2
1205 118 2
1205 132 0
1205 154 0
1205 172 2
1205 182 0
1205 188 2
1205 204 0
1205 232 0
1205 244 2
1205 278 2
1205 294 2
1205 302 2
1205 308 2
1205 322 2
1205 328 2
1205 342 0
1205 356 2
1205 392 2
1205 412 2
1205 416 2
1205 442 2
1205 474 0
1209 20 2
1209 28 2
1209 46 0
1209 68 2
1209 128 0
1209 140 2
1209 142 0
1209 154 2
1209 238 0
1209 254 0
1209 268 2
1209 314 2
1209 334 0
1209 352 2
1209 376 0
1209 380 2
1209 412 0
1209 436 2
1209 464 2
1209 470 2
1213 2 0
1213 16 2
1213 44 2
1213 58 2
1213 86 2
1213 108 0
1213 124 2
1213 126 2
1213 142 0
1213 156 2
1213 170 2
1213 180 0
1213 186 0
1213 196 2
1213 226 2
1213 268 0
1213 292 0
1213 320 2
1213 328 2
1213 380 2
1213 394 2
1213 402 2
1213 418 2
1213 420 2
1213 422 2
1213 426 2
1213 432 0
1213 456 0
1213 464 2
1213 478 0
1213 500 2
1217 26 0
1217 76 2
1217 108 2
1217 112 2
1217 170 0
1217 182 2
1217 210 2
1217 246 2
1217 260 0
1217 280 2
1217 302 2
1217 328 2
1217 344 2
1217 370 2
1217 384 2
1217 400 2
1217 412 2
1217 418 2
1217 454 0
1217 456 0
1217 476 2
1217 480 1
1221 52 2
1221 94 2
1221 122 2
1221 142 0
1221 152 2
1221 160 2
1221 178 0
1221 214 2
1221 224 2
1221 248 0
1221 250 2
1221 262 2
1221 266 0
1221 298 2
1221 340 2
1221 346 2
1221 364 0
1221 416 2
1221 424 2
1221 430 2
1221 436 2
1221 490 0
1225 2 2
1225 16 2
1225 26 2
1225 32 0
1225 38 2
1225 48 2
1225 52 2
1225 64 2
1225 76 2
1225 94 2
1225 96 2
1225 106 2
1225 122 2
1225 134 2
1225 142 2
1225 146 2
1225 156 0
1225 172 0
1225 176 0
1225 178 2
1225 186 2
1225 244 2
1225 246 2
1225 256 0
1225 272 2
1225 276 2
1225 278 2
1225 288 0
1225 354 0
1225 366 2
1225 374 0
1225 402 0
1225 408 0
1225 442 2
1225 444 2
1225 456 0
1225 458 2
1225 492 0
1225 506 2
1229 10 2
1229 44 2
1229 74 2
1229 116 2
1229 142 2
1229 160 2
1229 164 2
1229 182 0
1229 206 2
1229 210 2
1229 228 2
1229 238 2
1229 248 0
1229 266 2
1229 284 2
1229 312 0
1229 346 0
1229 364 2
1229 402 0
1229 410 0
1229 430 0
1229 436 2
1229 452 2
1229 472 2
1229 476 0
1233 34 0
1233 50 2
1233 98 2
1233 112 2
1233 146 2
1233 206 2
1233 224 2
1233 304 2
1233 344 2
1233 392 2
1233 418 2
1233 484 2
1233 496 2
1233 500 0
1237 12 2
1237 42 2
1237 44 0
1237 84 2
1237 110 2
1237 126 0
1237 152 0
1237 208 0
1237 212 2
1237 226 2
1237 230 2
1237 264 2
1237 322 2
1237 324 2
1237 336 2
1237 364 2
1237 366 0
1237 378 0
1237 392 2
1237 408 2
1237 418 2
1237 420 0
1237 446 2
1237 450 1
1237 488 2
1241 14 0
1241 26 2
1241 30 2
1241 44 2
1241 46 2
1241 56 2
1241 70 0
1241 78 2
1241 150 2
1241 154 2
1241 156 0
1241 166 2
1241 182 2
1241 212 0
1241 240 0
1241 248 1
1241 250 2
1241 254 2
1241 266 0
1241 294 0
1241 338 2
1241 352 0
1241 376 0
1241 378 0
1241 392 0
1241 422 0
1241 432 2
1241 436 2
1241 446 0
1241 460 2
1241 462 2
1241 474 2
1241 488 0
1241 492 2
1245 16 2
1245 56 2
1245 92 0
1245 106 0
1245 274 2
1245 302 2
1245 328 0
1245 344 2
1245 364 2
1245 412 2
1245 476 2
1245 484 2
1249 10 2
1249 20 2
1249 52 2
1249 60 2
1249 70 2
1249 84 2
1249 98 2
1249 116 0
1249 126 2
1249 128 2
1249 140 0
1249 144 2
1249 168 2
1249 186 2
1249 206 0
1249 220 2
1249 242 2
1249 252 2
1249 270 0
1249 274 2
1249 290 2
1249 332 2
1249 346 2
1249 382 2
1249 406 2
1249 412 2
1249 416 0
1249 424 0
1249 438 2
1249 458 2
1249 460 2
1249 472 2
1249 476 0
1249 490 2
1249 510 1
1249 514 2
1253 12 2
1253 40 0
1253 54 2
1253 68 0
1253 72 2
1253 106 2
1253 108 2
1253 116 0
1253 124 0
1253 130 2
1253 132 2
1253 134 2
1253 142 2
1253 146 2
1253 156 2
1253 160 2
1253 166 2
1253 170 2
1253 180 2
1253 192 0
1253 216 2
1253 234 2
1253 236 2
1253 258 2
1253 270 2
1253 282 2
1253 300 2
1253 306 2
1253 310 2
1253 326 0
1253 338 2
1253 362 2
1253 368 0
1253 376 2
1253 398 2
1253 418 0
1253 428 2
1253 430 2
1253 432 2
1253 442 2
1253 444 2
1253 466 2
1253 474 2
1253 496 0
1253 510 2
1253 512 2
1253 514 2
1253 516 2
1257 28 2
1257 32 2
1257 40 2
1257 130 2
1257 154 2
1257 172 0
1257 178 0
1257 200 2
1257 206 2
1257 220 0
1257 238 2
1257 256 2
1257 332 0
1257 334 0
1257 392 0
1257 406 2
1257 434 0
1257 490 2
1257 514 0
1257 518 2
1261 6 2
1261 84 2
1261 126 0
1261 148 0
1261 190 0
1261 196 2
1261 210 2
1261 230 0
1261 238 2
1261 264 2
1261 272 2
1261 288 2
1261 290 2
1261 294 0
1261 314 2
1261 350 0
1261 356 0
1261 358 2
1261 372 2
1261 396 2
1261 398 2
1261 420 0
1261 448 0
1261 454 2
1261 456 0
1261 470 2
1261 486 2
1261 496 0
1261 510 2
1265 28 2
1265 56 0
1265 68 0
1265 96 0
1265 114 0
1265 124 2
1265 196 0
1265 238 2
1265 244 2
1265 252 2
1265 262 2
1265 282 2
1265 292 2
1265 334 2
1265 348 2
1265 362 0
1265 364 2
1265 366 0
1265 394 2
1265 404 2
1265 406 2
1265 422 0
1265 436 0
1269 4 2
1269 56 2
1269 58 0
1269 86 2
1269 152 2
1269 184 2
1269 190 2
1269 236 2
1269 290 0
1269 350 2
1269 362 2
1269 418 2
1269 422 2
1269 460 0
1269 488 2
1269 494 2
1269 496 2
1273 8 2
1273 22 0
1273 36 0
1273 42 0
1273 50 0
1273 84 2
1273 154 2
1273 174 2
1273 196 0
1273 210 0
1273 238 2
1273 254 2
1273 256 2
1273 272 2
1273 280 2
1273 288 0
1273 294 2
1273 334 0
1273 356 2
1273 372 2
1273 378 0
1273 398 2
1273 430 0
1273 440 0
1273 450 2
1273 476 2
1273 484 0
1273 512 2
1273 518 2
1273 526 2
1277 4 2
1277 16 2
1277 56 0
1277 76 2
1277 80 2
1277 98 2
1277 102 2
1277 108 0
1277 114 0
1277 120 2
1277 122 2
1277 168 2
1277 172 2
1277 174 2
1277 192 2
1277 196 2
1277 220 0
1277 238 2
1277 242 2
1277 266 0
1277 270 2
1277 298 2
1277 310 2
1277 322 2
1277 332 2
1277 336 2
1277 376 2
1277 396 0
1277 430 2
1277 444 2
1277 474 2
1277 494 2
1277 512 2
1277 514 2
1277 522 2
1281 10 0
1281 40 2
1281 44 2
1281 52 2
1281 58 0
1281 62 2
1281 100 2
1281 124 0
1281 130 2
1281 148 0
1281 160 0
1281 172 2
1281 206 2
1281 254 2
1281 274 2
1281 278 0
1281 296 2
1281 346 2
1281 356 0
1281 422 2
1281 428 2
1281 430 0
1281 440 0
1281 500 2
1285 4 2
1285 14 2
1285 38 2
1285 42 0
1285 72 2
1285 94 2
1285 102 2
1285 158 0
1285 178 2
1285 244 2
1285 276 2
1285 298 2
1285 318 2
1285 344 2
1285 354 2
1285 364 2
1285 424 2
1285 434 2
1285 438 2
1285 452 2
1285 466 2
1285 476 2
1285 486 0
1285 516 2
1285 532 1
1289 8 2
1289 12 2
1289 18 2
1289 34 0
1289 48 2
1289 56 0
1289 62 2
1289 80 0
1289 84 2
1289 112 2
1289 146 2
1289 154 2
1289 182 2
1289 232 2
1289 238 0
1289 244 0
1289 260 2
1289 266 0
1289 288 0
1289 294 2
1289 300 2
1289 330 2
1289 398 2
1289 400 0
1289 414 0
1289 426 2
1289 428 2
1289 448 2
1289 468 0
1289 482 2
1289 490 2
1289 504 2
1289 524 2
1289 526 0
1289 532 0
1293 68 0
1293 86 2
1293 134 2
1293 142 2
1293 170 2
1293 208 0
1293 212 0
1293 254 0
1293 320 2
1293 334 2
1293 356 2
1293 368 2
1293 392 0
1293 394 2
1293 404 2
1293 406 0
1293 428 2
1293 436 2
1293 478 0
1293 506 0
1293 530 2
1297 2 0
1297 12 0
1297 30 2
1297 68 2
1297 70 1
1297 124 0
1297 140 0
1297 154 2
1297 158 0
1297 180 2
1297 184 2
1297 310 2
1297 320 0
1297 338 2
1297 350 2
1297 352 0
1297 362 0
1297 364 2
1297 380 2
1297 394 2
1297 418 0
1297 432 2
1297 446 2
1297 462 2
1297 474 0
1297 476 2
1297 530 2
1301 2 2
1301 34 0
1301 42 2
1301 48 0
1301 50 1
1301 70 0
1301 76 0
1301 92 2
1301 112 2
1301 118 2
1301 126 2
1301 134 2
1301 154 0
1301 168 2
1301 174 2
1301 188 0
1301 196 2
1301 230 2
1301 238 2
1301 258 0
1301 266 2
1301 274 2
1301 292 2
1301 314 2
1301 342 0
1301 364 2
1301 378 2
1301 390 2
1301 434 0
1301 440 0
1301 484 2
1301 510 0
1305 32 0
1305 46 2
1305 98 2
1305 112 0
1305 136 0
1305 154 2
1305 158 2
1305 178 2
1305 242 0
1305 248 2
1305 308 2
1305 452 2
1305 518 2
1305 532 2
1309 6 2
1309 16 2
1309 60 0
1309 78 0
1309 108 2
1309 116 0
1309 118 2
1309 120 2
1309 124 2
1309 144 0
1309 148 2
1309 162 2
1309 164 2
1309 180 2
1309 184 0
1309 186 0
1309 188 2
1309 194 2
1309 206 2
1309 232 0
1309 234 2
1309 248 2
1309 258 2
1309 262 2
1309 274 0
1309 276 2
1309 288 2
1309 316 0
1309 326 2
1309 354 2
1309 362 0
1309 366 0
1309 370 2
1309 382 0
1309 388 0
1309 400 2
1309 410 0
1309 436 0
1309 460 0
1309 470 2
1309 488 2
1309 516 2
1309 524 2
1309 534 2
1309 542 0
1313 28 2
1313 32 2
1313 66 0
1313 86 2
1313 102 2
1313 144 2
1313 154 2
1313 168 2
1313 178 2
1313 200 2
1313 214 2
1313 220 2
1313 228 0
1313 248 0
1313 256 2
1313 270 2
1313 282 2
1313 298 2
1313 336 0
1313 374 0
1313 382 2
1313 424 2
1313 430 2
1313 438 2
1313 444 0
1313 466 2
1313 500 2
1313 508 0
1313 522 0
1313 532 2
1317 44 2
1317 92 2
1317 134 2
1317 154 2
1317 188 2
1317 202 2
1317 230 2
1317 238 0
1317 326 2
1317 338 2
1317 350 0
1317 400 2
1317 470 2
1317 512 0
1317 544 2
1321 28 2
1321 58 0
1321 76 2
1321 100 0
1321 112 2
1321 114 2
1321 116 2
1321 126 2
1321 138 2
1321 142 2
1321 168 0
1321 182 2
1321 184 0
1321 194 2
1321 214 0
1321 240 0
1321 266 0
1321 268 2
1321 292 2
1321 296 2
1321 310 1
1321 324 2
1321 338 0
1321 410 1
1321 422 2
1321 448 0
1321 462 0
1321 464 0
1321 472 0
1321 490 0
1321 504 2
1321 532 2
1325 16 2
1325 18 2
1325 26 2
1325 76 2
1325 152 0
1325 252 2
1325 272 2
1325 276 2
1325 292 2
1325 308 1
1325 324 0
1325 334 2
1325 374 2
1325 394 2
1325 406 1
1325 408 0
1325 434 2
1325 476 2
1325 478 0
1325 504 0
1325 546 1
1329 44 2
1329 56 0
1329 134 0
1329 146 2
1329 176 0
1329 182 2
1329 190 0
1329 218 2
1329 224 0
1329 230 2
1329 232 0
1329 326 2
1329 356 0
1329 358 2
1329 364 0
1329 424 2
1329 436 0
1329 482 2
1333 10 2
1333 12 2
1333 24 2
1333 46 2
1333 74 0
1333 90 0
1333 164 2
1333 192 2
1333 242 2
1333 252 0
1333 276 2
1333 284 2
1333 302 2
1333 306 2
1333 336 2
1333 380 2
1333 388 2
1333 402 0
1333 448 2
1333 476 2
1333 504 2
1333 514 2
1333 528 2
1333 536 2
1333 550 2
1337 6 2
1337 22 2
1337 40 0
1337 44 2
1337 46 0
1337 50 2
1337 82 2
1337 86 2
1337 104 2
1337 108 0
1337 118 2
1337 122 0
1337 124 2
1337 164 2
1337 180 0
1337 186 2
1337 192 2
1337 194 0
1337 198 2
1337 214 0
1337 228 2
1337 234 0
1337 240 2
1337 244 2
1337 254 2
1337 260 2
1337 272 0
1337 278 2
1337 286 0
1337 292 2
1337 296 2
1337 306 2
1337 316 2
1337 324 2
1337 326 2
1337 342 2
1337 352 2
1337 374 2
1337 384 2
1337 388 2
1337 390 2
1337 410 2
1337 418 2
1337 428 2
1337 452 0
1337 454 0
1337 492 2
1337 496 2
1337 498 0
1337 500 2
1337 516 2
1337 538 2
1337 542 2
1341 2 2
1341 80 2
1341 94 2
1341 136 0
1341 140 0
1341 172 2
1341 182 0
1341 220 0
1341 266 2
1341 290 2
1341 308 2
1341 328 0
1341 358 0
1341 368 0
1341 374 2
1341 392 2
1341 416 2
1341 448 2
1341 476 2
1341 536 2
1341 542 0
1345 6 2
1345 46 2
1345 56 2
1345 64 2
1345 104 2
1345 148 2
1345 162 2
1345 176 2
1345 188 2
1345 196 2
1345 216 2
1345 246 2
1345 308 0
1345 314 2
1345 322 0
1345 358 0
1345 378 2
1345 392 2
1345 406 1
1345 444 2
1345 468 2
1345 476 0
1345 482 2
1345 488 2
1345 492 2
1345 498 2
1345 546 2
1345 552 2
1349 56 2
1349 70 0
1349 96 0
1349 100 0
1349 138 0
1349 180 2
1349 188 2
1349 194 0
1349 208 0
1349 222 2
1349 226 2
1349 286 2
1349 306 0
1349 334 2
1349 338 0
1349 362 0
1349 364 2
1349 406 2
1349 432 2
1349 464 2
1349 478 0
1349 482 0
1349 528 2
1349 530 2
1349 558 0
1353 2 2
1353 28 0
1353 74 2
1353 292 2
1353 350 2
1353 364 2
1353 404 2
1353 446 2
1353 448 2
1353 454 2
1353 466 2
1353 520 2
1353 544 0
1353 548 2
1357 42 2
1357 50 0
1357 62 0
1357 76 2
1357 86 2
1357 116 0
1357 120 2
1357 146 0
1357 148 2
1357 160 2
1357 174 0
1357 188 2
1357 210 0
1357 214 2
1357 232 2
1357 244 2
1357 258 2
1357 272 0
1357 312 2
1357 314 2
1357 316 2
1357 400 0
1357 442 0
1357 462 2
1357 468 2
1357 476 0
1357 482 0
1357 490 2
1357 498 2
1357 502 0
1357 504 0
1357 524 2
1357 532 2
1357 538 2
1357 554 2
1357 560 2
1361 26 2
1361 38 2
1361 42 2
1361 48 2
1361 74 2
1361 102 0
1361 116 0
1361 178 2
1361 186 2
1361 220 2
1361 224 0
1361 256 0
1361 308 0
1361 326 2
1361 340 2
1361 342 2
1361 354 2
1361 366 2
1361 410 2
1361 442 2
1361 472 0
1361 480 2
1361 504 0
1361 542 2
1361 550 2
1361 560 2
1365 46 2
1365 88 0
1365 92 2
1365 116 0
1365 122 0
1365 206 2
1365 212 2
1365 214 0
1365 242 0
1365 248 2
1365 284 2
1365 302 2
1365 304 0
1365 316 2
1365 352 2
1365 362 2
1365 368 2
1365 418 2
1365 436 0
1365 452 2
1365 464 0
1365 488 2
1365 512 2
1365 524 2
1365 554 2
1365 556 2
1369 28 0
1369 38 2
1369 42 0
1369 60 2
1369 82 2
1369 98 2
1369 122 0
1369 144 2
1369 150 2
1369 174 0
1369 180 0
1369 196 2
1369 218 2
1369 238 2
1369 242 0
1369 248 2
1369 298 2
1369 304 0
1369 310 2
1369 316 2
1369 326 2
1369 354 2
1369 374 2
1369 378 0
1369 392 2
1369 406 0
1369 408 2
1369 410 2
1369 452 0
1369 466 2
1369 468 2
1369 472 2
1369 474 0
1369 512 2
1369 542 0
1369 546 2
1369 560 2
1369 564 0
1373 38 2
1373 58 2
1373 104 2
1373 118 2
1373 132 0
1373 140 1
1373 158 0
1373 160 2
1373 196 0
1373 238 0
1373 254 0
1373 308 2
1373 336 0
1373 344 2
1373 352 2
1373 370 0
1373 372 0
1373 412 2
1373 426 2
1373 430 2
1373 452 0
1373 468 2
1373 498 2
1373 532 0
1373 552 2
1373 554 2
1373 566 0
1373 568 2
1377 4 0
1377 14 2
1377 16 2
1377 26 0
1377 56 0
1377 70 2
1377 92 2
1377 98 2
1377 124 2
1377 142 0
1377 190 0
1377 236 2
1377 278 2
1377 298 2
1377 320 2
1377 338 0
1377 392 2
1377 404 2
1377 418 2
1377 484 2
1377 490 0
1377 496 2
1377 530 2
1377 532 0
1377 562 2
1381 32 2
1381 56 2
1381 58 2
1381 70 0
1381 72 2
1381 100 2
1381 110 2
1381 154 2
1381 166 2
1381 168 2
1381 182 2
1381 194 2
1381 208 0
1381 250 2
1381 262 2
1381 324 2
1381 338 2
1381 342 2
1381 366 0
1381 376 0
1381 378 2
1381 404 2
1381 440 0
1381 450 0
1381 458 2
1381 474 2
1381 492 0
1381 534 2
1381 562 0
1385 4 2
1385 48 0
1385 64 2
1385 68 0
1385 78 2
1385 94 0
1385 98 0
1385 102 0
1385 126 2
1385 162 0
1385 166 0
1385 188 0
1385 218 2
1385 238 2
1385 252 2
1385 264 1
1385 286 2
1385 322 2
1385 324 2
1385 356 2
1385 378 0
1385 392 2
1385 422 2
1385 484 2
1385 494 1
1385 546 0
1389 58 2
1389 88 2
1389 92 0
1389 122 2
1389 140 2
1389 164 2
1389 200 2
1389 214 2
1389 224 2
1389 242 2
1389 248 0
1389 304 2
1389 334 0
1389 340 0
1389 346 2
1389 386 2
1389 430 0
1389 466 2
1389 472 2
1389 530 2
1389 574 2
1393 34 2
1393 38 2
1393 50 2
1393 66 0
1393 72 2
1393 82 2
1393 96 2
1393 100 0
1393 104 2
1393 116 0
1393 120 2
1393 134 2
1393 150 0
1393 156 0
1393 162 2
1393 176 2
1393 188 0
1393 208 2
1393 222 0
1393 258 2
1393 278 2
1393 292 2
1393 298 2
1393 300 0
1393 304 2
1393 310 2
1393 312 0
1393 326 2
1393 338 0
1393 340 2
1393 346 0
1393 356 2
1393 360 0
1393 372 2
1393 376 0
1393 394 2
1393 404 2
1393 414 0
1393 424 0
1393 426 0
1393 444 2
1393 446 2
1393 470 0
1393 480 0
1393 498 2
1393 506 2
1393 508 0
1393 524 2
1393 526 2
1393 530 2
1393 550 2
1393 554 2
1393 570 2
1397 74 0
1397 112 2
1397 118 0
1397 126 2
1397 130 0
1397 136 0
1397 150 0
1397 158 2
1397 214 0
1397 226 0
1397 238 2
1397 248 2
1397 284 2
1397 290 2
1397 350 2
1397 362 0
1397 364 0
1397 402 0
1397 422 2
1397 434 2
1397 458 0
1397 490 2
1397 504 2
1397 518 0
1397 536 0
1397 558 2
1397 564 2
1397 568 2
1397 570 2
1401 14 2
1401 56 2
1401 182 2
1401 202 0
1401 212 2
1401 232 0
1401 244 2
1401 286 2
1401 328 2
1401 344 0
1401 350 2
1401 386 2
1401 482 0
1401 496 2
1401 506 2
1401 554 2
1401 574 2
1405 14 2
1405 16 2
1405 52 1
1405 86 0
1405 112 0
1405 142 2
1405 154 2
1405 182 2
1405 198 0
1405 216 2
1405 248 2
1405 274 2
1405 296 2
1405 306 2
1405 324 2
1405 352 0
1405 372 1
1405 392 2
1405 418 2
1405 432 2
1405 436 2
1405 476 2
1405 478 2
1405 532 2
1405 542 2
1405 572 0
1405 576 2
1409 12 2
1409 40 2
1409 42 2
1409 96 0
1409 132 2
1409 138 2
1409 140 0
1409 152 0
1409 168 1
1409 226 2
1409 230 2
1409 238 2
1409 264 2
1409 278 2
1409 310 2
1409 362 0
1409 380 2
1409 402 2
1409 406 2
1409 448 2
1409 506 2
1409 544 2
1409 546 2
1413 8 2
1413 26 0
1413 34 0
1413 62 2
1413 104 2
1413 140 0
1413 154 0
1413 182 2
1413 202 2
1413 232 0
1413 238 0
1413 260 0
1413 280 0
1413 284 2
1413 302 2
1413 344 2
1413 386 0
1413 392 2
1413 434 0
1413 476 2
1413 484 2
1413 532 2
1413 538 2
1413 578 2
1417 14 2
1417 18 2
1417 28 2
1417 44 0
1417 62 2
1417 66 2
1417 70 0
1417 80 2
1417 116 2
1417 122 0
1417 126 2
1417 134 0
1417 142 0
1417 160 0
1417 164 2
1417 172 0
1417 186 2
1417 228 2
1417 258 2
1417 270 2
1417 290 1
1417 318 2
1417 392 2
1417 396 2
1417 500 2
1417 532 0
1417 534 0
1417 550 1
1417 556 2
1417 564 0
1417 578 0
1417 584 2
1421 12 0
1421 22 0
1421 34 2
1421 38 2
1421 40 2
1421 44 2
1421 52 2
1421 74 2
1421 80 2
1421 82 2
1421 92 2
1421 130 2
1421 132 2
1421 136 0
1421 142 0
1421 144 2
1421 162 2
1421 184 2
1421 212 0
1421 228 2
1421 242 0
1421 268 0
1421 272 2
1421 286 0
1421 312 0
1421 320 2
1421 328 2
1421 330 2
1421 362 2
1421 380 2
1421 388 0
1421 396 2
1421 412 2
1421 414 2
1421 416 0
1421 422 2
1421 432 0
1421 446 2
1421 450 2
1421 454 2
1421 472 2
1421 488 2
1421 506 2
1421 514 0
1421 516 2
1421 524 2
1421 540 2
1421 550 2
1421 556 2
1421 564 2
1421 566 2
1421 586 0
1425 14 2
1425 28 0
1425 44 2
1425 46 2
1425 94 2
1425 116 0
1425 248 2
1425 262 0
1425 284 2
1425 356 2
1425 416 2
1425 434 0
1425 436 2
1425 452 2
1425 544 2
1429 14 0
1429 26 0
1429 62 2
1429 76 2
1429 84 2
1429 98 2
1429 108 0
1429 154 2
1429 162 0
1429 168 2
1429 204 2
1429 206 2
1429 210 2
1429 222 2
1429 230 0
1429 232 0
1429 272 0
1429 322 1
1429 342 0
1429 344 2
1429 392 2
1429 400 0
1429 406 0
1429 420 1
1429 440 2
1429 462 0
1429 468 0
1429 470 2
1429 482 2
1429 516 2
1429 538 2
1429 552 2
1429 560 0
1429 574 2
1433 2 0
1433 14 2
1433 68 2
1433 108 2
1433 114 0
1433 170 2
1433 184 2
1433 194 0
1433 208 2
1433 224 0
1433 236 2
1433 260 2
1433 308 2
1433 334 0
1433 338 2
1433 376 0
1433 406 2
1433 408 2
1433 422 2
1433 462 0
1433 464 1
1433 500 2
1433 504 2
1433 516 0
1433 530 2
1433 574 2
1437 86 0
1437 110 0
1437 152 2
1437 194 2
1437 208 0
1437 224 2
1437 226 0
1437 238 2
1437 268 2
1437 274 2
1437 314 2
1437 364 0
1437 376 2
1437 422 2
1437 446 0
1437 478 2
1437 530 2
1437 548 2
1437 586 2
1441 36 2
1441 84 2
1441 98 2
1441 114 2
1441 118 2
1441 162 2
1441 168 2
1441 188 2
1441 196 2
1441 246 0
1441 294 2
1441 314 0
1441 328 2
1441 358 0
1441 386 2
1441 412 2
1441 426 2
1441 434 2
1441 466 0
1441 498 2
1441 518 0
1441 526 2
1441 540 2
1441 560 0
1441 574 2
1441 580 2
1441 588 0
1445 4 2
1445 38 2
1445 66 0
1445 78 1
1445 98 0
1445 126 0
1445 128 2
1445 176 2
1445 178 2
1445 216 0
1445 242 0
1445 256 2
1445 266 2
1445 274 2
1445 322 0
1445 336 2
1445 382 0
1445 406 0
1445 416 0
1445 434 2
1445 458 0
1445 462 2
1445 532 2
1445 558 1
1445 584 2
1449 4 2
1449 16 2
1449 26 2
1449 32 0
1449 38 2
1449 44 0
1449 76 0
1449 80 0
1449 86 2
1449 94 2
1449 152 2
1449 166 0
1449 188 2
1449 200 2
1449 208 0
1449 212 0
1449 214 2
1449 220 2
1449 226 2
1449 250 0
1449 296 2
1449 332 2
1449 338 2
1449 344 2
1449 356 0
1449 358 2
1449 370 0
1449 394 2
1449 400 2
1449 410 2
1449 464 2
1449 488 0
1449 494 0
1449 508 0
1449 512 2
1449 536 2
1449 554 2
1449 578 2
1453 4 2
1453 10 2
1453 18 2
1453 58 0
1453 84 0
1453 104 0
1453 122 0
1453 138 2
1453 140 2
1453 172 0
1453 186 2
1453 210 1
1453 228 2
1453 242 0
1453 256 0
1453 262 2
1453 270 2
1453 288 0
1453 308 2
1453 350 0
1453 354 2
1453 364 0
1453 368 0
1453 374 0
1453 416 2
1453 424 2
1453 458 2
1453 486 2
1453 496 0
1453 514 2
1453 546 0
1453 548 2
1453 578 0
1457 6 0
1457 28 2
1457 48 2
1457 50 2
1457 56 2
1457 92 2
1457 102 2
1457 132 0
1457 134 0
1457 174 2
1457 176 2
1457 190 0
1457 200 0
1457 238 0
1457 252 2
1457 286 2
1457 294 0
1457 308 0
1457 316 0
1457 330 2
1457 386 0
1457 396 0
1457 398 0
1457 406 2
1457 448 2
1457 454 2
1457 456 2
1457 486 2
1457 490 2
1457 532 2
1457 540 0
1457 546 2
1457 574 2
1457 580 2
1457 582 2
1457 592 0
1457 602 2
1461 14 2
1461 50 2
1461 82 2
1461 130 2
1461 236 2
1461 244 2
1461 266 0
1461 280 2
1461 308 2
1461 322 0
1461 376 0
1461 404 0
1461 442 2
1461 476 2
1461 490 2
1461 518 2
1461 538 0
1461 572 2
1461 574 2
1465 12 0
1465 14 2
1465 16 2
1465 26 0
1465 58 2
1465 86 2
1465 102 2
1465 126 0
1465 128 2
1465 154 2
1465 298 2
1465 306 2
1465 334 2
1465 348 0
1465 388 2
1465 392 0
1465 398 0
1465 434 0
1465 436 2
1465 448 2
1465 462 1
1465 476 2
1465 544 2
1465 558 0
1465 562 0
1465 584 2
1465 604 2
1469 6 0
1469 14 2
1469 20 2
1469 38 0
1469 62 0
1469 106 2
1469 132 2
1469 136 2
1469 146 2
1469 160 2
1469 174 2
1469 176 2
1469 216 0
1469 230 0
1469 246 2
1469 252 2
1469 272 2
1469 314 2
1469 328 0
1469 330 1
1469 336 2
1469 430 1
1469 434 2
1469 454 0
1469 482 2
1469 490 0
1469 504 0
1469 510 2
1469 530 0
1469 540 1
1469 548 2
1469 582 2
1469 588 2
1473 16 2
1473 32 2
1473 116 0
1473 158 2
1473 218 0
1473 238 2
1473 256 2
1473 262 2
1473 266 0
1473 278 2
1473 304 2
1473 322 2
1473 350 0
1473 368 2
1473 388 0
1473 424 0
1473 430 2
1473 448 2
1473 452 2
1473 490 0
1473 550 2
1473 560 2
1473 572 2
1473 610 2
1477 36 0
1477 40 2
1477 52 0
1477 60 2
1477 64 0
1477 80 2
1477 100 0
1477 104 2
1477 106 2
1477 128 2
1477 134 2
1477 138 0
1477 148 0
1477 174 0
1477 186 2
1477 198 0
1477 206 2
1477 212 2
1477 220 2
1477 222 2
1477 230 0
1477 236 0
1477 262 0
1477 274 2
1477 278 0
1477 288 2
1477 290 2
1477 298 2
1477 314 2
1477 318 2
1477 328 2
1477 332 2
1477 340 2
1477 342 2
1477 370 2
1477 376 0
1477 380 2
1477 396 2
1477 400 0
1477 408 2
1477 416 0
1477 424 2
1477 436 2
1477 458 2
1477 468 2
1477 482 0
1477 506 0
1477 510 0
1477 514 2
1477 516 2
1477 544 2
1477 548 2
1477 562 2
1477 576 2
1477 590 2
1477 596 2
1477 606 2
1477 610 2
1481 28 2
1481 66 2
1481 74 0
1481 136 2
1481 150 2
1481 164 2
1481 170 2
1481 172 0
1481 178 2
1481 206 2
1481 242 2
1481 246 2
1481 270 2
1481 276 2
1481 290 2
1481 322 2
1481 346 2
1481 366 2
1481 374 0
1481 392 2
1481 410 0
1481 440 2
1481 442 2
1481 480 2
1481 500 2
1481 508 0
1481 538 0
1481 574 2
1481 612 2
1485 56 0
1485 92 2
1485 104 0
1485 214 2
1485 392 0
1485 448 2
1485 478 2
1485 482 2
1485 496 0
1485 508 2
1485 526 2
1485 532 0
1485 596 2
1489 14 2
1489 44 0
1489 58 2
1489 74 0
1489 126 0
1489 182 0
1489 198 2
1489 238 2
1489 250 0
1489 318 0
1489 336 2
1489 362 0
1489 408 2
1489 416 2
1489 418 0
1489 420 2
1489 422 0
1489 428 2
1489 432 0
1489 454 0
1489 462 2
1489 464 2
1489 574 2
1489 586 0
1489 600 2
1489 602 0
1489 604 0
1489 612 0
1489 616 2
1493 16 0
1493 56 0
1493 68 2
1493 86 2
1493 96 2
1493 112 2
1493 114 0
1493 142 0
1493 154 2
1493 180 2
1493 184 2
1493 198 2
1493 204 2
1493 224 0
1493 226 2
1493 266 2
1493 278 2
1493 280 2
1493 350 0
1493 352 0
1493 354 0
1493 384 0
1493 390 2
1493 392 2
1493 418 2
1493 434 1
1493 436 0
1493 450 0
1493 504 2
1493 530 2
1493 534 0
1493 596 0
1497 62 2
1497 98 2
1497 106 0
1497 196 0
1497 202 2
1497 266 2
1497 286 2
1497 302 2
1497 308 2
1497 346 2
1497 358 0
1497 370 2
1497 400 2
1497 470 2
1497 476 2
1497 496 0
1497 524 0
1497 536 0
1497 542 0
1497 554 0
1497 574 0
1497 580 0
1501 14 2
1501 46 0
1501 66 2
1501 74 2
1501 80 2
1501 88 2
1501 96 2
1501 98 2
1501 130 2
1501 140 2
1501 150 2
1501 172 2
1501 182 0
1501 192 0
1501 198 2
1501 200 2
1501 214 2
1501 238 2
1501 248 2
1501 292 2
1501 328 0
1501 354 2
1501 364 2
1501 368 0
1501 388 2
1501 402 2
1501 444 2
1501 476 0
1501 500 2
1501 504 2
1501 524 2
1501 564 0
1501 584 0
1505 16 2
1505 44 0
1505 54 2
1505 66 2
1505 72 2
1505 76 2
1505 136 0
1505 146 2
1505 162 0
1505 166 2
1505 178 2
1505 186 2
1505 206 2
1505 214 0
1505 222 2
1505 234 0
1505 256 2
1505 264 0
1505 286 2
1505 292 2
1505 298 2
1505 302 2
1505 304 2
1505 314 2
1505 366 2
1505 394 2
1505 404 2
1505 418 2
1505 422 0
1505 426 2
1505 444 0
1505 452 2
1505 468 2
1505 472 2
1505 484 0
1505 496 2
1505 502 2
1505 508 2
1505 526 2
1505 542 2
1505 544 0
1505 562 2
1505 568 0
1505 578 2
1505 582 2
1505 586 2
1505 596 2
1505 598 2
1505 614 0
1509 46 0
1509 112 0
1509 154 0
1509 182 2
1509 188 2
1509 200 0
1509 206 2
1509 280 2
1509 290 2
1509 308 0
1509 392 2
1509 458 2
1509 466 2
1509 478 2
1509 536 2
1509 556 2
1509 574 0
1509 578 2
1509 602 2
1509 620 0
1513 6 2
1513 14 2
1513 28 0
1513 32 0
1513 44 2
1513 48 2
1513 54 1
1513 56 1
1513 64 0
1513 90 2
1513 92 0
1513 130 2
1513 142 2
1513 152 2
1513 162 2
1513 168 2
1513 174 2
1513 176 2
1513 188 2
1513 232 2
1513 262 2
1513 300 2
1513 316 2
1513 344 2
1513 350 2
1513 358 2
1513 370 2
1513 372 2
1513 386 2
1513 406 2
1513 420 0
1513 446 0
1513 456 2
1513 462 0
1513 484 0
1513 518 0
1513 540 2
1513 554 0
1513 556 0
1513 580 2
1513 596 2
1513 602 0
1513 608 0
1513 622 2
1517 12 2
1517 70 2
1517 100 2
1517 112 2
1517 120 2
1517 156 1
1517 174 1
1517 194 2
1517 238 2
1517 240 0
1517 254 2
1517 264 2
1517 294 2
1517 322 2
1517 336 2
1517 376 2
1517 378 2
1517 404 2
1517 422 2
1517 432 0
1517 434 2
1517 446 0
1517 468 2
1517 506 2
1517 520 2
1517 532 2
1517 560 2
1517 562 2
1517 570 1
1517 586 2
1517 588 0
1517 590 2
1517 610 2
1517 628 2
1521 68 2
1521 70 2
1521 100 0
1521 128 0
1521 152 2
1521 154 0
1521 170 2
1521 184 2
1521 218 2
1521 224 2
1521 268 0
1521 272 2
1521 316 0
1521 322 2
1521 350 2
1521 374 0
1521 376 2
1521 404 0
1521 410 2
1521 628 2
1525 6 2
1525 22 0
1525 66 2
1525 78 0
1525 92 0
1525 106 2
1525 146 2
1525 148 1
1525 164 1
1525 176 2
1525 182 2
1525 216 0
1525 218 2
1525 238 2
1525 266 0
1525 286 0
1525 378 0
1525 406 2
1525 446 0
1525 462 2
1525 498 2
1525 512 0
1525 526 2
1525 568 2
1525 582 2
1525 588 2
1525 624 2
1529 4 0
1529 18 2
1529 32 2
1529 98 0
1529 108 2
1529 144 0
1529 168 2
1529 172 2
1529 184 2
1529 188 2
1529 208 2
1529 234 2
1529 266 2
1529 298 0
1529 322 0
1529 340 2
1529 346 0
1529 360 0
1529 378 2
1529 392 0
1529 404 2
1529 472 2
1529 490 2
1529 502 2
1529 518 0
1529 536 0
1529 542 2
1529 546 0
1529 580 2
1529 584 2
1529 626 0
1529 630 2
1533 10 0
1533 16 2
1533 20 2
1533 34 2
1533 40 0
1533 52 0
1533 74 2
1533 82 2
1533 94 2
1533 116 0
1533 128 2
1533 130 0
1533 158 2
1533 190 0
1533 220 2
1533 226 2
1533 254 2
1533 286 0
1533 298 2
1533 352 2
1533 358 2
1533 386 2
1533 388 0
1533 418 2
1533 422 2
1533 424 2
1533 442 0
1533 452 0
1533 466 2
1533 488 0
1533 502 0
1533 592 2
1533 598 2
1533 634 2
1537 4 2
1537 34 2
1537 102 2
1537 150 2
1537 196 0
1537 234 2
1537 248 0
1537 280 1
1537 284 2
1537 326 2
1537 328 2
1537 332 2
1537 350 2
1537 354 2
1537 368 0
1537 402 0
1537 434 1
1537 462 0
1537 466 0
1537 500 0
1537 532 0
1537 578 2
1537 590 2
1537 612 2
1537 616 2
1537 634 2
1541 2 2
1541 6 2
1541 20 2
1541 22 0
1541 48 2
1541 52 2
1541 56 0
1541 62 2
1541 70 2
1541 78 2
1541 100 2
1541 120 2
1541 150 2
1541 188 0
1541 210 0
1541 244 2
1541 252 2
1541 258 2
1541 274 0
1541 286 2
1541 292 2
1541 300 2
1541 328 2
1541 330 2
1541 350 0
1541 358 2
1541 370 2
1541 398 2
1541 406 2
1541 440 2
1541 442 0
1541 488 2
1541 490 2
1541 492 0
1541 496 2
1541 510 2
1541 512 2
1541 554 2
1541 580 0
1541 594 2
1541 596 0
1541 602 0
1541 610 2
1541 622 2
1541 630 0
1545 38 0
1545 98 2
1545 136 2
1545 166 2
1545 196 2
1545 238 0
1545 268 0
1545 302 2
1545 308 2
1545 322 2
1545 332 2
1545 464 2
1545 502 0
1545 548 2
1549 26 0
1549 36 2
1549 42 2
1549 96 2
1549 114 2
1549 134 0
1549 138 2
1549 160 2
1549 166 0
1549 196 2
1549 222 2
1549 338 2
1549 368 2
1549 378 2
1549 408 0
1549 418 2
1549 420 2
1549 436 2
1549 478 2
1549 516 2
1549 532 0
1549 546 2
1549 562 0
1549 572 0
1549 574 0
1549 586 0
1549 590 2
1549 600 0
1549 604 2
1549 616 2
1549 624 2
1553 18 2
1553 20 2
1553 22 2
1553 34 2
1553 92 0
1553 104 0
1553 126 2
1553 146 2
1553 154 2
1553 202 2
1553 218 2
1553 224 2
1553 260 2
1553 272 2
1553 316 0
1553 344 2
1553 356 2
1553 372 0
1553 386 2
1553 406 2
1553 410 2
1553 414 1
1553 420 2
1553 448 2
1553 456 2
1553 490 0
1553 524 0
1553 538 0
1553 566 0
1553 588 2
1553 594 2
1553 602 2
1553 606 0
1553 622 2
1557 112 2
1557 116 2
1557 122 2
1557 124 2
1557 146 0
1557 164 2
1557 170 0
1557 182 0
1557 200 2
1557 284 0
1557 298 2
1557 332 0
1557 418 2
1557 472 0
1557 476 0
1557 532 2
1557 538 2
1557 620 2
1557 634 2
1557 640 0
1561 22 0
1561 24 0
1561 52 2
1561 76 2
1561 90 2
1561 92 2
1561 102 2
1561 116 2
1561 134 2
1561 136 0
1561 142 0
1561 146 0
1561 150 0
1561 158 0
1561 160 0
1561 162 0
1561 186 2
1561 192 0
1561 198 0
1561 216 2
1561 228 2
1561 230 2
1561 256 2
1561 278 2
1561 282 2
1561 286 2
1561 290 2
1561 292 2
1561 298 0
1561 312 0
1561 314 2
1561 318 2
1561 328 2
1561 352 2
1561 374 2
1561 382 0
1561 394 2
1561 398 2
1561 414 0
1561 416 2
1561 422 2
1561 424 2
1561 458 0
1561 464 0
1561 492 2
1561 498 2
1561 500 0
1561 520 0
1561 522 2
1561 526 0
1561 528 0
1561 554 2
1561 556 2
1561 558 2
1561 566 2
1561 568 2
1561 584 2
1561 590 2
1561 596 2
1561 606 2
1561 646 2
1565 16 2
1565 94 2
1565 154 2
1565 212 0
1565 218 2
1565 242 2
1565 256 2
1565 276 0
1565 304 0
1565 346 2
1565 376 2
1565 402 2
1565 406 2
1565 416 2
1565 434 2
1565 444 2
1565 448 0
1565 474 2
1565 494 2
1565 506 0
1565 518 2
1565 564 2
1565 598 2
1565 612 0
1565 616 2
1565 644 1
1569 22 0
1569 34 0
1569 56 2
1569 58 0
1569 104 0
1569 176 0
1569 182 0
1569 190 2
1569 218 2
1569 224 0
1569 244 2
1569 254 0
1569 308 0
1569 328 2
1569 370 0
1569 442 2
1569 452 0
1569 530 2
1569 610 2
1569 616 2
1569 622 0
1569 626 2
1569 646 2
1573 2 0
1573 4 2
1573 14 2
1573 30 0
1573 58 0
1573 86 2
1573 94 2
1573 98 2
1573 166 2
1573 190 2
1573 202 2
1573 252 0
1573 280 2
1573 288 2
1573 290 2
1573 322 0
1573 324 2
1573 348 2
1573 434 0
1573 460 0
1573 478 2
1573 490 2
1573 574 2
1573 582 0
1573 592 2
1573 628 0
1573 632 0
1573 642 2
1577 2 2
1577 44 2
1577 56 0
1577 72 2
1577 140 0
1577 148 2
1577 180 2
1577 226 0
1577 238 2
1577 246 2
1577 264 2
1577 296 2
1577 310 2
1577 352 0
1577 364 2
1577 366 0
1577 404 2
1577 432 2
1577 434 0
1577 442 2
1577 478 0
1577 492 2
1577 506 0
1577 546 2
1577 556 2
1577 560 0
1577 562 0
1577 588 2
1577 628 2
1577 644 0
1581 76 2
1581 92 2
1581 98 0
1581 104 2
1581 112 0
1581 128 2
1581 134 2
1581 140 2
1581 154 2
1581 182 2
1581 200 2
1581 202 2
1581 226 2
1581 322 2
1581 328 2
1581 350 2
1581 370 0
1581 406 0
1581 448 0
1581 490 2
1581 494 2
1581 518 2
1581 520 0
1581 524 2
1581 526 0
1581 538 2
1581 566 2
1581 568 0
1581 584 2
1581 592 2
1581 638 2
1581 644 2
1585 4 0
1585 46 2
1585 94 2
1585 154 2
1585 202 0
1585 206 2
1585 248 2
1585 262 2
1585 308 2
1585 322 0
1585 364 2
1585 396 2
1585 438 2
1585 476 0
1585 484 2
1585 496 1
1585 542 0
1585 588 0
1585 644 2
1585 646 1
1589 26 2
1589 48 2
1589 60 2
1589 64 2
1589 76 2
1589 78 0
1589 102 0
1589 110 2
1589 122 2
1589 144 0
1589 152 2
1589 170 2
1589 174 2
1589 178 2
1589 194 0
1589 208 2
1589 212 2
1589 236 2
1589 248 2
1589 272 0
1589 286 2
1589 290 2
1589 296 0
1589 298 0
1589 302 0
1589 310 2
1589 314 0
1589 332 0
1589 348 2
1589 354 2
1589 390 0
1589 394 0
1589 418 2
1589 440 2
1589 446 2
1589 456 2
1589 460 0
1589 474 0
1589 478 2
1589 520 2
1589 526 2
1589 528 2
1589 554 0
1589 570 0
1589 576 0
1589 592 2
1589 622 0
1589 628 0
1589 646 2
1589 650 2
1593 80 2
1593 98 0
1593 112 2
1593 166 2
1593 172 0
1593 182 0
1593 214 0
1593 274 2
1593 308 2
1593 364 2
1593 368 0
1593 466 0
1593 508 2
1593 514 2
1593 550 0
1593 556 2
1593 568 2
1593 602 2
1593 658 2
1597 16 0
1597 36 0
1597 56 2
1597 64 2
1597 76 2
1597 84 2
1597 118 0
1597 122 2
1597 134 0
1597 154 0
1597 176 2
1597 188 2
1597 204 2
1597 210 0
1597 220 2
1597 252 2
1597 266 2
1597 272 0
1597 280 2
1597 310 2
1597 372 2
1597 376 2
1597 412 2
1597 434 0
1597 440 2
1597 490 2
1597 510 0
1597 512 2
1597 518 2
1597 524 0
1597 540 0
1597 560 2
1597 574 0
1597 596 2
1601 26 2
1601 44 2
1601 72 2
1601 78 1
1601 86 2
1601 96 0
1601 110 0
1601 142 0
1601 144 2
1601 196 0
1601 198 0
1601 224 2
1601 226 2
1601 248 2
1601 280 0
1601 282 0
1601 292 0
1601 296 0
1601 322 0
1601 324 2
1601 334 2
1601 338 2
1601 348 2
1601 362 2
1601 392 2
1601 434 0
1601 460 0
1601 462 2
1601 476 2
1601 504 2
1601 506 2
1601 518 2
1601 534 2
1601 568 2
1601 600 0
1601 602 2
1601 618 2
1601 628 0
1601 658 2
1601 660 0
1605 14 0
1605 58 2
1605 64 2
1605 68 0
1605 88 2
1605 128 2
1605 194 2
1605 196 2
1605 212 2
1605 238 2
1605 362 2
1605 448 2
1605 502 0
1605 554 2
1605 574 2
1605 598 2
1605 604 2
1605 622 0
1605 632 2
1605 656 2
1605 658 0
1609 14 2
1609 36 2
1609 70 2
1609 78 0
1609 84 2
1609 112 2
1609 118 2
1609 146 0
1609 204 2
1609 218 2
1609 280 2
1609 284 2
1609 384 2
1609 402 2
1609 426 0
1609 428 2
1609 440 2
1609 462 2
1609 470 2
1609 526 2
1609 560 2
1609 598 2
1609 614 2
1609 622 2
1609 636 2
1609 660 0
1613 32 0
1613 56 2
1613 66 2
1613 122 2
1613 178 2
1613 182 2
1613 186 0
1613 240 0
1613 284 2
1613 298 2
1613 338 2
1613 364 2
1613 378 0
1613 406 2
1613 424 2
1613 476 0
1613 508 2
1613 514 2
1613 522 0
1613 528 2
1613 532 2
1613 542 0
1613 550 2
1613 552 0
1613 556 2
1613 578 2
1613 606 2
1613 612 2
1617 8 2
1617 16 2
1617 26 2
1617 40 0
1617 52 2
1617 62 2
1617 68 0
1617 80 2
1617 86 0
1617 94 2
1617 106 2
1617 118 2
1617 158 2
1617 206 0
1617 232 0
1617 236 2
1617 274 2
1617 334 2
1617 344 2
1617 362 2
1617 380 2
1617 382 2
1617 472 2
1617 478 2
1617 508 2
1617 514 2
1617 536 0
1617 566 2
1617 580 2
1617 590 0
1617 596 2
1617 640 2
1617 664 2
1621 36 2
1621 54 2
1621 62 2
1621 84 0
1621 88 0
1621 108 2
1621 122 2
1621 130 2
1621 142 0
1621 150 0
1621 160 2
1621 168 0
1621 172 0
1621 206 2
1621 220 0
1621 240 2
1621 258 2
1621 266 2
1621 284 0
1621 318 2
1621 330 2
1621 346 2
1621 368 0
1621 406 0
1621 424 0
1621 430 2
1621 452 2
1621 476 2
1621 490 2
1621 500 2
1621 534 2
1621 584 2
1621 598 0
1621 648 2
1621 658 2
1621 668 2
1625 6 0
1625 22 0
1625 42 0
1625 56 1
1625 62 2
1625 72 2
1625 92 2
1625 98 2
1625 112 2
1625 218 2
1625 238 0
1625 252 0
1625 266 2
1625 268 2
1625 284 2
1625 294 2
1625 344 2
1625 378 2
1625 384 2
1625 386 0
1625 406 2
1625 414 2
1625 418 2
1625 434 0
1625 448 0
1625 454 2
1625 456 2
1625 476 0
1625 482 2
1625 524 2
1625 568 0
1625 602 2
1625 616 2
1625 636 2
1625 638 2
1625 666 2
1625 672 1
1629 28 2
1629 40 2
1629 58 0
1629 124 0
1629 152 0
1629 182 2
1629 334 2
1629 350 2
1629 358 2
1629 418 2
1629 422 0
1629 434 2
1629 500 2
1629 518 2
1629 572 2
1629 586 0
1629 590 2
1629 632 2
1629 646 2
1629 652 2
1633 26 0
1633 30 0
1633 42 2
1633 68 2
1633 118 2
1633 128 2
1633 154 0
1633 156 2
1633 196 0
1633 198 2
1633 222 2
1633 242 2
1633 274 2
1633 314 2
1633 320 2
1633 324 2
1633 334 2
1633 336 2
1633 340 2
1633 346 2
1633 376 2
1633 422 2
1633 438 0
1633 446 2
1633 474 2
1633 476 2
1633 510 2
1633 544 0
1633 546 2
1633 572 2
1633 600 2
1633 604 0
1633 608 2
1633 630 2
1633 640 2
1633 646 2
1637 6 2
1637 34 0
1637 56 2
1637 126 2
1637 148 0
1637 202 2
1637 204 2
1637 216 2
1637 266 2
1637 278 2
1637 294 0
1637 310 1
1637 316 2
1637 344 0
1637 356 0
1637 372 0
1637 386 2
1637 408 2
1637 420 2
1637 466 2
1637 474 2
1637 506 2
1637 546 0
1637 564 2
1637 580 2
1637 602 0
1637 636 2
1637 644 2
1637 652 2
1637 678 2
1641 4 2
1641 20 2
1641 68 2
1641 98 0
1641 112 2
1641 116 2
1641 128 0
1641 154 2
1641 178 0
1641 214 0
1641 238 0
1641 280 0
1641 326 0
1641 340 2
1641 346 0
1641 392 0
1641 422 2
1641 434 2
1641 476 0
1641 490 0
1641 518 2
1641 536 2
1641 608 2
1641 620 2
1641 662 0
1645 4 2
1645 22 2
1645 64 0
1645 86 2
1645 104 2
1645 146 2
1645 166 0
1645 208 2
1645 212 0
1645 216 2
1645 236 2
1645 242 0
1645 248 0
1645 268 0
1645 276 0
1645 288 2
1645 314 0
1645 316 2
1645 332 2
1645 352 2
1645 374 2
1645 382 2
1645 384 0
1645 396 2
1645 438 0
1645 442 2
1645 444 2
1645 454 2
1645 466 0
1645 494 0
1645 502 2
1645 512 2
1645 526 2
1645 534 2
1645 536 2
1645 542 2
1645 548 2
1645 562 2
1645 566 2
1645 568 2
1645 612 2
1645 622 2
1645 636 2
1645 648 0
1645 654 0
1645 656 0
1649 6 2
1649 14 2
1649 46 2
1649 52 2
1649 56 2
1649 84 0
1649 94 0
1649 98 2
1649 130 2
1649 138 2
1649 168 2
1649 186 0
1649 190 2
1649 210 2
1649 214 2
1649 228 0
1649 266 0
1649 276 2
1649 298 0
1649 308 0
1649 312 2
1649 322 2
1649 336 0
1649 368 2
1649 398 0
1649 402 0
1649 420 2
1649 424 0
1649 430 0
1649 434 0
1649 444 2
1649 448 1
1649 450 2
1649 462 1
1649 490 0
1649 496 2
1649 500 2
1649 508 2
1649 514 2
1649 518 2
1649 522 2
1649 528 2
1649 536 2
1649 546 0
1649 560 2
1649 606 0
1649 620 2
1649 630 2
1649 654 0
1649 658 1
1653 4 0
1653 94 0
1653 146 2
1653 160 0
1653 188 0
1653 280 0
1653 314 2
1653 350 2
1653 358 2
1653 398 0
1653 476 2
1653 520 2
1653 554 2
1653 560 2
1653 568 2
1653 596 2
1653 622 2
1653 644 0
1653 650 2
1653 658 0
1653 682 2
1657 44 2
1657 54 2
1657 58 0
1657 66 2
1657 70 2
1657 82 0
1657 100 0
1657 110 0
1657 154 0
1657 168 0
1657 196 2
1657 228 2
1657 238 2
1657 254 2
1657 262 2
1657 292 2
1657 306 0
1657 310 2
1657 322 2
1657 324 2
1657 342 2
1657 360 0
1657 366 2
1657 394 0
1657 404 2
1657 450 2
1657 476 2
1657 504 2
1657 518 0
1657 520 2
1657 530 2
1657 534 2
1657 544 0
1657 574 2
1657 620 0
1657 628 2
1657 658 2
1657 670 0
1661 4 0
1661 28 2
1661 54 0
1661 58 2
1661 70 2
1661 114 0
1661 140 2
1661 182 2
1661 202 2
1661 224 2
1661 238 0
1661 252 0
1661 268 2
1661 278 0
1661 294 2
1661 320 0
1661 376 2
1661 386 0
1661 422 2
1661 474 2
1661 496 2
1661 516 2
1661 588 2
1661 632 2
1661 642 2
1661 646 0
1661 688 2
1665 106 2
1665 134 0
1665 196 0
1665 202 2
1665 236 2
1665 244 2
1665 302 0
1665 334 2
1665 344 0
1665 356 0
1665 412 2
1665 428 0
1665 476 2
1665 482 2
1665 512 2
1665 616 0
1665 626 2
1665 638 2
1665 644 2
1665 646 0
1665 664 2
1669 10 2
1669 22 0
1669 24 2
1669 46 2
1669 82 2
1669 94 2
1669 102 2
1669 116 2
1669 122 2
1669 136 0
1669 154 2
1669 178 2
1669 180 2
1669 186 0
1669 196 2
1669 210 2
1669 218 0
1669 220 0
1669 266 2
1669 284 2
1669 298 0
1669 312 0
1669 340 2
1669 346 2
1669 364 2
1669 402 2
1669 424 2
1669 434 0
1669 458 2
1669 486 2
1669 570 0
1669 578 2
1669 588 2
1669 626 0
1669 664 2
1669 690 1
1673 12 2
1673 30 0
1673 54 2
1673 60 2
1673 62 0
1673 72 2
1673 78 0
1673 88 2
1673 108 2
1673 110 2
1673 124 0
1673 132 0
1673 136 2
1673 144 0
1673 170 2
1673 184 0
1673 212 0
1673 214 0
1673 218 0
1673 248 2
1673 258 2
1673 260 0
1673 278 0
1673 282 0
1673 296 2
1673 310 2
1673 314 2
1673 320 2
1673 326 2
1673 328 2
1673 354 0
1673 368 2
1673 372 2
1673 382 2
1673 408 0
1673 430 0
1673 446 0
1673 466 0
1673 498 2
1673 500 0
1673 502 2
1673 510 2
1673 538 0
1673 548 0
1673 550 2
1673 566 2
1673 568 2
1673 578 0
1673 592 2
1673 604 2
1673 606 2
1673 612 2
1673 618 2
1673 634 2
1673 652 2
1673 656 0
1673 674 2
1673 688 2
1677 46 2
1677 56 2
1677 70 2
1677 112 2
1677 122 2
1677 124 2
1677 164 2
1677 220 0
1677 290 2
1677 346 0
1677 440 2
1677 458 0
1677 464 2
1677 476 2
1677 490 2
1677 508 0
1677 578 2
1677 592 0
1677 634 2
1677 640 0
1677 658 2
1677 682 2
1681 20 2
1681 22 0
1681 36 2
1681 50 0
1681 64 2
1681 70 2
1681 98 2
1681 110 2
1681 134 0
1681 162 2
1681 174 2
1681 272 2
1681 300 2
1681 302 2
1681 392 2
1681 400 2
1681 414 0
1681 434 2
1681 454 2
1681 484 2
1681 502 0
1681 508 2
1681 538 2
1681 552 2
1681 594 0
1681 644 2
1681 658 0
1681 680 2
1681 692 2
1685 12 2
1685 26 0
1685 72 0
1685 74 2
1685 84 2
1685 96 2
1685 134 0
1685 142 2
1685 156 1
1685 168 2
1685 172 1
1685 182 0
1685 238 2
1685 268 2
1685 278 2
1685 306 2
1685 352 2
1685 368 2
1685 406 2
1685 408 0
1685 434 2
1685 446 2
1685 454 2
1685 474 0
1685 492 0
1685 504 0
1685 518 2
1685 548 2
1685 586 2
1685 614 2
1685 642 0
1685 644 2
1689 44 2
1689 56 2
1689 58 2
1689 100 0
1689 154 2
1689 188 2
1689 286 0
1689 292 0
1689 334 2
1689 338 2
1689 350 0
1689 364 0
1689 376 2
1689 380 2
1689 418 2
1689 430 0
1689 448 2
1689 460 2
1689 464 2
1689 532 0
1689 560 2
1689 572 2
1689 626 2
1689 698 2
1693 14 2
1693 28 0
1693 62 0
1693 76 0
1693 90 2
1693 98 2
1693 112 0
1693 144 2
1693 160 2
1693 162 0
1693 198 0
1693 216 0
1693 218 0
1693 242 2
1693 252 2
1693 258 2
1693 280 2
1693 286 2
1693 300 0
1693 336 2
1693 428 0
1693 438 0
1693 484 2
1693 524 0
1693 540 2
1693 552 0
1693 554 2
1693 568 2
1693 586 2
1693 616 2
1693 624 0
1693 684 1
1693 686 0
1693 688 2
1697 14 2
1697 18 2
1697 32 0
1697 88 2
1697 102 2
1697 126 0
1697 150 0
1697 162 2
1697 220 0
1697 224 2
1697 248 2
1697 262 2
1697 280 2
1697 294 2
1697 298 0
1697 354 2
1697 358 2
1697 364 0
1697 368 0
1697 374 0
1697 396 0
1697 426 2
1697 452 0
1697 456 2
1697 472 2
1697 546 2
1697 584 0
1697 586 2
1697 606 2
1697 612 2
1697 640 0
1697 652 2
1697 668 2
1697 684 2
1697 686 2
1697 700 2
1701 8 0
1701 64 2
1701 74 0
1701 122 2
1701 128 0
1701 136 2
1701 164 0
1701 208 0
1701 218 2
1701 230 0
1701 268 2
1701 278 0
1701 320 0
1701 356 2
1701 368 0
1701 380 2
1701 382 2
1701 404 2
1701 412 2
1701 478 0
1701 514 0
1701 526 0
1701 538 0
1701 544 0
1701 562 2
1701 608 2
1701 610 2
1701 620 2
1701 628 2
1701 664 0
1701 688 0
1705 4 2
1705 24 2
1705 38 0
1705 56 0
1705 108 0
1705 112 2
1705 122 2
1705 182 2
1705 208 2
1705 228 2
1705 238 0
1705 252 2
1705 262 2
1705 276 2
1705 284 2
1705 404 0
1705 406 0
1705 438 2
1705 444 0
1705 458 0
1705 482 2
1705 498 2
1705 546 2
1705 578 2
1705 584 2
1705 588 0
1705 592 2
1705 644 2
1705 658 2
1705 676 2
1705 686 2
1705 694 2
1709 44 0
1709 104 0
1709 106 2
1709 118 0
1709 140 0
1709 162 0
1709 174 2
1709 228 2
1709 246 2
1709 252 2
1709 262 0
1709 302 2
1709 314 2
1709 316 0
1709 330 2
1709 358 2
1709 360 2
1709 370 2
1709 378 2
1709 424 2
1709 426 2
1709 428 2
1709 476 0
1709 490 2
1709 518 2
1709 540 2
1709 544 2
1709 554 2
1709 582 2
1709 588 0
1709 622 2
1709 630 2
1709 632 2
1709 664 0
1709 678 0
1713 16 0
1713 70 2
1713 80 0
1713 124 2
1713 128 2
1713 194 0
1713 212 2
1713 236 2
1713 280 2
1713 308 0
1713 310 2
1713 322 2
1713 374 2
1713 410 2
1713 460 2
1713 464 2
1713 476 2
1713 478 0
1713 488 2
1713 512 0
1713 560 0
1713 604 2
1713 656 2
1713 668 2
1713 704 2
1717 18 2
1717 28 2
1717 80 0
1717 96 2
1717 100 0
1717 114 2
1717 120 2
1717 126 0
1717 128 2
1717 166 0
1717 174 2
1717 178 2
1717 194 2
1717 196 0
1717 224 2
1717 236 2
1717 254 0
1717 276 0
1717 292 2
1717 308 0
1717 312 2
1717 316 2
1717 362 0
1717 410 2
1717 420 1
1717 450 2
1717 460 2
1717 490 0
1717 516 2
1717 548 0
1717 560 0
1717 562 2
1717 572 0
1717 588 2
1717 616 2
1717 618 2
1717 664 0
1717 700 1
1717 702 2
1721 6 2
1721 56 2
1721 78 2
1721 106 0
1721 118 0
1721 132 0
1721 148 0
1721 152 2
1721 204 2
1721 230 0
1721 240 2
1721 274 2
1721 302 2
1721 308 2
1721 316 2
1721 336 2
1721 350 0
1721 358 2
1721 372 2
1721 378 2
1721 386 2
1721 412 0
1721 442 2
1721 468 2
1721 518 2
1721 532 2
1721 540 2
1721 556 0
1721 566 0
1721 580 0
1721 630 0
1721 636 2
1721 638 1
1721 678 2
1725 4 2
1725 14 2
1725 32 2
1725 86 2
1725 106 2
1725 116 0
1725 122 2
1725 154 2
1725 182 2
1725 188 2
1725 208 2
1725 214 2
1725 238 0
1725 256 2
1725 286 0
1725 298 2
1725 308 0
1725 374 2
1725 382 0
1725 434 2
1725 494 2
1725 514 2
1725 518 2
1725 596 0
1725 662 2
1725 694 2
1729 4 2
1729 20 0
1729 46 2
1729 48 2
1729 54 2
1729 66 0
1729 74 2
1729 92 2
1729 96 2
1729 132 2
1729 134 0
1729 138 2
1729 146 2
1729 150 2
1729 164 2
1729 166 2
1729 170 2
1729 180 0
1729 220 2
1729 232 2
1729 272 2
1729 274 2
1729 282 2
1729 296 2
1729 320 2
1729 330 0
1729 360 2
1729 368 2
1729 370 2
1729 412 0
1729 440 0
1729 472 0
1729 486 2
1729 498 2
1729 500 0
1729 516 0
1729 524 2
1729 534 2
1729 544 0
1729 548 2
1729 554 2
1729 558 2
1729 592 2
1729 600 2
1729 606 2
1729 610 2
1729 626 2
1729 642 2
1729 656 2
1729 670 0
1729 682 2
1729 694 0
1729 710 2
1729 716 2
1733 18 2
1733 34 0
1733 42 2
1733 64 2
1733 70 0
1733 102 2
1733 150 2
1733 168 0
1733 172 2
1733 210 2
1733 230 2
1733 242 2
1733 298 2
1733 346 2
1733 354 2
1733 358 2
1733 368 2
1733 392 2
1733 394 0
1733 410 2
1733 426 2
1733 456 2
1733 476 2
1733 536 2
1733 574 2
1733 578 2
1733 586 0
1733 620 0
1733 626 2
1733 644 0
1733 684 2
1733 696 2
1733 710 2
1737 14 2
1737 56 0
1737 76 0
1737 154 0
1737 160 0
1737 188 0
1737 190 0
1737 194 0
1737 196 2
1737 238 0
1737 248 2
1737 260 0
1737 314 2
1737 322 0
1737 328 2
1737 356 2
1737 428 2
1737 448 2
1737 476 2
1737 496 2
1737 590 0
1737 638 2
1737 652 2
1737 686 2
1741 26 2
1741 40 0
1741 56 2
1741 60 1
1741 68 0
1741 72 2
1741 98 2
1741 112 0
1741 114 2
1741 208 2
1741 238 2
1741 256 2
1741 264 0
1741 282 2
1741 286 2
1741 308 2
1741 322 2
1741 332 2
1741 352 0
1741 354 2
1741 384 2
1741 394 2
1741 400 2
1741 408 0
1741 422 2
1741 446 2
1741 452 2
1741 520 0
1741 532 2
1741 574 0
1741 618 2
1741 632 0
1741 702 2
1741 714 0
1745 14 0
1745 24 2
1745 44 2
1745 68 2
1745 86 0
1745 122 0
1745 124 0
1745 138 2
1745 168 1
1745 184 0
1745 266 2
1745 308 2
1745 338 0
1745 352 2
1745 474 2
1745 492 0
1745 558 2
1745 628 2
1745 644 2
1745 686 0
1749 28 2
1749 56 0
1749 62 2
1749 76 0
1749 118 2
1749 208 2
1749 232 2
1749 238 0
1749 260 2
1749 302 2
1749 314 2
1749 356 0
1749 358 2
1749 392 2
1749 442 2
1749 448 2
1749 470 0
1749 476 0
1749 496 2
1749 508 0
1749 518 0
1749 532 2
1749 538 0
1749 580 0
1749 652 0
1749 668 2
1749 674 2
1753 28 2
1753 32 2
1753 52 2
1753 56 2
1753 102 0
1753 136 2
1753 148 0
1753 220 0
1753 234 2
1753 244 2
1753 266 2
1753 268 2
1753 270 1
1753 276 2
1753 290 2
1753 304 0
1753 322 0
1753 344 0
1753 368 2
1753 406 0
1753 438 2
1753 448 2
1753 518 2
1753 538 0
1753 562 2
1753 606 2
1753 612 2
1753 616 2
1753 630 2
1753 634 2
1753 638 2
1753 644 2
1753 654 2
1753 658 0
1753 686 2
1753 714 2
1757 2 2
1757 12 2
1757 48 2
1757 52 2
1757 58 2
1757 62 2
1757 74 2
1757 78 0
1757 100 2
1757 104 2
1757 122 2
1757 136 2
1757 156 2
1757 172 0
1757 180 0
1757 184 2
1757 206 2
1757 226 2
1757 236 2
1757 244 0
1757 254 0
1757 258 2
1757 260 0
1757 272 0
1757 290 0
1757 304 2
1757 306 2
1757 324 2
1757 328 0
1757 352 2
1757 354 0
1757 386 2
1757 388 0
1757 398 2
1757 402 2
1757 408 2
1757 414 2
1757 418 2
1757 430 2
1757 436 0
1757 474 0
1757 478 0
1757 486 2
1757 494 0
1757 500 2
1757 510 2
1757 526 2
1757 528 2
1757 538 2
1757 556 0
1757 558 2
1757 564 2
1757 576 2
1757 594 2
1757 596 0
1757 640 2
1757 656 2
1757 662 2
1757 668 2
1757 678 2
1757 704 2
1757 712 0
1757 716 2
1757 720 0
1757 722 2
1757 724 0
1761 28 2
1761 46 0
1761 76 2
1761 122 0
1761 130 2
1761 136 0
1761 158 2
1761 242 2
1761 266 0
1761 280 0
1761 298 2
1761 310 2
1761 326 0
1761 340 2
1761 350 2
1761 518 2
1761 532 2
1761 536 2
1761 610 2
1761 616 2
1761 664 2
1761 700 0
1761 728 2
1765 28 2
1765 78 2
1765 84 2
1765 92 2
1765 136 2
1765 146 2
1765 158 2
1765 218 2
1765 224 2
1765 232 2
1765 244 2
1765 256 2
1765 294 2
1765 308 0
1765 334 2
1765 364 1
1765 384 2
1765 398 0
1765 426 2
1765 434 2
1765 456 0
1765 504 2
1765 524 0
1765 526 2
1765 554 2
1765 566 2
1765 594 2
1765 624 0
1765 628 2
1765 636 2
1765 652 0
1765 728 0
1769 2 2
1769 4 2
1769 30 0
1769 72 2
1769 94 2
1769 124 2
1769 154 2
1769 184 2
1769 190 0
1769 212 2
1769 252 2
1769 278 2
1769 300 2
1769 336 2
1769 392 2
1769 404 2
1769 434 2
1769 436 0
1769 506 0
1769 530 2
1769 548 0
1769 558 2
1769 562 2
1769 582 2
1769 584 2
1769 594 0
1769 614 2
1769 660 2
1769 672 0
1769 674 2
1769 680 1
1769 712 0
1769 716 2
1773 2 2
1773 14 2
1773 28 2
1773 40 2
1773 44 0
1773 68 0
1773 98 0
1773 142 2
1773 170 2
1773 224 2
1773 236 2
1773 244 2
1773 250 0
1773 326 2
1773 338 0
1773 344 0
1773 362 0
1773 490 2
1773 520 2
1773 572 0
1773 602 2
1773 614 2
1773 616 2
1773 638 2
1773 644 2
1773 658 2
1773 670 2
1773 712 2
1777 14 0
1777 30 0
1777 48 0
1777 50 2
1777 64 2
1777 76 0
1777 84 2
1777 94 2
1777 126 0
1777 188 0
1777 200 0
1777 202 2
1777 204 2
1777 218 2
1777 224 0
1777 230 2
1777 238 2
1777 244 0
1777 280 2
1777 288 2
1777 290 2
1777 330 2
1777 342 2
1777 350 0
1777 356 2
1777 370 0
1777 372 2
1777 412 2
1777 422 0
1777 476 2
1777 486 0
1777 494 2
1777 512 0
1777 526 2
1777 540 2
1777 552 0
1777 554 2
1777 580 0
1777 596 0
1777 610 2
1777 630 2
1777 638 2
1777 672 2
1777 678 0
1777 682 2
1777 722 2
1777 728 2
1781 38 0
1781 70 0
1781 92 2
1781 102 0
1781 112 2
1781 136 0
1781 168 0
1781 254 2
1781 256 2
1781 304 0
1781 392 2
1781 396 2
1781 444 0
1781 450 1
1781 480 0
1781 514 0
1781 536 2
1781 570 0
1781 574 2
1781 578 0
1781 582 2
1781 612 1
1781 616 0
1781 620 1
1781 648 2
1781 662 2
1781 690 2
1781 692 2
1781 710 2
1781 714 2
1781 726 0
1781 732 2
1785 26 2
1785 76 2
1785 92 2
1785 104 2
1785 106 0
1785 166 2
1785 178 0
1785 214 2
1785 242 2
1785 244 2
1785 248 2
1785 278 2
1785 292 0
1785 302 2
1785 304 0
1785 328 0
1785 338 2
1785 344 2
1785 412 2
1785 418 0
1785 454 2
1785 466 2
1785 484 2
1785 508 2
1785 526 0
1785 548 0
1785 554 2
1785 568 2
1785 584 2
1785 586 2
1785 598 0
1785 626 2
1785 668 0
1785 688 0
1785 716 0
1785 718 2
1789 68 2
1789 78 2
1789 84 0
1789 98 0
1789 172 2
1789 186 0
1789 192 2
1789 196 2
1789 226 0
1789 262 0
1789 270 0
1789 274 2
1789 290 2
1789 294 2
1789 304 0
1789 308 0
1789 362 2
1789 378 2
1789 396 2
1789 406 0
1789 410 2
1789 416 0
1789 420 2
1789 430 2
1789 460 2
1789 470 1
1789 472 2
1789 500 2
1789 514 0
1789 542 2
1789 574 2
1789 612 2
1789 662 0
1789 686 2
1789 738 2
1793 24 2
1793 84 2
1793 104 2
1793 212 0
1793 218 0
1793 238 0
1793 246 2
1793 274 0
1793 294 0
1793 336 2
1793 342 2
1793 406 2
1793 412 0
1793 426 2
1793 434 0
1793 442 2
1793 496 2
1793 518 2
1793 564 2
1793 568 2
1793 574 2
1793 580 2
1793 588 2
1793 612 2
1793 622 0
1793 630 2
1793 644 0
1793 670 0
1793 672 2
1793 680 2
1793 722 2
1793 728 2
1793 734 2
1797 14 0
1797 44 0
1797 68 0
1797 70 2
1797 82 2
1797 118 2
1797 142 2
1797 248 2
1797 250 2
1797 268 2
1797 278 2
1797 292 2
1797 308 2
1797 320 0
1797 364 2
1797 422 2
1797 460 2
1797 470 0
1797 530 0
1797 532 2
1797 544 0
1797 608 2
1797 614 2
1797 640 2
1797 646 2
1797 700 0
1797 716 2
1797 742 2
1801 34 0
1801 40 2
1801 70 2
1801 100 0
1801 154 2
1801 168 2
1801 206 2
1801 222 0
1801 224 2
1801 240 0
1801 254 2
1801 266 2
1801 268 2
1801 322 2
1801 324 2
1801 336 2
1801 358 0
1801 392 0
1801 404 2
1801 422 2
1801 426 2
1801 434 2
1801 490 2
1801 516 2
1801 520 0
1801 572 2
1801 574 2
1801 576 0
1801 578 2
1801 628 0
1801 642 2
1801 652 2
1801 674 0
1801 676 2
1801 688 2
1801 696 2
1801 730 0
1805 8 2
1805 14 2
1805 28 2
1805 42 2
1805 56 2
1805 108 0
1805 126 2
1805 146 0
1805 148 0
1805 202 0
1805 258 0
1805 272 2
1805 286 0
1805 288 2
1805 316 2
1805 344 2
1805 358 2
1805 364 2
1805 382 0
1805 386 2
1805 398 2
1805 496 2
1805 552 2
1805 562 0
1805 566 2
1805 568 2
1805 658 2
1805 706 2
1805 708 2
1805 736 2
1809 28 2
1809 62 2
1809 116 2
1809 142 2
1809 160 0
1809 164 2
1809 196 2
1809 200 0
1809 214 2
1809 250 2
1809 298 2
1809 346 2
1809 364 2
1809 374 2
1809 434 2
1809 436 2
1809 448 2
1809 472 2
1809 476 2
1809 500 0
1809 544 2
1809 578 2
1809 602 2
1809 632 2
1809 650 2
1809 668 2
1809 718 2
1809 724 2
1809 746 0
1813 10 2
1813 34 0
1813 52 2
1813 86 0
1813 88 2
1813 92 2
1813 96 2
1813 100 2
1813 102 0
1813 116 2
1813 118 2
1813 124 2
1813 156 0
1813 158 0
1813 164 2
1813 170 0
1813 172 2
1813 176 2
1813 184 0
1813 186 0
1813 202 0
1813 220 2
1813 226 0
1813 270 2
1813 272 2
1813 304 2
1813 316 2
1813 318 2
1813 320 2
1813 328 0
1813 342 2
1813 354 2
1813 362 2
1813 374 2
1813 410 0
1813 412 0
1813 426 2
1813 452 2
1813 460 2
1813 474 2
1813 510 2
1813 520 2
1813 534 2
1813 550 2
1813 558 2
1813 562 0
1813 568 2
1813 572 0
1813 586 0
1813 596 2
1813 606 2
1813 624 2
1813 634 2
1813 678 2
1813 690 2
1813 698 2
1813 704 2
1813 716 0
1813 730 2
1813 734 2
1813 736 0
1813 738 2
1817 18 2
1817 32 2
1817 38 0
1817 42 2
1817 52 2
1817 56 0
1817 66 2
1817 70 0
1817 80 2
1817 130 2
1817 134 2
1817 136 2
1817 182 0
1817 200 2
1817 206 2
1817 210 0
1817 234 0
1817 238 2
1817 242 2
1817 256 2
1817 290 0
1817 298 2
1817 318 2
1817 340 0
1817 346 2
1817 348 2
1817 402 2
1817 416 2
1817 424 2
1817 444 0
1817 446 2
1817 454 0
1817 476 2
1817 508 2
1817 526 2
1817 550 2
1817 570 0
1817 578 2
1817 620 0
1817 634 0
1817 654 2
1817 662 0
1817 668 0
1817 672 2
1817 676 0
1817 682 2
1817 730 2
1817 742 2
1817 752 2
1821 8 0
1821 26 0
1821 28 0
1821 34 0
1821 104 0
1821 106 0
1821 140 2
1821 148 2
1821 170 0
1821 182 2
1821 188 2
1821 218 2
1821 230 0
1821 244 2
1821 266 2
1821 268 0
1821 274 2
1821 302 0
1821 308 2
1821 370 2
1821 454 0
1821 470 0
1821 512 2
1821 596 0
1821 644 0
1821 658 2
1821 676 2
1821 686 2
1821 722 2
1821 742 2
1825 42 2
1825 68 2
1825 86 2
1825 112 2
1825 114 0
1825 138 2
1825 156 0
1825 194 2
1825 294 2
1825 296 0
1825 322 2
1825 334 2
1825 362 2
1825 364 2
1825 402 0
1825 426 2
1825 436 2
1825 456 2
1825 544 0
1825 562 2
1825 572 2
1825 576 2
1825 598 1
1825 652 0
1825 698 0
1825 702 2
1825 742 2
1825 754 2
1829 30 2
1829 40 0
1829 42 0
1829 46 2
1829 54 2
1829 56 2
1829 68 2
1829 82 2
1829 98 2
1829 128 2
1829 166 0
1829 176 2
1829 180 2
1829 194 2
1829 216 2
1829 224 0
1829 226 0
1829 294 2
1829 336 2
1829 340 2
1829 350 2
1829 420 0
1829 432 2
1829 444 2
1829 448 2
1829 490 0
1829 502 0
1829 510 0
1829 516 2
1829 518 0
1829 534 0
1829 548 2
1829 568 2
1829 602 2
1829 608 2
1829 640 0
1829 658 2
1829 660 2
1829 672 0
1829 686 2
1829 700 2
1829 706 2
1829 714 0
1829 726 0
1829 742 0
1833 8 0
1833 14 2
1833 76 2
1833 82 2
1833 92 2
1833 146 2
1833 148 2
1833 154 2
1833 176 2
1833 196 2
1833 218 0
1833 230 0
1833 266 2
1833 358 0
1833 368 2
1833 392 2
1833 448 2
1833 454 2
1833 496 2
1833 526 2
1833 566 2
1833 568 0
1833 604 0
1833 622 0
1833 670 0
1833 692 2
1833 700 2
1833 722 0
1833 734 0
1833 742 2
1833 748 2
1837 60 0
1837 84 2
1837 94 0
1837 98 2
1837 102 0
1837 128 0
1837 144 0
1837 168 2
1837 178 2
1837 186 0
1837 206 2
1837 210 0
1837 266 0
1837 270 2
1837 276 2
1837 322 2
1837 326 2
1837 332 2
1837 336 0
1837 346 2
1837 360 0
1837 434 2
1837 460 2
1837 510 2
1837 584 0
1837 598 2
1837 606 2
1837 612 0
1837 618 2
1837 620 0
1837 696 0
1837 700 0
1837 752 0
1841 2 0
1841 10 0
1841 36 2
1841 38 0
1841 66 2
1841 74 2
1841 80 2
1841 92 0
1841 130 2
1841 150 2
1841 156 0
1841 166 2
1841 174 0
1841 176 2
1841 184 2
1841 206 2
1841 216 0
1841 228 0
1841 242 2
1841 260 0
1841 274 2
1841 276 0
1841 292 0
1841 302 2
1841 304 2
1841 334 0
1841 360 0
1841 368 2
1841 376 2
1841 384 0
1841 402 2
1841 428 0
1841 430 0
1841 438 2
1841 444 2
1841 472 2
1841 478 2
1841 498 2
1841 506 0
1841 514 2
1841 522 0
1841 524 2
1841 566 2
1841 568 2
1841 572 2
1841 576 2
1841 578 2
1841 590 2
1841 606 0
1841 618 2
1841 624 2
1841 632 2
1841 634 2
1841 646 2
1841 656 2
1841 662 2
1841 668 2
1841 670 2
1841 676 2
1841 678 2
1841 680 2
1841 702 2
1841 710 2
1841 712 2
1841 718 2
1841 734 2
1841 736 2
1841 738 2
1841 746 0
1841 748 0
1841 754 0
1841 758 2
1841 762 2
1845 14 2
1845 32 0
1845 52 2
1845 94 2
1845 98 2
1845 178 2
1845 196 2
1845 214 2
1845 254 2
1845 262 2
1845 308 2
1845 326 2
1845 364 2
1845 406 2
1845 416 2
1845 518 2
1845 592 2
1845 598 2
1845 644 2
1845 682 2
1845 718 0
1845 728 2
1849 50 0
1849 70 2
1849 94 2
1849 120 2
1849 134 0
1849 182 0
1849 196 2
1849 226 2
1849 260 0
1849 274 2
1849 324 0
1849 350 0
1849 364 2
1849 384 0
1849 396 0
1849 400 0
1849 412 0
1849 420 0
1849 426 0
1849 442 2
1849 460 2
1849 484 2
1849 540 2
1849 546 2
1849 568 2
1849 580 0
1849 596 2
1849 616 0
1849 622 2
1849 638 0
1849 650 2
1849 714 0
1849 720 0
1849 722 0
1849 736 2
1849 756 0
1853 2 0
1853 42 0
1853 56 2
1853 58 2
1853 70 2
1853 72 2
1853 82 2
1853 84 2
1853 96 0
1853 128 0
1853 146 0
1853 164 1
1853 166 2
1853 180 1
1853 182 0
1853 208 0
1853 210 0
1853 226 0
1853 228 2
1853 294 2
1853 320 0
1853 334 2
1853 352 2
1853 364 0
1853 380 0
1853 394 2
1853 424 2
1853 434 2
1853 440 0
1853 448 2
1853 450 2
1853 462 0
1853 488 0
1853 504 2
1853 516 0
1853 522 2
1853 530 2
1853 532 0
1853 556 2
1853 572 2
1853 600 2
1853 616 0
1853 618 2
1853 620 0
1853 656 2
1853 672 2
1853 674 0
1853 702 0
1853 718 0
1853 728 2
1853 734 2
1853 754 2
1853 756 0
1857 2 2
1857 100 2
1857 104 2
1857 124 2
1857 140 2
1857 226 2
1857 268 2
1857 290 2
1857 308 0
1857 350 0
1857 406 2
1857 418 0
1857 434 2
1857 446 0
1857 460 0
1857 464 0
1857 488 0
1857 494 2
1857 502 2
1857 532 2
1857 586 2
1857 646 2
1857 656 2
1857 658 2
1857 670 2
1857 682 2
1857 730 2
1861 42 0
1861 62 1
1861 64 2
1861 78 0
1861 92 0
1861 98 2
1861 112 0
1861 120 2
1861 132 0
1861 134 0
1861 140 2
1861 188 2
1861 254 2
1861 274 2
1861 354 2
1861 364 2
1861 392 2
1861 432 2
1861 442 2
1861 476 2
1861 496 0
1861 512 2
1861 524 0
1861 546 2
1861 574 0
1861 594 2
1861 626 2
1861 630 2
1861 734 0
1861 764 2
1865 16 2
1865 22 2
1865 24 0
1865 28 2
1865 32 0
1865 46 2
1865 56 2
1865 112 2
1865 116 2
1865 122 2
1865 158 2
1865 168 2
1865 174 1
1865 266 0
1865 278 2
1865 294 2
1865 312 1
1865 316 2
1865 354 2
1865 374 2
1865 388 2
1865 396 2
1865 476 0
1865 486 2
1865 506 2
1865 522 2
1865 546 2
1865 556 2
1865 566 0
1865 644 0
1865 648 0
1865 708 2
1865 742 2
1865 752 2
1865 762 2
1865 768 0
1869 16 2
1869 20 0
1869 52 2
1869 64 2
1869 118 0
1869 134 0
1869 142 0
1869 164 2
1869 172 2
1869 188 2
1869 200 2
1869 202 2
1869 212 2
1869 232 2
1869 256 2
1869 268 0
1869 272 0
1869 290 0
1869 302 0
1869 320 0
1869 326 2
1869 332 2
1869 334 2
1869 376 2
1869 380 2
1869 394 0
1869 412 2
1869 418 2
1869 440 2
1869 460 0
1869 494 0
1869 514 0
1869 526 2
1869 538 2
1869 572 0
1869 596 0
1869 598 2
1869 604 2
1869 640 2
1869 646 2
1869 662 2
1869 698 2
1869 706 2
1869 710 2
1869 734 2
1869 740 2
1869 748 0
1869 752 2
1869 764 0
1873 10 0
1873 18 2
1873 48 0
1873 88 2
1873 94 0
1873 102 2
1873 108 2
1873 116 2
1873 182 2
1873 228 0
1873 242 2
1873 248 2
1873 266 2
1873 284 0
1873 298 0
1873 318 2
1873 340 0
1873 366 0
1873 462 0
1873 516 2
1873 518 2
1873 550 2
1873 578 2
1873 588 2
1873 592 0
1873 634 2
1873 640 2
1873 660 2
1873 662 2
1873 668 0
1873 724 2
1873 732 2
1873 770 2
1877 20 0
1877 34 2
1877 78 2
1877 90 2
1877 92 2
1877 106 2
1877 132 0
1877 162 0
1877 210 2
1877 216 0
1877 224 2
1877 230 2
1877 232 0
1877 244 0
1877 252 2
1877 260 2
1877 272 2
1877 276 2
1877 294 2
1877 344 0
1877 380 2
1877 384 2
1877 414 0
1877 434 0
1877 448 2
1877 454 2
1877 484 2
1877 490 0
1877 512 0
1877 524 2
1877 552 2
1877 566 2
1877 568 0
1877 570 2
1877 602 2
1877 624 2
1877 644 2
1877 650 0
1877 658 0
1877 666 2
1877 668 2
1877 672 0
1877 692 0
1877 706 0
1877 736 2
1877 756 1
1877 762 2
1881 14 0
1881 40 2
1881 56 2
1881 58 2
1881 142 2
1881 160 2
1881 224 2
1881 226 2
1881 238 0
1881 322 2
1881 350 2
1881 356 2
1881 362 0
1881 404 2
1881 448 2
1881 520 0
1881 562 0
1881 632 0
1881 658 0
1881 686 2
1881 712 0
1881 728 2
1881 730 0
1881 742 2
1881 754 0
1885 72 2
1885 84 0
1885 106 0
1885 154 2
1885 198 2
1885 264 0
1885 292 2
1885 306 2
1885 324 2
1885 362 2
1885 378 1
1885 434 2
1885 446 2
1885 448 0
1885 476 1
1885 478 0
1885 482 2
1885 492 2
1885 528 2
1885 532 2
1885 574 2
1885 586 2
1885 596 2
1885 616 2
1885 658 2
1885 746 2
1889 6 2
1889 36 2
1889 42 2
1889 46 2
1889 52 2
1889 98 2
1889 100 2
1889 144 0
1889 154 2
1889 176 2
1889 182 2
1889 194 2
1889 196 0
1889 198 0
1889 216 2
1889 238 0
1889 244 0
1889 300 0
1889 344 0
1889 392 0
1889 414 2
1889 434 0
1889 468 2
1889 470 0
1889 476 2
1889 532 2
1889 536 2
1889 538 2
1889 546 0
1889 552 2
1889 582 2
1889 640 2
1889 684 0
1889 694 2
1889 706 0
1889 714 2
1889 732 2
1889 736 2
1889 742 2
1889 778 2
1889 782 1
1893 2 2
1893 34 2
1893 46 2
1893 112 0
1893 158 2
1893 206 2
1893 214 2
1893 260 2
1893 284 0
1893 290 0
1893 322 2
1893 424 0
1893 452 2
1893 476 0
1893 518 2
1893 578 0
1893 590 2
1893 598 2
1893 626 0
1893 652 2
1893 770 2
1893 782 0
1897 22 2
1897 38 2
1897 60 2
1897 76 2
1897 92 0
1897 108 2
1897 122 2
1897 124 0
1897 128 0
1897 130 0
1897 156 0
1897 174 2
1897 176 0
1897 184 2
1897 190 0
1897 192 0
1897 198 0
1897 200 2
1897 212 0
1897 216 2
1897 226 2
1897 234 0
1897 242 2
1897 258 0
1897 262 2
1897 264 2
1897 276 2
1897 286 2
1897 292 0
1897 300 2
1897 310 2
1897 312 0
1897 328 0
1897 360 2
1897 404 2
1897 408 2
1897 438 2
1897 446 0
1897 452 2
1897 456 2
1897 498 2
1897 500 2
1897 502 2
1897 510 2
1897 520 2
1897 524 2
1897 552 2
1897 558 2
1897 562 0
1897 564 0
1897 570 0
1897 582 0
1897 586 0
1897 590 2
1897 594 2
1897 608 0
1897 618 2
1897 620 2
1897 636 2
1897 638 2
1897 652 2
1897 668 0
1897 676 2
1897 680 0
1897 704 2
1897 706 2
1897 708 2
1897 726 0
1897 748 0
1897 768 2
1897 776 2
1901 24 0
1901 46 2
1901 110 0
1901 130 0
1901 150 0
1901 164 2
1901 184 0
1901 192 2
1901 210 2
1901 224 2
1901 248 2
1901 252 0
1901 280 2
1901 284 2
1901 332 2
1901 368 2
1901 384 2
1901 402 2
1901 420 0
1901 430 2
1901 466 2
1901 486 0
1901 500 2
1901 528 2
1901 578 0
1901 588 0
1901 598 0
1901 630 1
1901 662 0
1901 686 2
1901 698 2
1901 714 0
1901 728 2
1905 28 0
1905 104 0
1905 118 2
1905 142 0
1905 302 2
1905 314 0
1905 326 2
1905 424 0
1905 434 0
1905 442 0
1905 446 2
1905 448 2
1905 512 2
1905 518 2
1905 524 0
1905 538 2
1905 632 0
1905 638 2
1905 652 2
1905 778 2
1909 22 2
1909 40 0
1909 42 0
1909 96 2
1909 98 2
1909 114 2
1909 124 0
1909 140 0
1909 156 2
1909 168 0
1909 182 2
1909 208 0
1909 240 0
1909 278 0
1909 336 2
1909 350 2
1909 364 0
1909 376 2
1909 380 0
1909 404 2
1909 406 0
1909 418 2
1909 422 2
1909 474 2
1909 476 2
1909 504 2
1909 512 2
1909 532 0
1909 544 2
1909 548 2
1909 558 2
1909 610 2
1909 632 0
1909 646 0
1909 668 2
1909 670 2
1909 712 2
1909 714 2
1909 744 2
1909 758 2
1909 770 2
1909 786 0
1913 26 2
1913 54 2
1913 72 2
1913 82 0
1913 86 2
1913 126 2
1913 140 0
1913 152 0
1913 184 2
1913 196 2
1913 222 2
1913 238 2
1913 268 0
1913 296 2
1913 320 2
1913 324 2
1913 348 2
1913 362 2
1913 364 2
1913 410 2
1913 418 2
1913 434 0
1913 472 2
1913 534 2
1913 548 2
1913 560 1
1913 562 2
1913 604 0
1913 656 2
1913 698 0
1913 704 2
1913 728 0
1913 744 0
1913 772 2
1913 782 2
1913 784 2
1913 786 0
1917 56 2
1917 92 2
1917 104 2
1917 112 2
1917 160 0
1917 230 0
1917 250 0
1917 260 2
1917 280 0
1917 356 0
1917 386 2
1917 424 2
1917 434 2
1917 476 0
1917 512 0
1917 518 0
1917 610 2
1917 638 2
1917 650 0
1917 664 2
1917 680 0
1917 778 0
1921 4 2
1921 8 2
1921 70 2
1921 88 2
1921 122 2
1921 144 0
1921 172 2
1921 178 0
1921 192 2
1921 196 2
1921 206 2
1921 252 2
1921 262 2
1921 282 2
1921 290 2
1921 308 2
1921 322 2
1921 346 2
1921 364 0
1921 378 2
1921 384 0
1921 392 2
1921 400 2
1921 420 2
1921 448 2
1921 466 0
1921 500 0
1921 514 2
1921 542 2
1921 556 2
1921 560 0
1921 564 2
1921 574 2
1921 584 2
1921 592 0
1921 602 2
1921 634 2
1921 648 2
1921 672 2
1921 676 2
1921 696 2
1921 724 0
1921 742 2
1921 746 0
1921 752 0
1921 760 1
1921 772 2
1921 792 1
1921 794 0
1925 24 0
1925 36 0
1925 68 0
1925 92 2
1925 116 2
1925 118 2
1925 124 2
1925 138 2
1925 166 2
1925 174 2
1925 222 2
1925 228 2
1925 254 2
1925 282 0
1925 284 2
1925 288 2
1925 296 0
1925 348 2
1925 356 0
1925 366 0
1925 384 2
1925 398 0
1925 408 2
1925 416 2
1925 474 2
1925 498 0
1925 508 2
1925 522 0
1925 542 0
1925 544 2
1925 582 2
1925 604 2
1925 608 0
1925 628 2
1925 634 2
1925 664 2
1925 724 2
1925 738 2
1925 752 0
1925 758 0
1925 766 2
1925 774 0
1925 782 0
1925 794 2
1929 38 2
1929 70 2
1929 122 0
1929 224 0
1929 290 2
1929 296 0
1929 326 2
1929 332 0
1929 358 2
1929 374 0
1929 410 2
1929 508 2
1929 542 0
1929 574 2
1929 592 2
1929 622 2
1929 644 2
1929 668 2
1929 704 0
1929 766 0
1929 782 2
1929 784 0
1933 2 2
1933 22 2
1933 92 2
1933 106 2
1933 148 0
1933 174 2
1933 198 2
1933 210 2
1933 216 0
1933 238 0
1933 258 0
1933 260 0
1933 344 2
1933 398 0
1933 442 2
1933 470 2
1933 482 2
1933 488 2
1933 532 2
1933 566 2
1933 658 2
1933 664 2
1933 672 2
1933 678 2
1933 700 0
1933 734 2
1933 762 0
1933 792 2
1937 2 2
1937 8 2
1937 40 2
1937 54 0
1937 68 2
1937 70 2
1937 90 1
1937 98 0
1937 106 2
1937 138 2
1937 196 2
1937 224 2
1937 238 2
1937 240 2
1937 278 2
1937 292 2
1937 310 2
1937 320 0
1937 332 0
1937 354 2
1937 378 2
1937 404 0
1937 460 2
1937 478 2
1937 482 2
1937 492 2
1937 518 2
1937 560 0
1937 562 2
1937 574 0
1937 576 2
1937 586 2
1937 626 0
1937 730 2
1937 744 2
1937 746 2
1937 782 0
1937 796 2
1937 800 1
1941 74 2
1941 124 2
1941 142 0
1941 154 0
1941 184 2
1941 196 2
1941 224 0
1941 250 2
1941 296 2
1941 322 0
1941 352 2
1941 416 0
1941 428 0
1941 434 2
1941 436 0
1941 464 2
1941 490 2
1941 526 2
1941 532 2
1941 572 2
1941 602 2
1941 628 2
1941 646 2
1941 662 0
1941 686 2
1941 740 2
1941 758 2
1941 782 2
1941 796 2
1945 12 0
1945 34 2
1945 36 2
1945 42 0
1945 48 2
1945 64 0
1945 126 2
1945 132 2
1945 146 2
1945 182 2
1945 184 2
1945 218 2
1945 246 1
1945 252 2
1945 272 2
1945 286 0
1945 302 2
1945 306 2
1945 344 0
1945 384 2
1945 404 2
1945 412 2
1945 434 0
1945 462 2
1945 476 2
1945 496 0
1945 504 2
1945 518 0
1945 532 0
1945 588 0
1945 606 2
1945 622 2
1945 624 1
1945 636 2
1945 706 2
1945 728 2
1945 736 2
1945 804 2
1949 18 2
1949 66 2
1949 112 0
1949 126 0
1949 130 2
1949 136 0
1949 154 2
1949 170 0
1949 172 2
1949 182 2
1949 186 0
1949 192 2
1949 222 0
1949 238 2
1949 256 2
1949 262 0
1949 290 2
1949 304 0
1949 308 2
1949 374 2
1949 420 2
1949 440 0
1949 444 0
1949 448 0
1949 464 2
1949 476 2
1949 504 2
1949 538 2
1949 556 0
1949 560 0
1949 626 0
1949 640 2
1949 644 2
1949 686 2
1949 690 2
1949 704 2
1949 728 0
1949 732 2
1949 736 2
1949 742 2
1949 760 2
1949 766 0
1949 788 2
1949 798 2
1953 2 0
1953 4 2
1953 16 2
1953 22 2
1953 40 0
1953 52 2
1953 68 0
1953 76 0
1953 86 0
1953 94 2
1953 128 2
1953 142 0
1953 158 0
1953 166 0
1953 170 0
1953 190 2
1953 230 2
1953 244 0
1953 260 0
1953 272 2
1953 274 2
1953 328 2
1953 332 2
1953 340 2
1953 352 0
1953 370 0
1953 374 2
1953 382 2
1953 410 0
1953 424 2
1953 440 2
1953 458 2
1953 482 2
1953 488 2
1953 508 2
1953 548 2
1953 580 0
1953 604 2
1953 608 2
1953 628 0
1953 634 0
1953 646 2
1953 662 0
1953 688 2
1953 692 2
1953 712 2
1953 716 2
1953 778 0
1953 788 2
1953 800 0
1957 16 2
1957 46 2
1957 66 0
1957 74 0
1957 120 2
1957 140 2
1957 168 0
1957 178 2
1957 182 2
1957 200 0
1957 210 2
1957 234 0
1957 256 2
1957 278 2
1957 312 2
1957 374 0
1957 392 2
1957 396 0
1957 430 0
1957 444 0
1957 476 2
1957 480 0
1957 528 2
1957 536 2
1957 550 0
1957 566 2
1957 604 0
1957 612 2
1957 620 0
1957 664 2
1957 668 0
1957 714 2
1957 732 2
1957 742 0
1957 752 2
1957 756 2
1957 784 2
1957 788 2
1957 808 0
1961 34 0
1961 40 2
1961 48 2
1961 126 0
1961 136 2
1961 158 2
1961 168 2
1961 188 2
1961 202 0
1961 216 0
1961 308 2
1961 322 2
1961 328 0
1961 350 2
1961 372 0
1961 384 2
1961 398 0
1961 414 2
1961 426 2
1961 442 2
1961 498 0
1961 504 2
1961 524 0
1961 526 2
1961 528 2
1961 532 0
1961 540 2
1961 550 2
1961 624 2
1961 628 0
1961 646 0
1961 658 2
1961 664 2
1961 686 0
1961 724 0
1961 728 0
1961 764 2
1961 776 0
1961 798 1
1965 26 2
1965 28 0
1965 56 2
1965 68 2
1965 82 2
1965 112 0
1965 184 2
1965 196 2
1965 334 2
1965 364 2
1965 404 2
1965 484 2
1965 488 2
1965 506 0
1965 572 2
1965 656 2
1965 658 2
1965 688 0
1965 754 2
1965 778 2
1969 26 2
1969 68 2
1969 96 2
1969 114 0
1969 126 0
1969 142 2
1969 152 2
1969 170 2
1969 180 0
1969 210 2
1969 224 0
1969 246 2
1969 254 0
1969 292 2
1969 306 2
1969 320 2
1969 324 2
1969 362 2
1969 390 0
1969 394 2
1969 434 0
1969 502 2
1969 556 0
1969 600 2
1969 656 0
1969 658 2
1969 686 2
1973 14 0
1973 36 2
1973 42 2
1973 106 2
1973 120 0
1973 128 2
1973 162 0
1973 176 2
1973 188 2
1973 218 0
1973 238 0
1973 244 0
1973 272 2
1973 280 0
1973 286 0
1973 314 2
1973 324 0
1973 400 2
1973 414 2
1973 426 2
1973 484 0
1973 496 2
1973 510 0
1973 524 2
1973 540 0
1973 566 0
1973 580 2
1973 582 0
1973 584 2
1973 610 2
1973 680 2
1973 686 0
1973 690 1
1973 694 0
1973 700 2
1973 722 0
1973 734 2
1973 754 2
1973 762 2
1973 778 2
1973 784 2
1977 56 2
1977 58 2
1977 116 2
1977 136 2
1977 140 2
1977 182 2
1977 196 0
1977 200 0
1977 202 2
1977 262 2
1977 304 0
1977 308 0
1977 346 0
1977 508 2
1977 578 2
1977 584 2
1977 598 0
1977 626 2
1977 644 0
1977 646 2
1977 680 2
1977 692 2
1977 704 0
1977 718 0
1977 724 0
1977 746 2
1977 784 2
1977 794 2
1981 2 2
1981 8 2
1981 36 2
1981 44 0
1981 50 0
1981 54 0
1981 76 2
1981 78 2
1981 86 2
1981 88 2
1981 100 2
1981 118 2
1981 138 0
1981 144 2
1981 152 0
1981 174 2
1981 188 2
1981 200 2
1981 204 2
1981 220 2
1981 228 2
1981 246 0
1981 262 2
1981 272 0
1981 296 2
1981 302 0
1981 316 0
1981 326 2
1981 342 0
1981 344 2
1981 354 2
1981 358 2
1981 360 0
1981 366 0
1981 372 0
1981 394 2
1981 400 2
1981 404 0
1981 422 0
1981 440 2
1981 450 0
1981 458 0
1981 460 2
1981 464 2
1981 480 0
1981 484 2
1981 502 2
1981 510 2
1981 514 0
1981 536 0
1981 542 2
1981 558 2
1981 564 0
1981 576 2
1981 582 2
1981 592 0
1981 604 2
1981 614 2
1981 636 2
1981 642 2
1981 654 2
1981 660 0
1981 666 2
1981 676 0
1981 688 0
1981 698 2
1981 722 0
1981 744 2
1981 746 2
1981 750 0
1981 752 2
1981 758 2
1981 762 2
1981 764 2
1981 772 2
1981 780 2
1981 782 0
1981 792 2
1981 814 0
1981 818 2
1981 820 2
1985 14 2
1985 46 2
1985 52 2
1985 56 0
1985 98 0
1985 112 2
1985 118 2
1985 126 0
1985 172 2
1985 178 0
1985 192 0
1985 196 2
1985 262 0
1985 264 2
1985 274 2
1985 314 2
1985 336 2
1985 362 2
1985 444 2
1985 466 0
1985 514 0
1985 522 2
1985 546 2
1985 568 2
1985 592 2
1985 634 0
1985 644 2
1985 654 2
1985 656 2
1985 668 2
1985 696 2
1985 714 1
1985 716 0
1985 738 2
1985 756 2
1985 804 2
1985 808 2
1985 812 0
1985 816 2
1989 16 2
1989 28 0
1989 50 0
1989 64 0
1989 70 0
1989 74 0
1989 134 2
1989 188 2
1989 196 0
1989 212 0
1989 230 2
1989 280 2
1989 310 2
1989 322 0
1989 328 2
1989 356 2
1989 392 2
1989 398 0
1989 454 2
1989 470 2
1989 524 0
1989 622 2
1989 644 2
1989 692 2
1989 706 0
1989 722 2
1989 742 0
1989 760 0
1989 776 2
1989 790 2
1989 800 2
1993 42 0
1993 46 2
1993 52 2
1993 56 2
1993 70 0
1993 72 0
1993 84 0
1993 166 2
1993 212 2
1993 238 2
1993 240 2
1993 242 0
1993 248 2
1993 254 2
1993 314 2
1993 352 2
1993 362 2
1993 372 2
1993 408 2
1993 478 2
1993 502 0
1993 518 2
1993 542 2
1993 548 2
1993 560 2
1993 568 2
1993 576 2
1993 586 0
1993 604 2
1993 614 0
1993 616 0
1993 634 0
1993 644 2
1993 672 2
1993 684 2
1993 706 2
1993 740 2
1993 742 2
1993 758 2
1993 770 2
1993 782 2
1993 798 2
1997 26 2
1997 58 2
1997 72 0
1997 82 2
1997 112 0
1997 126 2
1997 156 2
1997 166 2
1997 180 2
1997 186 2
1997 196 2
1997 230 2
1997 240 2
1997 264 2
1997 296 2
1997 304 2
1997 404 2
1997 408 2
1997 434 2
1997 446 2
1997 518 0
1997 524 2
1997 546 0
1997 604 0
1997 616 2
1997 630 2
1997 632 2
1997 642 2
1997 688 2
1997 700 0
1997 750 2
1997 774 2
1997 784 2
1997 814 2
# FINAL: total=811155 passers=10669 deg=7556 ndeg=3113
