[0;31m  ***   Warning: new stack size = 500000000 (476.837 Mbytes).[0m
====================================================================
SMART BRAUER-MANIN HILBERT-SYMBOL CANDIDATES on V_q
====================================================================

For each fiber, each of 10 d-candidates, each of 14 X values:
  - evaluate d at 8 baseline c=0 points (signs of e,f,g)
  - compute inv_p(d,X) at p in {2,3,5,7,11,13,oo}
  - check (a) full reciprocity sum (must be 0 by Hilbert reciprocity)
           (b) whether the local invariant TUPLE is constant on baselines
           (c) whether it is nontrivial

A candidate is INTERESTING if its invariant tuple is constant across
ALL 8 baselines AND nontrivial. This means the Hilbert symbol descends
to a well-defined locally constant function on the c=0 stratum of V_q.

Sanity: global reciprocity sum for a=6913/2277, b=-1 (sample):
  sum = 0  (must be 0)

==================================================
Fiber (m,n) = (61,38)
  q     = 4636/2277 = 4636/2277
  w/D   = 5165/2277 = 5165/2277

>>> CONSTANT-NONTRIVIAL  fiber (61,38)  d=e+f  X=2
    tuple [2,3,5,7,11,13,oo] = [1, 0, 0, 0, 1, 0, 0]
    d values across baselines:
      sign [1, 1, 1] -> d=6913/2277
      sign [1, 1, -1] -> d=6913/2277
      sign [1, -1, 1] -> d=2359/2277
      sign [1, -1, -1] -> d=2359/2277
      sign [-1, 1, 1] -> d=-2359/2277
      sign [-1, 1, -1] -> d=-2359/2277
      sign [-1, -1, 1] -> d=-6913/2277
      sign [-1, -1, -1] -> d=-6913/2277
    recip sums (full): [0, 0, 0, 0, 0, 0, 0, 0]
    NOTE: per global Hilbert reciprocity, the partial sum over
          a finite prime set may be nonzero; the FULL sum over
          all bad primes is always 0 (sanity).
>>> CONSTANT-NONTRIVIAL  fiber (61,38)  d=e-f  X=2
    tuple [2,3,5,7,11,13,oo] = [1, 0, 0, 0, 1, 0, 0]
    d values across baselines:
      sign [1, 1, 1] -> d=2359/2277
      sign [1, 1, -1] -> d=2359/2277
      sign [1, -1, 1] -> d=6913/2277
      sign [1, -1, -1] -> d=6913/2277
      sign [-1, 1, 1] -> d=-6913/2277
      sign [-1, 1, -1] -> d=-6913/2277
      sign [-1, -1, 1] -> d=-2359/2277
      sign [-1, -1, -1] -> d=-2359/2277
    recip sums (full): [0, 0, 0, 0, 0, 0, 0, 0]
    NOTE: per global Hilbert reciprocity, the partial sum over
          a finite prime set may be nonzero; the FULL sum over
          all bad primes is always 0 (sanity).
>>> CONSTANT-NONTRIVIAL  fiber (61,38)  d=e+g  X=2
    tuple [2,3,5,7,11,13,oo] = [1, 0, 0, 0, 1, 0, 0]
    d values across baselines:
      sign [1, 1, 1] -> d=99/23
      sign [1, 1, -1] -> d=-23/99
      sign [1, -1, 1] -> d=99/23
      sign [1, -1, -1] -> d=-23/99
      sign [-1, 1, 1] -> d=23/99
      sign [-1, 1, -1] -> d=-99/23
      sign [-1, -1, 1] -> d=23/99
      sign [-1, -1, -1] -> d=-99/23
    recip sums (full): [0, 0, 0, 0, 0, 0, 0, 0]
    NOTE: per global Hilbert reciprocity, the partial sum over
          a finite prime set may be nonzero; the FULL sum over
          all bad primes is always 0 (sanity).
>>> CONSTANT-NONTRIVIAL  fiber (61,38)  d=e+g  X=5
    tuple [2,3,5,7,11,13,oo] = [0, 0, 1, 0, 0, 0, 0]
    d values across baselines:
      sign [1, 1, 1] -> d=99/23
      sign [1, 1, -1] -> d=-23/99
      sign [1, -1, 1] -> d=99/23
      sign [1, -1, -1] -> d=-23/99
      sign [-1, 1, 1] -> d=23/99
      sign [-1, 1, -1] -> d=-99/23
      sign [-1, -1, 1] -> d=23/99
      sign [-1, -1, -1] -> d=-99/23
    recip sums (full): [0, 0, 0, 0, 0, 0, 0, 0]
    NOTE: per global Hilbert reciprocity, the partial sum over
          a finite prime set may be nonzero; the FULL sum over
          all bad primes is always 0 (sanity).
>>> CONSTANT-NONTRIVIAL  fiber (61,38)  d=e+g  X=10
    tuple [2,3,5,7,11,13,oo] = [1, 0, 1, 0, 1, 0, 0]
    d values across baselines:
      sign [1, 1, 1] -> d=99/23
      sign [1, 1, -1] -> d=-23/99
      sign [1, -1, 1] -> d=99/23
      sign [1, -1, -1] -> d=-23/99
      sign [-1, 1, 1] -> d=23/99
      sign [-1, 1, -1] -> d=-99/23
      sign [-1, -1, 1] -> d=23/99
      sign [-1, -1, -1] -> d=-99/23
    recip sums (full): [0, 0, 0, 0, 0, 0, 0, 0]
    NOTE: per global Hilbert reciprocity, the partial sum over
          a finite prime set may be nonzero; the FULL sum over
          all bad primes is always 0 (sanity).
>>> CONSTANT-NONTRIVIAL  fiber (61,38)  d=e-g  X=2
    tuple [2,3,5,7,11,13,oo] = [1, 0, 0, 0, 1, 0, 0]
    d values across baselines:
      sign [1, 1, 1] -> d=-23/99
      sign [1, 1, -1] -> d=99/23
      sign [1, -1, 1] -> d=-23/99
      sign [1, -1, -1] -> d=99/23
      sign [-1, 1, 1] -> d=-99/23
      sign [-1, 1, -1] -> d=23/99
      sign [-1, -1, 1] -> d=-99/23
      sign [-1, -1, -1] -> d=23/99
    recip sums (full): [0, 0, 0, 0, 0, 0, 0, 0]
    NOTE: per global Hilbert reciprocity, the partial sum over
          a finite prime set may be nonzero; the FULL sum over
          all bad primes is always 0 (sanity).
>>> CONSTANT-NONTRIVIAL  fiber (61,38)  d=e-g  X=5
    tuple [2,3,5,7,11,13,oo] = [0, 0, 1, 0, 0, 0, 0]
    d values across baselines:
      sign [1, 1, 1] -> d=-23/99
      sign [1, 1, -1] -> d=99/23
      sign [1, -1, 1] -> d=-23/99
      sign [1, -1, -1] -> d=99/23
      sign [-1, 1, 1] -> d=-99/23
      sign [-1, 1, -1] -> d=23/99
      sign [-1, -1, 1] -> d=-99/23
      sign [-1, -1, -1] -> d=23/99
    recip sums (full): [0, 0, 0, 0, 0, 0, 0, 0]
    NOTE: per global Hilbert reciprocity, the partial sum over
          a finite prime set may be nonzero; the FULL sum over
          all bad primes is always 0 (sanity).
>>> CONSTANT-NONTRIVIAL  fiber (61,38)  d=e-g  X=10
    tuple [2,3,5,7,11,13,oo] = [1, 0, 1, 0, 1, 0, 0]
    d values across baselines:
      sign [1, 1, 1] -> d=-23/99
      sign [1, 1, -1] -> d=99/23
      sign [1, -1, 1] -> d=-23/99
      sign [1, -1, -1] -> d=99/23
      sign [-1, 1, 1] -> d=-99/23
      sign [-1, 1, -1] -> d=23/99
      sign [-1, -1, 1] -> d=-99/23
      sign [-1, -1, -1] -> d=23/99
    recip sums (full): [0, 0, 0, 0, 0, 0, 0, 0]
    NOTE: per global Hilbert reciprocity, the partial sum over
          a finite prime set may be nonzero; the FULL sum over
          all bad primes is always 0 (sanity).
>>> CONSTANT-NONTRIVIAL  fiber (61,38)  d=f+g  X=2
    tuple [2,3,5,7,11,13,oo] = [1, 0, 0, 0, 1, 0, 0]
    d values across baselines:
      sign [1, 1, 1] -> d=7442/2277
      sign [1, 1, -1] -> d=-2888/2277
      sign [1, -1, 1] -> d=2888/2277
      sign [1, -1, -1] -> d=-7442/2277
      sign [-1, 1, 1] -> d=7442/2277
      sign [-1, 1, -1] -> d=-2888/2277
      sign [-1, -1, 1] -> d=2888/2277
      sign [-1, -1, -1] -> d=-7442/2277
    recip sums (full): [0, 0, 0, 0, 0, 0, 0, 0]
    NOTE: per global Hilbert reciprocity, the partial sum over
          a finite prime set may be nonzero; the FULL sum over
          all bad primes is always 0 (sanity).
>>> CONSTANT-NONTRIVIAL  fiber (61,38)  d=f+g  X=5
    tuple [2,3,5,7,11,13,oo] = [1, 0, 0, 0, 0, 0, 0]
    d values across baselines:
      sign [1, 1, 1] -> d=7442/2277
      sign [1, 1, -1] -> d=-2888/2277
      sign [1, -1, 1] -> d=2888/2277
      sign [1, -1, -1] -> d=-7442/2277
      sign [-1, 1, 1] -> d=7442/2277
      sign [-1, 1, -1] -> d=-2888/2277
      sign [-1, -1, 1] -> d=2888/2277
      sign [-1, -1, -1] -> d=-7442/2277
    recip sums (full): [0, 0, 0, 0, 0, 0, 0, 0]
    NOTE: per global Hilbert reciprocity, the partial sum over
          a finite prime set may be nonzero; the FULL sum over
          all bad primes is always 0 (sanity).
>>> CONSTANT-NONTRIVIAL  fiber (61,38)  d=f+g  X=10
    tuple [2,3,5,7,11,13,oo] = [0, 0, 0, 0, 1, 0, 0]
    d values across baselines:
      sign [1, 1, 1] -> d=7442/2277
      sign [1, 1, -1] -> d=-2888/2277
      sign [1, -1, 1] -> d=2888/2277
      sign [1, -1, -1] -> d=-7442/2277
      sign [-1, 1, 1] -> d=7442/2277
      sign [-1, 1, -1] -> d=-2888/2277
      sign [-1, -1, 1] -> d=2888/2277
      sign [-1, -1, -1] -> d=-7442/2277
    recip sums (full): [0, 0, 0, 0, 0, 0, 0, 0]
    NOTE: per global Hilbert reciprocity, the partial sum over
          a finite prime set may be nonzero; the FULL sum over
          all bad primes is always 0 (sanity).
>>> CONSTANT-NONTRIVIAL  fiber (61,38)  d=f-g  X=2
    tuple [2,3,5,7,11,13,oo] = [1, 0, 0, 0, 1, 0, 0]
    d values across baselines:
      sign [1, 1, 1] -> d=-2888/2277
      sign [1, 1, -1] -> d=7442/2277
      sign [1, -1, 1] -> d=-7442/2277
      sign [1, -1, -1] -> d=2888/2277
      sign [-1, 1, 1] -> d=-2888/2277
      sign [-1, 1, -1] -> d=7442/2277
      sign [-1, -1, 1] -> d=-7442/2277
      sign [-1, -1, -1] -> d=2888/2277
    recip sums (full): [0, 0, 0, 0, 0, 0, 0, 0]
    NOTE: per global Hilbert reciprocity, the partial sum over
          a finite prime set may be nonzero; the FULL sum over
          all bad primes is always 0 (sanity).
>>> CONSTANT-NONTRIVIAL  fiber (61,38)  d=f-g  X=5
    tuple [2,3,5,7,11,13,oo] = [1, 0, 0, 0, 0, 0, 0]
    d values across baselines:
      sign [1, 1, 1] -> d=-2888/2277
      sign [1, 1, -1] -> d=7442/2277
      sign [1, -1, 1] -> d=-7442/2277
      sign [1, -1, -1] -> d=2888/2277
      sign [-1, 1, 1] -> d=-2888/2277
      sign [-1, 1, -1] -> d=7442/2277
      sign [-1, -1, 1] -> d=-7442/2277
      sign [-1, -1, -1] -> d=2888/2277
    recip sums (full): [0, 0, 0, 0, 0, 0, 0, 0]
    NOTE: per global Hilbert reciprocity, the partial sum over
          a finite prime set may be nonzero; the FULL sum over
          all bad primes is always 0 (sanity).
>>> CONSTANT-NONTRIVIAL  fiber (61,38)  d=f-g  X=10
    tuple [2,3,5,7,11,13,oo] = [0, 0, 0, 0, 1, 0, 0]
    d values across baselines:
      sign [1, 1, 1] -> d=-2888/2277
      sign [1, 1, -1] -> d=7442/2277
      sign [1, -1, 1] -> d=-7442/2277
      sign [1, -1, -1] -> d=2888/2277
      sign [-1, 1, 1] -> d=-2888/2277
      sign [-1, 1, -1] -> d=7442/2277
      sign [-1, -1, 1] -> d=-7442/2277
      sign [-1, -1, -1] -> d=2888/2277
    recip sums (full): [0, 0, 0, 0, 0, 0, 0, 0]
    NOTE: per global Hilbert reciprocity, the partial sum over
          a finite prime set may be nonzero; the FULL sum over
          all bad primes is always 0 (sanity).
>>> CONSTANT-NONTRIVIAL  fiber (61,38)  d=e*f  X=2
    tuple [2,3,5,7,11,13,oo] = [1, 0, 0, 0, 1, 0, 0]
    d values across baselines:
      sign [1, 1, 1] -> d=4636/2277
      sign [1, 1, -1] -> d=4636/2277
      sign [1, -1, 1] -> d=-4636/2277
      sign [1, -1, -1] -> d=-4636/2277
      sign [-1, 1, 1] -> d=-4636/2277
      sign [-1, 1, -1] -> d=-4636/2277
      sign [-1, -1, 1] -> d=4636/2277
      sign [-1, -1, -1] -> d=4636/2277
    recip sums (full): [0, 0, 0, 0, 0, 0, 0, 0]
    NOTE: per global Hilbert reciprocity, the partial sum over
          a finite prime set may be nonzero; the FULL sum over
          all bad primes is always 0 (sanity).
>>> CONSTANT-NONTRIVIAL  fiber (61,38)  d=e*f  X=5
    tuple [2,3,5,7,11,13,oo] = [0, 0, 1, 0, 0, 0, 0]
    d values across baselines:
      sign [1, 1, 1] -> d=4636/2277
      sign [1, 1, -1] -> d=4636/2277
      sign [1, -1, 1] -> d=-4636/2277
      sign [1, -1, -1] -> d=-4636/2277
      sign [-1, 1, 1] -> d=-4636/2277
      sign [-1, 1, -1] -> d=-4636/2277
      sign [-1, -1, 1] -> d=4636/2277
      sign [-1, -1, -1] -> d=4636/2277
    recip sums (full): [0, 0, 0, 0, 0, 0, 0, 0]
    NOTE: per global Hilbert reciprocity, the partial sum over
          a finite prime set may be nonzero; the FULL sum over
          all bad primes is always 0 (sanity).
>>> CONSTANT-NONTRIVIAL  fiber (61,38)  d=e*f  X=10
    tuple [2,3,5,7,11,13,oo] = [1, 0, 1, 0, 1, 0, 0]
    d values across baselines:
      sign [1, 1, 1] -> d=4636/2277
      sign [1, 1, -1] -> d=4636/2277
      sign [1, -1, 1] -> d=-4636/2277
      sign [1, -1, -1] -> d=-4636/2277
      sign [-1, 1, 1] -> d=-4636/2277
      sign [-1, 1, -1] -> d=-4636/2277
      sign [-1, -1, 1] -> d=4636/2277
      sign [-1, -1, -1] -> d=4636/2277
    recip sums (full): [0, 0, 0, 0, 0, 0, 0, 0]
    NOTE: per global Hilbert reciprocity, the partial sum over
          a finite prime set may be nonzero; the FULL sum over
          all bad primes is always 0 (sanity).
>>> CONSTANT-NONTRIVIAL  fiber (61,38)  d=e*g  X=2
    tuple [2,3,5,7,11,13,oo] = [1, 0, 1, 0, 0, 0, 0]
    d values across baselines:
      sign [1, 1, 1] -> d=23944940/5184729
      sign [1, 1, -1] -> d=-23944940/5184729
      sign [1, -1, 1] -> d=23944940/5184729
      sign [1, -1, -1] -> d=-23944940/5184729
      sign [-1, 1, 1] -> d=-23944940/5184729
      sign [-1, 1, -1] -> d=23944940/5184729
      sign [-1, -1, 1] -> d=-23944940/5184729
      sign [-1, -1, -1] -> d=23944940/5184729
    recip sums (full): [0, 0, 0, 0, 0, 0, 0, 0]
    NOTE: per global Hilbert reciprocity, the partial sum over
          a finite prime set may be nonzero; the FULL sum over
          all bad primes is always 0 (sanity).
>>> CONSTANT-NONTRIVIAL  fiber (61,38)  d=e*g  X=5
    tuple [2,3,5,7,11,13,oo] = [0, 0, 1, 0, 0, 0, 0]
    d values across baselines:
      sign [1, 1, 1] -> d=23944940/5184729
      sign [1, 1, -1] -> d=-23944940/5184729
      sign [1, -1, 1] -> d=23944940/5184729
      sign [1, -1, -1] -> d=-23944940/5184729
      sign [-1, 1, 1] -> d=-23944940/5184729
      sign [-1, 1, -1] -> d=23944940/5184729
      sign [-1, -1, 1] -> d=-23944940/5184729
      sign [-1, -1, -1] -> d=23944940/5184729
    recip sums (full): [0, 0, 0, 0, 0, 0, 0, 0]
    NOTE: per global Hilbert reciprocity, the partial sum over
          a finite prime set may be nonzero; the FULL sum over
          all bad primes is always 0 (sanity).
>>> CONSTANT-NONTRIVIAL  fiber (61,38)  d=e*g  X=10
    tuple [2,3,5,7,11,13,oo] = [1, 0, 0, 0, 0, 0, 0]
    d values across baselines:
      sign [1, 1, 1] -> d=23944940/5184729
      sign [1, 1, -1] -> d=-23944940/5184729
      sign [1, -1, 1] -> d=23944940/5184729
      sign [1, -1, -1] -> d=-23944940/5184729
      sign [-1, 1, 1] -> d=-23944940/5184729
      sign [-1, 1, -1] -> d=23944940/5184729
      sign [-1, -1, 1] -> d=-23944940/5184729
      sign [-1, -1, -1] -> d=23944940/5184729
    recip sums (full): [0, 0, 0, 0, 0, 0, 0, 0]
    NOTE: per global Hilbert reciprocity, the partial sum over
          a finite prime set may be nonzero; the FULL sum over
          all bad primes is always 0 (sanity).
>>> CONSTANT-NONTRIVIAL  fiber (61,38)  d=f*g  X=2
    tuple [2,3,5,7,11,13,oo] = [0, 0, 1, 0, 1, 0, 0]
    d values across baselines:
      sign [1, 1, 1] -> d=5165/2277
      sign [1, 1, -1] -> d=-5165/2277
      sign [1, -1, 1] -> d=-5165/2277
      sign [1, -1, -1] -> d=5165/2277
      sign [-1, 1, 1] -> d=5165/2277
      sign [-1, 1, -1] -> d=-5165/2277
      sign [-1, -1, 1] -> d=-5165/2277
      sign [-1, -1, -1] -> d=5165/2277
    recip sums (full): [0, 0, 0, 0, 0, 0, 0, 0]
    NOTE: per global Hilbert reciprocity, the partial sum over
          a finite prime set may be nonzero; the FULL sum over
          all bad primes is always 0 (sanity).
>>> CONSTANT-NONTRIVIAL  fiber (61,38)  d=f*g  X=10
    tuple [2,3,5,7,11,13,oo] = [0, 0, 1, 0, 1, 0, 0]
    d values across baselines:
      sign [1, 1, 1] -> d=5165/2277
      sign [1, 1, -1] -> d=-5165/2277
      sign [1, -1, 1] -> d=-5165/2277
      sign [1, -1, -1] -> d=5165/2277
      sign [-1, 1, 1] -> d=5165/2277
      sign [-1, 1, -1] -> d=-5165/2277
      sign [-1, -1, 1] -> d=-5165/2277
      sign [-1, -1, -1] -> d=5165/2277
    recip sums (full): [0, 0, 0, 0, 0, 0, 0, 0]
    NOTE: per global Hilbert reciprocity, the partial sum over
          a finite prime set may be nonzero; the FULL sum over
          all bad primes is always 0 (sanity).
>>> CONSTANT-NONTRIVIAL  fiber (61,38)  d=e*f*g  X=2
    tuple [2,3,5,7,11,13,oo] = [1, 0, 1, 0, 0, 0, 0]
    d values across baselines:
      sign [1, 1, 1] -> d=23944940/5184729
      sign [1, 1, -1] -> d=-23944940/5184729
      sign [1, -1, 1] -> d=-23944940/5184729
      sign [1, -1, -1] -> d=23944940/5184729
      sign [-1, 1, 1] -> d=-23944940/5184729
      sign [-1, 1, -1] -> d=23944940/5184729
      sign [-1, -1, 1] -> d=23944940/5184729
      sign [-1, -1, -1] -> d=-23944940/5184729
    recip sums (full): [0, 0, 0, 0, 0, 0, 0, 0]
    NOTE: per global Hilbert reciprocity, the partial sum over
          a finite prime set may be nonzero; the FULL sum over
          all bad primes is always 0 (sanity).
>>> CONSTANT-NONTRIVIAL  fiber (61,38)  d=e*f*g  X=5
    tuple [2,3,5,7,11,13,oo] = [0, 0, 1, 0, 0, 0, 0]
    d values across baselines:
      sign [1, 1, 1] -> d=23944940/5184729
      sign [1, 1, -1] -> d=-23944940/5184729
      sign [1, -1, 1] -> d=-23944940/5184729
      sign [1, -1, -1] -> d=23944940/5184729
      sign [-1, 1, 1] -> d=-23944940/5184729
      sign [-1, 1, -1] -> d=23944940/5184729
      sign [-1, -1, 1] -> d=23944940/5184729
      sign [-1, -1, -1] -> d=-23944940/5184729
    recip sums (full): [0, 0, 0, 0, 0, 0, 0, 0]
    NOTE: per global Hilbert reciprocity, the partial sum over
          a finite prime set may be nonzero; the FULL sum over
          all bad primes is always 0 (sanity).
>>> CONSTANT-NONTRIVIAL  fiber (61,38)  d=e*f*g  X=10
    tuple [2,3,5,7,11,13,oo] = [1, 0, 0, 0, 0, 0, 0]
    d values across baselines:
      sign [1, 1, 1] -> d=23944940/5184729
      sign [1, 1, -1] -> d=-23944940/5184729
      sign [1, -1, 1] -> d=-23944940/5184729
      sign [1, -1, -1] -> d=23944940/5184729
      sign [-1, 1, 1] -> d=-23944940/5184729
      sign [-1, 1, -1] -> d=23944940/5184729
      sign [-1, -1, 1] -> d=23944940/5184729
      sign [-1, -1, -1] -> d=-23944940/5184729
    recip sums (full): [0, 0, 0, 0, 0, 0, 0, 0]
    NOTE: per global Hilbert reciprocity, the partial sum over
          a finite prime set may be nonzero; the FULL sum over
          all bad primes is always 0 (sanity).
  Fiber (61,38) summary across 10*14=140 (d,X) pairs:
    constant tuple, nontrivial  : 25
    constant tuple, trivial     : 1
    tuple varies between baselines : 114

==================================================
Fiber (m,n) = (63,38)
  q     = 4788/2525 = 4788/2525
  w/D   = 5413/2525 = 5413/2525

>>> CONSTANT-NONTRIVIAL  fiber (63,38)  d=e+f  X=2
    tuple [2,3,5,7,11,13,oo] = [1, 0, 0, 0, 0, 0, 0]
    d values across baselines:
      sign [1, 1, 1] -> d=7313/2525
      sign [1, 1, -1] -> d=7313/2525
      sign [1, -1, 1] -> d=2263/2525
      sign [1, -1, -1] -> d=2263/2525
      sign [-1, 1, 1] -> d=-2263/2525
      sign [-1, 1, -1] -> d=-2263/2525
      sign [-1, -1, 1] -> d=-7313/2525
      sign [-1, -1, -1] -> d=-7313/2525
    recip sums (full): [0, 0, 0, 0, 0, 0, 0, 0]
    NOTE: per global Hilbert reciprocity, the partial sum over
          a finite prime set may be nonzero; the FULL sum over
          all bad primes is always 0 (sanity).
>>> CONSTANT-NONTRIVIAL  fiber (63,38)  d=e+f  X=5
    tuple [2,3,5,7,11,13,oo] = [0, 0, 1, 0, 0, 0, 0]
    d values across baselines:
      sign [1, 1, 1] -> d=7313/2525
      sign [1, 1, -1] -> d=7313/2525
      sign [1, -1, 1] -> d=2263/2525
      sign [1, -1, -1] -> d=2263/2525
      sign [-1, 1, 1] -> d=-2263/2525
      sign [-1, 1, -1] -> d=-2263/2525
      sign [-1, -1, 1] -> d=-7313/2525
      sign [-1, -1, -1] -> d=-7313/2525
    recip sums (full): [0, 0, 0, 0, 0, 0, 0, 0]
    NOTE: per global Hilbert reciprocity, the partial sum over
          a finite prime set may be nonzero; the FULL sum over
          all bad primes is always 0 (sanity).
>>> CONSTANT-NONTRIVIAL  fiber (63,38)  d=e+f  X=10
    tuple [2,3,5,7,11,13,oo] = [1, 0, 1, 0, 0, 0, 0]
    d values across baselines:
      sign [1, 1, 1] -> d=7313/2525
      sign [1, 1, -1] -> d=7313/2525
      sign [1, -1, 1] -> d=2263/2525
      sign [1, -1, -1] -> d=2263/2525
      sign [-1, 1, 1] -> d=-2263/2525
      sign [-1, 1, -1] -> d=-2263/2525
      sign [-1, -1, 1] -> d=-7313/2525
      sign [-1, -1, -1] -> d=-7313/2525
    recip sums (full): [0, 0, 0, 0, 0, 0, 0, 0]
    NOTE: per global Hilbert reciprocity, the partial sum over
          a finite prime set may be nonzero; the FULL sum over
          all bad primes is always 0 (sanity).
>>> CONSTANT-NONTRIVIAL  fiber (63,38)  d=e-f  X=2
    tuple [2,3,5,7,11,13,oo] = [1, 0, 0, 0, 0, 0, 0]
    d values across baselines:
      sign [1, 1, 1] -> d=2263/2525
      sign [1, 1, -1] -> d=2263/2525
      sign [1, -1, 1] -> d=7313/2525
      sign [1, -1, -1] -> d=7313/2525
      sign [-1, 1, 1] -> d=-7313/2525
      sign [-1, 1, -1] -> d=-7313/2525
      sign [-1, -1, 1] -> d=-2263/2525
      sign [-1, -1, -1] -> d=-2263/2525
    recip sums (full): [0, 0, 0, 0, 0, 0, 0, 0]
    NOTE: per global Hilbert reciprocity, the partial sum over
          a finite prime set may be nonzero; the FULL sum over
          all bad primes is always 0 (sanity).
>>> CONSTANT-NONTRIVIAL  fiber (63,38)  d=e-f  X=5
    tuple [2,3,5,7,11,13,oo] = [0, 0, 1, 0, 0, 0, 0]
    d values across baselines:
      sign [1, 1, 1] -> d=2263/2525
      sign [1, 1, -1] -> d=2263/2525
      sign [1, -1, 1] -> d=7313/2525
      sign [1, -1, -1] -> d=7313/2525
      sign [-1, 1, 1] -> d=-7313/2525
      sign [-1, 1, -1] -> d=-7313/2525
      sign [-1, -1, 1] -> d=-2263/2525
      sign [-1, -1, -1] -> d=-2263/2525
    recip sums (full): [0, 0, 0, 0, 0, 0, 0, 0]
    NOTE: per global Hilbert reciprocity, the partial sum over
          a finite prime set may be nonzero; the FULL sum over
          all bad primes is always 0 (sanity).
>>> CONSTANT-NONTRIVIAL  fiber (63,38)  d=e-f  X=10
    tuple [2,3,5,7,11,13,oo] = [1, 0, 1, 0, 0, 0, 0]
    d values across baselines:
      sign [1, 1, 1] -> d=2263/2525
      sign [1, 1, -1] -> d=2263/2525
      sign [1, -1, 1] -> d=7313/2525
      sign [1, -1, -1] -> d=7313/2525
      sign [-1, 1, 1] -> d=-7313/2525
      sign [-1, 1, -1] -> d=-7313/2525
      sign [-1, -1, 1] -> d=-2263/2525
      sign [-1, -1, -1] -> d=-2263/2525
    recip sums (full): [0, 0, 0, 0, 0, 0, 0, 0]
    NOTE: per global Hilbert reciprocity, the partial sum over
          a finite prime set may be nonzero; the FULL sum over
          all bad primes is always 0 (sanity).
>>> CONSTANT-NONTRIVIAL  fiber (63,38)  d=e+g  X=2
    tuple [2,3,5,7,11,13,oo] = [1, 0, 0, 0, 0, 0, 0]
    d values across baselines:
      sign [1, 1, 1] -> d=101/25
      sign [1, 1, -1] -> d=-25/101
      sign [1, -1, 1] -> d=101/25
      sign [1, -1, -1] -> d=-25/101
      sign [-1, 1, 1] -> d=25/101
      sign [-1, 1, -1] -> d=-101/25
      sign [-1, -1, 1] -> d=25/101
      sign [-1, -1, -1] -> d=-101/25
    recip sums (full): [0, 0, 0, 0, 0, 0, 0, 0]
    NOTE: per global Hilbert reciprocity, the partial sum over
          a finite prime set may be nonzero; the FULL sum over
          all bad primes is always 0 (sanity).
>>> CONSTANT-NONTRIVIAL  fiber (63,38)  d=e+g  X=10
    tuple [2,3,5,7,11,13,oo] = [1, 0, 0, 0, 0, 0, 0]
    d values across baselines:
      sign [1, 1, 1] -> d=101/25
      sign [1, 1, -1] -> d=-25/101
      sign [1, -1, 1] -> d=101/25
      sign [1, -1, -1] -> d=-25/101
      sign [-1, 1, 1] -> d=25/101
      sign [-1, 1, -1] -> d=-101/25
      sign [-1, -1, 1] -> d=25/101
      sign [-1, -1, -1] -> d=-101/25
    recip sums (full): [0, 0, 0, 0, 0, 0, 0, 0]
    NOTE: per global Hilbert reciprocity, the partial sum over
          a finite prime set may be nonzero; the FULL sum over
          all bad primes is always 0 (sanity).
>>> CONSTANT-NONTRIVIAL  fiber (63,38)  d=e-g  X=2
    tuple [2,3,5,7,11,13,oo] = [1, 0, 0, 0, 0, 0, 0]
    d values across baselines:
      sign [1, 1, 1] -> d=-25/101
      sign [1, 1, -1] -> d=101/25
      sign [1, -1, 1] -> d=-25/101
      sign [1, -1, -1] -> d=101/25
      sign [-1, 1, 1] -> d=-101/25
      sign [-1, 1, -1] -> d=25/101
      sign [-1, -1, 1] -> d=-101/25
      sign [-1, -1, -1] -> d=25/101
    recip sums (full): [0, 0, 0, 0, 0, 0, 0, 0]
    NOTE: per global Hilbert reciprocity, the partial sum over
          a finite prime set may be nonzero; the FULL sum over
          all bad primes is always 0 (sanity).
>>> CONSTANT-NONTRIVIAL  fiber (63,38)  d=e-g  X=10
    tuple [2,3,5,7,11,13,oo] = [1, 0, 0, 0, 0, 0, 0]
    d values across baselines:
      sign [1, 1, 1] -> d=-25/101
      sign [1, 1, -1] -> d=101/25
      sign [1, -1, 1] -> d=-25/101
      sign [1, -1, -1] -> d=101/25
      sign [-1, 1, 1] -> d=-101/25
      sign [-1, 1, -1] -> d=25/101
      sign [-1, -1, 1] -> d=-101/25
      sign [-1, -1, -1] -> d=25/101
    recip sums (full): [0, 0, 0, 0, 0, 0, 0, 0]
    NOTE: per global Hilbert reciprocity, the partial sum over
          a finite prime set may be nonzero; the FULL sum over
          all bad primes is always 0 (sanity).
>>> CONSTANT-NONTRIVIAL  fiber (63,38)  d=f+g  X=2
    tuple [2,3,5,7,11,13,oo] = [1, 0, 0, 0, 0, 0, 0]
    d values across baselines:
      sign [1, 1, 1] -> d=7938/2525
      sign [1, 1, -1] -> d=-2888/2525
      sign [1, -1, 1] -> d=2888/2525
      sign [1, -1, -1] -> d=-7938/2525
      sign [-1, 1, 1] -> d=7938/2525
      sign [-1, 1, -1] -> d=-2888/2525
      sign [-1, -1, 1] -> d=2888/2525
      sign [-1, -1, -1] -> d=-7938/2525
    recip sums (full): [0, 0, 0, 0, 0, 0, 0, 0]
    NOTE: per global Hilbert reciprocity, the partial sum over
          a finite prime set may be nonzero; the FULL sum over
          all bad primes is always 0 (sanity).
>>> CONSTANT-NONTRIVIAL  fiber (63,38)  d=f+g  X=5
    tuple [2,3,5,7,11,13,oo] = [1, 0, 1, 0, 0, 0, 0]
    d values across baselines:
      sign [1, 1, 1] -> d=7938/2525
      sign [1, 1, -1] -> d=-2888/2525
      sign [1, -1, 1] -> d=2888/2525
      sign [1, -1, -1] -> d=-7938/2525
      sign [-1, 1, 1] -> d=7938/2525
      sign [-1, 1, -1] -> d=-2888/2525
      sign [-1, -1, 1] -> d=2888/2525
      sign [-1, -1, -1] -> d=-7938/2525
    recip sums (full): [0, 0, 0, 0, 0, 0, 0, 0]
    NOTE: per global Hilbert reciprocity, the partial sum over
          a finite prime set may be nonzero; the FULL sum over
          all bad primes is always 0 (sanity).
>>> CONSTANT-NONTRIVIAL  fiber (63,38)  d=f+g  X=10
    tuple [2,3,5,7,11,13,oo] = [0, 0, 1, 0, 0, 0, 0]
    d values across baselines:
      sign [1, 1, 1] -> d=7938/2525
      sign [1, 1, -1] -> d=-2888/2525
      sign [1, -1, 1] -> d=2888/2525
      sign [1, -1, -1] -> d=-7938/2525
      sign [-1, 1, 1] -> d=7938/2525
      sign [-1, 1, -1] -> d=-2888/2525
      sign [-1, -1, 1] -> d=2888/2525
      sign [-1, -1, -1] -> d=-7938/2525
    recip sums (full): [0, 0, 0, 0, 0, 0, 0, 0]
    NOTE: per global Hilbert reciprocity, the partial sum over
          a finite prime set may be nonzero; the FULL sum over
          all bad primes is always 0 (sanity).
>>> CONSTANT-NONTRIVIAL  fiber (63,38)  d=f-g  X=2
    tuple [2,3,5,7,11,13,oo] = [1, 0, 0, 0, 0, 0, 0]
    d values across baselines:
      sign [1, 1, 1] -> d=-2888/2525
      sign [1, 1, -1] -> d=7938/2525
      sign [1, -1, 1] -> d=-7938/2525
      sign [1, -1, -1] -> d=2888/2525
      sign [-1, 1, 1] -> d=-2888/2525
      sign [-1, 1, -1] -> d=7938/2525
      sign [-1, -1, 1] -> d=-7938/2525
      sign [-1, -1, -1] -> d=2888/2525
    recip sums (full): [0, 0, 0, 0, 0, 0, 0, 0]
    NOTE: per global Hilbert reciprocity, the partial sum over
          a finite prime set may be nonzero; the FULL sum over
          all bad primes is always 0 (sanity).
>>> CONSTANT-NONTRIVIAL  fiber (63,38)  d=f-g  X=5
    tuple [2,3,5,7,11,13,oo] = [1, 0, 1, 0, 0, 0, 0]
    d values across baselines:
      sign [1, 1, 1] -> d=-2888/2525
      sign [1, 1, -1] -> d=7938/2525
      sign [1, -1, 1] -> d=-7938/2525
      sign [1, -1, -1] -> d=2888/2525
      sign [-1, 1, 1] -> d=-2888/2525
      sign [-1, 1, -1] -> d=7938/2525
      sign [-1, -1, 1] -> d=-7938/2525
      sign [-1, -1, -1] -> d=2888/2525
    recip sums (full): [0, 0, 0, 0, 0, 0, 0, 0]
    NOTE: per global Hilbert reciprocity, the partial sum over
          a finite prime set may be nonzero; the FULL sum over
          all bad primes is always 0 (sanity).
>>> CONSTANT-NONTRIVIAL  fiber (63,38)  d=f-g  X=10
    tuple [2,3,5,7,11,13,oo] = [0, 0, 1, 0, 0, 0, 0]
    d values across baselines:
      sign [1, 1, 1] -> d=-2888/2525
      sign [1, 1, -1] -> d=7938/2525
      sign [1, -1, 1] -> d=-7938/2525
      sign [1, -1, -1] -> d=2888/2525
      sign [-1, 1, 1] -> d=-2888/2525
      sign [-1, 1, -1] -> d=7938/2525
      sign [-1, -1, 1] -> d=-7938/2525
      sign [-1, -1, -1] -> d=2888/2525
    recip sums (full): [0, 0, 0, 0, 0, 0, 0, 0]
    NOTE: per global Hilbert reciprocity, the partial sum over
          a finite prime set may be nonzero; the FULL sum over
          all bad primes is always 0 (sanity).
>>> CONSTANT-NONTRIVIAL  fiber (63,38)  d=e*f  X=5
    tuple [2,3,5,7,11,13,oo] = [0, 0, 1, 1, 0, 0, 0]
    d values across baselines:
      sign [1, 1, 1] -> d=4788/2525
      sign [1, 1, -1] -> d=4788/2525
      sign [1, -1, 1] -> d=-4788/2525
      sign [1, -1, -1] -> d=-4788/2525
      sign [-1, 1, 1] -> d=-4788/2525
      sign [-1, 1, -1] -> d=-4788/2525
      sign [-1, -1, 1] -> d=4788/2525
      sign [-1, -1, -1] -> d=4788/2525
    recip sums (full): [0, 0, 0, 0, 0, 0, 0, 0]
    NOTE: per global Hilbert reciprocity, the partial sum over
          a finite prime set may be nonzero; the FULL sum over
          all bad primes is always 0 (sanity).
>>> CONSTANT-NONTRIVIAL  fiber (63,38)  d=e*f  X=10
    tuple [2,3,5,7,11,13,oo] = [0, 0, 1, 1, 0, 0, 0]
    d values across baselines:
      sign [1, 1, 1] -> d=4788/2525
      sign [1, 1, -1] -> d=4788/2525
      sign [1, -1, 1] -> d=-4788/2525
      sign [1, -1, -1] -> d=-4788/2525
      sign [-1, 1, 1] -> d=-4788/2525
      sign [-1, 1, -1] -> d=-4788/2525
      sign [-1, -1, 1] -> d=4788/2525
      sign [-1, -1, -1] -> d=4788/2525
    recip sums (full): [0, 0, 0, 0, 0, 0, 0, 0]
    NOTE: per global Hilbert reciprocity, the partial sum over
          a finite prime set may be nonzero; the FULL sum over
          all bad primes is always 0 (sanity).
>>> CONSTANT-NONTRIVIAL  fiber (63,38)  d=e*g  X=5
    tuple [2,3,5,7,11,13,oo] = [0, 0, 0, 1, 0, 0, 0]
    d values across baselines:
      sign [1, 1, 1] -> d=25917444/6375625
      sign [1, 1, -1] -> d=-25917444/6375625
      sign [1, -1, 1] -> d=25917444/6375625
      sign [1, -1, -1] -> d=-25917444/6375625
      sign [-1, 1, 1] -> d=-25917444/6375625
      sign [-1, 1, -1] -> d=25917444/6375625
      sign [-1, -1, 1] -> d=-25917444/6375625
      sign [-1, -1, -1] -> d=25917444/6375625
    recip sums (full): [0, 0, 0, 0, 0, 0, 0, 0]
    NOTE: per global Hilbert reciprocity, the partial sum over
          a finite prime set may be nonzero; the FULL sum over
          all bad primes is always 0 (sanity).
>>> CONSTANT-NONTRIVIAL  fiber (63,38)  d=e*g  X=10
    tuple [2,3,5,7,11,13,oo] = [0, 0, 0, 1, 0, 0, 0]
    d values across baselines:
      sign [1, 1, 1] -> d=25917444/6375625
      sign [1, 1, -1] -> d=-25917444/6375625
      sign [1, -1, 1] -> d=25917444/6375625
      sign [1, -1, -1] -> d=-25917444/6375625
      sign [-1, 1, 1] -> d=-25917444/6375625
      sign [-1, 1, -1] -> d=25917444/6375625
      sign [-1, -1, 1] -> d=-25917444/6375625
      sign [-1, -1, -1] -> d=25917444/6375625
    recip sums (full): [0, 0, 0, 0, 0, 0, 0, 0]
    NOTE: per global Hilbert reciprocity, the partial sum over
          a finite prime set may be nonzero; the FULL sum over
          all bad primes is always 0 (sanity).
>>> CONSTANT-NONTRIVIAL  fiber (63,38)  d=f*g  X=5
    tuple [2,3,5,7,11,13,oo] = [0, 0, 1, 0, 0, 0, 0]
    d values across baselines:
      sign [1, 1, 1] -> d=5413/2525
      sign [1, 1, -1] -> d=-5413/2525
      sign [1, -1, 1] -> d=-5413/2525
      sign [1, -1, -1] -> d=5413/2525
      sign [-1, 1, 1] -> d=5413/2525
      sign [-1, 1, -1] -> d=-5413/2525
      sign [-1, -1, 1] -> d=-5413/2525
      sign [-1, -1, -1] -> d=5413/2525
    recip sums (full): [0, 0, 0, 0, 0, 0, 0, 0]
    NOTE: per global Hilbert reciprocity, the partial sum over
          a finite prime set may be nonzero; the FULL sum over
          all bad primes is always 0 (sanity).
>>> CONSTANT-NONTRIVIAL  fiber (63,38)  d=f*g  X=10
    tuple [2,3,5,7,11,13,oo] = [0, 0, 1, 0, 0, 0, 0]
    d values across baselines:
      sign [1, 1, 1] -> d=5413/2525
      sign [1, 1, -1] -> d=-5413/2525
      sign [1, -1, 1] -> d=-5413/2525
      sign [1, -1, -1] -> d=5413/2525
      sign [-1, 1, 1] -> d=5413/2525
      sign [-1, 1, -1] -> d=-5413/2525
      sign [-1, -1, 1] -> d=-5413/2525
      sign [-1, -1, -1] -> d=5413/2525
    recip sums (full): [0, 0, 0, 0, 0, 0, 0, 0]
    NOTE: per global Hilbert reciprocity, the partial sum over
          a finite prime set may be nonzero; the FULL sum over
          all bad primes is always 0 (sanity).
>>> CONSTANT-NONTRIVIAL  fiber (63,38)  d=e*f*g  X=5
    tuple [2,3,5,7,11,13,oo] = [0, 0, 0, 1, 0, 0, 0]
    d values across baselines:
      sign [1, 1, 1] -> d=25917444/6375625
      sign [1, 1, -1] -> d=-25917444/6375625
      sign [1, -1, 1] -> d=-25917444/6375625
      sign [1, -1, -1] -> d=25917444/6375625
      sign [-1, 1, 1] -> d=-25917444/6375625
      sign [-1, 1, -1] -> d=25917444/6375625
      sign [-1, -1, 1] -> d=25917444/6375625
      sign [-1, -1, -1] -> d=-25917444/6375625
    recip sums (full): [0, 0, 0, 0, 0, 0, 0, 0]
    NOTE: per global Hilbert reciprocity, the partial sum over
          a finite prime set may be nonzero; the FULL sum over
          all bad primes is always 0 (sanity).
>>> CONSTANT-NONTRIVIAL  fiber (63,38)  d=e*f*g  X=10
    tuple [2,3,5,7,11,13,oo] = [0, 0, 0, 1, 0, 0, 0]
    d values across baselines:
      sign [1, 1, 1] -> d=25917444/6375625
      sign [1, 1, -1] -> d=-25917444/6375625
      sign [1, -1, 1] -> d=-25917444/6375625
      sign [1, -1, -1] -> d=25917444/6375625
      sign [-1, 1, 1] -> d=-25917444/6375625
      sign [-1, 1, -1] -> d=25917444/6375625
      sign [-1, -1, 1] -> d=25917444/6375625
      sign [-1, -1, -1] -> d=-25917444/6375625
    recip sums (full): [0, 0, 0, 0, 0, 0, 0, 0]
    NOTE: per global Hilbert reciprocity, the partial sum over
          a finite prime set may be nonzero; the FULL sum over
          all bad primes is always 0 (sanity).
  Fiber (63,38) summary across 10*14=140 (d,X) pairs:
    constant tuple, nontrivial  : 24
    constant tuple, trivial     : 6
    tuple varies between baselines : 110

==================================================
Fiber (m,n) = (73,24)
  q     = 3504/4753 = 3504/4753
  w/D   = 5905/4753 = 5905/4753

>>> CONSTANT-NONTRIVIAL  fiber (73,24)  d=e+g  X=5
    tuple [2,3,5,7,11,13,oo] = [0, 0, 1, 0, 0, 0, 0]
    d values across baselines:
      sign [1, 1, 1] -> d=97/49
      sign [1, 1, -1] -> d=-49/97
      sign [1, -1, 1] -> d=97/49
      sign [1, -1, -1] -> d=-49/97
      sign [-1, 1, 1] -> d=49/97
      sign [-1, 1, -1] -> d=-97/49
      sign [-1, -1, 1] -> d=49/97
      sign [-1, -1, -1] -> d=-97/49
    recip sums (full): [0, 0, 0, 0, 0, 0, 0, 0]
    NOTE: per global Hilbert reciprocity, the partial sum over
          a finite prime set may be nonzero; the FULL sum over
          all bad primes is always 0 (sanity).
>>> CONSTANT-NONTRIVIAL  fiber (73,24)  d=e+g  X=10
    tuple [2,3,5,7,11,13,oo] = [0, 0, 1, 0, 0, 0, 0]
    d values across baselines:
      sign [1, 1, 1] -> d=97/49
      sign [1, 1, -1] -> d=-49/97
      sign [1, -1, 1] -> d=97/49
      sign [1, -1, -1] -> d=-49/97
      sign [-1, 1, 1] -> d=49/97
      sign [-1, 1, -1] -> d=-97/49
      sign [-1, -1, 1] -> d=49/97
      sign [-1, -1, -1] -> d=-97/49
    recip sums (full): [0, 0, 0, 0, 0, 0, 0, 0]
    NOTE: per global Hilbert reciprocity, the partial sum over
          a finite prime set may be nonzero; the FULL sum over
          all bad primes is always 0 (sanity).
>>> CONSTANT-NONTRIVIAL  fiber (73,24)  d=e-g  X=5
    tuple [2,3,5,7,11,13,oo] = [0, 0, 1, 0, 0, 0, 0]
    d values across baselines:
      sign [1, 1, 1] -> d=-49/97
      sign [1, 1, -1] -> d=97/49
      sign [1, -1, 1] -> d=-49/97
      sign [1, -1, -1] -> d=97/49
      sign [-1, 1, 1] -> d=-97/49
      sign [-1, 1, -1] -> d=49/97
      sign [-1, -1, 1] -> d=-97/49
      sign [-1, -1, -1] -> d=49/97
    recip sums (full): [0, 0, 0, 0, 0, 0, 0, 0]
    NOTE: per global Hilbert reciprocity, the partial sum over
          a finite prime set may be nonzero; the FULL sum over
          all bad primes is always 0 (sanity).
>>> CONSTANT-NONTRIVIAL  fiber (73,24)  d=e-g  X=10
    tuple [2,3,5,7,11,13,oo] = [0, 0, 1, 0, 0, 0, 0]
    d values across baselines:
      sign [1, 1, 1] -> d=-49/97
      sign [1, 1, -1] -> d=97/49
      sign [1, -1, 1] -> d=-49/97
      sign [1, -1, -1] -> d=97/49
      sign [-1, 1, 1] -> d=-97/49
      sign [-1, 1, -1] -> d=49/97
      sign [-1, -1, 1] -> d=-97/49
      sign [-1, -1, -1] -> d=49/97
    recip sums (full): [0, 0, 0, 0, 0, 0, 0, 0]
    NOTE: per global Hilbert reciprocity, the partial sum over
          a finite prime set may be nonzero; the FULL sum over
          all bad primes is always 0 (sanity).
>>> CONSTANT-NONTRIVIAL  fiber (73,24)  d=f+g  X=5
    tuple [2,3,5,7,11,13,oo] = [1, 0, 0, 0, 0, 0, 0]
    d values across baselines:
      sign [1, 1, 1] -> d=10658/4753
      sign [1, 1, -1] -> d=-1152/4753
      sign [1, -1, 1] -> d=1152/4753
      sign [1, -1, -1] -> d=-10658/4753
      sign [-1, 1, 1] -> d=10658/4753
      sign [-1, 1, -1] -> d=-1152/4753
      sign [-1, -1, 1] -> d=1152/4753
      sign [-1, -1, -1] -> d=-10658/4753
    recip sums (full): [0, 0, 0, 0, 0, 0, 0, 0]
    NOTE: per global Hilbert reciprocity, the partial sum over
          a finite prime set may be nonzero; the FULL sum over
          all bad primes is always 0 (sanity).
>>> CONSTANT-NONTRIVIAL  fiber (73,24)  d=f+g  X=10
    tuple [2,3,5,7,11,13,oo] = [1, 0, 0, 0, 0, 0, 0]
    d values across baselines:
      sign [1, 1, 1] -> d=10658/4753
      sign [1, 1, -1] -> d=-1152/4753
      sign [1, -1, 1] -> d=1152/4753
      sign [1, -1, -1] -> d=-10658/4753
      sign [-1, 1, 1] -> d=10658/4753
      sign [-1, 1, -1] -> d=-1152/4753
      sign [-1, -1, 1] -> d=1152/4753
      sign [-1, -1, -1] -> d=-10658/4753
    recip sums (full): [0, 0, 0, 0, 0, 0, 0, 0]
    NOTE: per global Hilbert reciprocity, the partial sum over
          a finite prime set may be nonzero; the FULL sum over
          all bad primes is always 0 (sanity).
>>> CONSTANT-NONTRIVIAL  fiber (73,24)  d=f-g  X=5
    tuple [2,3,5,7,11,13,oo] = [1, 0, 0, 0, 0, 0, 0]
    d values across baselines:
      sign [1, 1, 1] -> d=-1152/4753
      sign [1, 1, -1] -> d=10658/4753
      sign [1, -1, 1] -> d=-10658/4753
      sign [1, -1, -1] -> d=1152/4753
      sign [-1, 1, 1] -> d=-1152/4753
      sign [-1, 1, -1] -> d=10658/4753
      sign [-1, -1, 1] -> d=-10658/4753
      sign [-1, -1, -1] -> d=1152/4753
    recip sums (full): [0, 0, 0, 0, 0, 0, 0, 0]
    NOTE: per global Hilbert reciprocity, the partial sum over
          a finite prime set may be nonzero; the FULL sum over
          all bad primes is always 0 (sanity).
>>> CONSTANT-NONTRIVIAL  fiber (73,24)  d=f-g  X=10
    tuple [2,3,5,7,11,13,oo] = [1, 0, 0, 0, 0, 0, 0]
    d values across baselines:
      sign [1, 1, 1] -> d=-1152/4753
      sign [1, 1, -1] -> d=10658/4753
      sign [1, -1, 1] -> d=-10658/4753
      sign [1, -1, -1] -> d=1152/4753
      sign [-1, 1, 1] -> d=-1152/4753
      sign [-1, 1, -1] -> d=10658/4753
      sign [-1, -1, 1] -> d=-10658/4753
      sign [-1, -1, -1] -> d=1152/4753
    recip sums (full): [0, 0, 0, 0, 0, 0, 0, 0]
    NOTE: per global Hilbert reciprocity, the partial sum over
          a finite prime set may be nonzero; the FULL sum over
          all bad primes is always 0 (sanity).
>>> CONSTANT-NONTRIVIAL  fiber (73,24)  d=e*f  X=2
    tuple [2,3,5,7,11,13,oo] = [1, 1, 0, 0, 0, 0, 0]
    d values across baselines:
      sign [1, 1, 1] -> d=3504/4753
      sign [1, 1, -1] -> d=3504/4753
      sign [1, -1, 1] -> d=-3504/4753
      sign [1, -1, -1] -> d=-3504/4753
      sign [-1, 1, 1] -> d=-3504/4753
      sign [-1, 1, -1] -> d=-3504/4753
      sign [-1, -1, 1] -> d=3504/4753
      sign [-1, -1, -1] -> d=3504/4753
    recip sums (full): [0, 0, 0, 0, 0, 0, 0, 0]
    NOTE: per global Hilbert reciprocity, the partial sum over
          a finite prime set may be nonzero; the FULL sum over
          all bad primes is always 0 (sanity).
>>> CONSTANT-NONTRIVIAL  fiber (73,24)  d=e*f  X=5
    tuple [2,3,5,7,11,13,oo] = [0, 1, 1, 0, 0, 0, 0]
    d values across baselines:
      sign [1, 1, 1] -> d=3504/4753
      sign [1, 1, -1] -> d=3504/4753
      sign [1, -1, 1] -> d=-3504/4753
      sign [1, -1, -1] -> d=-3504/4753
      sign [-1, 1, 1] -> d=-3504/4753
      sign [-1, 1, -1] -> d=-3504/4753
      sign [-1, -1, 1] -> d=3504/4753
      sign [-1, -1, -1] -> d=3504/4753
    recip sums (full): [0, 0, 0, 0, 0, 0, 0, 0]
    NOTE: per global Hilbert reciprocity, the partial sum over
          a finite prime set may be nonzero; the FULL sum over
          all bad primes is always 0 (sanity).
>>> CONSTANT-NONTRIVIAL  fiber (73,24)  d=e*f  X=10
    tuple [2,3,5,7,11,13,oo] = [1, 0, 1, 0, 0, 0, 0]
    d values across baselines:
      sign [1, 1, 1] -> d=3504/4753
      sign [1, 1, -1] -> d=3504/4753
      sign [1, -1, 1] -> d=-3504/4753
      sign [1, -1, -1] -> d=-3504/4753
      sign [-1, 1, 1] -> d=-3504/4753
      sign [-1, 1, -1] -> d=-3504/4753
      sign [-1, -1, 1] -> d=3504/4753
      sign [-1, -1, -1] -> d=3504/4753
    recip sums (full): [0, 0, 0, 0, 0, 0, 0, 0]
    NOTE: per global Hilbert reciprocity, the partial sum over
          a finite prime set may be nonzero; the FULL sum over
          all bad primes is always 0 (sanity).
>>> CONSTANT-NONTRIVIAL  fiber (73,24)  d=e*g  X=2
    tuple [2,3,5,7,11,13,oo] = [1, 1, 1, 0, 0, 0, 0]
    d values across baselines:
      sign [1, 1, 1] -> d=20691120/22591009
      sign [1, 1, -1] -> d=-20691120/22591009
      sign [1, -1, 1] -> d=20691120/22591009
      sign [1, -1, -1] -> d=-20691120/22591009
      sign [-1, 1, 1] -> d=-20691120/22591009
      sign [-1, 1, -1] -> d=20691120/22591009
      sign [-1, -1, 1] -> d=-20691120/22591009
      sign [-1, -1, -1] -> d=20691120/22591009
    recip sums (full): [0, 0, 0, 0, 0, 0, 0, 0]
    NOTE: per global Hilbert reciprocity, the partial sum over
          a finite prime set may be nonzero; the FULL sum over
          all bad primes is always 0 (sanity).
>>> CONSTANT-NONTRIVIAL  fiber (73,24)  d=e*g  X=5
    tuple [2,3,5,7,11,13,oo] = [0, 1, 0, 0, 0, 0, 0]
    d values across baselines:
      sign [1, 1, 1] -> d=20691120/22591009
      sign [1, 1, -1] -> d=-20691120/22591009
      sign [1, -1, 1] -> d=20691120/22591009
      sign [1, -1, -1] -> d=-20691120/22591009
      sign [-1, 1, 1] -> d=-20691120/22591009
      sign [-1, 1, -1] -> d=20691120/22591009
      sign [-1, -1, 1] -> d=-20691120/22591009
      sign [-1, -1, -1] -> d=20691120/22591009
    recip sums (full): [0, 0, 0, 0, 0, 0, 0, 0]
    NOTE: per global Hilbert reciprocity, the partial sum over
          a finite prime set may be nonzero; the FULL sum over
          all bad primes is always 0 (sanity).
>>> CONSTANT-NONTRIVIAL  fiber (73,24)  d=e*g  X=10
    tuple [2,3,5,7,11,13,oo] = [1, 0, 1, 0, 0, 0, 0]
    d values across baselines:
      sign [1, 1, 1] -> d=20691120/22591009
      sign [1, 1, -1] -> d=-20691120/22591009
      sign [1, -1, 1] -> d=20691120/22591009
      sign [1, -1, -1] -> d=-20691120/22591009
      sign [-1, 1, 1] -> d=-20691120/22591009
      sign [-1, 1, -1] -> d=20691120/22591009
      sign [-1, -1, 1] -> d=-20691120/22591009
      sign [-1, -1, -1] -> d=20691120/22591009
    recip sums (full): [0, 0, 0, 0, 0, 0, 0, 0]
    NOTE: per global Hilbert reciprocity, the partial sum over
          a finite prime set may be nonzero; the FULL sum over
          all bad primes is always 0 (sanity).
>>> CONSTANT-NONTRIVIAL  fiber (73,24)  d=f*g  X=2
    tuple [2,3,5,7,11,13,oo] = [0, 0, 1, 0, 0, 0, 0]
    d values across baselines:
      sign [1, 1, 1] -> d=5905/4753
      sign [1, 1, -1] -> d=-5905/4753
      sign [1, -1, 1] -> d=-5905/4753
      sign [1, -1, -1] -> d=5905/4753
      sign [-1, 1, 1] -> d=5905/4753
      sign [-1, 1, -1] -> d=-5905/4753
      sign [-1, -1, 1] -> d=-5905/4753
      sign [-1, -1, -1] -> d=5905/4753
    recip sums (full): [0, 0, 0, 0, 0, 0, 0, 0]
    NOTE: per global Hilbert reciprocity, the partial sum over
          a finite prime set may be nonzero; the FULL sum over
          all bad primes is always 0 (sanity).
>>> CONSTANT-NONTRIVIAL  fiber (73,24)  d=f*g  X=5
    tuple [2,3,5,7,11,13,oo] = [0, 0, 1, 0, 0, 0, 0]
    d values across baselines:
      sign [1, 1, 1] -> d=5905/4753
      sign [1, 1, -1] -> d=-5905/4753
      sign [1, -1, 1] -> d=-5905/4753
      sign [1, -1, -1] -> d=5905/4753
      sign [-1, 1, 1] -> d=5905/4753
      sign [-1, 1, -1] -> d=-5905/4753
      sign [-1, -1, 1] -> d=-5905/4753
      sign [-1, -1, -1] -> d=5905/4753
    recip sums (full): [0, 0, 0, 0, 0, 0, 0, 0]
    NOTE: per global Hilbert reciprocity, the partial sum over
          a finite prime set may be nonzero; the FULL sum over
          all bad primes is always 0 (sanity).
>>> CONSTANT-NONTRIVIAL  fiber (73,24)  d=e*f*g  X=2
    tuple [2,3,5,7,11,13,oo] = [1, 1, 1, 0, 0, 0, 0]
    d values across baselines:
      sign [1, 1, 1] -> d=20691120/22591009
      sign [1, 1, -1] -> d=-20691120/22591009
      sign [1, -1, 1] -> d=-20691120/22591009
      sign [1, -1, -1] -> d=20691120/22591009
      sign [-1, 1, 1] -> d=-20691120/22591009
      sign [-1, 1, -1] -> d=20691120/22591009
      sign [-1, -1, 1] -> d=20691120/22591009
      sign [-1, -1, -1] -> d=-20691120/22591009
    recip sums (full): [0, 0, 0, 0, 0, 0, 0, 0]
    NOTE: per global Hilbert reciprocity, the partial sum over
          a finite prime set may be nonzero; the FULL sum over
          all bad primes is always 0 (sanity).
>>> CONSTANT-NONTRIVIAL  fiber (73,24)  d=e*f*g  X=5
    tuple [2,3,5,7,11,13,oo] = [0, 1, 0, 0, 0, 0, 0]
    d values across baselines:
      sign [1, 1, 1] -> d=20691120/22591009
      sign [1, 1, -1] -> d=-20691120/22591009
      sign [1, -1, 1] -> d=-20691120/22591009
      sign [1, -1, -1] -> d=20691120/22591009
      sign [-1, 1, 1] -> d=-20691120/22591009
      sign [-1, 1, -1] -> d=20691120/22591009
      sign [-1, -1, 1] -> d=20691120/22591009
      sign [-1, -1, -1] -> d=-20691120/22591009
    recip sums (full): [0, 0, 0, 0, 0, 0, 0, 0]
    NOTE: per global Hilbert reciprocity, the partial sum over
          a finite prime set may be nonzero; the FULL sum over
          all bad primes is always 0 (sanity).
>>> CONSTANT-NONTRIVIAL  fiber (73,24)  d=e*f*g  X=10
    tuple [2,3,5,7,11,13,oo] = [1, 0, 1, 0, 0, 0, 0]
    d values across baselines:
      sign [1, 1, 1] -> d=20691120/22591009
      sign [1, 1, -1] -> d=-20691120/22591009
      sign [1, -1, 1] -> d=-20691120/22591009
      sign [1, -1, -1] -> d=20691120/22591009
      sign [-1, 1, 1] -> d=-20691120/22591009
      sign [-1, 1, -1] -> d=20691120/22591009
      sign [-1, -1, 1] -> d=20691120/22591009
      sign [-1, -1, -1] -> d=-20691120/22591009
    recip sums (full): [0, 0, 0, 0, 0, 0, 0, 0]
    NOTE: per global Hilbert reciprocity, the partial sum over
          a finite prime set may be nonzero; the FULL sum over
          all bad primes is always 0 (sanity).
  Fiber (73,24) summary across 10*14=140 (d,X) pairs:
    constant tuple, nontrivial  : 19
    constant tuple, trivial     : 7
    tuple varies between baselines : 114

==================================================
Fiber (m,n) = (88,35)
  q     = 6160/6519 = 6160/6519
  w/D   = 8969/6519 = 8969/6519

>>> CONSTANT-NONTRIVIAL  fiber (88,35)  d=e+f  X=2
    tuple [2,3,5,7,11,13,oo] = [0, 1, 0, 0, 0, 0, 0]
    d values across baselines:
      sign [1, 1, 1] -> d=12679/6519
      sign [1, 1, -1] -> d=12679/6519
      sign [1, -1, 1] -> d=-359/6519
      sign [1, -1, -1] -> d=-359/6519
      sign [-1, 1, 1] -> d=359/6519
      sign [-1, 1, -1] -> d=359/6519
      sign [-1, -1, 1] -> d=-12679/6519
      sign [-1, -1, -1] -> d=-12679/6519
    recip sums (full): [0, 0, 0, 0, 0, 0, 0, 0]
    NOTE: per global Hilbert reciprocity, the partial sum over
          a finite prime set may be nonzero; the FULL sum over
          all bad primes is always 0 (sanity).
>>> CONSTANT-NONTRIVIAL  fiber (88,35)  d=e+f  X=5
    tuple [2,3,5,7,11,13,oo] = [0, 1, 0, 0, 0, 0, 0]
    d values across baselines:
      sign [1, 1, 1] -> d=12679/6519
      sign [1, 1, -1] -> d=12679/6519
      sign [1, -1, 1] -> d=-359/6519
      sign [1, -1, -1] -> d=-359/6519
      sign [-1, 1, 1] -> d=359/6519
      sign [-1, 1, -1] -> d=359/6519
      sign [-1, -1, 1] -> d=-12679/6519
      sign [-1, -1, -1] -> d=-12679/6519
    recip sums (full): [0, 0, 0, 0, 0, 0, 0, 0]
    NOTE: per global Hilbert reciprocity, the partial sum over
          a finite prime set may be nonzero; the FULL sum over
          all bad primes is always 0 (sanity).
>>> CONSTANT-NONTRIVIAL  fiber (88,35)  d=e-f  X=2
    tuple [2,3,5,7,11,13,oo] = [0, 1, 0, 0, 0, 0, 0]
    d values across baselines:
      sign [1, 1, 1] -> d=-359/6519
      sign [1, 1, -1] -> d=-359/6519
      sign [1, -1, 1] -> d=12679/6519
      sign [1, -1, -1] -> d=12679/6519
      sign [-1, 1, 1] -> d=-12679/6519
      sign [-1, 1, -1] -> d=-12679/6519
      sign [-1, -1, 1] -> d=359/6519
      sign [-1, -1, -1] -> d=359/6519
    recip sums (full): [0, 0, 0, 0, 0, 0, 0, 0]
    NOTE: per global Hilbert reciprocity, the partial sum over
          a finite prime set may be nonzero; the FULL sum over
          all bad primes is always 0 (sanity).
>>> CONSTANT-NONTRIVIAL  fiber (88,35)  d=e-f  X=5
    tuple [2,3,5,7,11,13,oo] = [0, 1, 0, 0, 0, 0, 0]
    d values across baselines:
      sign [1, 1, 1] -> d=-359/6519
      sign [1, 1, -1] -> d=-359/6519
      sign [1, -1, 1] -> d=12679/6519
      sign [1, -1, -1] -> d=12679/6519
      sign [-1, 1, 1] -> d=-12679/6519
      sign [-1, 1, -1] -> d=-12679/6519
      sign [-1, -1, 1] -> d=359/6519
      sign [-1, -1, -1] -> d=359/6519
    recip sums (full): [0, 0, 0, 0, 0, 0, 0, 0]
    NOTE: per global Hilbert reciprocity, the partial sum over
          a finite prime set may be nonzero; the FULL sum over
          all bad primes is always 0 (sanity).
>>> CONSTANT-NONTRIVIAL  fiber (88,35)  d=e+g  X=2
    tuple [2,3,5,7,11,13,oo] = [0, 1, 0, 0, 0, 0, 0]
    d values across baselines:
      sign [1, 1, 1] -> d=123/53
      sign [1, 1, -1] -> d=-53/123
      sign [1, -1, 1] -> d=123/53
      sign [1, -1, -1] -> d=-53/123
      sign [-1, 1, 1] -> d=53/123
      sign [-1, 1, -1] -> d=-123/53
      sign [-1, -1, 1] -> d=53/123
      sign [-1, -1, -1] -> d=-123/53
    recip sums (full): [0, 0, 0, 0, 0, 0, 0, 0]
    NOTE: per global Hilbert reciprocity, the partial sum over
          a finite prime set may be nonzero; the FULL sum over
          all bad primes is always 0 (sanity).
>>> CONSTANT-NONTRIVIAL  fiber (88,35)  d=e+g  X=5
    tuple [2,3,5,7,11,13,oo] = [0, 1, 0, 0, 0, 0, 0]
    d values across baselines:
      sign [1, 1, 1] -> d=123/53
      sign [1, 1, -1] -> d=-53/123
      sign [1, -1, 1] -> d=123/53
      sign [1, -1, -1] -> d=-53/123
      sign [-1, 1, 1] -> d=53/123
      sign [-1, 1, -1] -> d=-123/53
      sign [-1, -1, 1] -> d=53/123
      sign [-1, -1, -1] -> d=-123/53
    recip sums (full): [0, 0, 0, 0, 0, 0, 0, 0]
    NOTE: per global Hilbert reciprocity, the partial sum over
          a finite prime set may be nonzero; the FULL sum over
          all bad primes is always 0 (sanity).
>>> CONSTANT-NONTRIVIAL  fiber (88,35)  d=e-g  X=2
    tuple [2,3,5,7,11,13,oo] = [0, 1, 0, 0, 0, 0, 0]
    d values across baselines:
      sign [1, 1, 1] -> d=-53/123
      sign [1, 1, -1] -> d=123/53
      sign [1, -1, 1] -> d=-53/123
      sign [1, -1, -1] -> d=123/53
      sign [-1, 1, 1] -> d=-123/53
      sign [-1, 1, -1] -> d=53/123
      sign [-1, -1, 1] -> d=-123/53
      sign [-1, -1, -1] -> d=53/123
    recip sums (full): [0, 0, 0, 0, 0, 0, 0, 0]
    NOTE: per global Hilbert reciprocity, the partial sum over
          a finite prime set may be nonzero; the FULL sum over
          all bad primes is always 0 (sanity).
>>> CONSTANT-NONTRIVIAL  fiber (88,35)  d=e-g  X=5
    tuple [2,3,5,7,11,13,oo] = [0, 1, 0, 0, 0, 0, 0]
    d values across baselines:
      sign [1, 1, 1] -> d=-53/123
      sign [1, 1, -1] -> d=123/53
      sign [1, -1, 1] -> d=-53/123
      sign [1, -1, -1] -> d=123/53
      sign [-1, 1, 1] -> d=-123/53
      sign [-1, 1, -1] -> d=53/123
      sign [-1, -1, 1] -> d=-123/53
      sign [-1, -1, -1] -> d=53/123
    recip sums (full): [0, 0, 0, 0, 0, 0, 0, 0]
    NOTE: per global Hilbert reciprocity, the partial sum over
          a finite prime set may be nonzero; the FULL sum over
          all bad primes is always 0 (sanity).
>>> CONSTANT-NONTRIVIAL  fiber (88,35)  d=f+g  X=2
    tuple [2,3,5,7,11,13,oo] = [0, 1, 0, 0, 0, 0, 0]
    d values across baselines:
      sign [1, 1, 1] -> d=15488/6519
      sign [1, 1, -1] -> d=-2450/6519
      sign [1, -1, 1] -> d=2450/6519
      sign [1, -1, -1] -> d=-15488/6519
      sign [-1, 1, 1] -> d=15488/6519
      sign [-1, 1, -1] -> d=-2450/6519
      sign [-1, -1, 1] -> d=2450/6519
      sign [-1, -1, -1] -> d=-15488/6519
    recip sums (full): [0, 0, 0, 0, 0, 0, 0, 0]
    NOTE: per global Hilbert reciprocity, the partial sum over
          a finite prime set may be nonzero; the FULL sum over
          all bad primes is always 0 (sanity).
>>> CONSTANT-NONTRIVIAL  fiber (88,35)  d=f+g  X=5
    tuple [2,3,5,7,11,13,oo] = [1, 1, 1, 0, 0, 0, 0]
    d values across baselines:
      sign [1, 1, 1] -> d=15488/6519
      sign [1, 1, -1] -> d=-2450/6519
      sign [1, -1, 1] -> d=2450/6519
      sign [1, -1, -1] -> d=-15488/6519
      sign [-1, 1, 1] -> d=15488/6519
      sign [-1, 1, -1] -> d=-2450/6519
      sign [-1, -1, 1] -> d=2450/6519
      sign [-1, -1, -1] -> d=-15488/6519
    recip sums (full): [0, 0, 0, 0, 0, 0, 0, 0]
    NOTE: per global Hilbert reciprocity, the partial sum over
          a finite prime set may be nonzero; the FULL sum over
          all bad primes is always 0 (sanity).
>>> CONSTANT-NONTRIVIAL  fiber (88,35)  d=f+g  X=10
    tuple [2,3,5,7,11,13,oo] = [1, 0, 1, 0, 0, 0, 0]
    d values across baselines:
      sign [1, 1, 1] -> d=15488/6519
      sign [1, 1, -1] -> d=-2450/6519
      sign [1, -1, 1] -> d=2450/6519
      sign [1, -1, -1] -> d=-15488/6519
      sign [-1, 1, 1] -> d=15488/6519
      sign [-1, 1, -1] -> d=-2450/6519
      sign [-1, -1, 1] -> d=2450/6519
      sign [-1, -1, -1] -> d=-15488/6519
    recip sums (full): [0, 0, 0, 0, 0, 0, 0, 0]
    NOTE: per global Hilbert reciprocity, the partial sum over
          a finite prime set may be nonzero; the FULL sum over
          all bad primes is always 0 (sanity).
>>> CONSTANT-NONTRIVIAL  fiber (88,35)  d=f-g  X=2
    tuple [2,3,5,7,11,13,oo] = [0, 1, 0, 0, 0, 0, 0]
    d values across baselines:
      sign [1, 1, 1] -> d=-2450/6519
      sign [1, 1, -1] -> d=15488/6519
      sign [1, -1, 1] -> d=-15488/6519
      sign [1, -1, -1] -> d=2450/6519
      sign [-1, 1, 1] -> d=-2450/6519
      sign [-1, 1, -1] -> d=15488/6519
      sign [-1, -1, 1] -> d=-15488/6519
      sign [-1, -1, -1] -> d=2450/6519
    recip sums (full): [0, 0, 0, 0, 0, 0, 0, 0]
    NOTE: per global Hilbert reciprocity, the partial sum over
          a finite prime set may be nonzero; the FULL sum over
          all bad primes is always 0 (sanity).
>>> CONSTANT-NONTRIVIAL  fiber (88,35)  d=f-g  X=5
    tuple [2,3,5,7,11,13,oo] = [1, 1, 1, 0, 0, 0, 0]
    d values across baselines:
      sign [1, 1, 1] -> d=-2450/6519
      sign [1, 1, -1] -> d=15488/6519
      sign [1, -1, 1] -> d=-15488/6519
      sign [1, -1, -1] -> d=2450/6519
      sign [-1, 1, 1] -> d=-2450/6519
      sign [-1, 1, -1] -> d=15488/6519
      sign [-1, -1, 1] -> d=-15488/6519
      sign [-1, -1, -1] -> d=2450/6519
    recip sums (full): [0, 0, 0, 0, 0, 0, 0, 0]
    NOTE: per global Hilbert reciprocity, the partial sum over
          a finite prime set may be nonzero; the FULL sum over
          all bad primes is always 0 (sanity).
>>> CONSTANT-NONTRIVIAL  fiber (88,35)  d=f-g  X=10
    tuple [2,3,5,7,11,13,oo] = [1, 0, 1, 0, 0, 0, 0]
    d values across baselines:
      sign [1, 1, 1] -> d=-2450/6519
      sign [1, 1, -1] -> d=15488/6519
      sign [1, -1, 1] -> d=-15488/6519
      sign [1, -1, -1] -> d=2450/6519
      sign [-1, 1, 1] -> d=-2450/6519
      sign [-1, 1, -1] -> d=15488/6519
      sign [-1, -1, 1] -> d=-15488/6519
      sign [-1, -1, -1] -> d=2450/6519
    recip sums (full): [0, 0, 0, 0, 0, 0, 0, 0]
    NOTE: per global Hilbert reciprocity, the partial sum over
          a finite prime set may be nonzero; the FULL sum over
          all bad primes is always 0 (sanity).
>>> CONSTANT-NONTRIVIAL  fiber (88,35)  d=e*f  X=2
    tuple [2,3,5,7,11,13,oo] = [0, 1, 1, 0, 1, 0, 0]
    d values across baselines:
      sign [1, 1, 1] -> d=6160/6519
      sign [1, 1, -1] -> d=6160/6519
      sign [1, -1, 1] -> d=-6160/6519
      sign [1, -1, -1] -> d=-6160/6519
      sign [-1, 1, 1] -> d=-6160/6519
      sign [-1, 1, -1] -> d=-6160/6519
      sign [-1, -1, 1] -> d=6160/6519
      sign [-1, -1, -1] -> d=6160/6519
    recip sums (full): [0, 0, 0, 0, 0, 0, 0, 0]
    NOTE: per global Hilbert reciprocity, the partial sum over
          a finite prime set may be nonzero; the FULL sum over
          all bad primes is always 0 (sanity).
>>> CONSTANT-NONTRIVIAL  fiber (88,35)  d=e*f  X=5
    tuple [2,3,5,7,11,13,oo] = [0, 1, 1, 1, 0, 0, 0]
    d values across baselines:
      sign [1, 1, 1] -> d=6160/6519
      sign [1, 1, -1] -> d=6160/6519
      sign [1, -1, 1] -> d=-6160/6519
      sign [1, -1, -1] -> d=-6160/6519
      sign [-1, 1, 1] -> d=-6160/6519
      sign [-1, 1, -1] -> d=-6160/6519
      sign [-1, -1, 1] -> d=6160/6519
      sign [-1, -1, -1] -> d=6160/6519
    recip sums (full): [0, 0, 0, 0, 0, 0, 0, 0]
    NOTE: per global Hilbert reciprocity, the partial sum over
          a finite prime set may be nonzero; the FULL sum over
          all bad primes is always 0 (sanity).
>>> CONSTANT-NONTRIVIAL  fiber (88,35)  d=e*f  X=10
    tuple [2,3,5,7,11,13,oo] = [0, 0, 0, 1, 1, 0, 0]
    d values across baselines:
      sign [1, 1, 1] -> d=6160/6519
      sign [1, 1, -1] -> d=6160/6519
      sign [1, -1, 1] -> d=-6160/6519
      sign [1, -1, -1] -> d=-6160/6519
      sign [-1, 1, 1] -> d=-6160/6519
      sign [-1, 1, -1] -> d=-6160/6519
      sign [-1, -1, 1] -> d=6160/6519
      sign [-1, -1, -1] -> d=6160/6519
    recip sums (full): [0, 0, 0, 0, 0, 0, 0, 0]
    NOTE: per global Hilbert reciprocity, the partial sum over
          a finite prime set may be nonzero; the FULL sum over
          all bad primes is always 0 (sanity).
>>> CONSTANT-NONTRIVIAL  fiber (88,35)  d=e*g  X=2
    tuple [2,3,5,7,11,13,oo] = [0, 0, 1, 0, 1, 0, 0]
    d values across baselines:
      sign [1, 1, 1] -> d=55249040/42497361
      sign [1, 1, -1] -> d=-55249040/42497361
      sign [1, -1, 1] -> d=55249040/42497361
      sign [1, -1, -1] -> d=-55249040/42497361
      sign [-1, 1, 1] -> d=-55249040/42497361
      sign [-1, 1, -1] -> d=55249040/42497361
      sign [-1, -1, 1] -> d=-55249040/42497361
      sign [-1, -1, -1] -> d=55249040/42497361
    recip sums (full): [0, 0, 0, 0, 0, 0, 0, 0]
    NOTE: per global Hilbert reciprocity, the partial sum over
          a finite prime set may be nonzero; the FULL sum over
          all bad primes is always 0 (sanity).
>>> CONSTANT-NONTRIVIAL  fiber (88,35)  d=e*g  X=5
    tuple [2,3,5,7,11,13,oo] = [0, 0, 1, 1, 0, 0, 0]
    d values across baselines:
      sign [1, 1, 1] -> d=55249040/42497361
      sign [1, 1, -1] -> d=-55249040/42497361
      sign [1, -1, 1] -> d=55249040/42497361
      sign [1, -1, -1] -> d=-55249040/42497361
      sign [-1, 1, 1] -> d=-55249040/42497361
      sign [-1, 1, -1] -> d=55249040/42497361
      sign [-1, -1, 1] -> d=-55249040/42497361
      sign [-1, -1, -1] -> d=55249040/42497361
    recip sums (full): [0, 0, 0, 0, 0, 0, 0, 0]
    NOTE: per global Hilbert reciprocity, the partial sum over
          a finite prime set may be nonzero; the FULL sum over
          all bad primes is always 0 (sanity).
>>> CONSTANT-NONTRIVIAL  fiber (88,35)  d=e*g  X=10
    tuple [2,3,5,7,11,13,oo] = [0, 0, 0, 1, 1, 0, 0]
    d values across baselines:
      sign [1, 1, 1] -> d=55249040/42497361
      sign [1, 1, -1] -> d=-55249040/42497361
      sign [1, -1, 1] -> d=55249040/42497361
      sign [1, -1, -1] -> d=-55249040/42497361
      sign [-1, 1, 1] -> d=-55249040/42497361
      sign [-1, 1, -1] -> d=55249040/42497361
      sign [-1, -1, 1] -> d=-55249040/42497361
      sign [-1, -1, -1] -> d=55249040/42497361
    recip sums (full): [0, 0, 0, 0, 0, 0, 0, 0]
    NOTE: per global Hilbert reciprocity, the partial sum over
          a finite prime set may be nonzero; the FULL sum over
          all bad primes is always 0 (sanity).
>>> CONSTANT-NONTRIVIAL  fiber (88,35)  d=f*g  X=2
    tuple [2,3,5,7,11,13,oo] = [0, 1, 0, 0, 0, 0, 0]
    d values across baselines:
      sign [1, 1, 1] -> d=8969/6519
      sign [1, 1, -1] -> d=-8969/6519
      sign [1, -1, 1] -> d=-8969/6519
      sign [1, -1, -1] -> d=8969/6519
      sign [-1, 1, 1] -> d=8969/6519
      sign [-1, 1, -1] -> d=-8969/6519
      sign [-1, -1, 1] -> d=-8969/6519
      sign [-1, -1, -1] -> d=8969/6519
    recip sums (full): [0, 0, 0, 0, 0, 0, 0, 0]
    NOTE: per global Hilbert reciprocity, the partial sum over
          a finite prime set may be nonzero; the FULL sum over
          all bad primes is always 0 (sanity).
>>> CONSTANT-NONTRIVIAL  fiber (88,35)  d=f*g  X=5
    tuple [2,3,5,7,11,13,oo] = [0, 1, 0, 0, 0, 0, 0]
    d values across baselines:
      sign [1, 1, 1] -> d=8969/6519
      sign [1, 1, -1] -> d=-8969/6519
      sign [1, -1, 1] -> d=-8969/6519
      sign [1, -1, -1] -> d=8969/6519
      sign [-1, 1, 1] -> d=8969/6519
      sign [-1, 1, -1] -> d=-8969/6519
      sign [-1, -1, 1] -> d=-8969/6519
      sign [-1, -1, -1] -> d=8969/6519
    recip sums (full): [0, 0, 0, 0, 0, 0, 0, 0]
    NOTE: per global Hilbert reciprocity, the partial sum over
          a finite prime set may be nonzero; the FULL sum over
          all bad primes is always 0 (sanity).
>>> CONSTANT-NONTRIVIAL  fiber (88,35)  d=e*f*g  X=2
    tuple [2,3,5,7,11,13,oo] = [0, 0, 1, 0, 1, 0, 0]
    d values across baselines:
      sign [1, 1, 1] -> d=55249040/42497361
      sign [1, 1, -1] -> d=-55249040/42497361
      sign [1, -1, 1] -> d=-55249040/42497361
      sign [1, -1, -1] -> d=55249040/42497361
      sign [-1, 1, 1] -> d=-55249040/42497361
      sign [-1, 1, -1] -> d=55249040/42497361
      sign [-1, -1, 1] -> d=55249040/42497361
      sign [-1, -1, -1] -> d=-55249040/42497361
    recip sums (full): [0, 0, 0, 0, 0, 0, 0, 0]
    NOTE: per global Hilbert reciprocity, the partial sum over
          a finite prime set may be nonzero; the FULL sum over
          all bad primes is always 0 (sanity).
>>> CONSTANT-NONTRIVIAL  fiber (88,35)  d=e*f*g  X=5
    tuple [2,3,5,7,11,13,oo] = [0, 0, 1, 1, 0, 0, 0]
    d values across baselines:
      sign [1, 1, 1] -> d=55249040/42497361
      sign [1, 1, -1] -> d=-55249040/42497361
      sign [1, -1, 1] -> d=-55249040/42497361
      sign [1, -1, -1] -> d=55249040/42497361
      sign [-1, 1, 1] -> d=-55249040/42497361
      sign [-1, 1, -1] -> d=55249040/42497361
      sign [-1, -1, 1] -> d=55249040/42497361
      sign [-1, -1, -1] -> d=-55249040/42497361
    recip sums (full): [0, 0, 0, 0, 0, 0, 0, 0]
    NOTE: per global Hilbert reciprocity, the partial sum over
          a finite prime set may be nonzero; the FULL sum over
          all bad primes is always 0 (sanity).
>>> CONSTANT-NONTRIVIAL  fiber (88,35)  d=e*f*g  X=10
    tuple [2,3,5,7,11,13,oo] = [0, 0, 0, 1, 1, 0, 0]
    d values across baselines:
      sign [1, 1, 1] -> d=55249040/42497361
      sign [1, 1, -1] -> d=-55249040/42497361
      sign [1, -1, 1] -> d=-55249040/42497361
      sign [1, -1, -1] -> d=55249040/42497361
      sign [-1, 1, 1] -> d=-55249040/42497361
      sign [-1, 1, -1] -> d=55249040/42497361
      sign [-1, -1, 1] -> d=55249040/42497361
      sign [-1, -1, -1] -> d=-55249040/42497361
    recip sums (full): [0, 0, 0, 0, 0, 0, 0, 0]
    NOTE: per global Hilbert reciprocity, the partial sum over
          a finite prime set may be nonzero; the FULL sum over
          all bad primes is always 0 (sanity).
  Fiber (88,35) summary across 10*14=140 (d,X) pairs:
    constant tuple, nontrivial  : 25
    constant tuple, trivial     : 5
    tuple varies between baselines : 110

====================================================================
AGGREGATE across 4 fibers, 10*14 = 140 (d,X) pairs each:
  constant-tuple nontrivial : 93
  constant-tuple trivial    : 19
  tuple varies              : 448
====================================================================

Interpretation:
  - 'constant-tuple nontrivial' candidates are the ones whose Hilbert
    symbol gives an identical nontrivial local invariant pattern at all
    8 c=0 baselines. These are the most promising for further Brauer-
    class investigation: the pattern is uniform on the degenerate fiber.
  - 'constant-tuple trivial' candidates are uniformly zero -- no info.
  - 'varies' candidates: the Hilbert symbol depends on the sign choice
    of (e, f, g) at c=0. This means the symbol does NOT factor through
    Br(V_q): different rational points in the same baseline cluster
    give different local invariants. NOT a Brauer class.

====================================================================
FULL DUMP: inv_p tuple at each baseline for every (fiber, d, X)
Format: signs (se,sf,sg)  d_val  [inv_2, inv_3, inv_5, inv_7, inv_11, inv_13, inv_oo]
====================================================================

##########################################
Fiber (61,38)
##########################################

---- d = e+f,  X = -1 ----
  signs [1, 1, 1]   d=6913/2277   tuple=[0, 0, 0, 0, 1, 0, 0]   recip=0
  signs [1, 1, -1]   d=6913/2277   tuple=[0, 0, 0, 0, 1, 0, 0]   recip=0
  signs [1, -1, 1]   d=2359/2277   tuple=[1, 0, 0, 1, 1, 0, 0]   recip=0
  signs [1, -1, -1]   d=2359/2277   tuple=[1, 0, 0, 1, 1, 0, 0]   recip=0
  signs [-1, 1, 1]   d=-2359/2277   tuple=[0, 0, 0, 1, 1, 0, 1]   recip=0
  signs [-1, 1, -1]   d=-2359/2277   tuple=[0, 0, 0, 1, 1, 0, 1]   recip=0
  signs [-1, -1, 1]   d=-6913/2277   tuple=[1, 0, 0, 0, 1, 0, 1]   recip=0
  signs [-1, -1, -1]   d=-6913/2277   tuple=[1, 0, 0, 0, 1, 0, 1]   recip=0

---- d = e+f,  X = 2 ----
  signs [1, 1, 1]   d=6913/2277   tuple=[1, 0, 0, 0, 1, 0, 0]   recip=0
  signs [1, 1, -1]   d=6913/2277   tuple=[1, 0, 0, 0, 1, 0, 0]   recip=0
  signs [1, -1, 1]   d=2359/2277   tuple=[1, 0, 0, 0, 1, 0, 0]   recip=0
  signs [1, -1, -1]   d=2359/2277   tuple=[1, 0, 0, 0, 1, 0, 0]   recip=0
  signs [-1, 1, 1]   d=-2359/2277   tuple=[1, 0, 0, 0, 1, 0, 0]   recip=0
  signs [-1, 1, -1]   d=-2359/2277   tuple=[1, 0, 0, 0, 1, 0, 0]   recip=0
  signs [-1, -1, 1]   d=-6913/2277   tuple=[1, 0, 0, 0, 1, 0, 0]   recip=0
  signs [-1, -1, -1]   d=-6913/2277   tuple=[1, 0, 0, 0, 1, 0, 0]   recip=0

---- d = e+f,  X = -2 ----
  signs [1, 1, 1]   d=6913/2277   tuple=[1, 0, 0, 0, 0, 0, 0]   recip=0
  signs [1, 1, -1]   d=6913/2277   tuple=[1, 0, 0, 0, 0, 0, 0]   recip=0
  signs [1, -1, 1]   d=2359/2277   tuple=[0, 0, 0, 1, 0, 0, 0]   recip=0
  signs [1, -1, -1]   d=2359/2277   tuple=[0, 0, 0, 1, 0, 0, 0]   recip=0
  signs [-1, 1, 1]   d=-2359/2277   tuple=[1, 0, 0, 1, 0, 0, 1]   recip=0
  signs [-1, 1, -1]   d=-2359/2277   tuple=[1, 0, 0, 1, 0, 0, 1]   recip=0
  signs [-1, -1, 1]   d=-6913/2277   tuple=[0, 0, 0, 0, 0, 0, 1]   recip=0
  signs [-1, -1, -1]   d=-6913/2277   tuple=[0, 0, 0, 0, 0, 0, 1]   recip=0

---- d = e+f,  X = 3 ----
  signs [1, 1, 1]   d=6913/2277   tuple=[0, 0, 0, 0, 0, 0, 0]   recip=0
  signs [1, 1, -1]   d=6913/2277   tuple=[0, 0, 0, 0, 0, 0, 0]   recip=0
  signs [1, -1, 1]   d=2359/2277   tuple=[1, 0, 0, 1, 0, 0, 0]   recip=0
  signs [1, -1, -1]   d=2359/2277   tuple=[1, 0, 0, 1, 0, 0, 0]   recip=0
  signs [-1, 1, 1]   d=-2359/2277   tuple=[0, 1, 0, 1, 0, 0, 0]   recip=0
  signs [-1, 1, -1]   d=-2359/2277   tuple=[0, 1, 0, 1, 0, 0, 0]   recip=0
  signs [-1, -1, 1]   d=-6913/2277   tuple=[1, 1, 0, 0, 0, 0, 0]   recip=0
  signs [-1, -1, -1]   d=-6913/2277   tuple=[1, 1, 0, 0, 0, 0, 0]   recip=0

---- d = e+f,  X = -3 ----
  signs [1, 1, 1]   d=6913/2277   tuple=[0, 0, 0, 0, 1, 0, 0]   recip=0
  signs [1, 1, -1]   d=6913/2277   tuple=[0, 0, 0, 0, 1, 0, 0]   recip=0
  signs [1, -1, 1]   d=2359/2277   tuple=[0, 0, 0, 0, 1, 0, 0]   recip=0
  signs [1, -1, -1]   d=2359/2277   tuple=[0, 0, 0, 0, 1, 0, 0]   recip=0
  signs [-1, 1, 1]   d=-2359/2277   tuple=[0, 1, 0, 0, 1, 0, 1]   recip=0
  signs [-1, 1, -1]   d=-2359/2277   tuple=[0, 1, 0, 0, 1, 0, 1]   recip=0
  signs [-1, -1, 1]   d=-6913/2277   tuple=[0, 1, 0, 0, 1, 0, 1]   recip=0
  signs [-1, -1, -1]   d=-6913/2277   tuple=[0, 1, 0, 0, 1, 0, 1]   recip=0

---- d = e+f,  X = 5 ----
  signs [1, 1, 1]   d=6913/2277   tuple=[0, 0, 0, 0, 0, 0, 0]   recip=0
  signs [1, 1, -1]   d=6913/2277   tuple=[0, 0, 0, 0, 0, 0, 0]   recip=0
  signs [1, -1, 1]   d=2359/2277   tuple=[0, 0, 1, 1, 0, 0, 0]   recip=0
  signs [1, -1, -1]   d=2359/2277   tuple=[0, 0, 1, 1, 0, 0, 0]   recip=0
  signs [-1, 1, 1]   d=-2359/2277   tuple=[0, 0, 1, 1, 0, 0, 0]   recip=0
  signs [-1, 1, -1]   d=-2359/2277   tuple=[0, 0, 1, 1, 0, 0, 0]   recip=0
  signs [-1, -1, 1]   d=-6913/2277   tuple=[0, 0, 0, 0, 0, 0, 0]   recip=0
  signs [-1, -1, -1]   d=-6913/2277   tuple=[0, 0, 0, 0, 0, 0, 0]   recip=0

---- d = e+f,  X = -5 ----
  signs [1, 1, 1]   d=6913/2277   tuple=[0, 0, 0, 0, 1, 0, 0]   recip=0
  signs [1, 1, -1]   d=6913/2277   tuple=[0, 0, 0, 0, 1, 0, 0]   recip=0
  signs [1, -1, 1]   d=2359/2277   tuple=[1, 0, 1, 0, 1, 0, 0]   recip=0
  signs [1, -1, -1]   d=2359/2277   tuple=[1, 0, 1, 0, 1, 0, 0]   recip=0
  signs [-1, 1, 1]   d=-2359/2277   tuple=[0, 0, 1, 0, 1, 0, 1]   recip=0
  signs [-1, 1, -1]   d=-2359/2277   tuple=[0, 0, 1, 0, 1, 0, 1]   recip=0
  signs [-1, -1, 1]   d=-6913/2277   tuple=[1, 0, 0, 0, 1, 0, 1]   recip=0
  signs [-1, -1, -1]   d=-6913/2277   tuple=[1, 0, 0, 0, 1, 0, 1]   recip=0

---- d = e+f,  X = 6 ----
  signs [1, 1, 1]   d=6913/2277   tuple=[1, 0, 0, 0, 1, 0, 0]   recip=0
  signs [1, 1, -1]   d=6913/2277   tuple=[1, 0, 0, 0, 1, 0, 0]   recip=0
  signs [1, -1, 1]   d=2359/2277   tuple=[0, 0, 0, 1, 1, 0, 0]   recip=0
  signs [1, -1, -1]   d=2359/2277   tuple=[0, 0, 0, 1, 1, 0, 0]   recip=0
  signs [-1, 1, 1]   d=-2359/2277   tuple=[1, 1, 0, 1, 1, 0, 0]   recip=0
  signs [-1, 1, -1]   d=-2359/2277   tuple=[1, 1, 0, 1, 1, 0, 0]   recip=0
  signs [-1, -1, 1]   d=-6913/2277   tuple=[0, 1, 0, 0, 1, 0, 0]   recip=0
  signs [-1, -1, -1]   d=-6913/2277   tuple=[0, 1, 0, 0, 1, 0, 0]   recip=0

---- d = e+f,  X = -6 ----
  signs [1, 1, 1]   d=6913/2277   tuple=[1, 0, 0, 0, 0, 0, 0]   recip=0
  signs [1, 1, -1]   d=6913/2277   tuple=[1, 0, 0, 0, 0, 0, 0]   recip=0
  signs [1, -1, 1]   d=2359/2277   tuple=[1, 0, 0, 0, 0, 0, 0]   recip=0
  signs [1, -1, -1]   d=2359/2277   tuple=[1, 0, 0, 0, 0, 0, 0]   recip=0
  signs [-1, 1, 1]   d=-2359/2277   tuple=[1, 1, 0, 0, 0, 0, 1]   recip=0
  signs [-1, 1, -1]   d=-2359/2277   tuple=[1, 1, 0, 0, 0, 0, 1]   recip=0
  signs [-1, -1, 1]   d=-6913/2277   tuple=[1, 1, 0, 0, 0, 0, 1]   recip=0
  signs [-1, -1, -1]   d=-6913/2277   tuple=[1, 1, 0, 0, 0, 0, 1]   recip=0

---- d = e+f,  X = 7 ----
  signs [1, 1, 1]   d=6913/2277   tuple=[0, 0, 0, 0, 1, 0, 0]   recip=0
  signs [1, 1, -1]   d=6913/2277   tuple=[0, 0, 0, 0, 1, 0, 0]   recip=0
  signs [1, -1, 1]   d=2359/2277   tuple=[1, 0, 0, 1, 1, 0, 0]   recip=0
  signs [1, -1, -1]   d=2359/2277   tuple=[1, 0, 0, 1, 1, 0, 0]   recip=0
  signs [-1, 1, 1]   d=-2359/2277   tuple=[0, 0, 0, 0, 1, 0, 0]   recip=0
  signs [-1, 1, -1]   d=-2359/2277   tuple=[0, 0, 0, 0, 1, 0, 0]   recip=0
  signs [-1, -1, 1]   d=-6913/2277   tuple=[1, 0, 0, 1, 1, 0, 0]   recip=0
  signs [-1, -1, -1]   d=-6913/2277   tuple=[1, 0, 0, 1, 1, 0, 0]   recip=0

---- d = e+f,  X = -7 ----
  signs [1, 1, 1]   d=6913/2277   tuple=[0, 0, 0, 0, 0, 0, 0]   recip=0
  signs [1, 1, -1]   d=6913/2277   tuple=[0, 0, 0, 0, 0, 0, 0]   recip=0
  signs [1, -1, 1]   d=2359/2277   tuple=[0, 0, 0, 0, 0, 0, 0]   recip=0
  signs [1, -1, -1]   d=2359/2277   tuple=[0, 0, 0, 0, 0, 0, 0]   recip=0
  signs [-1, 1, 1]   d=-2359/2277   tuple=[0, 0, 0, 1, 0, 0, 1]   recip=0
  signs [-1, 1, -1]   d=-2359/2277   tuple=[0, 0, 0, 1, 0, 0, 1]   recip=0
  signs [-1, -1, 1]   d=-6913/2277   tuple=[0, 0, 0, 1, 0, 0, 1]   recip=0
  signs [-1, -1, -1]   d=-6913/2277   tuple=[0, 0, 0, 1, 0, 0, 1]   recip=0

---- d = e+f,  X = 10 ----
  signs [1, 1, 1]   d=6913/2277   tuple=[1, 0, 0, 0, 1, 0, 0]   recip=0
  signs [1, 1, -1]   d=6913/2277   tuple=[1, 0, 0, 0, 1, 0, 0]   recip=0
  signs [1, -1, 1]   d=2359/2277   tuple=[1, 0, 1, 1, 1, 0, 0]   recip=0
  signs [1, -1, -1]   d=2359/2277   tuple=[1, 0, 1, 1, 1, 0, 0]   recip=0
  signs [-1, 1, 1]   d=-2359/2277   tuple=[1, 0, 1, 1, 1, 0, 0]   recip=0
  signs [-1, 1, -1]   d=-2359/2277   tuple=[1, 0, 1, 1, 1, 0, 0]   recip=0
  signs [-1, -1, 1]   d=-6913/2277   tuple=[1, 0, 0, 0, 1, 0, 0]   recip=0
  signs [-1, -1, -1]   d=-6913/2277   tuple=[1, 0, 0, 0, 1, 0, 0]   recip=0

---- d = e+f,  X = -10 ----
  signs [1, 1, 1]   d=6913/2277   tuple=[1, 0, 0, 0, 0, 0, 0]   recip=0
  signs [1, 1, -1]   d=6913/2277   tuple=[1, 0, 0, 0, 0, 0, 0]   recip=0
  signs [1, -1, 1]   d=2359/2277   tuple=[0, 0, 1, 0, 0, 0, 0]   recip=0
  signs [1, -1, -1]   d=2359/2277   tuple=[0, 0, 1, 0, 0, 0, 0]   recip=0
  signs [-1, 1, 1]   d=-2359/2277   tuple=[1, 0, 1, 0, 0, 0, 1]   recip=0
  signs [-1, 1, -1]   d=-2359/2277   tuple=[1, 0, 1, 0, 0, 0, 1]   recip=0
  signs [-1, -1, 1]   d=-6913/2277   tuple=[0, 0, 0, 0, 0, 0, 1]   recip=0
  signs [-1, -1, -1]   d=-6913/2277   tuple=[0, 0, 0, 0, 0, 0, 1]   recip=0

---- d = e+f,  X = 15 ----
  signs [1, 1, 1]   d=6913/2277   tuple=[0, 0, 0, 0, 0, 0, 0]   recip=0
  signs [1, 1, -1]   d=6913/2277   tuple=[0, 0, 0, 0, 0, 0, 0]   recip=0
  signs [1, -1, 1]   d=2359/2277   tuple=[1, 0, 1, 0, 0, 0, 0]   recip=0
  signs [1, -1, -1]   d=2359/2277   tuple=[1, 0, 1, 0, 0, 0, 0]   recip=0
  signs [-1, 1, 1]   d=-2359/2277   tuple=[0, 1, 1, 0, 0, 0, 0]   recip=0
  signs [-1, 1, -1]   d=-2359/2277   tuple=[0, 1, 1, 0, 0, 0, 0]   recip=0
  signs [-1, -1, 1]   d=-6913/2277   tuple=[1, 1, 0, 0, 0, 0, 0]   recip=0
  signs [-1, -1, -1]   d=-6913/2277   tuple=[1, 1, 0, 0, 0, 0, 0]   recip=0

---- d = e-f,  X = -1 ----
  signs [1, 1, 1]   d=2359/2277   tuple=[1, 0, 0, 1, 1, 0, 0]   recip=0
  signs [1, 1, -1]   d=2359/2277   tuple=[1, 0, 0, 1, 1, 0, 0]   recip=0
  signs [1, -1, 1]   d=6913/2277   tuple=[0, 0, 0, 0, 1, 0, 0]   recip=0
  signs [1, -1, -1]   d=6913/2277   tuple=[0, 0, 0, 0, 1, 0, 0]   recip=0
  signs [-1, 1, 1]   d=-6913/2277   tuple=[1, 0, 0, 0, 1, 0, 1]   recip=0
  signs [-1, 1, -1]   d=-6913/2277   tuple=[1, 0, 0, 0, 1, 0, 1]   recip=0
  signs [-1, -1, 1]   d=-2359/2277   tuple=[0, 0, 0, 1, 1, 0, 1]   recip=0
  signs [-1, -1, -1]   d=-2359/2277   tuple=[0, 0, 0, 1, 1, 0, 1]   recip=0

---- d = e-f,  X = 2 ----
  signs [1, 1, 1]   d=2359/2277   tuple=[1, 0, 0, 0, 1, 0, 0]   recip=0
  signs [1, 1, -1]   d=2359/2277   tuple=[1, 0, 0, 0, 1, 0, 0]   recip=0
  signs [1, -1, 1]   d=6913/2277   tuple=[1, 0, 0, 0, 1, 0, 0]   recip=0
  signs [1, -1, -1]   d=6913/2277   tuple=[1, 0, 0, 0, 1, 0, 0]   recip=0
  signs [-1, 1, 1]   d=-6913/2277   tuple=[1, 0, 0, 0, 1, 0, 0]   recip=0
  signs [-1, 1, -1]   d=-6913/2277   tuple=[1, 0, 0, 0, 1, 0, 0]   recip=0
  signs [-1, -1, 1]   d=-2359/2277   tuple=[1, 0, 0, 0, 1, 0, 0]   recip=0
  signs [-1, -1, -1]   d=-2359/2277   tuple=[1, 0, 0, 0, 1, 0, 0]   recip=0

---- d = e-f,  X = -2 ----
  signs [1, 1, 1]   d=2359/2277   tuple=[0, 0, 0, 1, 0, 0, 0]   recip=0
  signs [1, 1, -1]   d=2359/2277   tuple=[0, 0, 0, 1, 0, 0, 0]   recip=0
  signs [1, -1, 1]   d=6913/2277   tuple=[1, 0, 0, 0, 0, 0, 0]   recip=0
  signs [1, -1, -1]   d=6913/2277   tuple=[1, 0, 0, 0, 0, 0, 0]   recip=0
  signs [-1, 1, 1]   d=-6913/2277   tuple=[0, 0, 0, 0, 0, 0, 1]   recip=0
  signs [-1, 1, -1]   d=-6913/2277   tuple=[0, 0, 0, 0, 0, 0, 1]   recip=0
  signs [-1, -1, 1]   d=-2359/2277   tuple=[1, 0, 0, 1, 0, 0, 1]   recip=0
  signs [-1, -1, -1]   d=-2359/2277   tuple=[1, 0, 0, 1, 0, 0, 1]   recip=0

---- d = e-f,  X = 3 ----
  signs [1, 1, 1]   d=2359/2277   tuple=[1, 0, 0, 1, 0, 0, 0]   recip=0
  signs [1, 1, -1]   d=2359/2277   tuple=[1, 0, 0, 1, 0, 0, 0]   recip=0
  signs [1, -1, 1]   d=6913/2277   tuple=[0, 0, 0, 0, 0, 0, 0]   recip=0
  signs [1, -1, -1]   d=6913/2277   tuple=[0, 0, 0, 0, 0, 0, 0]   recip=0
  signs [-1, 1, 1]   d=-6913/2277   tuple=[1, 1, 0, 0, 0, 0, 0]   recip=0
  signs [-1, 1, -1]   d=-6913/2277   tuple=[1, 1, 0, 0, 0, 0, 0]   recip=0
  signs [-1, -1, 1]   d=-2359/2277   tuple=[0, 1, 0, 1, 0, 0, 0]   recip=0
  signs [-1, -1, -1]   d=-2359/2277   tuple=[0, 1, 0, 1, 0, 0, 0]   recip=0

---- d = e-f,  X = -3 ----
  signs [1, 1, 1]   d=2359/2277   tuple=[0, 0, 0, 0, 1, 0, 0]   recip=0
  signs [1, 1, -1]   d=2359/2277   tuple=[0, 0, 0, 0, 1, 0, 0]   recip=0
  signs [1, -1, 1]   d=6913/2277   tuple=[0, 0, 0, 0, 1, 0, 0]   recip=0
  signs [1, -1, -1]   d=6913/2277   tuple=[0, 0, 0, 0, 1, 0, 0]   recip=0
  signs [-1, 1, 1]   d=-6913/2277   tuple=[0, 1, 0, 0, 1, 0, 1]   recip=0
  signs [-1, 1, -1]   d=-6913/2277   tuple=[0, 1, 0, 0, 1, 0, 1]   recip=0
  signs [-1, -1, 1]   d=-2359/2277   tuple=[0, 1, 0, 0, 1, 0, 1]   recip=0
  signs [-1, -1, -1]   d=-2359/2277   tuple=[0, 1, 0, 0, 1, 0, 1]   recip=0

---- d = e-f,  X = 5 ----
  signs [1, 1, 1]   d=2359/2277   tuple=[0, 0, 1, 1, 0, 0, 0]   recip=0
  signs [1, 1, -1]   d=2359/2277   tuple=[0, 0, 1, 1, 0, 0, 0]   recip=0
  signs [1, -1, 1]   d=6913/2277   tuple=[0, 0, 0, 0, 0, 0, 0]   recip=0
  signs [1, -1, -1]   d=6913/2277   tuple=[0, 0, 0, 0, 0, 0, 0]   recip=0
  signs [-1, 1, 1]   d=-6913/2277   tuple=[0, 0, 0, 0, 0, 0, 0]   recip=0
  signs [-1, 1, -1]   d=-6913/2277   tuple=[0, 0, 0, 0, 0, 0, 0]   recip=0
  signs [-1, -1, 1]   d=-2359/2277   tuple=[0, 0, 1, 1, 0, 0, 0]   recip=0
  signs [-1, -1, -1]   d=-2359/2277   tuple=[0, 0, 1, 1, 0, 0, 0]   recip=0

---- d = e-f,  X = -5 ----
  signs [1, 1, 1]   d=2359/2277   tuple=[1, 0, 1, 0, 1, 0, 0]   recip=0
  signs [1, 1, -1]   d=2359/2277   tuple=[1, 0, 1, 0, 1, 0, 0]   recip=0
  signs [1, -1, 1]   d=6913/2277   tuple=[0, 0, 0, 0, 1, 0, 0]   recip=0
  signs [1, -1, -1]   d=6913/2277   tuple=[0, 0, 0, 0, 1, 0, 0]   recip=0
  signs [-1, 1, 1]   d=-6913/2277   tuple=[1, 0, 0, 0, 1, 0, 1]   recip=0
  signs [-1, 1, -1]   d=-6913/2277   tuple=[1, 0, 0, 0, 1, 0, 1]   recip=0
  signs [-1, -1, 1]   d=-2359/2277   tuple=[0, 0, 1, 0, 1, 0, 1]   recip=0
  signs [-1, -1, -1]   d=-2359/2277   tuple=[0, 0, 1, 0, 1, 0, 1]   recip=0

---- d = e-f,  X = 6 ----
  signs [1, 1, 1]   d=2359/2277   tuple=[0, 0, 0, 1, 1, 0, 0]   recip=0
  signs [1, 1, -1]   d=2359/2277   tuple=[0, 0, 0, 1, 1, 0, 0]   recip=0
  signs [1, -1, 1]   d=6913/2277   tuple=[1, 0, 0, 0, 1, 0, 0]   recip=0
  signs [1, -1, -1]   d=6913/2277   tuple=[1, 0, 0, 0, 1, 0, 0]   recip=0
  signs [-1, 1, 1]   d=-6913/2277   tuple=[0, 1, 0, 0, 1, 0, 0]   recip=0
  signs [-1, 1, -1]   d=-6913/2277   tuple=[0, 1, 0, 0, 1, 0, 0]   recip=0
  signs [-1, -1, 1]   d=-2359/2277   tuple=[1, 1, 0, 1, 1, 0, 0]   recip=0
  signs [-1, -1, -1]   d=-2359/2277   tuple=[1, 1, 0, 1, 1, 0, 0]   recip=0

---- d = e-f,  X = -6 ----
  signs [1, 1, 1]   d=2359/2277   tuple=[1, 0, 0, 0, 0, 0, 0]   recip=0
  signs [1, 1, -1]   d=2359/2277   tuple=[1, 0, 0, 0, 0, 0, 0]   recip=0
  signs [1, -1, 1]   d=6913/2277   tuple=[1, 0, 0, 0, 0, 0, 0]   recip=0
  signs [1, -1, -1]   d=6913/2277   tuple=[1, 0, 0, 0, 0, 0, 0]   recip=0
  signs [-1, 1, 1]   d=-6913/2277   tuple=[1, 1, 0, 0, 0, 0, 1]   recip=0
  signs [-1, 1, -1]   d=-6913/2277   tuple=[1, 1, 0, 0, 0, 0, 1]   recip=0
  signs [-1, -1, 1]   d=-2359/2277   tuple=[1, 1, 0, 0, 0, 0, 1]   recip=0
  signs [-1, -1, -1]   d=-2359/2277   tuple=[1, 1, 0, 0, 0, 0, 1]   recip=0

---- d = e-f,  X = 7 ----
  signs [1, 1, 1]   d=2359/2277   tuple=[1, 0, 0, 1, 1, 0, 0]   recip=0
  signs [1, 1, -1]   d=2359/2277   tuple=[1, 0, 0, 1, 1, 0, 0]   recip=0
  signs [1, -1, 1]   d=6913/2277   tuple=[0, 0, 0, 0, 1, 0, 0]   recip=0
  signs [1, -1, -1]   d=6913/2277   tuple=[0, 0, 0, 0, 1, 0, 0]   recip=0
  signs [-1, 1, 1]   d=-6913/2277   tuple=[1, 0, 0, 1, 1, 0, 0]   recip=0
  signs [-1, 1, -1]   d=-6913/2277   tuple=[1, 0, 0, 1, 1, 0, 0]   recip=0
  signs [-1, -1, 1]   d=-2359/2277   tuple=[0, 0, 0, 0, 1, 0, 0]   recip=0
  signs [-1, -1, -1]   d=-2359/2277   tuple=[0, 0, 0, 0, 1, 0, 0]   recip=0

---- d = e-f,  X = -7 ----
  signs [1, 1, 1]   d=2359/2277   tuple=[0, 0, 0, 0, 0, 0, 0]   recip=0
  signs [1, 1, -1]   d=2359/2277   tuple=[0, 0, 0, 0, 0, 0, 0]   recip=0
  signs [1, -1, 1]   d=6913/2277   tuple=[0, 0, 0, 0, 0, 0, 0]   recip=0
  signs [1, -1, -1]   d=6913/2277   tuple=[0, 0, 0, 0, 0, 0, 0]   recip=0
  signs [-1, 1, 1]   d=-6913/2277   tuple=[0, 0, 0, 1, 0, 0, 1]   recip=0
  signs [-1, 1, -1]   d=-6913/2277   tuple=[0, 0, 0, 1, 0, 0, 1]   recip=0
  signs [-1, -1, 1]   d=-2359/2277   tuple=[0, 0, 0, 1, 0, 0, 1]   recip=0
  signs [-1, -1, -1]   d=-2359/2277   tuple=[0, 0, 0, 1, 0, 0, 1]   recip=0

---- d = e-f,  X = 10 ----
  signs [1, 1, 1]   d=2359/2277   tuple=[1, 0, 1, 1, 1, 0, 0]   recip=0
  signs [1, 1, -1]   d=2359/2277   tuple=[1, 0, 1, 1, 1, 0, 0]   recip=0
  signs [1, -1, 1]   d=6913/2277   tuple=[1, 0, 0, 0, 1, 0, 0]   recip=0
  signs [1, -1, -1]   d=6913/2277   tuple=[1, 0, 0, 0, 1, 0, 0]   recip=0
  signs [-1, 1, 1]   d=-6913/2277   tuple=[1, 0, 0, 0, 1, 0, 0]   recip=0
  signs [-1, 1, -1]   d=-6913/2277   tuple=[1, 0, 0, 0, 1, 0, 0]   recip=0
  signs [-1, -1, 1]   d=-2359/2277   tuple=[1, 0, 1, 1, 1, 0, 0]   recip=0
  signs [-1, -1, -1]   d=-2359/2277   tuple=[1, 0, 1, 1, 1, 0, 0]   recip=0

---- d = e-f,  X = -10 ----
  signs [1, 1, 1]   d=2359/2277   tuple=[0, 0, 1, 0, 0, 0, 0]   recip=0
  signs [1, 1, -1]   d=2359/2277   tuple=[0, 0, 1, 0, 0, 0, 0]   recip=0
  signs [1, -1, 1]   d=6913/2277   tuple=[1, 0, 0, 0, 0, 0, 0]   recip=0
  signs [1, -1, -1]   d=6913/2277   tuple=[1, 0, 0, 0, 0, 0, 0]   recip=0
  signs [-1, 1, 1]   d=-6913/2277   tuple=[0, 0, 0, 0, 0, 0, 1]   recip=0
  signs [-1, 1, -1]   d=-6913/2277   tuple=[0, 0, 0, 0, 0, 0, 1]   recip=0
  signs [-1, -1, 1]   d=-2359/2277   tuple=[1, 0, 1, 0, 0, 0, 1]   recip=0
  signs [-1, -1, -1]   d=-2359/2277   tuple=[1, 0, 1, 0, 0, 0, 1]   recip=0

---- d = e-f,  X = 15 ----
  signs [1, 1, 1]   d=2359/2277   tuple=[1, 0, 1, 0, 0, 0, 0]   recip=0
  signs [1, 1, -1]   d=2359/2277   tuple=[1, 0, 1, 0, 0, 0, 0]   recip=0
  signs [1, -1, 1]   d=6913/2277   tuple=[0, 0, 0, 0, 0, 0, 0]   recip=0
  signs [1, -1, -1]   d=6913/2277   tuple=[0, 0, 0, 0, 0, 0, 0]   recip=0
  signs [-1, 1, 1]   d=-6913/2277   tuple=[1, 1, 0, 0, 0, 0, 0]   recip=0
  signs [-1, 1, -1]   d=-6913/2277   tuple=[1, 1, 0, 0, 0, 0, 0]   recip=0
  signs [-1, -1, 1]   d=-2359/2277   tuple=[0, 1, 1, 0, 0, 0, 0]   recip=0
  signs [-1, -1, -1]   d=-2359/2277   tuple=[0, 1, 1, 0, 0, 0, 0]   recip=0

---- d = e+g,  X = -1 ----
  signs [1, 1, 1]   d=99/23   tuple=[0, 0, 0, 0, 1, 0, 0]   recip=0
  signs [1, 1, -1]   d=-23/99   tuple=[1, 0, 0, 0, 1, 0, 1]   recip=0
  signs [1, -1, 1]   d=99/23   tuple=[0, 0, 0, 0, 1, 0, 0]   recip=0
  signs [1, -1, -1]   d=-23/99   tuple=[1, 0, 0, 0, 1, 0, 1]   recip=0
  signs [-1, 1, 1]   d=23/99   tuple=[0, 0, 0, 0, 1, 0, 0]   recip=0
  signs [-1, 1, -1]   d=-99/23   tuple=[1, 0, 0, 0, 1, 0, 1]   recip=0
  signs [-1, -1, 1]   d=23/99   tuple=[0, 0, 0, 0, 1, 0, 0]   recip=0
  signs [-1, -1, -1]   d=-99/23   tuple=[1, 0, 0, 0, 1, 0, 1]   recip=0

---- d = e+g,  X = 2 ----
  signs [1, 1, 1]   d=99/23   tuple=[1, 0, 0, 0, 1, 0, 0]   recip=0
  signs [1, 1, -1]   d=-23/99   tuple=[1, 0, 0, 0, 1, 0, 0]   recip=0
  signs [1, -1, 1]   d=99/23   tuple=[1, 0, 0, 0, 1, 0, 0]   recip=0
  signs [1, -1, -1]   d=-23/99   tuple=[1, 0, 0, 0, 1, 0, 0]   recip=0
  signs [-1, 1, 1]   d=23/99   tuple=[1, 0, 0, 0, 1, 0, 0]   recip=0
  signs [-1, 1, -1]   d=-99/23   tuple=[1, 0, 0, 0, 1, 0, 0]   recip=0
  signs [-1, -1, 1]   d=23/99   tuple=[1, 0, 0, 0, 1, 0, 0]   recip=0
  signs [-1, -1, -1]   d=-99/23   tuple=[1, 0, 0, 0, 1, 0, 0]   recip=0

---- d = e+g,  X = -2 ----
  signs [1, 1, 1]   d=99/23   tuple=[1, 0, 0, 0, 0, 0, 0]   recip=0
  signs [1, 1, -1]   d=-23/99   tuple=[0, 0, 0, 0, 0, 0, 1]   recip=0
  signs [1, -1, 1]   d=99/23   tuple=[1, 0, 0, 0, 0, 0, 0]   recip=0
  signs [1, -1, -1]   d=-23/99   tuple=[0, 0, 0, 0, 0, 0, 1]   recip=0
  signs [-1, 1, 1]   d=23/99   tuple=[1, 0, 0, 0, 0, 0, 0]   recip=0
  signs [-1, 1, -1]   d=-99/23   tuple=[0, 0, 0, 0, 0, 0, 1]   recip=0
  signs [-1, -1, 1]   d=23/99   tuple=[1, 0, 0, 0, 0, 0, 0]   recip=0
  signs [-1, -1, -1]   d=-99/23   tuple=[0, 0, 0, 0, 0, 0, 1]   recip=0

---- d = e+g,  X = 3 ----
  signs [1, 1, 1]   d=99/23   tuple=[0, 0, 0, 0, 0, 0, 0]   recip=0
  signs [1, 1, -1]   d=-23/99   tuple=[1, 1, 0, 0, 0, 0, 0]   recip=0
  signs [1, -1, 1]   d=99/23   tuple=[0, 0, 0, 0, 0, 0, 0]   recip=0
  signs [1, -1, -1]   d=-23/99   tuple=[1, 1, 0, 0, 0, 0, 0]   recip=0
  signs [-1, 1, 1]   d=23/99   tuple=[0, 0, 0, 0, 0, 0, 0]   recip=0
  signs [-1, 1, -1]   d=-99/23   tuple=[1, 1, 0, 0, 0, 0, 0]   recip=0
  signs [-1, -1, 1]   d=23/99   tuple=[0, 0, 0, 0, 0, 0, 0]   recip=0
  signs [-1, -1, -1]   d=-99/23   tuple=[1, 1, 0, 0, 0, 0, 0]   recip=0

---- d = e+g,  X = -3 ----
  signs [1, 1, 1]   d=99/23   tuple=[0, 0, 0, 0, 1, 0, 0]   recip=0
  signs [1, 1, -1]   d=-23/99   tuple=[0, 1, 0, 0, 1, 0, 1]   recip=0
  signs [1, -1, 1]   d=99/23   tuple=[0, 0, 0, 0, 1, 0, 0]   recip=0
  signs [1, -1, -1]   d=-23/99   tuple=[0, 1, 0, 0, 1, 0, 1]   recip=0
  signs [-1, 1, 1]   d=23/99   tuple=[0, 0, 0, 0, 1, 0, 0]   recip=0
  signs [-1, 1, -1]   d=-99/23   tuple=[0, 1, 0, 0, 1, 0, 1]   recip=0
  signs [-1, -1, 1]   d=23/99   tuple=[0, 0, 0, 0, 1, 0, 0]   recip=0
  signs [-1, -1, -1]   d=-99/23   tuple=[0, 1, 0, 0, 1, 0, 1]   recip=0

---- d = e+g,  X = 5 ----
  signs [1, 1, 1]   d=99/23   tuple=[0, 0, 1, 0, 0, 0, 0]   recip=0
  signs [1, 1, -1]   d=-23/99   tuple=[0, 0, 1, 0, 0, 0, 0]   recip=0
  signs [1, -1, 1]   d=99/23   tuple=[0, 0, 1, 0, 0, 0, 0]   recip=0
  signs [1, -1, -1]   d=-23/99   tuple=[0, 0, 1, 0, 0, 0, 0]   recip=0
  signs [-1, 1, 1]   d=23/99   tuple=[0, 0, 1, 0, 0, 0, 0]   recip=0
  signs [-1, 1, -1]   d=-99/23   tuple=[0, 0, 1, 0, 0, 0, 0]   recip=0
  signs [-1, -1, 1]   d=23/99   tuple=[0, 0, 1, 0, 0, 0, 0]   recip=0
  signs [-1, -1, -1]   d=-99/23   tuple=[0, 0, 1, 0, 0, 0, 0]   recip=0

---- d = e+g,  X = -5 ----
  signs [1, 1, 1]   d=99/23   tuple=[0, 0, 1, 0, 1, 0, 0]   recip=0
  signs [1, 1, -1]   d=-23/99   tuple=[1, 0, 1, 0, 1, 0, 1]   recip=0
  signs [1, -1, 1]   d=99/23   tuple=[0, 0, 1, 0, 1, 0, 0]   recip=0
  signs [1, -1, -1]   d=-23/99   tuple=[1, 0, 1, 0, 1, 0, 1]   recip=0
  signs [-1, 1, 1]   d=23/99   tuple=[0, 0, 1, 0, 1, 0, 0]   recip=0
  signs [-1, 1, -1]   d=-99/23   tuple=[1, 0, 1, 0, 1, 0, 1]   recip=0
  signs [-1, -1, 1]   d=23/99   tuple=[0, 0, 1, 0, 1, 0, 0]   recip=0
  signs [-1, -1, -1]   d=-99/23   tuple=[1, 0, 1, 0, 1, 0, 1]   recip=0

---- d = e+g,  X = 6 ----
  signs [1, 1, 1]   d=99/23   tuple=[1, 0, 0, 0, 1, 0, 0]   recip=0
  signs [1, 1, -1]   d=-23/99   tuple=[0, 1, 0, 0, 1, 0, 0]   recip=0
  signs [1, -1, 1]   d=99/23   tuple=[1, 0, 0, 0, 1, 0, 0]   recip=0
  signs [1, -1, -1]   d=-23/99   tuple=[0, 1, 0, 0, 1, 0, 0]   recip=0
  signs [-1, 1, 1]   d=23/99   tuple=[1, 0, 0, 0, 1, 0, 0]   recip=0
  signs [-1, 1, -1]   d=-99/23   tuple=[0, 1, 0, 0, 1, 0, 0]   recip=0
  signs [-1, -1, 1]   d=23/99   tuple=[1, 0, 0, 0, 1, 0, 0]   recip=0
  signs [-1, -1, -1]   d=-99/23   tuple=[0, 1, 0, 0, 1, 0, 0]   recip=0

---- d = e+g,  X = -6 ----
  signs [1, 1, 1]   d=99/23   tuple=[1, 0, 0, 0, 0, 0, 0]   recip=0
  signs [1, 1, -1]   d=-23/99   tuple=[1, 1, 0, 0, 0, 0, 1]   recip=0
  signs [1, -1, 1]   d=99/23   tuple=[1, 0, 0, 0, 0, 0, 0]   recip=0
  signs [1, -1, -1]   d=-23/99   tuple=[1, 1, 0, 0, 0, 0, 1]   recip=0
  signs [-1, 1, 1]   d=23/99   tuple=[1, 0, 0, 0, 0, 0, 0]   recip=0
  signs [-1, 1, -1]   d=-99/23   tuple=[1, 1, 0, 0, 0, 0, 1]   recip=0
  signs [-1, -1, 1]   d=23/99   tuple=[1, 0, 0, 0, 0, 0, 0]   recip=0
  signs [-1, -1, -1]   d=-99/23   tuple=[1, 1, 0, 0, 0, 0, 1]   recip=0

---- d = e+g,  X = 7 ----
  signs [1, 1, 1]   d=99/23   tuple=[0, 0, 0, 0, 1, 0, 0]   recip=0
  signs [1, 1, -1]   d=-23/99   tuple=[1, 0, 0, 1, 1, 0, 0]   recip=0
  signs [1, -1, 1]   d=99/23   tuple=[0, 0, 0, 0, 1, 0, 0]   recip=0
  signs [1, -1, -1]   d=-23/99   tuple=[1, 0, 0, 1, 1, 0, 0]   recip=0
  signs [-1, 1, 1]   d=23/99   tuple=[0, 0, 0, 0, 1, 0, 0]   recip=0
  signs [-1, 1, -1]   d=-99/23   tuple=[1, 0, 0, 1, 1, 0, 0]   recip=0
  signs [-1, -1, 1]   d=23/99   tuple=[0, 0, 0, 0, 1, 0, 0]   recip=0
  signs [-1, -1, -1]   d=-99/23   tuple=[1, 0, 0, 1, 1, 0, 0]   recip=0

---- d = e+g,  X = -7 ----
  signs [1, 1, 1]   d=99/23   tuple=[0, 0, 0, 0, 0, 0, 0]   recip=0
  signs [1, 1, -1]   d=-23/99   tuple=[0, 0, 0, 1, 0, 0, 1]   recip=0
  signs [1, -1, 1]   d=99/23   tuple=[0, 0, 0, 0, 0, 0, 0]   recip=0
  signs [1, -1, -1]   d=-23/99   tuple=[0, 0, 0, 1, 0, 0, 1]   recip=0
  signs [-1, 1, 1]   d=23/99   tuple=[0, 0, 0, 0, 0, 0, 0]   recip=0
  signs [-1, 1, -1]   d=-99/23   tuple=[0, 0, 0, 1, 0, 0, 1]   recip=0
  signs [-1, -1, 1]   d=23/99   tuple=[0, 0, 0, 0, 0, 0, 0]   recip=0
  signs [-1, -1, -1]   d=-99/23   tuple=[0, 0, 0, 1, 0, 0, 1]   recip=0

---- d = e+g,  X = 10 ----
  signs [1, 1, 1]   d=99/23   tuple=[1, 0, 1, 0, 1, 0, 0]   recip=0
  signs [1, 1, -1]   d=-23/99   tuple=[1, 0, 1, 0, 1, 0, 0]   recip=0
  signs [1, -1, 1]   d=99/23   tuple=[1, 0, 1, 0, 1, 0, 0]   recip=0
  signs [1, -1, -1]   d=-23/99   tuple=[1, 0, 1, 0, 1, 0, 0]   recip=0
  signs [-1, 1, 1]   d=23/99   tuple=[1, 0, 1, 0, 1, 0, 0]   recip=0
  signs [-1, 1, -1]   d=-99/23   tuple=[1, 0, 1, 0, 1, 0, 0]   recip=0
  signs [-1, -1, 1]   d=23/99   tuple=[1, 0, 1, 0, 1, 0, 0]   recip=0
  signs [-1, -1, -1]   d=-99/23   tuple=[1, 0, 1, 0, 1, 0, 0]   recip=0

---- d = e+g,  X = -10 ----
  signs [1, 1, 1]   d=99/23   tuple=[1, 0, 1, 0, 0, 0, 0]   recip=0
  signs [1, 1, -1]   d=-23/99   tuple=[0, 0, 1, 0, 0, 0, 1]   recip=0
  signs [1, -1, 1]   d=99/23   tuple=[1, 0, 1, 0, 0, 0, 0]   recip=0
  signs [1, -1, -1]   d=-23/99   tuple=[0, 0, 1, 0, 0, 0, 1]   recip=0
  signs [-1, 1, 1]   d=23/99   tuple=[1, 0, 1, 0, 0, 0, 0]   recip=0
  signs [-1, 1, -1]   d=-99/23   tuple=[0, 0, 1, 0, 0, 0, 1]   recip=0
  signs [-1, -1, 1]   d=23/99   tuple=[1, 0, 1, 0, 0, 0, 0]   recip=0
  signs [-1, -1, -1]   d=-99/23   tuple=[0, 0, 1, 0, 0, 0, 1]   recip=0

---- d = e+g,  X = 15 ----
  signs [1, 1, 1]   d=99/23   tuple=[0, 0, 1, 0, 0, 0, 0]   recip=0
  signs [1, 1, -1]   d=-23/99   tuple=[1, 1, 1, 0, 0, 0, 0]   recip=0
  signs [1, -1, 1]   d=99/23   tuple=[0, 0, 1, 0, 0, 0, 0]   recip=0
  signs [1, -1, -1]   d=-23/99   tuple=[1, 1, 1, 0, 0, 0, 0]   recip=0
  signs [-1, 1, 1]   d=23/99   tuple=[0, 0, 1, 0, 0, 0, 0]   recip=0
  signs [-1, 1, -1]   d=-99/23   tuple=[1, 1, 1, 0, 0, 0, 0]   recip=0
  signs [-1, -1, 1]   d=23/99   tuple=[0, 0, 1, 0, 0, 0, 0]   recip=0
  signs [-1, -1, -1]   d=-99/23   tuple=[1, 1, 1, 0, 0, 0, 0]   recip=0

---- d = e-g,  X = -1 ----
  signs [1, 1, 1]   d=-23/99   tuple=[1, 0, 0, 0, 1, 0, 1]   recip=0
  signs [1, 1, -1]   d=99/23   tuple=[0, 0, 0, 0, 1, 0, 0]   recip=0
  signs [1, -1, 1]   d=-23/99   tuple=[1, 0, 0, 0, 1, 0, 1]   recip=0
  signs [1, -1, -1]   d=99/23   tuple=[0, 0, 0, 0, 1, 0, 0]   recip=0
  signs [-1, 1, 1]   d=-99/23   tuple=[1, 0, 0, 0, 1, 0, 1]   recip=0
  signs [-1, 1, -1]   d=23/99   tuple=[0, 0, 0, 0, 1, 0, 0]   recip=0
  signs [-1, -1, 1]   d=-99/23   tuple=[1, 0, 0, 0, 1, 0, 1]   recip=0
  signs [-1, -1, -1]   d=23/99   tuple=[0, 0, 0, 0, 1, 0, 0]   recip=0

---- d = e-g,  X = 2 ----
  signs [1, 1, 1]   d=-23/99   tuple=[1, 0, 0, 0, 1, 0, 0]   recip=0
  signs [1, 1, -1]   d=99/23   tuple=[1, 0, 0, 0, 1, 0, 0]   recip=0
  signs [1, -1, 1]   d=-23/99   tuple=[1, 0, 0, 0, 1, 0, 0]   recip=0
  signs [1, -1, -1]   d=99/23   tuple=[1, 0, 0, 0, 1, 0, 0]   recip=0
  signs [-1, 1, 1]   d=-99/23   tuple=[1, 0, 0, 0, 1, 0, 0]   recip=0
  signs [-1, 1, -1]   d=23/99   tuple=[1, 0, 0, 0, 1, 0, 0]   recip=0
  signs [-1, -1, 1]   d=-99/23   tuple=[1, 0, 0, 0, 1, 0, 0]   recip=0
  signs [-1, -1, -1]   d=23/99   tuple=[1, 0, 0, 0, 1, 0, 0]   recip=0

---- d = e-g,  X = -2 ----
  signs [1, 1, 1]   d=-23/99   tuple=[0, 0, 0, 0, 0, 0, 1]   recip=0
  signs [1, 1, -1]   d=99/23   tuple=[1, 0, 0, 0, 0, 0, 0]   recip=0
  signs [1, -1, 1]   d=-23/99   tuple=[0, 0, 0, 0, 0, 0, 1]   recip=0
  signs [1, -1, -1]   d=99/23   tuple=[1, 0, 0, 0, 0, 0, 0]   recip=0
  signs [-1, 1, 1]   d=-99/23   tuple=[0, 0, 0, 0, 0, 0, 1]   recip=0
  signs [-1, 1, -1]   d=23/99   tuple=[1, 0, 0, 0, 0, 0, 0]   recip=0
  signs [-1, -1, 1]   d=-99/23   tuple=[0, 0, 0, 0, 0, 0, 1]   recip=0
  signs [-1, -1, -1]   d=23/99   tuple=[1, 0, 0, 0, 0, 0, 0]   recip=0

---- d = e-g,  X = 3 ----
  signs [1, 1, 1]   d=-23/99   tuple=[1, 1, 0, 0, 0, 0, 0]   recip=0
  signs [1, 1, -1]   d=99/23   tuple=[0, 0, 0, 0, 0, 0, 0]   recip=0
  signs [1, -1, 1]   d=-23/99   tuple=[1, 1, 0, 0, 0, 0, 0]   recip=0
  signs [1, -1, -1]   d=99/23   tuple=[0, 0, 0, 0, 0, 0, 0]   recip=0
  signs [-1, 1, 1]   d=-99/23   tuple=[1, 1, 0, 0, 0, 0, 0]   recip=0
  signs [-1, 1, -1]   d=23/99   tuple=[0, 0, 0, 0, 0, 0, 0]   recip=0
  signs [-1, -1, 1]   d=-99/23   tuple=[1, 1, 0, 0, 0, 0, 0]   recip=0
  signs [-1, -1, -1]   d=23/99   tuple=[0, 0, 0, 0, 0, 0, 0]   recip=0

---- d = e-g,  X = -3 ----
  signs [1, 1, 1]   d=-23/99   tuple=[0, 1, 0, 0, 1, 0, 1]   recip=0
  signs [1, 1, -1]   d=99/23   tuple=[0, 0, 0, 0, 1, 0, 0]   recip=0
  signs [1, -1, 1]   d=-23/99   tuple=[0, 1, 0, 0, 1, 0, 1]   recip=0
  signs [1, -1, -1]   d=99/23   tuple=[0, 0, 0, 0, 1, 0, 0]   recip=0
  signs [-1, 1, 1]   d=-99/23   tuple=[0, 1, 0, 0, 1, 0, 1]   recip=0
  signs [-1, 1, -1]   d=23/99   tuple=[0, 0, 0, 0, 1, 0, 0]   recip=0
  signs [-1, -1, 1]   d=-99/23   tuple=[0, 1, 0, 0, 1, 0, 1]   recip=0
  signs [-1, -1, -1]   d=23/99   tuple=[0, 0, 0, 0, 1, 0, 0]   recip=0

---- d = e-g,  X = 5 ----
  signs [1, 1, 1]   d=-23/99   tuple=[0, 0, 1, 0, 0, 0, 0]   recip=0
  signs [1, 1, -1]   d=99/23   tuple=[0, 0, 1, 0, 0, 0, 0]   recip=0
  signs [1, -1, 1]   d=-23/99   tuple=[0, 0, 1, 0, 0, 0, 0]   recip=0
  signs [1, -1, -1]   d=99/23   tuple=[0, 0, 1, 0, 0, 0, 0]   recip=0
  signs [-1, 1, 1]   d=-99/23   tuple=[0, 0, 1, 0, 0, 0, 0]   recip=0
  signs [-1, 1, -1]   d=23/99   tuple=[0, 0, 1, 0, 0, 0, 0]   recip=0
  signs [-1, -1, 1]   d=-99/23   tuple=[0, 0, 1, 0, 0, 0, 0]   recip=0
  signs [-1, -1, -1]   d=23/99   tuple=[0, 0, 1, 0, 0, 0, 0]   recip=0

---- d = e-g,  X = -5 ----
  signs [1, 1, 1]   d=-23/99   tuple=[1, 0, 1, 0, 1, 0, 1]   recip=0
  signs [1, 1, -1]   d=99/23   tuple=[0, 0, 1, 0, 1, 0, 0]   recip=0
  signs [1, -1, 1]   d=-23/99   tuple=[1, 0, 1, 0, 1, 0, 1]   recip=0
  signs [1, -1, -1]   d=99/23   tuple=[0, 0, 1, 0, 1, 0, 0]   recip=0
  signs [-1, 1, 1]   d=-99/23   tuple=[1, 0, 1, 0, 1, 0, 1]   recip=0
  signs [-1, 1, -1]   d=23/99   tuple=[0, 0, 1, 0, 1, 0, 0]   recip=0
  signs [-1, -1, 1]   d=-99/23   tuple=[1, 0, 1, 0, 1, 0, 1]   recip=0
  signs [-1, -1, -1]   d=23/99   tuple=[0, 0, 1, 0, 1, 0, 0]   recip=0

---- d = e-g,  X = 6 ----
  signs [1, 1, 1]   d=-23/99   tuple=[0, 1, 0, 0, 1, 0, 0]   recip=0
  signs [1, 1, -1]   d=99/23   tuple=[1, 0, 0, 0, 1, 0, 0]   recip=0
  signs [1, -1, 1]   d=-23/99   tuple=[0, 1, 0, 0, 1, 0, 0]   recip=0
  signs [1, -1, -1]   d=99/23   tuple=[1, 0, 0, 0, 1, 0, 0]   recip=0
  signs [-1, 1, 1]   d=-99/23   tuple=[0, 1, 0, 0, 1, 0, 0]   recip=0
  signs [-1, 1, -1]   d=23/99   tuple=[1, 0, 0, 0, 1, 0, 0]   recip=0
  signs [-1, -1, 1]   d=-99/23   tuple=[0, 1, 0, 0, 1, 0, 0]   recip=0
  signs [-1, -1, -1]   d=23/99   tuple=[1, 0, 0, 0, 1, 0, 0]   recip=0

---- d = e-g,  X = -6 ----
  signs [1, 1, 1]   d=-23/99   tuple=[1, 1, 0, 0, 0, 0, 1]   recip=0
  signs [1, 1, -1]   d=99/23   tuple=[1, 0, 0, 0, 0, 0, 0]   recip=0
  signs [1, -1, 1]   d=-23/99   tuple=[1, 1, 0, 0, 0, 0, 1]   recip=0
  signs [1, -1, -1]   d=99/23   tuple=[1, 0, 0, 0, 0, 0, 0]   recip=0
  signs [-1, 1, 1]   d=-99/23   tuple=[1, 1, 0, 0, 0, 0, 1]   recip=0
  signs [-1, 1, -1]   d=23/99   tuple=[1, 0, 0, 0, 0, 0, 0]   recip=0
  signs [-1, -1, 1]   d=-99/23   tuple=[1, 1, 0, 0, 0, 0, 1]   recip=0
  signs [-1, -1, -1]   d=23/99   tuple=[1, 0, 0, 0, 0, 0, 0]   recip=0

---- d = e-g,  X = 7 ----
  signs [1, 1, 1]   d=-23/99   tuple=[1, 0, 0, 1, 1, 0, 0]   recip=0
  signs [1, 1, -1]   d=99/23   tuple=[0, 0, 0, 0, 1, 0, 0]   recip=0
  signs [1, -1, 1]   d=-23/99   tuple=[1, 0, 0, 1, 1, 0, 0]   recip=0
  signs [1, -1, -1]   d=99/23   tuple=[0, 0, 0, 0, 1, 0, 0]   recip=0
  signs [-1, 1, 1]   d=-99/23   tuple=[1, 0, 0, 1, 1, 0, 0]   recip=0
  signs [-1, 1, -1]   d=23/99   tuple=[0, 0, 0, 0, 1, 0, 0]   recip=0
  signs [-1, -1, 1]   d=-99/23   tuple=[1, 0, 0, 1, 1, 0, 0]   recip=0
  signs [-1, -1, -1]   d=23/99   tuple=[0, 0, 0, 0, 1, 0, 0]   recip=0

---- d = e-g,  X = -7 ----
  signs [1, 1, 1]   d=-23/99   tuple=[0, 0, 0, 1, 0, 0, 1]   recip=0
  signs [1, 1, -1]   d=99/23   tuple=[0, 0, 0, 0, 0, 0, 0]   recip=0
  signs [1, -1, 1]   d=-23/99   tuple=[0, 0, 0, 1, 0, 0, 1]   recip=0
  signs [1, -1, -1]   d=99/23   tuple=[0, 0, 0, 0, 0, 0, 0]   recip=0
  signs [-1, 1, 1]   d=-99/23   tuple=[0, 0, 0, 1, 0, 0, 1]   recip=0
  signs [-1, 1, -1]   d=23/99   tuple=[0, 0, 0, 0, 0, 0, 0]   recip=0
  signs [-1, -1, 1]   d=-99/23   tuple=[0, 0, 0, 1, 0, 0, 1]   recip=0
  signs [-1, -1, -1]   d=23/99   tuple=[0, 0, 0, 0, 0, 0, 0]   recip=0

---- d = e-g,  X = 10 ----
  signs [1, 1, 1]   d=-23/99   tuple=[1, 0, 1, 0, 1, 0, 0]   recip=0
  signs [1, 1, -1]   d=99/23   tuple=[1, 0, 1, 0, 1, 0, 0]   recip=0
  signs [1, -1, 1]   d=-23/99   tuple=[1, 0, 1, 0, 1, 0, 0]   recip=0
  signs [1, -1, -1]   d=99/23   tuple=[1, 0, 1, 0, 1, 0, 0]   recip=0
  signs [-1, 1, 1]   d=-99/23   tuple=[1, 0, 1, 0, 1, 0, 0]   recip=0
  signs [-1, 1, -1]   d=23/99   tuple=[1, 0, 1, 0, 1, 0, 0]   recip=0
  signs [-1, -1, 1]   d=-99/23   tuple=[1, 0, 1, 0, 1, 0, 0]   recip=0
  signs [-1, -1, -1]   d=23/99   tuple=[1, 0, 1, 0, 1, 0, 0]   recip=0

---- d = e-g,  X = -10 ----
  signs [1, 1, 1]   d=-23/99   tuple=[0, 0, 1, 0, 0, 0, 1]   recip=0
  signs [1, 1, -1]   d=99/23   tuple=[1, 0, 1, 0, 0, 0, 0]   recip=0
  signs [1, -1, 1]   d=-23/99   tuple=[0, 0, 1, 0, 0, 0, 1]   recip=0
  signs [1, -1, -1]   d=99/23   tuple=[1, 0, 1, 0, 0, 0, 0]   recip=0
  signs [-1, 1, 1]   d=-99/23   tuple=[0, 0, 1, 0, 0, 0, 1]   recip=0
  signs [-1, 1, -1]   d=23/99   tuple=[1, 0, 1, 0, 0, 0, 0]   recip=0
  signs [-1, -1, 1]   d=-99/23   tuple=[0, 0, 1, 0, 0, 0, 1]   recip=0
  signs [-1, -1, -1]   d=23/99   tuple=[1, 0, 1, 0, 0, 0, 0]   recip=0

---- d = e-g,  X = 15 ----
  signs [1, 1, 1]   d=-23/99   tuple=[1, 1, 1, 0, 0, 0, 0]   recip=0
  signs [1, 1, -1]   d=99/23   tuple=[0, 0, 1, 0, 0, 0, 0]   recip=0
  signs [1, -1, 1]   d=-23/99   tuple=[1, 1, 1, 0, 0, 0, 0]   recip=0
  signs [1, -1, -1]   d=99/23   tuple=[0, 0, 1, 0, 0, 0, 0]   recip=0
  signs [-1, 1, 1]   d=-99/23   tuple=[1, 1, 1, 0, 0, 0, 0]   recip=0
  signs [-1, 1, -1]   d=23/99   tuple=[0, 0, 1, 0, 0, 0, 0]   recip=0
  signs [-1, -1, 1]   d=-99/23   tuple=[1, 1, 1, 0, 0, 0, 0]   recip=0
  signs [-1, -1, -1]   d=23/99   tuple=[0, 0, 1, 0, 0, 0, 0]   recip=0

---- d = f+g,  X = -1 ----
  signs [1, 1, 1]   d=7442/2277   tuple=[0, 0, 0, 0, 1, 0, 0]   recip=0
  signs [1, 1, -1]   d=-2888/2277   tuple=[1, 0, 0, 0, 1, 0, 1]   recip=0
  signs [1, -1, 1]   d=2888/2277   tuple=[0, 0, 0, 0, 1, 0, 0]   recip=0
  signs [1, -1, -1]   d=-7442/2277   tuple=[1, 0, 0, 0, 1, 0, 1]   recip=0
  signs [-1, 1, 1]   d=7442/2277   tuple=[0, 0, 0, 0, 1, 0, 0]   recip=0
  signs [-1, 1, -1]   d=-2888/2277   tuple=[1, 0, 0, 0, 1, 0, 1]   recip=0
  signs [-1, -1, 1]   d=2888/2277   tuple=[0, 0, 0, 0, 1, 0, 0]   recip=0
  signs [-1, -1, -1]   d=-7442/2277   tuple=[1, 0, 0, 0, 1, 0, 1]   recip=0

---- d = f+g,  X = 2 ----
  signs [1, 1, 1]   d=7442/2277   tuple=[1, 0, 0, 0, 1, 0, 0]   recip=0
  signs [1, 1, -1]   d=-2888/2277   tuple=[1, 0, 0, 0, 1, 0, 0]   recip=0
  signs [1, -1, 1]   d=2888/2277   tuple=[1, 0, 0, 0, 1, 0, 0]   recip=0
  signs [1, -1, -1]   d=-7442/2277   tuple=[1, 0, 0, 0, 1, 0, 0]   recip=0
  signs [-1, 1, 1]   d=7442/2277   tuple=[1, 0, 0, 0, 1, 0, 0]   recip=0
  signs [-1, 1, -1]   d=-2888/2277   tuple=[1, 0, 0, 0, 1, 0, 0]   recip=0
  signs [-1, -1, 1]   d=2888/2277   tuple=[1, 0, 0, 0, 1, 0, 0]   recip=0
  signs [-1, -1, -1]   d=-7442/2277   tuple=[1, 0, 0, 0, 1, 0, 0]   recip=0

---- d = f+g,  X = -2 ----
  signs [1, 1, 1]   d=7442/2277   tuple=[1, 0, 0, 0, 0, 0, 0]   recip=0
  signs [1, 1, -1]   d=-2888/2277   tuple=[0, 0, 0, 0, 0, 0, 1]   recip=0
  signs [1, -1, 1]   d=2888/2277   tuple=[1, 0, 0, 0, 0, 0, 0]   recip=0
  signs [1, -1, -1]   d=-7442/2277   tuple=[0, 0, 0, 0, 0, 0, 1]   recip=0
  signs [-1, 1, 1]   d=7442/2277   tuple=[1, 0, 0, 0, 0, 0, 0]   recip=0
  signs [-1, 1, -1]   d=-2888/2277   tuple=[0, 0, 0, 0, 0, 0, 1]   recip=0
  signs [-1, -1, 1]   d=2888/2277   tuple=[1, 0, 0, 0, 0, 0, 0]   recip=0
  signs [-1, -1, -1]   d=-7442/2277   tuple=[0, 0, 0, 0, 0, 0, 1]   recip=0

---- d = f+g,  X = 3 ----
  signs [1, 1, 1]   d=7442/2277   tuple=[1, 1, 0, 0, 0, 0, 0]   recip=0
  signs [1, 1, -1]   d=-2888/2277   tuple=[0, 0, 0, 0, 0, 0, 0]   recip=0
  signs [1, -1, 1]   d=2888/2277   tuple=[1, 1, 0, 0, 0, 0, 0]   recip=0
  signs [1, -1, -1]   d=-7442/2277   tuple=[0, 0, 0, 0, 0, 0, 0]   recip=0
  signs [-1, 1, 1]   d=7442/2277   tuple=[1, 1, 0, 0, 0, 0, 0]   recip=0
  signs [-1, 1, -1]   d=-2888/2277   tuple=[0, 0, 0, 0, 0, 0, 0]   recip=0
  signs [-1, -1, 1]   d=2888/2277   tuple=[1, 1, 0, 0, 0, 0, 0]   recip=0
  signs [-1, -1, -1]   d=-7442/2277   tuple=[0, 0, 0, 0, 0, 0, 0]   recip=0

---- d = f+g,  X = -3 ----
  signs [1, 1, 1]   d=7442/2277   tuple=[1, 1, 0, 0, 1, 0, 0]   recip=0
  signs [1, 1, -1]   d=-2888/2277   tuple=[1, 0, 0, 0, 1, 0, 1]   recip=0
  signs [1, -1, 1]   d=2888/2277   tuple=[1, 1, 0, 0, 1, 0, 0]   recip=0
  signs [1, -1, -1]   d=-7442/2277   tuple=[1, 0, 0, 0, 1, 0, 1]   recip=0
  signs [-1, 1, 1]   d=7442/2277   tuple=[1, 1, 0, 0, 1, 0, 0]   recip=0
  signs [-1, 1, -1]   d=-2888/2277   tuple=[1, 0, 0, 0, 1, 0, 1]   recip=0
  signs [-1, -1, 1]   d=2888/2277   tuple=[1, 1, 0, 0, 1, 0, 0]   recip=0
  signs [-1, -1, -1]   d=-7442/2277   tuple=[1, 0, 0, 0, 1, 0, 1]   recip=0

---- d = f+g,  X = 5 ----
  signs [1, 1, 1]   d=7442/2277   tuple=[1, 0, 0, 0, 0, 0, 0]   recip=0
  signs [1, 1, -1]   d=-2888/2277   tuple=[1, 0, 0, 0, 0, 0, 0]   recip=0
  signs [1, -1, 1]   d=2888/2277   tuple=[1, 0, 0, 0, 0, 0, 0]   recip=0
  signs [1, -1, -1]   d=-7442/2277   tuple=[1, 0, 0, 0, 0, 0, 0]   recip=0
  signs [-1, 1, 1]   d=7442/2277   tuple=[1, 0, 0, 0, 0, 0, 0]   recip=0
  signs [-1, 1, -1]   d=-2888/2277   tuple=[1, 0, 0, 0, 0, 0, 0]   recip=0
  signs [-1, -1, 1]   d=2888/2277   tuple=[1, 0, 0, 0, 0, 0, 0]   recip=0
  signs [-1, -1, -1]   d=-7442/2277   tuple=[1, 0, 0, 0, 0, 0, 0]   recip=0

---- d = f+g,  X = -5 ----
  signs [1, 1, 1]   d=7442/2277   tuple=[1, 0, 0, 0, 1, 0, 0]   recip=0
  signs [1, 1, -1]   d=-2888/2277   tuple=[0, 0, 0, 0, 1, 0, 1]   recip=0
  signs [1, -1, 1]   d=2888/2277   tuple=[1, 0, 0, 0, 1, 0, 0]   recip=0
  signs [1, -1, -1]   d=-7442/2277   tuple=[0, 0, 0, 0, 1, 0, 1]   recip=0
  signs [-1, 1, 1]   d=7442/2277   tuple=[1, 0, 0, 0, 1, 0, 0]   recip=0
  signs [-1, 1, -1]   d=-2888/2277   tuple=[0, 0, 0, 0, 1, 0, 1]   recip=0
  signs [-1, -1, 1]   d=2888/2277   tuple=[1, 0, 0, 0, 1, 0, 0]   recip=0
  signs [-1, -1, -1]   d=-7442/2277   tuple=[0, 0, 0, 0, 1, 0, 1]   recip=0

---- d = f+g,  X = 6 ----
  signs [1, 1, 1]   d=7442/2277   tuple=[0, 1, 0, 0, 1, 0, 0]   recip=0
  signs [1, 1, -1]   d=-2888/2277   tuple=[1, 0, 0, 0, 1, 0, 0]   recip=0
  signs [1, -1, 1]   d=2888/2277   tuple=[0, 1, 0, 0, 1, 0, 0]   recip=0
  signs [1, -1, -1]   d=-7442/2277   tuple=[1, 0, 0, 0, 1, 0, 0]   recip=0
  signs [-1, 1, 1]   d=7442/2277   tuple=[0, 1, 0, 0, 1, 0, 0]   recip=0
  signs [-1, 1, -1]   d=-2888/2277   tuple=[1, 0, 0, 0, 1, 0, 0]   recip=0
  signs [-1, -1, 1]   d=2888/2277   tuple=[0, 1, 0, 0, 1, 0, 0]   recip=0
  signs [-1, -1, -1]   d=-7442/2277   tuple=[1, 0, 0, 0, 1, 0, 0]   recip=0

---- d = f+g,  X = -6 ----
  signs [1, 1, 1]   d=7442/2277   tuple=[0, 1, 0, 0, 0, 0, 0]   recip=0
  signs [1, 1, -1]   d=-2888/2277   tuple=[0, 0, 0, 0, 0, 0, 1]   recip=0
  signs [1, -1, 1]   d=2888/2277   tuple=[0, 1, 0, 0, 0, 0, 0]   recip=0
  signs [1, -1, -1]   d=-7442/2277   tuple=[0, 0, 0, 0, 0, 0, 1]   recip=0
  signs [-1, 1, 1]   d=7442/2277   tuple=[0, 1, 0, 0, 0, 0, 0]   recip=0
  signs [-1, 1, -1]   d=-2888/2277   tuple=[0, 0, 0, 0, 0, 0, 1]   recip=0
  signs [-1, -1, 1]   d=2888/2277   tuple=[0, 1, 0, 0, 0, 0, 0]   recip=0
  signs [-1, -1, -1]   d=-7442/2277   tuple=[0, 0, 0, 0, 0, 0, 1]   recip=0

---- d = f+g,  X = 7 ----
  signs [1, 1, 1]   d=7442/2277   tuple=[0, 0, 0, 0, 1, 0, 0]   recip=0
  signs [1, 1, -1]   d=-2888/2277   tuple=[1, 0, 0, 1, 1, 0, 0]   recip=0
  signs [1, -1, 1]   d=2888/2277   tuple=[0, 0, 0, 0, 1, 0, 0]   recip=0
  signs [1, -1, -1]   d=-7442/2277   tuple=[1, 0, 0, 1, 1, 0, 0]   recip=0
  signs [-1, 1, 1]   d=7442/2277   tuple=[0, 0, 0, 0, 1, 0, 0]   recip=0
  signs [-1, 1, -1]   d=-2888/2277   tuple=[1, 0, 0, 1, 1, 0, 0]   recip=0
  signs [-1, -1, 1]   d=2888/2277   tuple=[0, 0, 0, 0, 1, 0, 0]   recip=0
  signs [-1, -1, -1]   d=-7442/2277   tuple=[1, 0, 0, 1, 1, 0, 0]   recip=0

---- d = f+g,  X = -7 ----
  signs [1, 1, 1]   d=7442/2277   tuple=[0, 0, 0, 0, 0, 0, 0]   recip=0
  signs [1, 1, -1]   d=-2888/2277   tuple=[0, 0, 0, 1, 0, 0, 1]   recip=0
  signs [1, -1, 1]   d=2888/2277   tuple=[0, 0, 0, 0, 0, 0, 0]   recip=0
  signs [1, -1, -1]   d=-7442/2277   tuple=[0, 0, 0, 1, 0, 0, 1]   recip=0
  signs [-1, 1, 1]   d=7442/2277   tuple=[0, 0, 0, 0, 0, 0, 0]   recip=0
  signs [-1, 1, -1]   d=-2888/2277   tuple=[0, 0, 0, 1, 0, 0, 1]   recip=0
  signs [-1, -1, 1]   d=2888/2277   tuple=[0, 0, 0, 0, 0, 0, 0]   recip=0
  signs [-1, -1, -1]   d=-7442/2277   tuple=[0, 0, 0, 1, 0, 0, 1]   recip=0

---- d = f+g,  X = 10 ----
  signs [1, 1, 1]   d=7442/2277   tuple=[0, 0, 0, 0, 1, 0, 0]   recip=0
  signs [1, 1, -1]   d=-2888/2277   tuple=[0, 0, 0, 0, 1, 0, 0]   recip=0
  signs [1, -1, 1]   d=2888/2277   tuple=[0, 0, 0, 0, 1, 0, 0]   recip=0
  signs [1, -1, -1]   d=-7442/2277   tuple=[0, 0, 0, 0, 1, 0, 0]   recip=0
  signs [-1, 1, 1]   d=7442/2277   tuple=[0, 0, 0, 0, 1, 0, 0]   recip=0
  signs [-1, 1, -1]   d=-2888/2277   tuple=[0, 0, 0, 0, 1, 0, 0]   recip=0
  signs [-1, -1, 1]   d=2888/2277   tuple=[0, 0, 0, 0, 1, 0, 0]   recip=0
  signs [-1, -1, -1]   d=-7442/2277   tuple=[0, 0, 0, 0, 1, 0, 0]   recip=0

---- d = f+g,  X = -10 ----
  signs [1, 1, 1]   d=7442/2277   tuple=[0, 0, 0, 0, 0, 0, 0]   recip=0
  signs [1, 1, -1]   d=-2888/2277   tuple=[1, 0, 0, 0, 0, 0, 1]   recip=0
  signs [1, -1, 1]   d=2888/2277   tuple=[0, 0, 0, 0, 0, 0, 0]   recip=0
  signs [1, -1, -1]   d=-7442/2277   tuple=[1, 0, 0, 0, 0, 0, 1]   recip=0
  signs [-1, 1, 1]   d=7442/2277   tuple=[0, 0, 0, 0, 0, 0, 0]   recip=0
  signs [-1, 1, -1]   d=-2888/2277   tuple=[1, 0, 0, 0, 0, 0, 1]   recip=0
  signs [-1, -1, 1]   d=2888/2277   tuple=[0, 0, 0, 0, 0, 0, 0]   recip=0
  signs [-1, -1, -1]   d=-7442/2277   tuple=[1, 0, 0, 0, 0, 0, 1]   recip=0

---- d = f+g,  X = 15 ----
  signs [1, 1, 1]   d=7442/2277   tuple=[0, 1, 0, 0, 0, 0, 0]   recip=0
  signs [1, 1, -1]   d=-2888/2277   tuple=[1, 0, 0, 0, 0, 0, 0]   recip=0
  signs [1, -1, 1]   d=2888/2277   tuple=[0, 1, 0, 0, 0, 0, 0]   recip=0
  signs [1, -1, -1]   d=-7442/2277   tuple=[1, 0, 0, 0, 0, 0, 0]   recip=0
  signs [-1, 1, 1]   d=7442/2277   tuple=[0, 1, 0, 0, 0, 0, 0]   recip=0
  signs [-1, 1, -1]   d=-2888/2277   tuple=[1, 0, 0, 0, 0, 0, 0]   recip=0
  signs [-1, -1, 1]   d=2888/2277   tuple=[0, 1, 0, 0, 0, 0, 0]   recip=0
  signs [-1, -1, -1]   d=-7442/2277   tuple=[1, 0, 0, 0, 0, 0, 0]   recip=0

---- d = f-g,  X = -1 ----
  signs [1, 1, 1]   d=-2888/2277   tuple=[1, 0, 0, 0, 1, 0, 1]   recip=0
  signs [1, 1, -1]   d=7442/2277   tuple=[0, 0, 0, 0, 1, 0, 0]   recip=0
  signs [1, -1, 1]   d=-7442/2277   tuple=[1, 0, 0, 0, 1, 0, 1]   recip=0
  signs [1, -1, -1]   d=2888/2277   tuple=[0, 0, 0, 0, 1, 0, 0]   recip=0
  signs [-1, 1, 1]   d=-2888/2277   tuple=[1, 0, 0, 0, 1, 0, 1]   recip=0
  signs [-1, 1, -1]   d=7442/2277   tuple=[0, 0, 0, 0, 1, 0, 0]   recip=0
  signs [-1, -1, 1]   d=-7442/2277   tuple=[1, 0, 0, 0, 1, 0, 1]   recip=0
  signs [-1, -1, -1]   d=2888/2277   tuple=[0, 0, 0, 0, 1, 0, 0]   recip=0

---- d = f-g,  X = 2 ----
  signs [1, 1, 1]   d=-2888/2277   tuple=[1, 0, 0, 0, 1, 0, 0]   recip=0
  signs [1, 1, -1]   d=7442/2277   tuple=[1, 0, 0, 0, 1, 0, 0]   recip=0
  signs [1, -1, 1]   d=-7442/2277   tuple=[1, 0, 0, 0, 1, 0, 0]   recip=0
  signs [1, -1, -1]   d=2888/2277   tuple=[1, 0, 0, 0, 1, 0, 0]   recip=0
  signs [-1, 1, 1]   d=-2888/2277   tuple=[1, 0, 0, 0, 1, 0, 0]   recip=0
  signs [-1, 1, -1]   d=7442/2277   tuple=[1, 0, 0, 0, 1, 0, 0]   recip=0
  signs [-1, -1, 1]   d=-7442/2277   tuple=[1, 0, 0, 0, 1, 0, 0]   recip=0
  signs [-1, -1, -1]   d=2888/2277   tuple=[1, 0, 0, 0, 1, 0, 0]   recip=0

---- d = f-g,  X = -2 ----
  signs [1, 1, 1]   d=-2888/2277   tuple=[0, 0, 0, 0, 0, 0, 1]   recip=0
  signs [1, 1, -1]   d=7442/2277   tuple=[1, 0, 0, 0, 0, 0, 0]   recip=0
  signs [1, -1, 1]   d=-7442/2277   tuple=[0, 0, 0, 0, 0, 0, 1]   recip=0
  signs [1, -1, -1]   d=2888/2277   tuple=[1, 0, 0, 0, 0, 0, 0]   recip=0
  signs [-1, 1, 1]   d=-2888/2277   tuple=[0, 0, 0, 0, 0, 0, 1]   recip=0
  signs [-1, 1, -1]   d=7442/2277   tuple=[1, 0, 0, 0, 0, 0, 0]   recip=0
  signs [-1, -1, 1]   d=-7442/2277   tuple=[0, 0, 0, 0, 0, 0, 1]   recip=0
  signs [-1, -1, -1]   d=2888/2277   tuple=[1, 0, 0, 0, 0, 0, 0]   recip=0

---- d = f-g,  X = 3 ----
  signs [1, 1, 1]   d=-2888/2277   tuple=[0, 0, 0, 0, 0, 0, 0]   recip=0
  signs [1, 1, -1]   d=7442/2277   tuple=[1, 1, 0, 0, 0, 0, 0]   recip=0
  signs [1, -1, 1]   d=-7442/2277   tuple=[0, 0, 0, 0, 0, 0, 0]   recip=0
  signs [1, -1, -1]   d=2888/2277   tuple=[1, 1, 0, 0, 0, 0, 0]   recip=0
  signs [-1, 1, 1]   d=-2888/2277   tuple=[0, 0, 0, 0, 0, 0, 0]   recip=0
  signs [-1, 1, -1]   d=7442/2277   tuple=[1, 1, 0, 0, 0, 0, 0]   recip=0
  signs [-1, -1, 1]   d=-7442/2277   tuple=[0, 0, 0, 0, 0, 0, 0]   recip=0
  signs [-1, -1, -1]   d=2888/2277   tuple=[1, 1, 0, 0, 0, 0, 0]   recip=0

---- d = f-g,  X = -3 ----
  signs [1, 1, 1]   d=-2888/2277   tuple=[1, 0, 0, 0, 1, 0, 1]   recip=0
  signs [1, 1, -1]   d=7442/2277   tuple=[1, 1, 0, 0, 1, 0, 0]   recip=0
  signs [1, -1, 1]   d=-7442/2277   tuple=[1, 0, 0, 0, 1, 0, 1]   recip=0
  signs [1, -1, -1]   d=2888/2277   tuple=[1, 1, 0, 0, 1, 0, 0]   recip=0
  signs [-1, 1, 1]   d=-2888/2277   tuple=[1, 0, 0, 0, 1, 0, 1]   recip=0
  signs [-1, 1, -1]   d=7442/2277   tuple=[1, 1, 0, 0, 1, 0, 0]   recip=0
  signs [-1, -1, 1]   d=-7442/2277   tuple=[1, 0, 0, 0, 1, 0, 1]   recip=0
  signs [-1, -1, -1]   d=2888/2277   tuple=[1, 1, 0, 0, 1, 0, 0]   recip=0

---- d = f-g,  X = 5 ----
  signs [1, 1, 1]   d=-2888/2277   tuple=[1, 0, 0, 0, 0, 0, 0]   recip=0
  signs [1, 1, -1]   d=7442/2277   tuple=[1, 0, 0, 0, 0, 0, 0]   recip=0
  signs [1, -1, 1]   d=-7442/2277   tuple=[1, 0, 0, 0, 0, 0, 0]   recip=0
  signs [1, -1, -1]   d=2888/2277   tuple=[1, 0, 0, 0, 0, 0, 0]   recip=0
  signs [-1, 1, 1]   d=-2888/2277   tuple=[1, 0, 0, 0, 0, 0, 0]   recip=0
  signs [-1, 1, -1]   d=7442/2277   tuple=[1, 0, 0, 0, 0, 0, 0]   recip=0
  signs [-1, -1, 1]   d=-7442/2277   tuple=[1, 0, 0, 0, 0, 0, 0]   recip=0
  signs [-1, -1, -1]   d=2888/2277   tuple=[1, 0, 0, 0, 0, 0, 0]   recip=0

---- d = f-g,  X = -5 ----
  signs [1, 1, 1]   d=-2888/2277   tuple=[0, 0, 0, 0, 1, 0, 1]   recip=0
  signs [1, 1, -1]   d=7442/2277   tuple=[1, 0, 0, 0, 1, 0, 0]   recip=0
  signs [1, -1, 1]   d=-7442/2277   tuple=[0, 0, 0, 0, 1, 0, 1]   recip=0
  signs [1, -1, -1]   d=2888/2277   tuple=[1, 0, 0, 0, 1, 0, 0]   recip=0
  signs [-1, 1, 1]   d=-2888/2277   tuple=[0, 0, 0, 0, 1, 0, 1]   recip=0
  signs [-1, 1, -1]   d=7442/2277   tuple=[1, 0, 0, 0, 1, 0, 0]   recip=0
  signs [-1, -1, 1]   d=-7442/2277   tuple=[0, 0, 0, 0, 1, 0, 1]   recip=0
  signs [-1, -1, -1]   d=2888/2277   tuple=[1, 0, 0, 0, 1, 0, 0]   recip=0

---- d = f-g,  X = 6 ----
  signs [1, 1, 1]   d=-2888/2277   tuple=[1, 0, 0, 0, 1, 0, 0]   recip=0
  signs [1, 1, -1]   d=7442/2277   tuple=[0, 1, 0, 0, 1, 0, 0]   recip=0
  signs [1, -1, 1]   d=-7442/2277   tuple=[1, 0, 0, 0, 1, 0, 0]   recip=0
  signs [1, -1, -1]   d=2888/2277   tuple=[0, 1, 0, 0, 1, 0, 0]   recip=0
  signs [-1, 1, 1]   d=-2888/2277   tuple=[1, 0, 0, 0, 1, 0, 0]   recip=0
  signs [-1, 1, -1]   d=7442/2277   tuple=[0, 1, 0, 0, 1, 0, 0]   recip=0
  signs [-1, -1, 1]   d=-7442/2277   tuple=[1, 0, 0, 0, 1, 0, 0]   recip=0
  signs [-1, -1, -1]   d=2888/2277   tuple=[0, 1, 0, 0, 1, 0, 0]   recip=0

---- d = f-g,  X = -6 ----
  signs [1, 1, 1]   d=-2888/2277   tuple=[0, 0, 0, 0, 0, 0, 1]   recip=0
  signs [1, 1, -1]   d=7442/2277   tuple=[0, 1, 0, 0, 0, 0, 0]   recip=0
  signs [1, -1, 1]   d=-7442/2277   tuple=[0, 0, 0, 0, 0, 0, 1]   recip=0
  signs [1, -1, -1]   d=2888/2277   tuple=[0, 1, 0, 0, 0, 0, 0]   recip=0
  signs [-1, 1, 1]   d=-2888/2277   tuple=[0, 0, 0, 0, 0, 0, 1]   recip=0
  signs [-1, 1, -1]   d=7442/2277   tuple=[0, 1, 0, 0, 0, 0, 0]   recip=0
  signs [-1, -1, 1]   d=-7442/2277   tuple=[0, 0, 0, 0, 0, 0, 1]   recip=0
  signs [-1, -1, -1]   d=2888/2277   tuple=[0, 1, 0, 0, 0, 0, 0]   recip=0

---- d = f-g,  X = 7 ----
  signs [1, 1, 1]   d=-2888/2277   tuple=[1, 0, 0, 1, 1, 0, 0]   recip=0
  signs [1, 1, -1]   d=7442/2277   tuple=[0, 0, 0, 0, 1, 0, 0]   recip=0
  signs [1, -1, 1]   d=-7442/2277   tuple=[1, 0, 0, 1, 1, 0, 0]   recip=0
  signs [1, -1, -1]   d=2888/2277   tuple=[0, 0, 0, 0, 1, 0, 0]   recip=0
  signs [-1, 1, 1]   d=-2888/2277   tuple=[1, 0, 0, 1, 1, 0, 0]   recip=0
  signs [-1, 1, -1]   d=7442/2277   tuple=[0, 0, 0, 0, 1, 0, 0]   recip=0
  signs [-1, -1, 1]   d=-7442/2277   tuple=[1, 0, 0, 1, 1, 0, 0]   recip=0
  signs [-1, -1, -1]   d=2888/2277   tuple=[0, 0, 0, 0, 1, 0, 0]   recip=0

---- d = f-g,  X = -7 ----
  signs [1, 1, 1]   d=-2888/2277   tuple=[0, 0, 0, 1, 0, 0, 1]   recip=0
  signs [1, 1, -1]   d=7442/2277   tuple=[0, 0, 0, 0, 0, 0, 0]   recip=0
  signs [1, -1, 1]   d=-7442/2277   tuple=[0, 0, 0, 1, 0, 0, 1]   recip=0
  signs [1, -1, -1]   d=2888/2277   tuple=[0, 0, 0, 0, 0, 0, 0]   recip=0
  signs [-1, 1, 1]   d=-2888/2277   tuple=[0, 0, 0, 1, 0, 0, 1]   recip=0
  signs [-1, 1, -1]   d=7442/2277   tuple=[0, 0, 0, 0, 0, 0, 0]   recip=0
  signs [-1, -1, 1]   d=-7442/2277   tuple=[0, 0, 0, 1, 0, 0, 1]   recip=0
  signs [-1, -1, -1]   d=2888/2277   tuple=[0, 0, 0, 0, 0, 0, 0]   recip=0

---- d = f-g,  X = 10 ----
  signs [1, 1, 1]   d=-2888/2277   tuple=[0, 0, 0, 0, 1, 0, 0]   recip=0
  signs [1, 1, -1]   d=7442/2277   tuple=[0, 0, 0, 0, 1, 0, 0]   recip=0
  signs [1, -1, 1]   d=-7442/2277   tuple=[0, 0, 0, 0, 1, 0, 0]   recip=0
  signs [1, -1, -1]   d=2888/2277   tuple=[0, 0, 0, 0, 1, 0, 0]   recip=0
  signs [-1, 1, 1]   d=-2888/2277   tuple=[0, 0, 0, 0, 1, 0, 0]   recip=0
  signs [-1, 1, -1]   d=7442/2277   tuple=[0, 0, 0, 0, 1, 0, 0]   recip=0
  signs [-1, -1, 1]   d=-7442/2277   tuple=[0, 0, 0, 0, 1, 0, 0]   recip=0
  signs [-1, -1, -1]   d=2888/2277   tuple=[0, 0, 0, 0, 1, 0, 0]   recip=0

---- d = f-g,  X = -10 ----
  signs [1, 1, 1]   d=-2888/2277   tuple=[1, 0, 0, 0, 0, 0, 1]   recip=0
  signs [1, 1, -1]   d=7442/2277   tuple=[0, 0, 0, 0, 0, 0, 0]   recip=0
  signs [1, -1, 1]   d=-7442/2277   tuple=[1, 0, 0, 0, 0, 0, 1]   recip=0
  signs [1, -1, -1]   d=2888/2277   tuple=[0, 0, 0, 0, 0, 0, 0]   recip=0
  signs [-1, 1, 1]   d=-2888/2277   tuple=[1, 0, 0, 0, 0, 0, 1]   recip=0
  signs [-1, 1, -1]   d=7442/2277   tuple=[0, 0, 0, 0, 0, 0, 0]   recip=0
  signs [-1, -1, 1]   d=-7442/2277   tuple=[1, 0, 0, 0, 0, 0, 1]   recip=0
  signs [-1, -1, -1]   d=2888/2277   tuple=[0, 0, 0, 0, 0, 0, 0]   recip=0

---- d = f-g,  X = 15 ----
  signs [1, 1, 1]   d=-2888/2277   tuple=[1, 0, 0, 0, 0, 0, 0]   recip=0
  signs [1, 1, -1]   d=7442/2277   tuple=[0, 1, 0, 0, 0, 0, 0]   recip=0
  signs [1, -1, 1]   d=-7442/2277   tuple=[1, 0, 0, 0, 0, 0, 0]   recip=0
  signs [1, -1, -1]   d=2888/2277   tuple=[0, 1, 0, 0, 0, 0, 0]   recip=0
  signs [-1, 1, 1]   d=-2888/2277   tuple=[1, 0, 0, 0, 0, 0, 0]   recip=0
  signs [-1, 1, -1]   d=7442/2277   tuple=[0, 1, 0, 0, 0, 0, 0]   recip=0
  signs [-1, -1, 1]   d=-7442/2277   tuple=[1, 0, 0, 0, 0, 0, 0]   recip=0
  signs [-1, -1, -1]   d=2888/2277   tuple=[0, 1, 0, 0, 0, 0, 0]   recip=0

---- d = e*f,  X = -1 ----
  signs [1, 1, 1]   d=4636/2277   tuple=[1, 0, 0, 0, 1, 0, 0]   recip=0
  signs [1, 1, -1]   d=4636/2277   tuple=[1, 0, 0, 0, 1, 0, 0]   recip=0
  signs [1, -1, 1]   d=-4636/2277   tuple=[0, 0, 0, 0, 1, 0, 1]   recip=0
  signs [1, -1, -1]   d=-4636/2277   tuple=[0, 0, 0, 0, 1, 0, 1]   recip=0
  signs [-1, 1, 1]   d=-4636/2277   tuple=[0, 0, 0, 0, 1, 0, 1]   recip=0
  signs [-1, 1, -1]   d=-4636/2277   tuple=[0, 0, 0, 0, 1, 0, 1]   recip=0
  signs [-1, -1, 1]   d=4636/2277   tuple=[1, 0, 0, 0, 1, 0, 0]   recip=0
  signs [-1, -1, -1]   d=4636/2277   tuple=[1, 0, 0, 0, 1, 0, 0]   recip=0

---- d = e*f,  X = 2 ----
  signs [1, 1, 1]   d=4636/2277   tuple=[1, 0, 0, 0, 1, 0, 0]   recip=0
  signs [1, 1, -1]   d=4636/2277   tuple=[1, 0, 0, 0, 1, 0, 0]   recip=0
  signs [1, -1, 1]   d=-4636/2277   tuple=[1, 0, 0, 0, 1, 0, 0]   recip=0
  signs [1, -1, -1]   d=-4636/2277   tuple=[1, 0, 0, 0, 1, 0, 0]   recip=0
  signs [-1, 1, 1]   d=-4636/2277   tuple=[1, 0, 0, 0, 1, 0, 0]   recip=0
  signs [-1, 1, -1]   d=-4636/2277   tuple=[1, 0, 0, 0, 1, 0, 0]   recip=0
  signs [-1, -1, 1]   d=4636/2277   tuple=[1, 0, 0, 0, 1, 0, 0]   recip=0
  signs [-1, -1, -1]   d=4636/2277   tuple=[1, 0, 0, 0, 1, 0, 0]   recip=0

---- d = e*f,  X = -2 ----
  signs [1, 1, 1]   d=4636/2277   tuple=[0, 0, 0, 0, 0, 0, 0]   recip=0
  signs [1, 1, -1]   d=4636/2277   tuple=[0, 0, 0, 0, 0, 0, 0]   recip=0
  signs [1, -1, 1]   d=-4636/2277   tuple=[1, 0, 0, 0, 0, 0, 1]   recip=0
  signs [1, -1, -1]   d=-4636/2277   tuple=[1, 0, 0, 0, 0, 0, 1]   recip=0
  signs [-1, 1, 1]   d=-4636/2277   tuple=[1, 0, 0, 0, 0, 0, 1]   recip=0
  signs [-1, 1, -1]   d=-4636/2277   tuple=[1, 0, 0, 0, 0, 0, 1]   recip=0
  signs [-1, -1, 1]   d=4636/2277   tuple=[0, 0, 0, 0, 0, 0, 0]   recip=0
  signs [-1, -1, -1]   d=4636/2277   tuple=[0, 0, 0, 0, 0, 0, 0]   recip=0

---- d = e*f,  X = 3 ----
  signs [1, 1, 1]   d=4636/2277   tuple=[1, 0, 0, 0, 0, 0, 0]   recip=0
  signs [1, 1, -1]   d=4636/2277   tuple=[1, 0, 0, 0, 0, 0, 0]   recip=0
  signs [1, -1, 1]   d=-4636/2277   tuple=[0, 1, 0, 0, 0, 0, 0]   recip=0
  signs [1, -1, -1]   d=-4636/2277   tuple=[0, 1, 0, 0, 0, 0, 0]   recip=0
  signs [-1, 1, 1]   d=-4636/2277   tuple=[0, 1, 0, 0, 0, 0, 0]   recip=0
  signs [-1, 1, -1]   d=-4636/2277   tuple=[0, 1, 0, 0, 0, 0, 0]   recip=0
  signs [-1, -1, 1]   d=4636/2277   tuple=[1, 0, 0, 0, 0, 0, 0]   recip=0
  signs [-1, -1, -1]   d=4636/2277   tuple=[1, 0, 0, 0, 0, 0, 0]   recip=0

---- d = e*f,  X = -3 ----
  signs [1, 1, 1]   d=4636/2277   tuple=[0, 0, 0, 0, 1, 0, 0]   recip=0
  signs [1, 1, -1]   d=4636/2277   tuple=[0, 0, 0, 0, 1, 0, 0]   recip=0
  signs [1, -1, 1]   d=-4636/2277   tuple=[0, 1, 0, 0, 1, 0, 1]   recip=0
  signs [1, -1, -1]   d=-4636/2277   tuple=[0, 1, 0, 0, 1, 0, 1]   recip=0
  signs [-1, 1, 1]   d=-4636/2277   tuple=[0, 1, 0, 0, 1, 0, 1]   recip=0
  signs [-1, 1, -1]   d=-4636/2277   tuple=[0, 1, 0, 0, 1, 0, 1]   recip=0
  signs [-1, -1, 1]   d=4636/2277   tuple=[0, 0, 0, 0, 1, 0, 0]   recip=0
  signs [-1, -1, -1]   d=4636/2277   tuple=[0, 0, 0, 0, 1, 0, 0]   recip=0

---- d = e*f,  X = 5 ----
  signs [1, 1, 1]   d=4636/2277   tuple=[0, 0, 1, 0, 0, 0, 0]   recip=0
  signs [1, 1, -1]   d=4636/2277   tuple=[0, 0, 1, 0, 0, 0, 0]   recip=0
  signs [1, -1, 1]   d=-4636/2277   tuple=[0, 0, 1, 0, 0, 0, 0]   recip=0
  signs [1, -1, -1]   d=-4636/2277   tuple=[0, 0, 1, 0, 0, 0, 0]   recip=0
  signs [-1, 1, 1]   d=-4636/2277   tuple=[0, 0, 1, 0, 0, 0, 0]   recip=0
  signs [-1, 1, -1]   d=-4636/2277   tuple=[0, 0, 1, 0, 0, 0, 0]   recip=0
  signs [-1, -1, 1]   d=4636/2277   tuple=[0, 0, 1, 0, 0, 0, 0]   recip=0
  signs [-1, -1, -1]   d=4636/2277   tuple=[0, 0, 1, 0, 0, 0, 0]   recip=0

---- d = e*f,  X = -5 ----
  signs [1, 1, 1]   d=4636/2277   tuple=[1, 0, 1, 0, 1, 0, 0]   recip=0
  signs [1, 1, -1]   d=4636/2277   tuple=[1, 0, 1, 0, 1, 0, 0]   recip=0
  signs [1, -1, 1]   d=-4636/2277   tuple=[0, 0, 1, 0, 1, 0, 1]   recip=0
  signs [1, -1, -1]   d=-4636/2277   tuple=[0, 0, 1, 0, 1, 0, 1]   recip=0
  signs [-1, 1, 1]   d=-4636/2277   tuple=[0, 0, 1, 0, 1, 0, 1]   recip=0
  signs [-1, 1, -1]   d=-4636/2277   tuple=[0, 0, 1, 0, 1, 0, 1]   recip=0
  signs [-1, -1, 1]   d=4636/2277   tuple=[1, 0, 1, 0, 1, 0, 0]   recip=0
  signs [-1, -1, -1]   d=4636/2277   tuple=[1, 0, 1, 0, 1, 0, 0]   recip=0

---- d = e*f,  X = 6 ----
  signs [1, 1, 1]   d=4636/2277   tuple=[0, 0, 0, 0, 1, 0, 0]   recip=0
  signs [1, 1, -1]   d=4636/2277   tuple=[0, 0, 0, 0, 1, 0, 0]   recip=0
  signs [1, -1, 1]   d=-4636/2277   tuple=[1, 1, 0, 0, 1, 0, 0]   recip=0
  signs [1, -1, -1]   d=-4636/2277   tuple=[1, 1, 0, 0, 1, 0, 0]   recip=0
  signs [-1, 1, 1]   d=-4636/2277   tuple=[1, 1, 0, 0, 1, 0, 0]   recip=0
  signs [-1, 1, -1]   d=-4636/2277   tuple=[1, 1, 0, 0, 1, 0, 0]   recip=0
  signs [-1, -1, 1]   d=4636/2277   tuple=[0, 0, 0, 0, 1, 0, 0]   recip=0
  signs [-1, -1, -1]   d=4636/2277   tuple=[0, 0, 0, 0, 1, 0, 0]   recip=0

---- d = e*f,  X = -6 ----
  signs [1, 1, 1]   d=4636/2277   tuple=[1, 0, 0, 0, 0, 0, 0]   recip=0
  signs [1, 1, -1]   d=4636/2277   tuple=[1, 0, 0, 0, 0, 0, 0]   recip=0
  signs [1, -1, 1]   d=-4636/2277   tuple=[1, 1, 0, 0, 0, 0, 1]   recip=0
  signs [1, -1, -1]   d=-4636/2277   tuple=[1, 1, 0, 0, 0, 0, 1]   recip=0
  signs [-1, 1, 1]   d=-4636/2277   tuple=[1, 1, 0, 0, 0, 0, 1]   recip=0
  signs [-1, 1, -1]   d=-4636/2277   tuple=[1, 1, 0, 0, 0, 0, 1]   recip=0
  signs [-1, -1, 1]   d=4636/2277   tuple=[1, 0, 0, 0, 0, 0, 0]   recip=0
  signs [-1, -1, -1]   d=4636/2277   tuple=[1, 0, 0, 0, 0, 0, 0]   recip=0

---- d = e*f,  X = 7 ----
  signs [1, 1, 1]   d=4636/2277   tuple=[1, 0, 0, 0, 1, 0, 0]   recip=0
  signs [1, 1, -1]   d=4636/2277   tuple=[1, 0, 0, 0, 1, 0, 0]   recip=0
  signs [1, -1, 1]   d=-4636/2277   tuple=[0, 0, 0, 1, 1, 0, 0]   recip=0
  signs [1, -1, -1]   d=-4636/2277   tuple=[0, 0, 0, 1, 1, 0, 0]   recip=0
  signs [-1, 1, 1]   d=-4636/2277   tuple=[0, 0, 0, 1, 1, 0, 0]   recip=0
  signs [-1, 1, -1]   d=-4636/2277   tuple=[0, 0, 0, 1, 1, 0, 0]   recip=0
  signs [-1, -1, 1]   d=4636/2277   tuple=[1, 0, 0, 0, 1, 0, 0]   recip=0
  signs [-1, -1, -1]   d=4636/2277   tuple=[1, 0, 0, 0, 1, 0, 0]   recip=0

---- d = e*f,  X = -7 ----
  signs [1, 1, 1]   d=4636/2277   tuple=[0, 0, 0, 0, 0, 0, 0]   recip=0
  signs [1, 1, -1]   d=4636/2277   tuple=[0, 0, 0, 0, 0, 0, 0]   recip=0
  signs [1, -1, 1]   d=-4636/2277   tuple=[0, 0, 0, 1, 0, 0, 1]   recip=0
  signs [1, -1, -1]   d=-4636/2277   tuple=[0, 0, 0, 1, 0, 0, 1]   recip=0
  signs [-1, 1, 1]   d=-4636/2277   tuple=[0, 0, 0, 1, 0, 0, 1]   recip=0
  signs [-1, 1, -1]   d=-4636/2277   tuple=[0, 0, 0, 1, 0, 0, 1]   recip=0
  signs [-1, -1, 1]   d=4636/2277   tuple=[0, 0, 0, 0, 0, 0, 0]   recip=0
  signs [-1, -1, -1]   d=4636/2277   tuple=[0, 0, 0, 0, 0, 0, 0]   recip=0

---- d = e*f,  X = 10 ----
  signs [1, 1, 1]   d=4636/2277   tuple=[1, 0, 1, 0, 1, 0, 0]   recip=0
  signs [1, 1, -1]   d=4636/2277   tuple=[1, 0, 1, 0, 1, 0, 0]   recip=0
  signs [1, -1, 1]   d=-4636/2277   tuple=[1, 0, 1, 0, 1, 0, 0]   recip=0
  signs [1, -1, -1]   d=-4636/2277   tuple=[1, 0, 1, 0, 1, 0, 0]   recip=0
  signs [-1, 1, 1]   d=-4636/2277   tuple=[1, 0, 1, 0, 1, 0, 0]   recip=0
  signs [-1, 1, -1]   d=-4636/2277   tuple=[1, 0, 1, 0, 1, 0, 0]   recip=0
  signs [-1, -1, 1]   d=4636/2277   tuple=[1, 0, 1, 0, 1, 0, 0]   recip=0
  signs [-1, -1, -1]   d=4636/2277   tuple=[1, 0, 1, 0, 1, 0, 0]   recip=0

---- d = e*f,  X = -10 ----
  signs [1, 1, 1]   d=4636/2277   tuple=[0, 0, 1, 0, 0, 0, 0]   recip=0
  signs [1, 1, -1]   d=4636/2277   tuple=[0, 0, 1, 0, 0, 0, 0]   recip=0
  signs [1, -1, 1]   d=-4636/2277   tuple=[1, 0, 1, 0, 0, 0, 1]   recip=0
  signs [1, -1, -1]   d=-4636/2277   tuple=[1, 0, 1, 0, 0, 0, 1]   recip=0
  signs [-1, 1, 1]   d=-4636/2277   tuple=[1, 0, 1, 0, 0, 0, 1]   recip=0
  signs [-1, 1, -1]   d=-4636/2277   tuple=[1, 0, 1, 0, 0, 0, 1]   recip=0
  signs [-1, -1, 1]   d=4636/2277   tuple=[0, 0, 1, 0, 0, 0, 0]   recip=0
  signs [-1, -1, -1]   d=4636/2277   tuple=[0, 0, 1, 0, 0, 0, 0]   recip=0

---- d = e*f,  X = 15 ----
  signs [1, 1, 1]   d=4636/2277   tuple=[1, 0, 1, 0, 0, 0, 0]   recip=0
  signs [1, 1, -1]   d=4636/2277   tuple=[1, 0, 1, 0, 0, 0, 0]   recip=0
  signs [1, -1, 1]   d=-4636/2277   tuple=[0, 1, 1, 0, 0, 0, 0]   recip=0
  signs [1, -1, -1]   d=-4636/2277   tuple=[0, 1, 1, 0, 0, 0, 0]   recip=0
  signs [-1, 1, 1]   d=-4636/2277   tuple=[0, 1, 1, 0, 0, 0, 0]   recip=0
  signs [-1, 1, -1]   d=-4636/2277   tuple=[0, 1, 1, 0, 0, 0, 0]   recip=0
  signs [-1, -1, 1]   d=4636/2277   tuple=[1, 0, 1, 0, 0, 0, 0]   recip=0
  signs [-1, -1, -1]   d=4636/2277   tuple=[1, 0, 1, 0, 0, 0, 0]   recip=0

---- d = e*g,  X = -1 ----
  signs [1, 1, 1]   d=23944940/5184729   tuple=[1, 0, 0, 0, 0, 0, 0]   recip=0
  signs [1, 1, -1]   d=-23944940/5184729   tuple=[0, 0, 0, 0, 0, 0, 1]   recip=0
  signs [1, -1, 1]   d=23944940/5184729   tuple=[1, 0, 0, 0, 0, 0, 0]   recip=0
  signs [1, -1, -1]   d=-23944940/5184729   tuple=[0, 0, 0, 0, 0, 0, 1]   recip=0
  signs [-1, 1, 1]   d=-23944940/5184729   tuple=[0, 0, 0, 0, 0, 0, 1]   recip=0
  signs [-1, 1, -1]   d=23944940/5184729   tuple=[1, 0, 0, 0, 0, 0, 0]   recip=0
  signs [-1, -1, 1]   d=-23944940/5184729   tuple=[0, 0, 0, 0, 0, 0, 1]   recip=0
  signs [-1, -1, -1]   d=23944940/5184729   tuple=[1, 0, 0, 0, 0, 0, 0]   recip=0

---- d = e*g,  X = 2 ----
  signs [1, 1, 1]   d=23944940/5184729   tuple=[1, 0, 1, 0, 0, 0, 0]   recip=0
  signs [1, 1, -1]   d=-23944940/5184729   tuple=[1, 0, 1, 0, 0, 0, 0]   recip=0
  signs [1, -1, 1]   d=23944940/5184729   tuple=[1, 0, 1, 0, 0, 0, 0]   recip=0
  signs [1, -1, -1]   d=-23944940/5184729   tuple=[1, 0, 1, 0, 0, 0, 0]   recip=0
  signs [-1, 1, 1]   d=-23944940/5184729   tuple=[1, 0, 1, 0, 0, 0, 0]   recip=0
  signs [-1, 1, -1]   d=23944940/5184729   tuple=[1, 0, 1, 0, 0, 0, 0]   recip=0
  signs [-1, -1, 1]   d=-23944940/5184729   tuple=[1, 0, 1, 0, 0, 0, 0]   recip=0
  signs [-1, -1, -1]   d=23944940/5184729   tuple=[1, 0, 1, 0, 0, 0, 0]   recip=0

---- d = e*g,  X = -2 ----
  signs [1, 1, 1]   d=23944940/5184729   tuple=[0, 0, 1, 0, 0, 0, 0]   recip=0
  signs [1, 1, -1]   d=-23944940/5184729   tuple=[1, 0, 1, 0, 0, 0, 1]   recip=0
  signs [1, -1, 1]   d=23944940/5184729   tuple=[0, 0, 1, 0, 0, 0, 0]   recip=0
  signs [1, -1, -1]   d=-23944940/5184729   tuple=[1, 0, 1, 0, 0, 0, 1]   recip=0
  signs [-1, 1, 1]   d=-23944940/5184729   tuple=[1, 0, 1, 0, 0, 0, 1]   recip=0
  signs [-1, 1, -1]   d=23944940/5184729   tuple=[0, 0, 1, 0, 0, 0, 0]   recip=0
  signs [-1, -1, 1]   d=-23944940/5184729   tuple=[1, 0, 1, 0, 0, 0, 1]   recip=0
  signs [-1, -1, -1]   d=23944940/5184729   tuple=[0, 0, 1, 0, 0, 0, 0]   recip=0

---- d = e*g,  X = 3 ----
  signs [1, 1, 1]   d=23944940/5184729   tuple=[1, 1, 1, 0, 0, 0, 0]   recip=0
  signs [1, 1, -1]   d=-23944940/5184729   tuple=[0, 0, 1, 0, 0, 0, 0]   recip=0
  signs [1, -1, 1]   d=23944940/5184729   tuple=[1, 1, 1, 0, 0, 0, 0]   recip=0
  signs [1, -1, -1]   d=-23944940/5184729   tuple=[0, 0, 1, 0, 0, 0, 0]   recip=0
  signs [-1, 1, 1]   d=-23944940/5184729   tuple=[0, 0, 1, 0, 0, 0, 0]   recip=0
  signs [-1, 1, -1]   d=23944940/5184729   tuple=[1, 1, 1, 0, 0, 0, 0]   recip=0
  signs [-1, -1, 1]   d=-23944940/5184729   tuple=[0, 0, 1, 0, 0, 0, 0]   recip=0
  signs [-1, -1, -1]   d=23944940/5184729   tuple=[1, 1, 1, 0, 0, 0, 0]   recip=0

---- d = e*g,  X = -3 ----
  signs [1, 1, 1]   d=23944940/5184729   tuple=[0, 1, 1, 0, 0, 0, 0]   recip=0
  signs [1, 1, -1]   d=-23944940/5184729   tuple=[0, 0, 1, 0, 0, 0, 1]   recip=0
  signs [1, -1, 1]   d=23944940/5184729   tuple=[0, 1, 1, 0, 0, 0, 0]   recip=0
  signs [1, -1, -1]   d=-23944940/5184729   tuple=[0, 0, 1, 0, 0, 0, 1]   recip=0
  signs [-1, 1, 1]   d=-23944940/5184729   tuple=[0, 0, 1, 0, 0, 0, 1]   recip=0
  signs [-1, 1, -1]   d=23944940/5184729   tuple=[0, 1, 1, 0, 0, 0, 0]   recip=0
  signs [-1, -1, 1]   d=-23944940/5184729   tuple=[0, 0, 1, 0, 0, 0, 1]   recip=0
  signs [-1, -1, -1]   d=23944940/5184729   tuple=[0, 1, 1, 0, 0, 0, 0]   recip=0

---- d = e*g,  X = 5 ----
  signs [1, 1, 1]   d=23944940/5184729   tuple=[0, 0, 1, 0, 0, 0, 0]   recip=0
  signs [1, 1, -1]   d=-23944940/5184729   tuple=[0, 0, 1, 0, 0, 0, 0]   recip=0
  signs [1, -1, 1]   d=23944940/5184729   tuple=[0, 0, 1, 0, 0, 0, 0]   recip=0
  signs [1, -1, -1]   d=-23944940/5184729   tuple=[0, 0, 1, 0, 0, 0, 0]   recip=0
  signs [-1, 1, 1]   d=-23944940/5184729   tuple=[0, 0, 1, 0, 0, 0, 0]   recip=0
  signs [-1, 1, -1]   d=23944940/5184729   tuple=[0, 0, 1, 0, 0, 0, 0]   recip=0
  signs [-1, -1, 1]   d=-23944940/5184729   tuple=[0, 0, 1, 0, 0, 0, 0]   recip=0
  signs [-1, -1, -1]   d=23944940/5184729   tuple=[0, 0, 1, 0, 0, 0, 0]   recip=0

---- d = e*g,  X = -5 ----
  signs [1, 1, 1]   d=23944940/5184729   tuple=[1, 0, 1, 0, 0, 0, 0]   recip=0
  signs [1, 1, -1]   d=-23944940/5184729   tuple=[0, 0, 1, 0, 0, 0, 1]   recip=0
  signs [1, -1, 1]   d=23944940/5184729   tuple=[1, 0, 1, 0, 0, 0, 0]   recip=0
  signs [1, -1, -1]   d=-23944940/5184729   tuple=[0, 0, 1, 0, 0, 0, 1]   recip=0
  signs [-1, 1, 1]   d=-23944940/5184729   tuple=[0, 0, 1, 0, 0, 0, 1]   recip=0
  signs [-1, 1, -1]   d=23944940/5184729   tuple=[1, 0, 1, 0, 0, 0, 0]   recip=0
  signs [-1, -1, 1]   d=-23944940/5184729   tuple=[0, 0, 1, 0, 0, 0, 1]   recip=0
  signs [-1, -1, -1]   d=23944940/5184729   tuple=[1, 0, 1, 0, 0, 0, 0]   recip=0

---- d = e*g,  X = 6 ----
  signs [1, 1, 1]   d=23944940/5184729   tuple=[0, 1, 0, 0, 0, 0, 0]   recip=0
  signs [1, 1, -1]   d=-23944940/5184729   tuple=[1, 0, 0, 0, 0, 0, 0]   recip=0
  signs [1, -1, 1]   d=23944940/5184729   tuple=[0, 1, 0, 0, 0, 0, 0]   recip=0
  signs [1, -1, -1]   d=-23944940/5184729   tuple=[1, 0, 0, 0, 0, 0, 0]   recip=0
  signs [-1, 1, 1]   d=-23944940/5184729   tuple=[1, 0, 0, 0, 0, 0, 0]   recip=0
  signs [-1, 1, -1]   d=23944940/5184729   tuple=[0, 1, 0, 0, 0, 0, 0]   recip=0
  signs [-1, -1, 1]   d=-23944940/5184729   tuple=[1, 0, 0, 0, 0, 0, 0]   recip=0
  signs [-1, -1, -1]   d=23944940/5184729   tuple=[0, 1, 0, 0, 0, 0, 0]   recip=0

---- d = e*g,  X = -6 ----
  signs [1, 1, 1]   d=23944940/5184729   tuple=[1, 1, 0, 0, 0, 0, 0]   recip=0
  signs [1, 1, -1]   d=-23944940/5184729   tuple=[1, 0, 0, 0, 0, 0, 1]   recip=0
  signs [1, -1, 1]   d=23944940/5184729   tuple=[1, 1, 0, 0, 0, 0, 0]   recip=0
  signs [1, -1, -1]   d=-23944940/5184729   tuple=[1, 0, 0, 0, 0, 0, 1]   recip=0
  signs [-1, 1, 1]   d=-23944940/5184729   tuple=[1, 0, 0, 0, 0, 0, 1]   recip=0
  signs [-1, 1, -1]   d=23944940/5184729   tuple=[1, 1, 0, 0, 0, 0, 0]   recip=0
  signs [-1, -1, 1]   d=-23944940/5184729   tuple=[1, 0, 0, 0, 0, 0, 1]   recip=0
  signs [-1, -1, -1]   d=23944940/5184729   tuple=[1, 1, 0, 0, 0, 0, 0]   recip=0

---- d = e*g,  X = 7 ----
  signs [1, 1, 1]   d=23944940/5184729   tuple=[1, 0, 1, 1, 0, 0, 0]   recip=0
  signs [1, 1, -1]   d=-23944940/5184729   tuple=[0, 0, 1, 0, 0, 0, 0]   recip=0
  signs [1, -1, 1]   d=23944940/5184729   tuple=[1, 0, 1, 1, 0, 0, 0]   recip=0
  signs [1, -1, -1]   d=-23944940/5184729   tuple=[0, 0, 1, 0, 0, 0, 0]   recip=0
  signs [-1, 1, 1]   d=-23944940/5184729   tuple=[0, 0, 1, 0, 0, 0, 0]   recip=0
  signs [-1, 1, -1]   d=23944940/5184729   tuple=[1, 0, 1, 1, 0, 0, 0]   recip=0
  signs [-1, -1, 1]   d=-23944940/5184729   tuple=[0, 0, 1, 0, 0, 0, 0]   recip=0
  signs [-1, -1, -1]   d=23944940/5184729   tuple=[1, 0, 1, 1, 0, 0, 0]   recip=0

---- d = e*g,  X = -7 ----
  signs [1, 1, 1]   d=23944940/5184729   tuple=[0, 0, 1, 1, 0, 0, 0]   recip=0
  signs [1, 1, -1]   d=-23944940/5184729   tuple=[0, 0, 1, 0, 0, 0, 1]   recip=0
  signs [1, -1, 1]   d=23944940/5184729   tuple=[0, 0, 1, 1, 0, 0, 0]   recip=0
  signs [1, -1, -1]   d=-23944940/5184729   tuple=[0, 0, 1, 0, 0, 0, 1]   recip=0
  signs [-1, 1, 1]   d=-23944940/5184729   tuple=[0, 0, 1, 0, 0, 0, 1]   recip=0
  signs [-1, 1, -1]   d=23944940/5184729   tuple=[0, 0, 1, 1, 0, 0, 0]   recip=0
  signs [-1, -1, 1]   d=-23944940/5184729   tuple=[0, 0, 1, 0, 0, 0, 1]   recip=0
  signs [-1, -1, -1]   d=23944940/5184729   tuple=[0, 0, 1, 1, 0, 0, 0]   recip=0

---- d = e*g,  X = 10 ----
  signs [1, 1, 1]   d=23944940/5184729   tuple=[1, 0, 0, 0, 0, 0, 0]   recip=0
  signs [1, 1, -1]   d=-23944940/5184729   tuple=[1, 0, 0, 0, 0, 0, 0]   recip=0
  signs [1, -1, 1]   d=23944940/5184729   tuple=[1, 0, 0, 0, 0, 0, 0]   recip=0
  signs [1, -1, -1]   d=-23944940/5184729   tuple=[1, 0, 0, 0, 0, 0, 0]   recip=0
  signs [-1, 1, 1]   d=-23944940/5184729   tuple=[1, 0, 0, 0, 0, 0, 0]   recip=0
  signs [-1, 1, -1]   d=23944940/5184729   tuple=[1, 0, 0, 0, 0, 0, 0]   recip=0
  signs [-1, -1, 1]   d=-23944940/5184729   tuple=[1, 0, 0, 0, 0, 0, 0]   recip=0
  signs [-1, -1, -1]   d=23944940/5184729   tuple=[1, 0, 0, 0, 0, 0, 0]   recip=0

---- d = e*g,  X = -10 ----
  signs [1, 1, 1]   d=23944940/5184729   tuple=[0, 0, 0, 0, 0, 0, 0]   recip=0
  signs [1, 1, -1]   d=-23944940/5184729   tuple=[1, 0, 0, 0, 0, 0, 1]   recip=0
  signs [1, -1, 1]   d=23944940/5184729   tuple=[0, 0, 0, 0, 0, 0, 0]   recip=0
  signs [1, -1, -1]   d=-23944940/5184729   tuple=[1, 0, 0, 0, 0, 0, 1]   recip=0
  signs [-1, 1, 1]   d=-23944940/5184729   tuple=[1, 0, 0, 0, 0, 0, 1]   recip=0
  signs [-1, 1, -1]   d=23944940/5184729   tuple=[0, 0, 0, 0, 0, 0, 0]   recip=0
  signs [-1, -1, 1]   d=-23944940/5184729   tuple=[1, 0, 0, 0, 0, 0, 1]   recip=0
  signs [-1, -1, -1]   d=23944940/5184729   tuple=[0, 0, 0, 0, 0, 0, 0]   recip=0

---- d = e*g,  X = 15 ----
  signs [1, 1, 1]   d=23944940/5184729   tuple=[1, 1, 0, 0, 0, 0, 0]   recip=0
  signs [1, 1, -1]   d=-23944940/5184729   tuple=[0, 0, 0, 0, 0, 0, 0]   recip=0
  signs [1, -1, 1]   d=23944940/5184729   tuple=[1, 1, 0, 0, 0, 0, 0]   recip=0
  signs [1, -1, -1]   d=-23944940/5184729   tuple=[0, 0, 0, 0, 0, 0, 0]   recip=0
  signs [-1, 1, 1]   d=-23944940/5184729   tuple=[0, 0, 0, 0, 0, 0, 0]   recip=0
  signs [-1, 1, -1]   d=23944940/5184729   tuple=[1, 1, 0, 0, 0, 0, 0]   recip=0
  signs [-1, -1, 1]   d=-23944940/5184729   tuple=[0, 0, 0, 0, 0, 0, 0]   recip=0
  signs [-1, -1, -1]   d=23944940/5184729   tuple=[1, 1, 0, 0, 0, 0, 0]   recip=0

---- d = f*g,  X = -1 ----
  signs [1, 1, 1]   d=5165/2277   tuple=[0, 0, 0, 0, 1, 0, 0]   recip=0
  signs [1, 1, -1]   d=-5165/2277   tuple=[1, 0, 0, 0, 1, 0, 1]   recip=0
  signs [1, -1, 1]   d=-5165/2277   tuple=[1, 0, 0, 0, 1, 0, 1]   recip=0
  signs [1, -1, -1]   d=5165/2277   tuple=[0, 0, 0, 0, 1, 0, 0]   recip=0
  signs [-1, 1, 1]   d=5165/2277   tuple=[0, 0, 0, 0, 1, 0, 0]   recip=0
  signs [-1, 1, -1]   d=-5165/2277   tuple=[1, 0, 0, 0, 1, 0, 1]   recip=0
  signs [-1, -1, 1]   d=-5165/2277   tuple=[1, 0, 0, 0, 1, 0, 1]   recip=0
  signs [-1, -1, -1]   d=5165/2277   tuple=[0, 0, 0, 0, 1, 0, 0]   recip=0

---- d = f*g,  X = 2 ----
  signs [1, 1, 1]   d=5165/2277   tuple=[0, 0, 1, 0, 1, 0, 0]   recip=0
  signs [1, 1, -1]   d=-5165/2277   tuple=[0, 0, 1, 0, 1, 0, 0]   recip=0
  signs [1, -1, 1]   d=-5165/2277   tuple=[0, 0, 1, 0, 1, 0, 0]   recip=0
  signs [1, -1, -1]   d=5165/2277   tuple=[0, 0, 1, 0, 1, 0, 0]   recip=0
  signs [-1, 1, 1]   d=5165/2277   tuple=[0, 0, 1, 0, 1, 0, 0]   recip=0
  signs [-1, 1, -1]   d=-5165/2277   tuple=[0, 0, 1, 0, 1, 0, 0]   recip=0
  signs [-1, -1, 1]   d=-5165/2277   tuple=[0, 0, 1, 0, 1, 0, 0]   recip=0
  signs [-1, -1, -1]   d=5165/2277   tuple=[0, 0, 1, 0, 1, 0, 0]   recip=0

---- d = f*g,  X = -2 ----
  signs [1, 1, 1]   d=5165/2277   tuple=[0, 0, 1, 0, 0, 0, 0]   recip=0
  signs [1, 1, -1]   d=-5165/2277   tuple=[1, 0, 1, 0, 0, 0, 1]   recip=0
  signs [1, -1, 1]   d=-5165/2277   tuple=[1, 0, 1, 0, 0, 0, 1]   recip=0
  signs [1, -1, -1]   d=5165/2277   tuple=[0, 0, 1, 0, 0, 0, 0]   recip=0
  signs [-1, 1, 1]   d=5165/2277   tuple=[0, 0, 1, 0, 0, 0, 0]   recip=0
  signs [-1, 1, -1]   d=-5165/2277   tuple=[1, 0, 1, 0, 0, 0, 1]   recip=0
  signs [-1, -1, 1]   d=-5165/2277   tuple=[1, 0, 1, 0, 0, 0, 1]   recip=0
  signs [-1, -1, -1]   d=5165/2277   tuple=[0, 0, 1, 0, 0, 0, 0]   recip=0

---- d = f*g,  X = 3 ----
  signs [1, 1, 1]   d=5165/2277   tuple=[0, 1, 1, 0, 0, 0, 0]   recip=0
  signs [1, 1, -1]   d=-5165/2277   tuple=[1, 0, 1, 0, 0, 0, 0]   recip=0
  signs [1, -1, 1]   d=-5165/2277   tuple=[1, 0, 1, 0, 0, 0, 0]   recip=0
  signs [1, -1, -1]   d=5165/2277   tuple=[0, 1, 1, 0, 0, 0, 0]   recip=0
  signs [-1, 1, 1]   d=5165/2277   tuple=[0, 1, 1, 0, 0, 0, 0]   recip=0
  signs [-1, 1, -1]   d=-5165/2277   tuple=[1, 0, 1, 0, 0, 0, 0]   recip=0
  signs [-1, -1, 1]   d=-5165/2277   tuple=[1, 0, 1, 0, 0, 0, 0]   recip=0
  signs [-1, -1, -1]   d=5165/2277   tuple=[0, 1, 1, 0, 0, 0, 0]   recip=0

---- d = f*g,  X = -3 ----
  signs [1, 1, 1]   d=5165/2277   tuple=[0, 1, 1, 0, 1, 0, 0]   recip=0
  signs [1, 1, -1]   d=-5165/2277   tuple=[0, 0, 1, 0, 1, 0, 1]   recip=0
  signs [1, -1, 1]   d=-5165/2277   tuple=[0, 0, 1, 0, 1, 0, 1]   recip=0
  signs [1, -1, -1]   d=5165/2277   tuple=[0, 1, 1, 0, 1, 0, 0]   recip=0
  signs [-1, 1, 1]   d=5165/2277   tuple=[0, 1, 1, 0, 1, 0, 0]   recip=0
  signs [-1, 1, -1]   d=-5165/2277   tuple=[0, 0, 1, 0, 1, 0, 1]   recip=0
  signs [-1, -1, 1]   d=-5165/2277   tuple=[0, 0, 1, 0, 1, 0, 1]   recip=0
  signs [-1, -1, -1]   d=5165/2277   tuple=[0, 1, 1, 0, 1, 0, 0]   recip=0

---- d = f*g,  X = 5 ----
  signs [1, 1, 1]   d=5165/2277   tuple=[0, 0, 0, 0, 0, 0, 0]   recip=0
  signs [1, 1, -1]   d=-5165/2277   tuple=[0, 0, 0, 0, 0, 0, 0]   recip=0
  signs [1, -1, 1]   d=-5165/2277   tuple=[0, 0, 0, 0, 0, 0, 0]   recip=0
  signs [1, -1, -1]   d=5165/2277   tuple=[0, 0, 0, 0, 0, 0, 0]   recip=0
  signs [-1, 1, 1]   d=5165/2277   tuple=[0, 0, 0, 0, 0, 0, 0]   recip=0
  signs [-1, 1, -1]   d=-5165/2277   tuple=[0, 0, 0, 0, 0, 0, 0]   recip=0
  signs [-1, -1, 1]   d=-5165/2277   tuple=[0, 0, 0, 0, 0, 0, 0]   recip=0
  signs [-1, -1, -1]   d=5165/2277   tuple=[0, 0, 0, 0, 0, 0, 0]   recip=0

---- d = f*g,  X = -5 ----
  signs [1, 1, 1]   d=5165/2277   tuple=[0, 0, 0, 0, 1, 0, 0]   recip=0
  signs [1, 1, -1]   d=-5165/2277   tuple=[1, 0, 0, 0, 1, 0, 1]   recip=0
  signs [1, -1, 1]   d=-5165/2277   tuple=[1, 0, 0, 0, 1, 0, 1]   recip=0
  signs [1, -1, -1]   d=5165/2277   tuple=[0, 0, 0, 0, 1, 0, 0]   recip=0
  signs [-1, 1, 1]   d=5165/2277   tuple=[0, 0, 0, 0, 1, 0, 0]   recip=0
  signs [-1, 1, -1]   d=-5165/2277   tuple=[1, 0, 0, 0, 1, 0, 1]   recip=0
  signs [-1, -1, 1]   d=-5165/2277   tuple=[1, 0, 0, 0, 1, 0, 1]   recip=0
  signs [-1, -1, -1]   d=5165/2277   tuple=[0, 0, 0, 0, 1, 0, 0]   recip=0

---- d = f*g,  X = 6 ----
  signs [1, 1, 1]   d=5165/2277   tuple=[0, 1, 0, 0, 1, 0, 0]   recip=0
  signs [1, 1, -1]   d=-5165/2277   tuple=[1, 0, 0, 0, 1, 0, 0]   recip=0
  signs [1, -1, 1]   d=-5165/2277   tuple=[1, 0, 0, 0, 1, 0, 0]   recip=0
  signs [1, -1, -1]   d=5165/2277   tuple=[0, 1, 0, 0, 1, 0, 0]   recip=0
  signs [-1, 1, 1]   d=5165/2277   tuple=[0, 1, 0, 0, 1, 0, 0]   recip=0
  signs [-1, 1, -1]   d=-5165/2277   tuple=[1, 0, 0, 0, 1, 0, 0]   recip=0
  signs [-1, -1, 1]   d=-5165/2277   tuple=[1, 0, 0, 0, 1, 0, 0]   recip=0
  signs [-1, -1, -1]   d=5165/2277   tuple=[0, 1, 0, 0, 1, 0, 0]   recip=0

---- d = f*g,  X = -6 ----
  signs [1, 1, 1]   d=5165/2277   tuple=[0, 1, 0, 0, 0, 0, 0]   recip=0
  signs [1, 1, -1]   d=-5165/2277   tuple=[0, 0, 0, 0, 0, 0, 1]   recip=0
  signs [1, -1, 1]   d=-5165/2277   tuple=[0, 0, 0, 0, 0, 0, 1]   recip=0
  signs [1, -1, -1]   d=5165/2277   tuple=[0, 1, 0, 0, 0, 0, 0]   recip=0
  signs [-1, 1, 1]   d=5165/2277   tuple=[0, 1, 0, 0, 0, 0, 0]   recip=0
  signs [-1, 1, -1]   d=-5165/2277   tuple=[0, 0, 0, 0, 0, 0, 1]   recip=0
  signs [-1, -1, 1]   d=-5165/2277   tuple=[0, 0, 0, 0, 0, 0, 1]   recip=0
  signs [-1, -1, -1]   d=5165/2277   tuple=[0, 1, 0, 0, 0, 0, 0]   recip=0

---- d = f*g,  X = 7 ----
  signs [1, 1, 1]   d=5165/2277   tuple=[0, 0, 1, 1, 1, 0, 0]   recip=0
  signs [1, 1, -1]   d=-5165/2277   tuple=[1, 0, 1, 0, 1, 0, 0]   recip=0
  signs [1, -1, 1]   d=-5165/2277   tuple=[1, 0, 1, 0, 1, 0, 0]   recip=0
  signs [1, -1, -1]   d=5165/2277   tuple=[0, 0, 1, 1, 1, 0, 0]   recip=0
  signs [-1, 1, 1]   d=5165/2277   tuple=[0, 0, 1, 1, 1, 0, 0]   recip=0
  signs [-1, 1, -1]   d=-5165/2277   tuple=[1, 0, 1, 0, 1, 0, 0]   recip=0
  signs [-1, -1, 1]   d=-5165/2277   tuple=[1, 0, 1, 0, 1, 0, 0]   recip=0
  signs [-1, -1, -1]   d=5165/2277   tuple=[0, 0, 1, 1, 1, 0, 0]   recip=0

---- d = f*g,  X = -7 ----
  signs [1, 1, 1]   d=5165/2277   tuple=[0, 0, 1, 1, 0, 0, 0]   recip=0
  signs [1, 1, -1]   d=-5165/2277   tuple=[0, 0, 1, 0, 0, 0, 1]   recip=0
  signs [1, -1, 1]   d=-5165/2277   tuple=[0, 0, 1, 0, 0, 0, 1]   recip=0
  signs [1, -1, -1]   d=5165/2277   tuple=[0, 0, 1, 1, 0, 0, 0]   recip=0
  signs [-1, 1, 1]   d=5165/2277   tuple=[0, 0, 1, 1, 0, 0, 0]   recip=0
  signs [-1, 1, -1]   d=-5165/2277   tuple=[0, 0, 1, 0, 0, 0, 1]   recip=0
  signs [-1, -1, 1]   d=-5165/2277   tuple=[0, 0, 1, 0, 0, 0, 1]   recip=0
  signs [-1, -1, -1]   d=5165/2277   tuple=[0, 0, 1, 1, 0, 0, 0]   recip=0

---- d = f*g,  X = 10 ----
  signs [1, 1, 1]   d=5165/2277   tuple=[0, 0, 1, 0, 1, 0, 0]   recip=0
  signs [1, 1, -1]   d=-5165/2277   tuple=[0, 0, 1, 0, 1, 0, 0]   recip=0
  signs [1, -1, 1]   d=-5165/2277   tuple=[0, 0, 1, 0, 1, 0, 0]   recip=0
  signs [1, -1, -1]   d=5165/2277   tuple=[0, 0, 1, 0, 1, 0, 0]   recip=0
  signs [-1, 1, 1]   d=5165/2277   tuple=[0, 0, 1, 0, 1, 0, 0]   recip=0
  signs [-1, 1, -1]   d=-5165/2277   tuple=[0, 0, 1, 0, 1, 0, 0]   recip=0
  signs [-1, -1, 1]   d=-5165/2277   tuple=[0, 0, 1, 0, 1, 0, 0]   recip=0
  signs [-1, -1, -1]   d=5165/2277   tuple=[0, 0, 1, 0, 1, 0, 0]   recip=0

---- d = f*g,  X = -10 ----
  signs [1, 1, 1]   d=5165/2277   tuple=[0, 0, 1, 0, 0, 0, 0]   recip=0
  signs [1, 1, -1]   d=-5165/2277   tuple=[1, 0, 1, 0, 0, 0, 1]   recip=0
  signs [1, -1, 1]   d=-5165/2277   tuple=[1, 0, 1, 0, 0, 0, 1]   recip=0
  signs [1, -1, -1]   d=5165/2277   tuple=[0, 0, 1, 0, 0, 0, 0]   recip=0
  signs [-1, 1, 1]   d=5165/2277   tuple=[0, 0, 1, 0, 0, 0, 0]   recip=0
  signs [-1, 1, -1]   d=-5165/2277   tuple=[1, 0, 1, 0, 0, 0, 1]   recip=0
  signs [-1, -1, 1]   d=-5165/2277   tuple=[1, 0, 1, 0, 0, 0, 1]   recip=0
  signs [-1, -1, -1]   d=5165/2277   tuple=[0, 0, 1, 0, 0, 0, 0]   recip=0

---- d = f*g,  X = 15 ----
  signs [1, 1, 1]   d=5165/2277   tuple=[0, 1, 1, 0, 0, 0, 0]   recip=0
  signs [1, 1, -1]   d=-5165/2277   tuple=[1, 0, 1, 0, 0, 0, 0]   recip=0
  signs [1, -1, 1]   d=-5165/2277   tuple=[1, 0, 1, 0, 0, 0, 0]   recip=0
  signs [1, -1, -1]   d=5165/2277   tuple=[0, 1, 1, 0, 0, 0, 0]   recip=0
  signs [-1, 1, 1]   d=5165/2277   tuple=[0, 1, 1, 0, 0, 0, 0]   recip=0
  signs [-1, 1, -1]   d=-5165/2277   tuple=[1, 0, 1, 0, 0, 0, 0]   recip=0
  signs [-1, -1, 1]   d=-5165/2277   tuple=[1, 0, 1, 0, 0, 0, 0]   recip=0
  signs [-1, -1, -1]   d=5165/2277   tuple=[0, 1, 1, 0, 0, 0, 0]   recip=0

---- d = e*f*g,  X = -1 ----
  signs [1, 1, 1]   d=23944940/5184729   tuple=[1, 0, 0, 0, 0, 0, 0]   recip=0
  signs [1, 1, -1]   d=-23944940/5184729   tuple=[0, 0, 0, 0, 0, 0, 1]   recip=0
  signs [1, -1, 1]   d=-23944940/5184729   tuple=[0, 0, 0, 0, 0, 0, 1]   recip=0
  signs [1, -1, -1]   d=23944940/5184729   tuple=[1, 0, 0, 0, 0, 0, 0]   recip=0
  signs [-1, 1, 1]   d=-23944940/5184729   tuple=[0, 0, 0, 0, 0, 0, 1]   recip=0
  signs [-1, 1, -1]   d=23944940/5184729   tuple=[1, 0, 0, 0, 0, 0, 0]   recip=0
  signs [-1, -1, 1]   d=23944940/5184729   tuple=[1, 0, 0, 0, 0, 0, 0]   recip=0
  signs [-1, -1, -1]   d=-23944940/5184729   tuple=[0, 0, 0, 0, 0, 0, 1]   recip=0

---- d = e*f*g,  X = 2 ----
  signs [1, 1, 1]   d=23944940/5184729   tuple=[1, 0, 1, 0, 0, 0, 0]   recip=0
  signs [1, 1, -1]   d=-23944940/5184729   tuple=[1, 0, 1, 0, 0, 0, 0]   recip=0
  signs [1, -1, 1]   d=-23944940/5184729   tuple=[1, 0, 1, 0, 0, 0, 0]   recip=0
  signs [1, -1, -1]   d=23944940/5184729   tuple=[1, 0, 1, 0, 0, 0, 0]   recip=0
  signs [-1, 1, 1]   d=-23944940/5184729   tuple=[1, 0, 1, 0, 0, 0, 0]   recip=0
  signs [-1, 1, -1]   d=23944940/5184729   tuple=[1, 0, 1, 0, 0, 0, 0]   recip=0
  signs [-1, -1, 1]   d=23944940/5184729   tuple=[1, 0, 1, 0, 0, 0, 0]   recip=0
  signs [-1, -1, -1]   d=-23944940/5184729   tuple=[1, 0, 1, 0, 0, 0, 0]   recip=0

---- d = e*f*g,  X = -2 ----
  signs [1, 1, 1]   d=23944940/5184729   tuple=[0, 0, 1, 0, 0, 0, 0]   recip=0
  signs [1, 1, -1]   d=-23944940/5184729   tuple=[1, 0, 1, 0, 0, 0, 1]   recip=0
  signs [1, -1, 1]   d=-23944940/5184729   tuple=[1, 0, 1, 0, 0, 0, 1]   recip=0
  signs [1, -1, -1]   d=23944940/5184729   tuple=[0, 0, 1, 0, 0, 0, 0]   recip=0
  signs [-1, 1, 1]   d=-23944940/5184729   tuple=[1, 0, 1, 0, 0, 0, 1]   recip=0
  signs [-1, 1, -1]   d=23944940/5184729   tuple=[0, 0, 1, 0, 0, 0, 0]   recip=0
  signs [-1, -1, 1]   d=23944940/5184729   tuple=[0, 0, 1, 0, 0, 0, 0]   recip=0
  signs [-1, -1, -1]   d=-23944940/5184729   tuple=[1, 0, 1, 0, 0, 0, 1]   recip=0

---- d = e*f*g,  X = 3 ----
  signs [1, 1, 1]   d=23944940/5184729   tuple=[1, 1, 1, 0, 0, 0, 0]   recip=0
  signs [1, 1, -1]   d=-23944940/5184729   tuple=[0, 0, 1, 0, 0, 0, 0]   recip=0
  signs [1, -1, 1]   d=-23944940/5184729   tuple=[0, 0, 1, 0, 0, 0, 0]   recip=0
  signs [1, -1, -1]   d=23944940/5184729   tuple=[1, 1, 1, 0, 0, 0, 0]   recip=0
  signs [-1, 1, 1]   d=-23944940/5184729   tuple=[0, 0, 1, 0, 0, 0, 0]   recip=0
  signs [-1, 1, -1]   d=23944940/5184729   tuple=[1, 1, 1, 0, 0, 0, 0]   recip=0
  signs [-1, -1, 1]   d=23944940/5184729   tuple=[1, 1, 1, 0, 0, 0, 0]   recip=0
  signs [-1, -1, -1]   d=-23944940/5184729   tuple=[0, 0, 1, 0, 0, 0, 0]   recip=0

---- d = e*f*g,  X = -3 ----
  signs [1, 1, 1]   d=23944940/5184729   tuple=[0, 1, 1, 0, 0, 0, 0]   recip=0
  signs [1, 1, -1]   d=-23944940/5184729   tuple=[0, 0, 1, 0, 0, 0, 1]   recip=0
  signs [1, -1, 1]   d=-23944940/5184729   tuple=[0, 0, 1, 0, 0, 0, 1]   recip=0
  signs [1, -1, -1]   d=23944940/5184729   tuple=[0, 1, 1, 0, 0, 0, 0]   recip=0
  signs [-1, 1, 1]   d=-23944940/5184729   tuple=[0, 0, 1, 0, 0, 0, 1]   recip=0
  signs [-1, 1, -1]   d=23944940/5184729   tuple=[0, 1, 1, 0, 0, 0, 0]   recip=0
  signs [-1, -1, 1]   d=23944940/5184729   tuple=[0, 1, 1, 0, 0, 0, 0]   recip=0
  signs [-1, -1, -1]   d=-23944940/5184729   tuple=[0, 0, 1, 0, 0, 0, 1]   recip=0

---- d = e*f*g,  X = 5 ----
  signs [1, 1, 1]   d=23944940/5184729   tuple=[0, 0, 1, 0, 0, 0, 0]   recip=0
  signs [1, 1, -1]   d=-23944940/5184729   tuple=[0, 0, 1, 0, 0, 0, 0]   recip=0
  signs [1, -1, 1]   d=-23944940/5184729   tuple=[0, 0, 1, 0, 0, 0, 0]   recip=0
  signs [1, -1, -1]   d=23944940/5184729   tuple=[0, 0, 1, 0, 0, 0, 0]   recip=0
  signs [-1, 1, 1]   d=-23944940/5184729   tuple=[0, 0, 1, 0, 0, 0, 0]   recip=0
  signs [-1, 1, -1]   d=23944940/5184729   tuple=[0, 0, 1, 0, 0, 0, 0]   recip=0
  signs [-1, -1, 1]   d=23944940/5184729   tuple=[0, 0, 1, 0, 0, 0, 0]   recip=0
  signs [-1, -1, -1]   d=-23944940/5184729   tuple=[0, 0, 1, 0, 0, 0, 0]   recip=0

---- d = e*f*g,  X = -5 ----
  signs [1, 1, 1]   d=23944940/5184729   tuple=[1, 0, 1, 0, 0, 0, 0]   recip=0
  signs [1, 1, -1]   d=-23944940/5184729   tuple=[0, 0, 1, 0, 0, 0, 1]   recip=0
  signs [1, -1, 1]   d=-23944940/5184729   tuple=[0, 0, 1, 0, 0, 0, 1]   recip=0
  signs [1, -1, -1]   d=23944940/5184729   tuple=[1, 0, 1, 0, 0, 0, 0]   recip=0
  signs [-1, 1, 1]   d=-23944940/5184729   tuple=[0, 0, 1, 0, 0, 0, 1]   recip=0
  signs [-1, 1, -1]   d=23944940/5184729   tuple=[1, 0, 1, 0, 0, 0, 0]   recip=0
  signs [-1, -1, 1]   d=23944940/5184729   tuple=[1, 0, 1, 0, 0, 0, 0]   recip=0
  signs [-1, -1, -1]   d=-23944940/5184729   tuple=[0, 0, 1, 0, 0, 0, 1]   recip=0

---- d = e*f*g,  X = 6 ----
  signs [1, 1, 1]   d=23944940/5184729   tuple=[0, 1, 0, 0, 0, 0, 0]   recip=0
  signs [1, 1, -1]   d=-23944940/5184729   tuple=[1, 0, 0, 0, 0, 0, 0]   recip=0
  signs [1, -1, 1]   d=-23944940/5184729   tuple=[1, 0, 0, 0, 0, 0, 0]   recip=0
  signs [1, -1, -1]   d=23944940/5184729   tuple=[0, 1, 0, 0, 0, 0, 0]   recip=0
  signs [-1, 1, 1]   d=-23944940/5184729   tuple=[1, 0, 0, 0, 0, 0, 0]   recip=0
  signs [-1, 1, -1]   d=23944940/5184729   tuple=[0, 1, 0, 0, 0, 0, 0]   recip=0
  signs [-1, -1, 1]   d=23944940/5184729   tuple=[0, 1, 0, 0, 0, 0, 0]   recip=0
  signs [-1, -1, -1]   d=-23944940/5184729   tuple=[1, 0, 0, 0, 0, 0, 0]   recip=0

---- d = e*f*g,  X = -6 ----
  signs [1, 1, 1]   d=23944940/5184729   tuple=[1, 1, 0, 0, 0, 0, 0]   recip=0
  signs [1, 1, -1]   d=-23944940/5184729   tuple=[1, 0, 0, 0, 0, 0, 1]   recip=0
  signs [1, -1, 1]   d=-23944940/5184729   tuple=[1, 0, 0, 0, 0, 0, 1]   recip=0
  signs [1, -1, -1]   d=23944940/5184729   tuple=[1, 1, 0, 0, 0, 0, 0]   recip=0
  signs [-1, 1, 1]   d=-23944940/5184729   tuple=[1, 0, 0, 0, 0, 0, 1]   recip=0
  signs [-1, 1, -1]   d=23944940/5184729   tuple=[1, 1, 0, 0, 0, 0, 0]   recip=0
  signs [-1, -1, 1]   d=23944940/5184729   tuple=[1, 1, 0, 0, 0, 0, 0]   recip=0
  signs [-1, -1, -1]   d=-23944940/5184729   tuple=[1, 0, 0, 0, 0, 0, 1]   recip=0

---- d = e*f*g,  X = 7 ----
  signs [1, 1, 1]   d=23944940/5184729   tuple=[1, 0, 1, 1, 0, 0, 0]   recip=0
  signs [1, 1, -1]   d=-23944940/5184729   tuple=[0, 0, 1, 0, 0, 0, 0]   recip=0
  signs [1, -1, 1]   d=-23944940/5184729   tuple=[0, 0, 1, 0, 0, 0, 0]   recip=0
  signs [1, -1, -1]   d=23944940/5184729   tuple=[1, 0, 1, 1, 0, 0, 0]   recip=0
  signs [-1, 1, 1]   d=-23944940/5184729   tuple=[0, 0, 1, 0, 0, 0, 0]   recip=0
  signs [-1, 1, -1]   d=23944940/5184729   tuple=[1, 0, 1, 1, 0, 0, 0]   recip=0
  signs [-1, -1, 1]   d=23944940/5184729   tuple=[1, 0, 1, 1, 0, 0, 0]   recip=0
  signs [-1, -1, -1]   d=-23944940/5184729   tuple=[0, 0, 1, 0, 0, 0, 0]   recip=0

---- d = e*f*g,  X = -7 ----
  signs [1, 1, 1]   d=23944940/5184729   tuple=[0, 0, 1, 1, 0, 0, 0]   recip=0
  signs [1, 1, -1]   d=-23944940/5184729   tuple=[0, 0, 1, 0, 0, 0, 1]   recip=0
  signs [1, -1, 1]   d=-23944940/5184729   tuple=[0, 0, 1, 0, 0, 0, 1]   recip=0
  signs [1, -1, -1]   d=23944940/5184729   tuple=[0, 0, 1, 1, 0, 0, 0]   recip=0
  signs [-1, 1, 1]   d=-23944940/5184729   tuple=[0, 0, 1, 0, 0, 0, 1]   recip=0
  signs [-1, 1, -1]   d=23944940/5184729   tuple=[0, 0, 1, 1, 0, 0, 0]   recip=0
  signs [-1, -1, 1]   d=23944940/5184729   tuple=[0, 0, 1, 1, 0, 0, 0]   recip=0
  signs [-1, -1, -1]   d=-23944940/5184729   tuple=[0, 0, 1, 0, 0, 0, 1]   recip=0

---- d = e*f*g,  X = 10 ----
  signs [1, 1, 1]   d=23944940/5184729   tuple=[1, 0, 0, 0, 0, 0, 0]   recip=0
  signs [1, 1, -1]   d=-23944940/5184729   tuple=[1, 0, 0, 0, 0, 0, 0]   recip=0
  signs [1, -1, 1]   d=-23944940/5184729   tuple=[1, 0, 0, 0, 0, 0, 0]   recip=0
  signs [1, -1, -1]   d=23944940/5184729   tuple=[1, 0, 0, 0, 0, 0, 0]   recip=0
  signs [-1, 1, 1]   d=-23944940/5184729   tuple=[1, 0, 0, 0, 0, 0, 0]   recip=0
  signs [-1, 1, -1]   d=23944940/5184729   tuple=[1, 0, 0, 0, 0, 0, 0]   recip=0
  signs [-1, -1, 1]   d=23944940/5184729   tuple=[1, 0, 0, 0, 0, 0, 0]   recip=0
  signs [-1, -1, -1]   d=-23944940/5184729   tuple=[1, 0, 0, 0, 0, 0, 0]   recip=0

---- d = e*f*g,  X = -10 ----
  signs [1, 1, 1]   d=23944940/5184729   tuple=[0, 0, 0, 0, 0, 0, 0]   recip=0
  signs [1, 1, -1]   d=-23944940/5184729   tuple=[1, 0, 0, 0, 0, 0, 1]   recip=0
  signs [1, -1, 1]   d=-23944940/5184729   tuple=[1, 0, 0, 0, 0, 0, 1]   recip=0
  signs [1, -1, -1]   d=23944940/5184729   tuple=[0, 0, 0, 0, 0, 0, 0]   recip=0
  signs [-1, 1, 1]   d=-23944940/5184729   tuple=[1, 0, 0, 0, 0, 0, 1]   recip=0
  signs [-1, 1, -1]   d=23944940/5184729   tuple=[0, 0, 0, 0, 0, 0, 0]   recip=0
  signs [-1, -1, 1]   d=23944940/5184729   tuple=[0, 0, 0, 0, 0, 0, 0]   recip=0
  signs [-1, -1, -1]   d=-23944940/5184729   tuple=[1, 0, 0, 0, 0, 0, 1]   recip=0

---- d = e*f*g,  X = 15 ----
  signs [1, 1, 1]   d=23944940/5184729   tuple=[1, 1, 0, 0, 0, 0, 0]   recip=0
  signs [1, 1, -1]   d=-23944940/5184729   tuple=[0, 0, 0, 0, 0, 0, 0]   recip=0
  signs [1, -1, 1]   d=-23944940/5184729   tuple=[0, 0, 0, 0, 0, 0, 0]   recip=0
  signs [1, -1, -1]   d=23944940/5184729   tuple=[1, 1, 0, 0, 0, 0, 0]   recip=0
  signs [-1, 1, 1]   d=-23944940/5184729   tuple=[0, 0, 0, 0, 0, 0, 0]   recip=0
  signs [-1, 1, -1]   d=23944940/5184729   tuple=[1, 1, 0, 0, 0, 0, 0]   recip=0
  signs [-1, -1, 1]   d=23944940/5184729   tuple=[1, 1, 0, 0, 0, 0, 0]   recip=0
  signs [-1, -1, -1]   d=-23944940/5184729   tuple=[0, 0, 0, 0, 0, 0, 0]   recip=0

##########################################
Fiber (63,38)
##########################################

---- d = e+f,  X = -1 ----
  signs [1, 1, 1]   d=7313/2525   tuple=[0, 0, 0, 0, 0, 0, 0]   recip=0
  signs [1, 1, -1]   d=7313/2525   tuple=[0, 0, 0, 0, 0, 0, 0]   recip=0
  signs [1, -1, 1]   d=2263/2525   tuple=[1, 0, 0, 0, 0, 0, 0]   recip=0
  signs [1, -1, -1]   d=2263/2525   tuple=[1, 0, 0, 0, 0, 0, 0]   recip=0
  signs [-1, 1, 1]   d=-2263/2525   tuple=[0, 0, 0, 0, 0, 0, 1]   recip=0
  signs [-1, 1, -1]   d=-2263/2525   tuple=[0, 0, 0, 0, 0, 0, 1]   recip=0
  signs [-1, -1, 1]   d=-7313/2525   tuple=[1, 0, 0, 0, 0, 0, 1]   recip=0
  signs [-1, -1, -1]   d=-7313/2525   tuple=[1, 0, 0, 0, 0, 0, 1]   recip=0

---- d = e+f,  X = 2 ----
  signs [1, 1, 1]   d=7313/2525   tuple=[1, 0, 0, 0, 0, 0, 0]   recip=0
  signs [1, 1, -1]   d=7313/2525   tuple=[1, 0, 0, 0, 0, 0, 0]   recip=0
  signs [1, -1, 1]   d=2263/2525   tuple=[1, 0, 0, 0, 0, 0, 0]   recip=0
  signs [1, -1, -1]   d=2263/2525   tuple=[1, 0, 0, 0, 0, 0, 0]   recip=0
  signs [-1, 1, 1]   d=-2263/2525   tuple=[1, 0, 0, 0, 0, 0, 0]   recip=0
  signs [-1, 1, -1]   d=-2263/2525   tuple=[1, 0, 0, 0, 0, 0, 0]   recip=0
  signs [-1, -1, 1]   d=-7313/2525   tuple=[1, 0, 0, 0, 0, 0, 0]   recip=0
  signs [-1, -1, -1]   d=-7313/2525   tuple=[1, 0, 0, 0, 0, 0, 0]   recip=0

---- d = e+f,  X = -2 ----
  signs [1, 1, 1]   d=7313/2525   tuple=[1, 0, 0, 0, 0, 0, 0]   recip=0
  signs [1, 1, -1]   d=7313/2525   tuple=[1, 0, 0, 0, 0, 0, 0]   recip=0
  signs [1, -1, 1]   d=2263/2525   tuple=[0, 0, 0, 0, 0, 0, 0]   recip=0
  signs [1, -1, -1]   d=2263/2525   tuple=[0, 0, 0, 0, 0, 0, 0]   recip=0
  signs [-1, 1, 1]   d=-2263/2525   tuple=[1, 0, 0, 0, 0, 0, 1]   recip=0
  signs [-1, 1, -1]   d=-2263/2525   tuple=[1, 0, 0, 0, 0, 0, 1]   recip=0
  signs [-1, -1, 1]   d=-7313/2525   tuple=[0, 0, 0, 0, 0, 0, 1]   recip=0
  signs [-1, -1, -1]   d=-7313/2525   tuple=[0, 0, 0, 0, 0, 0, 1]   recip=0

---- d = e+f,  X = 3 ----
  signs [1, 1, 1]   d=7313/2525   tuple=[0, 0, 0, 0, 0, 0, 0]   recip=0
  signs [1, 1, -1]   d=7313/2525   tuple=[0, 0, 0, 0, 0, 0, 0]   recip=0
  signs [1, -1, 1]   d=2263/2525   tuple=[1, 1, 0, 0, 0, 0, 0]   recip=0
  signs [1, -1, -1]   d=2263/2525   tuple=[1, 1, 0, 0, 0, 0, 0]   recip=0
  signs [-1, 1, 1]   d=-2263/2525   tuple=[0, 0, 0, 0, 0, 0, 0]   recip=0
  signs [-1, 1, -1]   d=-2263/2525   tuple=[0, 0, 0, 0, 0, 0, 0]   recip=0
  signs [-1, -1, 1]   d=-7313/2525   tuple=[1, 1, 0, 0, 0, 0, 0]   recip=0
  signs [-1, -1, -1]   d=-7313/2525   tuple=[1, 1, 0, 0, 0, 0, 0]   recip=0

---- d = e+f,  X = -3 ----
  signs [1, 1, 1]   d=7313/2525   tuple=[0, 0, 0, 0, 0, 0, 0]   recip=0
  signs [1, 1, -1]   d=7313/2525   tuple=[0, 0, 0, 0, 0, 0, 0]   recip=0
  signs [1, -1, 1]   d=2263/2525   tuple=[0, 1, 0, 0, 0, 0, 0]   recip=0
  signs [1, -1, -1]   d=2263/2525   tuple=[0, 1, 0, 0, 0, 0, 0]   recip=0
  signs [-1, 1, 1]   d=-2263/2525   tuple=[0, 0, 0, 0, 0, 0, 1]   recip=0
  signs [-1, 1, -1]   d=-2263/2525   tuple=[0, 0, 0, 0, 0, 0, 1]   recip=0
  signs [-1, -1, 1]   d=-7313/2525   tuple=[0, 1, 0, 0, 0, 0, 1]   recip=0
  signs [-1, -1, -1]   d=-7313/2525   tuple=[0, 1, 0, 0, 0, 0, 1]   recip=0

---- d = e+f,  X = 5 ----
  signs [1, 1, 1]   d=7313/2525   tuple=[0, 0, 1, 0, 0, 0, 0]   recip=0
  signs [1, 1, -1]   d=7313/2525   tuple=[0, 0, 1, 0, 0, 0, 0]   recip=0
  signs [1, -1, 1]   d=2263/2525   tuple=[0, 0, 1, 0, 0, 0, 0]   recip=0
  signs [1, -1, -1]   d=2263/2525   tuple=[0, 0, 1, 0, 0, 0, 0]   recip=0
  signs [-1, 1, 1]   d=-2263/2525   tuple=[0, 0, 1, 0, 0, 0, 0]   recip=0
  signs [-1, 1, -1]   d=-2263/2525   tuple=[0, 0, 1, 0, 0, 0, 0]   recip=0
  signs [-1, -1, 1]   d=-7313/2525   tuple=[0, 0, 1, 0, 0, 0, 0]   recip=0
  signs [-1, -1, -1]   d=-7313/2525   tuple=[0, 0, 1, 0, 0, 0, 0]   recip=0

---- d = e+f,  X = -5 ----
  signs [1, 1, 1]   d=7313/2525   tuple=[0, 0, 1, 0, 0, 0, 0]   recip=0
  signs [1, 1, -1]   d=7313/2525   tuple=[0, 0, 1, 0, 0, 0, 0]   recip=0
  signs [1, -1, 1]   d=2263/2525   tuple=[1, 0, 1, 0, 0, 0, 0]   recip=0
  signs [1, -1, -1]   d=2263/2525   tuple=[1, 0, 1, 0, 0, 0, 0]   recip=0
  signs [-1, 1, 1]   d=-2263/2525   tuple=[0, 0, 1, 0, 0, 0, 1]   recip=0
  signs [-1, 1, -1]   d=-2263/2525   tuple=[0, 0, 1, 0, 0, 0, 1]   recip=0
  signs [-1, -1, 1]   d=-7313/2525   tuple=[1, 0, 1, 0, 0, 0, 1]   recip=0
  signs [-1, -1, -1]   d=-7313/2525   tuple=[1, 0, 1, 0, 0, 0, 1]   recip=0

---- d = e+f,  X = 6 ----
  signs [1, 1, 1]   d=7313/2525   tuple=[1, 0, 0, 0, 0, 0, 0]   recip=0
  signs [1, 1, -1]   d=7313/2525   tuple=[1, 0, 0, 0, 0, 0, 0]   recip=0
  signs [1, -1, 1]   d=2263/2525   tuple=[0, 1, 0, 0, 0, 0, 0]   recip=0
  signs [1, -1, -1]   d=2263/2525   tuple=[0, 1, 0, 0, 0, 0, 0]   recip=0
  signs [-1, 1, 1]   d=-2263/2525   tuple=[1, 0, 0, 0, 0, 0, 0]   recip=0
  signs [-1, 1, -1]   d=-2263/2525   tuple=[1, 0, 0, 0, 0, 0, 0]   recip=0
  signs [-1, -1, 1]   d=-7313/2525   tuple=[0, 1, 0, 0, 0, 0, 0]   recip=0
  signs [-1, -1, -1]   d=-7313/2525   tuple=[0, 1, 0, 0, 0, 0, 0]   recip=0

---- d = e+f,  X = -6 ----
  signs [1, 1, 1]   d=7313/2525   tuple=[1, 0, 0, 0, 0, 0, 0]   recip=0
  signs [1, 1, -1]   d=7313/2525   tuple=[1, 0, 0, 0, 0, 0, 0]   recip=0
  signs [1, -1, 1]   d=2263/2525   tuple=[1, 1, 0, 0, 0, 0, 0]   recip=0
  signs [1, -1, -1]   d=2263/2525   tuple=[1, 1, 0, 0, 0, 0, 0]   recip=0
  signs [-1, 1, 1]   d=-2263/2525   tuple=[1, 0, 0, 0, 0, 0, 1]   recip=0
  signs [-1, 1, -1]   d=-2263/2525   tuple=[1, 0, 0, 0, 0, 0, 1]   recip=0
  signs [-1, -1, 1]   d=-7313/2525   tuple=[1, 1, 0, 0, 0, 0, 1]   recip=0
  signs [-1, -1, -1]   d=-7313/2525   tuple=[1, 1, 0, 0, 0, 0, 1]   recip=0

---- d = e+f,  X = 7 ----
  signs [1, 1, 1]   d=7313/2525   tuple=[0, 0, 0, 0, 0, 0, 0]   recip=0
  signs [1, 1, -1]   d=7313/2525   tuple=[0, 0, 0, 0, 0, 0, 0]   recip=0
  signs [1, -1, 1]   d=2263/2525   tuple=[1, 0, 0, 1, 0, 0, 0]   recip=0
  signs [1, -1, -1]   d=2263/2525   tuple=[1, 0, 0, 1, 0, 0, 0]   recip=0
  signs [-1, 1, 1]   d=-2263/2525   tuple=[0, 0, 0, 0, 0, 0, 0]   recip=0
  signs [-1, 1, -1]   d=-2263/2525   tuple=[0, 0, 0, 0, 0, 0, 0]   recip=0
  signs [-1, -1, 1]   d=-7313/2525   tuple=[1, 0, 0, 1, 0, 0, 0]   recip=0
  signs [-1, -1, -1]   d=-7313/2525   tuple=[1, 0, 0, 1, 0, 0, 0]   recip=0

---- d = e+f,  X = -7 ----
  signs [1, 1, 1]   d=7313/2525   tuple=[0, 0, 0, 0, 0, 0, 0]   recip=0
  signs [1, 1, -1]   d=7313/2525   tuple=[0, 0, 0, 0, 0, 0, 0]   recip=0
  signs [1, -1, 1]   d=2263/2525   tuple=[0, 0, 0, 1, 0, 0, 0]   recip=0
  signs [1, -1, -1]   d=2263/2525   tuple=[0, 0, 0, 1, 0, 0, 0]   recip=0
  signs [-1, 1, 1]   d=-2263/2525   tuple=[0, 0, 0, 0, 0, 0, 1]   recip=0
  signs [-1, 1, -1]   d=-2263/2525   tuple=[0, 0, 0, 0, 0, 0, 1]   recip=0
  signs [-1, -1, 1]   d=-7313/2525   tuple=[0, 0, 0, 1, 0, 0, 1]   recip=0
  signs [-1, -1, -1]   d=-7313/2525   tuple=[0, 0, 0, 1, 0, 0, 1]   recip=0

---- d = e+f,  X = 10 ----
  signs [1, 1, 1]   d=7313/2525   tuple=[1, 0, 1, 0, 0, 0, 0]   recip=0
  signs [1, 1, -1]   d=7313/2525   tuple=[1, 0, 1, 0, 0, 0, 0]   recip=0
  signs [1, -1, 1]   d=2263/2525   tuple=[1, 0, 1, 0, 0, 0, 0]   recip=0
  signs [1, -1, -1]   d=2263/2525   tuple=[1, 0, 1, 0, 0, 0, 0]   recip=0
  signs [-1, 1, 1]   d=-2263/2525   tuple=[1, 0, 1, 0, 0, 0, 0]   recip=0
  signs [-1, 1, -1]   d=-2263/2525   tuple=[1, 0, 1, 0, 0, 0, 0]   recip=0
  signs [-1, -1, 1]   d=-7313/2525   tuple=[1, 0, 1, 0, 0, 0, 0]   recip=0
  signs [-1, -1, -1]   d=-7313/2525   tuple=[1, 0, 1, 0, 0, 0, 0]   recip=0

---- d = e+f,  X = -10 ----
  signs [1, 1, 1]   d=7313/2525   tuple=[1, 0, 1, 0, 0, 0, 0]   recip=0
  signs [1, 1, -1]   d=7313/2525   tuple=[1, 0, 1, 0, 0, 0, 0]   recip=0
  signs [1, -1, 1]   d=2263/2525   tuple=[0, 0, 1, 0, 0, 0, 0]   recip=0
  signs [1, -1, -1]   d=2263/2525   tuple=[0, 0, 1, 0, 0, 0, 0]   recip=0
  signs [-1, 1, 1]   d=-2263/2525   tuple=[1, 0, 1, 0, 0, 0, 1]   recip=0
  signs [-1, 1, -1]   d=-2263/2525   tuple=[1, 0, 1, 0, 0, 0, 1]   recip=0
  signs [-1, -1, 1]   d=-7313/2525   tuple=[0, 0, 1, 0, 0, 0, 1]   recip=0
  signs [-1, -1, -1]   d=-7313/2525   tuple=[0, 0, 1, 0, 0, 0, 1]   recip=0

---- d = e+f,  X = 15 ----
  signs [1, 1, 1]   d=7313/2525   tuple=[0, 0, 1, 0, 0, 0, 0]   recip=0
  signs [1, 1, -1]   d=7313/2525   tuple=[0, 0, 1, 0, 0, 0, 0]   recip=0
  signs [1, -1, 1]   d=2263/2525   tuple=[1, 1, 1, 0, 0, 0, 0]   recip=0
  signs [1, -1, -1]   d=2263/2525   tuple=[1, 1, 1, 0, 0, 0, 0]   recip=0
  signs [-1, 1, 1]   d=-2263/2525   tuple=[0, 0, 1, 0, 0, 0, 0]   recip=0
  signs [-1, 1, -1]   d=-2263/2525   tuple=[0, 0, 1, 0, 0, 0, 0]   recip=0
  signs [-1, -1, 1]   d=-7313/2525   tuple=[1, 1, 1, 0, 0, 0, 0]   recip=0
  signs [-1, -1, -1]   d=-7313/2525   tuple=[1, 1, 1, 0, 0, 0, 0]   recip=0

---- d = e-f,  X = -1 ----
  signs [1, 1, 1]   d=2263/2525   tuple=[1, 0, 0, 0, 0, 0, 0]   recip=0
  signs [1, 1, -1]   d=2263/2525   tuple=[1, 0, 0, 0, 0, 0, 0]   recip=0
  signs [1, -1, 1]   d=7313/2525   tuple=[0, 0, 0, 0, 0, 0, 0]   recip=0
  signs [1, -1, -1]   d=7313/2525   tuple=[0, 0, 0, 0, 0, 0, 0]   recip=0
  signs [-1, 1, 1]   d=-7313/2525   tuple=[1, 0, 0, 0, 0, 0, 1]   recip=0
  signs [-1, 1, -1]   d=-7313/2525   tuple=[1, 0, 0, 0, 0, 0, 1]   recip=0
  signs [-1, -1, 1]   d=-2263/2525   tuple=[0, 0, 0, 0, 0, 0, 1]   recip=0
  signs [-1, -1, -1]   d=-2263/2525   tuple=[0, 0, 0, 0, 0, 0, 1]   recip=0

---- d = e-f,  X = 2 ----
  signs [1, 1, 1]   d=2263/2525   tuple=[1, 0, 0, 0, 0, 0, 0]   recip=0
  signs [1, 1, -1]   d=2263/2525   tuple=[1, 0, 0, 0, 0, 0, 0]   recip=0
  signs [1, -1, 1]   d=7313/2525   tuple=[1, 0, 0, 0, 0, 0, 0]   recip=0
  signs [1, -1, -1]   d=7313/2525   tuple=[1, 0, 0, 0, 0, 0, 0]   recip=0
  signs [-1, 1, 1]   d=-7313/2525   tuple=[1, 0, 0, 0, 0, 0, 0]   recip=0
  signs [-1, 1, -1]   d=-7313/2525   tuple=[1, 0, 0, 0, 0, 0, 0]   recip=0
  signs [-1, -1, 1]   d=-2263/2525   tuple=[1, 0, 0, 0, 0, 0, 0]   recip=0
  signs [-1, -1, -1]   d=-2263/2525   tuple=[1, 0, 0, 0, 0, 0, 0]   recip=0

---- d = e-f,  X = -2 ----
  signs [1, 1, 1]   d=2263/2525   tuple=[0, 0, 0, 0, 0, 0, 0]   recip=0
  signs [1, 1, -1]   d=2263/2525   tuple=[0, 0, 0, 0, 0, 0, 0]   recip=0
  signs [1, -1, 1]   d=7313/2525   tuple=[1, 0, 0, 0, 0, 0, 0]   recip=0
  signs [1, -1, -1]   d=7313/2525   tuple=[1, 0, 0, 0, 0, 0, 0]   recip=0
  signs [-1, 1, 1]   d=-7313/2525   tuple=[0, 0, 0, 0, 0, 0, 1]   recip=0
  signs [-1, 1, -1]   d=-7313/2525   tuple=[0, 0, 0, 0, 0, 0, 1]   recip=0
  signs [-1, -1, 1]   d=-2263/2525   tuple=[1, 0, 0, 0, 0, 0, 1]   recip=0
  signs [-1, -1, -1]   d=-2263/2525   tuple=[1, 0, 0, 0, 0, 0, 1]   recip=0

---- d = e-f,  X = 3 ----
  signs [1, 1, 1]   d=2263/2525   tuple=[1, 1, 0, 0, 0, 0, 0]   recip=0
  signs [1, 1, -1]   d=2263/2525   tuple=[1, 1, 0, 0, 0, 0, 0]   recip=0
  signs [1, -1, 1]   d=7313/2525   tuple=[0, 0, 0, 0, 0, 0, 0]   recip=0
  signs [1, -1, -1]   d=7313/2525   tuple=[0, 0, 0, 0, 0, 0, 0]   recip=0
  signs [-1, 1, 1]   d=-7313/2525   tuple=[1, 1, 0, 0, 0, 0, 0]   recip=0
  signs [-1, 1, -1]   d=-7313/2525   tuple=[1, 1, 0, 0, 0, 0, 0]   recip=0
  signs [-1, -1, 1]   d=-2263/2525   tuple=[0, 0, 0, 0, 0, 0, 0]   recip=0
  signs [-1, -1, -1]   d=-2263/2525   tuple=[0, 0, 0, 0, 0, 0, 0]   recip=0

---- d = e-f,  X = -3 ----
  signs [1, 1, 1]   d=2263/2525   tuple=[0, 1, 0, 0, 0, 0, 0]   recip=0
  signs [1, 1, -1]   d=2263/2525   tuple=[0, 1, 0, 0, 0, 0, 0]   recip=0
  signs [1, -1, 1]   d=7313/2525   tuple=[0, 0, 0, 0, 0, 0, 0]   recip=0
  signs [1, -1, -1]   d=7313/2525   tuple=[0, 0, 0, 0, 0, 0, 0]   recip=0
  signs [-1, 1, 1]   d=-7313/2525   tuple=[0, 1, 0, 0, 0, 0, 1]   recip=0
  signs [-1, 1, -1]   d=-7313/2525   tuple=[0, 1, 0, 0, 0, 0, 1]   recip=0
  signs [-1, -1, 1]   d=-2263/2525   tuple=[0, 0, 0, 0, 0, 0, 1]   recip=0
  signs [-1, -1, -1]   d=-2263/2525   tuple=[0, 0, 0, 0, 0, 0, 1]   recip=0

---- d = e-f,  X = 5 ----
  signs [1, 1, 1]   d=2263/2525   tuple=[0, 0, 1, 0, 0, 0, 0]   recip=0
  signs [1, 1, -1]   d=2263/2525   tuple=[0, 0, 1, 0, 0, 0, 0]   recip=0
  signs [1, -1, 1]   d=7313/2525   tuple=[0, 0, 1, 0, 0, 0, 0]   recip=0
  signs [1, -1, -1]   d=7313/2525   tuple=[0, 0, 1, 0, 0, 0, 0]   recip=0
  signs [-1, 1, 1]   d=-7313/2525   tuple=[0, 0, 1, 0, 0, 0, 0]   recip=0
  signs [-1, 1, -1]   d=-7313/2525   tuple=[0, 0, 1, 0, 0, 0, 0]   recip=0
  signs [-1, -1, 1]   d=-2263/2525   tuple=[0, 0, 1, 0, 0, 0, 0]   recip=0
  signs [-1, -1, -1]   d=-2263/2525   tuple=[0, 0, 1, 0, 0, 0, 0]   recip=0

---- d = e-f,  X = -5 ----
  signs [1, 1, 1]   d=2263/2525   tuple=[1, 0, 1, 0, 0, 0, 0]   recip=0
  signs [1, 1, -1]   d=2263/2525   tuple=[1, 0, 1, 0, 0, 0, 0]   recip=0
  signs [1, -1, 1]   d=7313/2525   tuple=[0, 0, 1, 0, 0, 0, 0]   recip=0
  signs [1, -1, -1]   d=7313/2525   tuple=[0, 0, 1, 0, 0, 0, 0]   recip=0
  signs [-1, 1, 1]   d=-7313/2525   tuple=[1, 0, 1, 0, 0, 0, 1]   recip=0
  signs [-1, 1, -1]   d=-7313/2525   tuple=[1, 0, 1, 0, 0, 0, 1]   recip=0
  signs [-1, -1, 1]   d=-2263/2525   tuple=[0, 0, 1, 0, 0, 0, 1]   recip=0
  signs [-1, -1, -1]   d=-2263/2525   tuple=[0, 0, 1, 0, 0, 0, 1]   recip=0

---- d = e-f,  X = 6 ----
  signs [1, 1, 1]   d=2263/2525   tuple=[0, 1, 0, 0, 0, 0, 0]   recip=0
  signs [1, 1, -1]   d=2263/2525   tuple=[0, 1, 0, 0, 0, 0, 0]   recip=0
  signs [1, -1, 1]   d=7313/2525   tuple=[1, 0, 0, 0, 0, 0, 0]   recip=0
  signs [1, -1, -1]   d=7313/2525   tuple=[1, 0, 0, 0, 0, 0, 0]   recip=0
  signs [-1, 1, 1]   d=-7313/2525   tuple=[0, 1, 0, 0, 0, 0, 0]   recip=0
  signs [-1, 1, -1]   d=-7313/2525   tuple=[0, 1, 0, 0, 0, 0, 0]   recip=0
  signs [-1, -1, 1]   d=-2263/2525   tuple=[1, 0, 0, 0, 0, 0, 0]   recip=0
  signs [-1, -1, -1]   d=-2263/2525   tuple=[1, 0, 0, 0, 0, 0, 0]   recip=0

---- d = e-f,  X = -6 ----
  signs [1, 1, 1]   d=2263/2525   tuple=[1, 1, 0, 0, 0, 0, 0]   recip=0
  signs [1, 1, -1]   d=2263/2525   tuple=[1, 1, 0, 0, 0, 0, 0]   recip=0
  signs [1, -1, 1]   d=7313/2525   tuple=[1, 0, 0, 0, 0, 0, 0]   recip=0
  signs [1, -1, -1]   d=7313/2525   tuple=[1, 0, 0, 0, 0, 0, 0]   recip=0
  signs [-1, 1, 1]   d=-7313/2525   tuple=[1, 1, 0, 0, 0, 0, 1]   recip=0
  signs [-1, 1, -1]   d=-7313/2525   tuple=[1, 1, 0, 0, 0, 0, 1]   recip=0
  signs [-1, -1, 1]   d=-2263/2525   tuple=[1, 0, 0, 0, 0, 0, 1]   recip=0
  signs [-1, -1, -1]   d=-2263/2525   tuple=[1, 0, 0, 0, 0, 0, 1]   recip=0

---- d = e-f,  X = 7 ----
  signs [1, 1, 1]   d=2263/2525   tuple=[1, 0, 0, 1, 0, 0, 0]   recip=0
  signs [1, 1, -1]   d=2263/2525   tuple=[1, 0, 0, 1, 0, 0, 0]   recip=0
  signs [1, -1, 1]   d=7313/2525   tuple=[0, 0, 0, 0, 0, 0, 0]   recip=0
  signs [1, -1, -1]   d=7313/2525   tuple=[0, 0, 0, 0, 0, 0, 0]   recip=0
  signs [-1, 1, 1]   d=-7313/2525   tuple=[1, 0, 0, 1, 0, 0, 0]   recip=0
  signs [-1, 1, -1]   d=-7313/2525   tuple=[1, 0, 0, 1, 0, 0, 0]   recip=0
  signs [-1, -1, 1]   d=-2263/2525   tuple=[0, 0, 0, 0, 0, 0, 0]   recip=0
  signs [-1, -1, -1]   d=-2263/2525   tuple=[0, 0, 0, 0, 0, 0, 0]   recip=0

---- d = e-f,  X = -7 ----
  signs [1, 1, 1]   d=2263/2525   tuple=[0, 0, 0, 1, 0, 0, 0]   recip=0
  signs [1, 1, -1]   d=2263/2525   tuple=[0, 0, 0, 1, 0, 0, 0]   recip=0
  signs [1, -1, 1]   d=7313/2525   tuple=[0, 0, 0, 0, 0, 0, 0]   recip=0
  signs [1, -1, -1]   d=7313/2525   tuple=[0, 0, 0, 0, 0, 0, 0]   recip=0
  signs [-1, 1, 1]   d=-7313/2525   tuple=[0, 0, 0, 1, 0, 0, 1]   recip=0
  signs [-1, 1, -1]   d=-7313/2525   tuple=[0, 0, 0, 1, 0, 0, 1]   recip=0
  signs [-1, -1, 1]   d=-2263/2525   tuple=[0, 0, 0, 0, 0, 0, 1]   recip=0
  signs [-1, -1, -1]   d=-2263/2525   tuple=[0, 0, 0, 0, 0, 0, 1]   recip=0

---- d = e-f,  X = 10 ----
  signs [1, 1, 1]   d=2263/2525   tuple=[1, 0, 1, 0, 0, 0, 0]   recip=0
  signs [1, 1, -1]   d=2263/2525   tuple=[1, 0, 1, 0, 0, 0, 0]   recip=0
  signs [1, -1, 1]   d=7313/2525   tuple=[1, 0, 1, 0, 0, 0, 0]   recip=0
  signs [1, -1, -1]   d=7313/2525   tuple=[1, 0, 1, 0, 0, 0, 0]   recip=0
  signs [-1, 1, 1]   d=-7313/2525   tuple=[1, 0, 1, 0, 0, 0, 0]   recip=0
  signs [-1, 1, -1]   d=-7313/2525   tuple=[1, 0, 1, 0, 0, 0, 0]   recip=0
  signs [-1, -1, 1]   d=-2263/2525   tuple=[1, 0, 1, 0, 0, 0, 0]   recip=0
  signs [-1, -1, -1]   d=-2263/2525   tuple=[1, 0, 1, 0, 0, 0, 0]   recip=0

---- d = e-f,  X = -10 ----
  signs [1, 1, 1]   d=2263/2525   tuple=[0, 0, 1, 0, 0, 0, 0]   recip=0
  signs [1, 1, -1]   d=2263/2525   tuple=[0, 0, 1, 0, 0, 0, 0]   recip=0
  signs [1, -1, 1]   d=7313/2525   tuple=[1, 0, 1, 0, 0, 0, 0]   recip=0
  signs [1, -1, -1]   d=7313/2525   tuple=[1, 0, 1, 0, 0, 0, 0]   recip=0
  signs [-1, 1, 1]   d=-7313/2525   tuple=[0, 0, 1, 0, 0, 0, 1]   recip=0
  signs [-1, 1, -1]   d=-7313/2525   tuple=[0, 0, 1, 0, 0, 0, 1]   recip=0
  signs [-1, -1, 1]   d=-2263/2525   tuple=[1, 0, 1, 0, 0, 0, 1]   recip=0
  signs [-1, -1, -1]   d=-2263/2525   tuple=[1, 0, 1, 0, 0, 0, 1]   recip=0

---- d = e-f,  X = 15 ----
  signs [1, 1, 1]   d=2263/2525   tuple=[1, 1, 1, 0, 0, 0, 0]   recip=0
  signs [1, 1, -1]   d=2263/2525   tuple=[1, 1, 1, 0, 0, 0, 0]   recip=0
  signs [1, -1, 1]   d=7313/2525   tuple=[0, 0, 1, 0, 0, 0, 0]   recip=0
  signs [1, -1, -1]   d=7313/2525   tuple=[0, 0, 1, 0, 0, 0, 0]   recip=0
  signs [-1, 1, 1]   d=-7313/2525   tuple=[1, 1, 1, 0, 0, 0, 0]   recip=0
  signs [-1, 1, -1]   d=-7313/2525   tuple=[1, 1, 1, 0, 0, 0, 0]   recip=0
  signs [-1, -1, 1]   d=-2263/2525   tuple=[0, 0, 1, 0, 0, 0, 0]   recip=0
  signs [-1, -1, -1]   d=-2263/2525   tuple=[0, 0, 1, 0, 0, 0, 0]   recip=0

---- d = e+g,  X = -1 ----
  signs [1, 1, 1]   d=101/25   tuple=[0, 0, 0, 0, 0, 0, 0]   recip=0
  signs [1, 1, -1]   d=-25/101   tuple=[1, 0, 0, 0, 0, 0, 1]   recip=0
  signs [1, -1, 1]   d=101/25   tuple=[0, 0, 0, 0, 0, 0, 0]   recip=0
  signs [1, -1, -1]   d=-25/101   tuple=[1, 0, 0, 0, 0, 0, 1]   recip=0
  signs [-1, 1, 1]   d=25/101   tuple=[0, 0, 0, 0, 0, 0, 0]   recip=0
  signs [-1, 1, -1]   d=-101/25   tuple=[1, 0, 0, 0, 0, 0, 1]   recip=0
  signs [-1, -1, 1]   d=25/101   tuple=[0, 0, 0, 0, 0, 0, 0]   recip=0
  signs [-1, -1, -1]   d=-101/25   tuple=[1, 0, 0, 0, 0, 0, 1]   recip=0

---- d = e+g,  X = 2 ----
  signs [1, 1, 1]   d=101/25   tuple=[1, 0, 0, 0, 0, 0, 0]   recip=0
  signs [1, 1, -1]   d=-25/101   tuple=[1, 0, 0, 0, 0, 0, 0]   recip=0
  signs [1, -1, 1]   d=101/25   tuple=[1, 0, 0, 0, 0, 0, 0]   recip=0
  signs [1, -1, -1]   d=-25/101   tuple=[1, 0, 0, 0, 0, 0, 0]   recip=0
  signs [-1, 1, 1]   d=25/101   tuple=[1, 0, 0, 0, 0, 0, 0]   recip=0
  signs [-1, 1, -1]   d=-101/25   tuple=[1, 0, 0, 0, 0, 0, 0]   recip=0
  signs [-1, -1, 1]   d=25/101   tuple=[1, 0, 0, 0, 0, 0, 0]   recip=0
  signs [-1, -1, -1]   d=-101/25   tuple=[1, 0, 0, 0, 0, 0, 0]   recip=0

---- d = e+g,  X = -2 ----
  signs [1, 1, 1]   d=101/25   tuple=[1, 0, 0, 0, 0, 0, 0]   recip=0
  signs [1, 1, -1]   d=-25/101   tuple=[0, 0, 0, 0, 0, 0, 1]   recip=0
  signs [1, -1, 1]   d=101/25   tuple=[1, 0, 0, 0, 0, 0, 0]   recip=0
  signs [1, -1, -1]   d=-25/101   tuple=[0, 0, 0, 0, 0, 0, 1]   recip=0
  signs [-1, 1, 1]   d=25/101   tuple=[1, 0, 0, 0, 0, 0, 0]   recip=0
  signs [-1, 1, -1]   d=-101/25   tuple=[0, 0, 0, 0, 0, 0, 1]   recip=0
  signs [-1, -1, 1]   d=25/101   tuple=[1, 0, 0, 0, 0, 0, 0]   recip=0
  signs [-1, -1, -1]   d=-101/25   tuple=[0, 0, 0, 0, 0, 0, 1]   recip=0

---- d = e+g,  X = 3 ----
  signs [1, 1, 1]   d=101/25   tuple=[0, 1, 0, 0, 0, 0, 0]   recip=0
  signs [1, 1, -1]   d=-25/101   tuple=[1, 0, 0, 0, 0, 0, 0]   recip=0
  signs [1, -1, 1]   d=101/25   tuple=[0, 1, 0, 0, 0, 0, 0]   recip=0
  signs [1, -1, -1]   d=-25/101   tuple=[1, 0, 0, 0, 0, 0, 0]   recip=0
  signs [-1, 1, 1]   d=25/101   tuple=[0, 1, 0, 0, 0, 0, 0]   recip=0
  signs [-1, 1, -1]   d=-101/25   tuple=[1, 0, 0, 0, 0, 0, 0]   recip=0
  signs [-1, -1, 1]   d=25/101   tuple=[0, 1, 0, 0, 0, 0, 0]   recip=0
  signs [-1, -1, -1]   d=-101/25   tuple=[1, 0, 0, 0, 0, 0, 0]   recip=0

---- d = e+g,  X = -3 ----
  signs [1, 1, 1]   d=101/25   tuple=[0, 1, 0, 0, 0, 0, 0]   recip=0
  signs [1, 1, -1]   d=-25/101   tuple=[0, 0, 0, 0, 0, 0, 1]   recip=0
  signs [1, -1, 1]   d=101/25   tuple=[0, 1, 0, 0, 0, 0, 0]   recip=0
  signs [1, -1, -1]   d=-25/101   tuple=[0, 0, 0, 0, 0, 0, 1]   recip=0
  signs [-1, 1, 1]   d=25/101   tuple=[0, 1, 0, 0, 0, 0, 0]   recip=0
  signs [-1, 1, -1]   d=-101/25   tuple=[0, 0, 0, 0, 0, 0, 1]   recip=0
  signs [-1, -1, 1]   d=25/101   tuple=[0, 1, 0, 0, 0, 0, 0]   recip=0
  signs [-1, -1, -1]   d=-101/25   tuple=[0, 0, 0, 0, 0, 0, 1]   recip=0

---- d = e+g,  X = 5 ----
  signs [1, 1, 1]   d=101/25   tuple=[0, 0, 0, 0, 0, 0, 0]   recip=0
  signs [1, 1, -1]   d=-25/101   tuple=[0, 0, 0, 0, 0, 0, 0]   recip=0
  signs [1, -1, 1]   d=101/25   tuple=[0, 0, 0, 0, 0, 0, 0]   recip=0
  signs [1, -1, -1]   d=-25/101   tuple=[0, 0, 0, 0, 0, 0, 0]   recip=0
  signs [-1, 1, 1]   d=25/101   tuple=[0, 0, 0, 0, 0, 0, 0]   recip=0
  signs [-1, 1, -1]   d=-101/25   tuple=[0, 0, 0, 0, 0, 0, 0]   recip=0
  signs [-1, -1, 1]   d=25/101   tuple=[0, 0, 0, 0, 0, 0, 0]   recip=0
  signs [-1, -1, -1]   d=-101/25   tuple=[0, 0, 0, 0, 0, 0, 0]   recip=0

---- d = e+g,  X = -5 ----
  signs [1, 1, 1]   d=101/25   tuple=[0, 0, 0, 0, 0, 0, 0]   recip=0
  signs [1, 1, -1]   d=-25/101   tuple=[1, 0, 0, 0, 0, 0, 1]   recip=0
  signs [1, -1, 1]   d=101/25   tuple=[0, 0, 0, 0, 0, 0, 0]   recip=0
  signs [1, -1, -1]   d=-25/101   tuple=[1, 0, 0, 0, 0, 0, 1]   recip=0
  signs [-1, 1, 1]   d=25/101   tuple=[0, 0, 0, 0, 0, 0, 0]   recip=0
  signs [-1, 1, -1]   d=-101/25   tuple=[1, 0, 0, 0, 0, 0, 1]   recip=0
  signs [-1, -1, 1]   d=25/101   tuple=[0, 0, 0, 0, 0, 0, 0]   recip=0
  signs [-1, -1, -1]   d=-101/25   tuple=[1, 0, 0, 0, 0, 0, 1]   recip=0

---- d = e+g,  X = 6 ----
  signs [1, 1, 1]   d=101/25   tuple=[1, 1, 0, 0, 0, 0, 0]   recip=0
  signs [1, 1, -1]   d=-25/101   tuple=[0, 0, 0, 0, 0, 0, 0]   recip=0
  signs [1, -1, 1]   d=101/25   tuple=[1, 1, 0, 0, 0, 0, 0]   recip=0
  signs [1, -1, -1]   d=-25/101   tuple=[0, 0, 0, 0, 0, 0, 0]   recip=0
  signs [-1, 1, 1]   d=25/101   tuple=[1, 1, 0, 0, 0, 0, 0]   recip=0
  signs [-1, 1, -1]   d=-101/25   tuple=[0, 0, 0, 0, 0, 0, 0]   recip=0
  signs [-1, -1, 1]   d=25/101   tuple=[1, 1, 0, 0, 0, 0, 0]   recip=0
  signs [-1, -1, -1]   d=-101/25   tuple=[0, 0, 0, 0, 0, 0, 0]   recip=0

---- d = e+g,  X = -6 ----
  signs [1, 1, 1]   d=101/25   tuple=[1, 1, 0, 0, 0, 0, 0]   recip=0
  signs [1, 1, -1]   d=-25/101   tuple=[1, 0, 0, 0, 0, 0, 1]   recip=0
  signs [1, -1, 1]   d=101/25   tuple=[1, 1, 0, 0, 0, 0, 0]   recip=0
  signs [1, -1, -1]   d=-25/101   tuple=[1, 0, 0, 0, 0, 0, 1]   recip=0
  signs [-1, 1, 1]   d=25/101   tuple=[1, 1, 0, 0, 0, 0, 0]   recip=0
  signs [-1, 1, -1]   d=-101/25   tuple=[1, 0, 0, 0, 0, 0, 1]   recip=0
  signs [-1, -1, 1]   d=25/101   tuple=[1, 1, 0, 0, 0, 0, 0]   recip=0
  signs [-1, -1, -1]   d=-101/25   tuple=[1, 0, 0, 0, 0, 0, 1]   recip=0

---- d = e+g,  X = 7 ----
  signs [1, 1, 1]   d=101/25   tuple=[0, 0, 0, 1, 0, 0, 0]   recip=0
  signs [1, 1, -1]   d=-25/101   tuple=[1, 0, 0, 0, 0, 0, 0]   recip=0
  signs [1, -1, 1]   d=101/25   tuple=[0, 0, 0, 1, 0, 0, 0]   recip=0
  signs [1, -1, -1]   d=-25/101   tuple=[1, 0, 0, 0, 0, 0, 0]   recip=0
  signs [-1, 1, 1]   d=25/101   tuple=[0, 0, 0, 1, 0, 0, 0]   recip=0
  signs [-1, 1, -1]   d=-101/25   tuple=[1, 0, 0, 0, 0, 0, 0]   recip=0
  signs [-1, -1, 1]   d=25/101   tuple=[0, 0, 0, 1, 0, 0, 0]   recip=0
  signs [-1, -1, -1]   d=-101/25   tuple=[1, 0, 0, 0, 0, 0, 0]   recip=0

---- d = e+g,  X = -7 ----
  signs [1, 1, 1]   d=101/25   tuple=[0, 0, 0, 1, 0, 0, 0]   recip=0
  signs [1, 1, -1]   d=-25/101   tuple=[0, 0, 0, 0, 0, 0, 1]   recip=0
  signs [1, -1, 1]   d=101/25   tuple=[0, 0, 0, 1, 0, 0, 0]   recip=0
  signs [1, -1, -1]   d=-25/101   tuple=[0, 0, 0, 0, 0, 0, 1]   recip=0
  signs [-1, 1, 1]   d=25/101   tuple=[0, 0, 0, 1, 0, 0, 0]   recip=0
  signs [-1, 1, -1]   d=-101/25   tuple=[0, 0, 0, 0, 0, 0, 1]   recip=0
  signs [-1, -1, 1]   d=25/101   tuple=[0, 0, 0, 1, 0, 0, 0]   recip=0
  signs [-1, -1, -1]   d=-101/25   tuple=[0, 0, 0, 0, 0, 0, 1]   recip=0

---- d = e+g,  X = 10 ----
  signs [1, 1, 1]   d=101/25   tuple=[1, 0, 0, 0, 0, 0, 0]   recip=0
  signs [1, 1, -1]   d=-25/101   tuple=[1, 0, 0, 0, 0, 0, 0]   recip=0
  signs [1, -1, 1]   d=101/25   tuple=[1, 0, 0, 0, 0, 0, 0]   recip=0
  signs [1, -1, -1]   d=-25/101   tuple=[1, 0, 0, 0, 0, 0, 0]   recip=0
  signs [-1, 1, 1]   d=25/101   tuple=[1, 0, 0, 0, 0, 0, 0]   recip=0
  signs [-1, 1, -1]   d=-101/25   tuple=[1, 0, 0, 0, 0, 0, 0]   recip=0
  signs [-1, -1, 1]   d=25/101   tuple=[1, 0, 0, 0, 0, 0, 0]   recip=0
  signs [-1, -1, -1]   d=-101/25   tuple=[1, 0, 0, 0, 0, 0, 0]   recip=0

---- d = e+g,  X = -10 ----
  signs [1, 1, 1]   d=101/25   tuple=[1, 0, 0, 0, 0, 0, 0]   recip=0
  signs [1, 1, -1]   d=-25/101   tuple=[0, 0, 0, 0, 0, 0, 1]   recip=0
  signs [1, -1, 1]   d=101/25   tuple=[1, 0, 0, 0, 0, 0, 0]   recip=0
  signs [1, -1, -1]   d=-25/101   tuple=[0, 0, 0, 0, 0, 0, 1]   recip=0
  signs [-1, 1, 1]   d=25/101   tuple=[1, 0, 0, 0, 0, 0, 0]   recip=0
  signs [-1, 1, -1]   d=-101/25   tuple=[0, 0, 0, 0, 0, 0, 1]   recip=0
  signs [-1, -1, 1]   d=25/101   tuple=[1, 0, 0, 0, 0, 0, 0]   recip=0
  signs [-1, -1, -1]   d=-101/25   tuple=[0, 0, 0, 0, 0, 0, 1]   recip=0

---- d = e+g,  X = 15 ----
  signs [1, 1, 1]   d=101/25   tuple=[0, 1, 0, 0, 0, 0, 0]   recip=0
  signs [1, 1, -1]   d=-25/101   tuple=[1, 0, 0, 0, 0, 0, 0]   recip=0
  signs [1, -1, 1]   d=101/25   tuple=[0, 1, 0, 0, 0, 0, 0]   recip=0
  signs [1, -1, -1]   d=-25/101   tuple=[1, 0, 0, 0, 0, 0, 0]   recip=0
  signs [-1, 1, 1]   d=25/101   tuple=[0, 1, 0, 0, 0, 0, 0]   recip=0
  signs [-1, 1, -1]   d=-101/25   tuple=[1, 0, 0, 0, 0, 0, 0]   recip=0
  signs [-1, -1, 1]   d=25/101   tuple=[0, 1, 0, 0, 0, 0, 0]   recip=0
  signs [-1, -1, -1]   d=-101/25   tuple=[1, 0, 0, 0, 0, 0, 0]   recip=0

---- d = e-g,  X = -1 ----
  signs [1, 1, 1]   d=-25/101   tuple=[1, 0, 0, 0, 0, 0, 1]   recip=0
  signs [1, 1, -1]   d=101/25   tuple=[0, 0, 0, 0, 0, 0, 0]   recip=0
  signs [1, -1, 1]   d=-25/101   tuple=[1, 0, 0, 0, 0, 0, 1]   recip=0
  signs [1, -1, -1]   d=101/25   tuple=[0, 0, 0, 0, 0, 0, 0]   recip=0
  signs [-1, 1, 1]   d=-101/25   tuple=[1, 0, 0, 0, 0, 0, 1]   recip=0
  signs [-1, 1, -1]   d=25/101   tuple=[0, 0, 0, 0, 0, 0, 0]   recip=0
  signs [-1, -1, 1]   d=-101/25   tuple=[1, 0, 0, 0, 0, 0, 1]   recip=0
  signs [-1, -1, -1]   d=25/101   tuple=[0, 0, 0, 0, 0, 0, 0]   recip=0

---- d = e-g,  X = 2 ----
  signs [1, 1, 1]   d=-25/101   tuple=[1, 0, 0, 0, 0, 0, 0]   recip=0
  signs [1, 1, -1]   d=101/25   tuple=[1, 0, 0, 0, 0, 0, 0]   recip=0
  signs [1, -1, 1]   d=-25/101   tuple=[1, 0, 0, 0, 0, 0, 0]   recip=0
  signs [1, -1, -1]   d=101/25   tuple=[1, 0, 0, 0, 0, 0, 0]   recip=0
  signs [-1, 1, 1]   d=-101/25   tuple=[1, 0, 0, 0, 0, 0, 0]   recip=0
  signs [-1, 1, -1]   d=25/101   tuple=[1, 0, 0, 0, 0, 0, 0]   recip=0
  signs [-1, -1, 1]   d=-101/25   tuple=[1, 0, 0, 0, 0, 0, 0]   recip=0
  signs [-1, -1, -1]   d=25/101   tuple=[1, 0, 0, 0, 0, 0, 0]   recip=0

---- d = e-g,  X = -2 ----
  signs [1, 1, 1]   d=-25/101   tuple=[0, 0, 0, 0, 0, 0, 1]   recip=0
  signs [1, 1, -1]   d=101/25   tuple=[1, 0, 0, 0, 0, 0, 0]   recip=0
  signs [1, -1, 1]   d=-25/101   tuple=[0, 0, 0, 0, 0, 0, 1]   recip=0
  signs [1, -1, -1]   d=101/25   tuple=[1, 0, 0, 0, 0, 0, 0]   recip=0
  signs [-1, 1, 1]   d=-101/25   tuple=[0, 0, 0, 0, 0, 0, 1]   recip=0
  signs [-1, 1, -1]   d=25/101   tuple=[1, 0, 0, 0, 0, 0, 0]   recip=0
  signs [-1, -1, 1]   d=-101/25   tuple=[0, 0, 0, 0, 0, 0, 1]   recip=0
  signs [-1, -1, -1]   d=25/101   tuple=[1, 0, 0, 0, 0, 0, 0]   recip=0

---- d = e-g,  X = 3 ----
  signs [1, 1, 1]   d=-25/101   tuple=[1, 0, 0, 0, 0, 0, 0]   recip=0
  signs [1, 1, -1]   d=101/25   tuple=[0, 1, 0, 0, 0, 0, 0]   recip=0
  signs [1, -1, 1]   d=-25/101   tuple=[1, 0, 0, 0, 0, 0, 0]   recip=0
  signs [1, -1, -1]   d=101/25   tuple=[0, 1, 0, 0, 0, 0, 0]   recip=0
  signs [-1, 1, 1]   d=-101/25   tuple=[1, 0, 0, 0, 0, 0, 0]   recip=0
  signs [-1, 1, -1]   d=25/101   tuple=[0, 1, 0, 0, 0, 0, 0]   recip=0
  signs [-1, -1, 1]   d=-101/25   tuple=[1, 0, 0, 0, 0, 0, 0]   recip=0
  signs [-1, -1, -1]   d=25/101   tuple=[0, 1, 0, 0, 0, 0, 0]   recip=0

---- d = e-g,  X = -3 ----
  signs [1, 1, 1]   d=-25/101   tuple=[0, 0, 0, 0, 0, 0, 1]   recip=0
  signs [1, 1, -1]   d=101/25   tuple=[0, 1, 0, 0, 0, 0, 0]   recip=0
  signs [1, -1, 1]   d=-25/101   tuple=[0, 0, 0, 0, 0, 0, 1]   recip=0
  signs [1, -1, -1]   d=101/25   tuple=[0, 1, 0, 0, 0, 0, 0]   recip=0
  signs [-1, 1, 1]   d=-101/25   tuple=[0, 0, 0, 0, 0, 0, 1]   recip=0
  signs [-1, 1, -1]   d=25/101   tuple=[0, 1, 0, 0, 0, 0, 0]   recip=0
  signs [-1, -1, 1]   d=-101/25   tuple=[0, 0, 0, 0, 0, 0, 1]   recip=0
  signs [-1, -1, -1]   d=25/101   tuple=[0, 1, 0, 0, 0, 0, 0]   recip=0

---- d = e-g,  X = 5 ----
  signs [1, 1, 1]   d=-25/101   tuple=[0, 0, 0, 0, 0, 0, 0]   recip=0
  signs [1, 1, -1]   d=101/25   tuple=[0, 0, 0, 0, 0, 0, 0]   recip=0
  signs [1, -1, 1]   d=-25/101   tuple=[0, 0, 0, 0, 0, 0, 0]   recip=0
  signs [1, -1, -1]   d=101/25   tuple=[0, 0, 0, 0, 0, 0, 0]   recip=0
  signs [-1, 1, 1]   d=-101/25   tuple=[0, 0, 0, 0, 0, 0, 0]   recip=0
  signs [-1, 1, -1]   d=25/101   tuple=[0, 0, 0, 0, 0, 0, 0]   recip=0
  signs [-1, -1, 1]   d=-101/25   tuple=[0, 0, 0, 0, 0, 0, 0]   recip=0
  signs [-1, -1, -1]   d=25/101   tuple=[0, 0, 0, 0, 0, 0, 0]   recip=0

---- d = e-g,  X = -5 ----
  signs [1, 1, 1]   d=-25/101   tuple=[1, 0, 0, 0, 0, 0, 1]   recip=0
  signs [1, 1, -1]   d=101/25   tuple=[0, 0, 0, 0, 0, 0, 0]   recip=0
  signs [1, -1, 1]   d=-25/101   tuple=[1, 0, 0, 0, 0, 0, 1]   recip=0
  signs [1, -1, -1]   d=101/25   tuple=[0, 0, 0, 0, 0, 0, 0]   recip=0
  signs [-1, 1, 1]   d=-101/25   tuple=[1, 0, 0, 0, 0, 0, 1]   recip=0
  signs [-1, 1, -1]   d=25/101   tuple=[0, 0, 0, 0, 0, 0, 0]   recip=0
  signs [-1, -1, 1]   d=-101/25   tuple=[1, 0, 0, 0, 0, 0, 1]   recip=0
  signs [-1, -1, -1]   d=25/101   tuple=[0, 0, 0, 0, 0, 0, 0]   recip=0

---- d = e-g,  X = 6 ----
  signs [1, 1, 1]   d=-25/101   tuple=[0, 0, 0, 0, 0, 0, 0]   recip=0
  signs [1, 1, -1]   d=101/25   tuple=[1, 1, 0, 0, 0, 0, 0]   recip=0
  signs [1, -1, 1]   d=-25/101   tuple=[0, 0, 0, 0, 0, 0, 0]   recip=0
  signs [1, -1, -1]   d=101/25   tuple=[1, 1, 0, 0, 0, 0, 0]   recip=0
  signs [-1, 1, 1]   d=-101/25   tuple=[0, 0, 0, 0, 0, 0, 0]   recip=0
  signs [-1, 1, -1]   d=25/101   tuple=[1, 1, 0, 0, 0, 0, 0]   recip=0
  signs [-1, -1, 1]   d=-101/25   tuple=[0, 0, 0, 0, 0, 0, 0]   recip=0
  signs [-1, -1, -1]   d=25/101   tuple=[1, 1, 0, 0, 0, 0, 0]   recip=0

---- d = e-g,  X = -6 ----
  signs [1, 1, 1]   d=-25/101   tuple=[1, 0, 0, 0, 0, 0, 1]   recip=0
  signs [1, 1, -1]   d=101/25   tuple=[1, 1, 0, 0, 0, 0, 0]   recip=0
  signs [1, -1, 1]   d=-25/101   tuple=[1, 0, 0, 0, 0, 0, 1]   recip=0
  signs [1, -1, -1]   d=101/25   tuple=[1, 1, 0, 0, 0, 0, 0]   recip=0
  signs [-1, 1, 1]   d=-101/25   tuple=[1, 0, 0, 0, 0, 0, 1]   recip=0
  signs [-1, 1, -1]   d=25/101   tuple=[1, 1, 0, 0, 0, 0, 0]   recip=0
  signs [-1, -1, 1]   d=-101/25   tuple=[1, 0, 0, 0, 0, 0, 1]   recip=0
  signs [-1, -1, -1]   d=25/101   tuple=[1, 1, 0, 0, 0, 0, 0]   recip=0

---- d = e-g,  X = 7 ----
  signs [1, 1, 1]   d=-25/101   tuple=[1, 0, 0, 0, 0, 0, 0]   recip=0
  signs [1, 1, -1]   d=101/25   tuple=[0, 0, 0, 1, 0, 0, 0]   recip=0
  signs [1, -1, 1]   d=-25/101   tuple=[1, 0, 0, 0, 0, 0, 0]   recip=0
  signs [1, -1, -1]   d=101/25   tuple=[0, 0, 0, 1, 0, 0, 0]   recip=0
  signs [-1, 1, 1]   d=-101/25   tuple=[1, 0, 0, 0, 0, 0, 0]   recip=0
  signs [-1, 1, -1]   d=25/101   tuple=[0, 0, 0, 1, 0, 0, 0]   recip=0
  signs [-1, -1, 1]   d=-101/25   tuple=[1, 0, 0, 0, 0, 0, 0]   recip=0
  signs [-1, -1, -1]   d=25/101   tuple=[0, 0, 0, 1, 0, 0, 0]   recip=0

---- d = e-g,  X = -7 ----
  signs [1, 1, 1]   d=-25/101   tuple=[0, 0, 0, 0, 0, 0, 1]   recip=0
  signs [1, 1, -1]   d=101/25   tuple=[0, 0, 0, 1, 0, 0, 0]   recip=0
  signs [1, -1, 1]   d=-25/101   tuple=[0, 0, 0, 0, 0, 0, 1]   recip=0
  signs [1, -1, -1]   d=101/25   tuple=[0, 0, 0, 1, 0, 0, 0]   recip=0
  signs [-1, 1, 1]   d=-101/25   tuple=[0, 0, 0, 0, 0, 0, 1]   recip=0
  signs [-1, 1, -1]   d=25/101   tuple=[0, 0, 0, 1, 0, 0, 0]   recip=0
  signs [-1, -1, 1]   d=-101/25   tuple=[0, 0, 0, 0, 0, 0, 1]   recip=0
  signs [-1, -1, -1]   d=25/101   tuple=[0, 0, 0, 1, 0, 0, 0]   recip=0

---- d = e-g,  X = 10 ----
  signs [1, 1, 1]   d=-25/101   tuple=[1, 0, 0, 0, 0, 0, 0]   recip=0
  signs [1, 1, -1]   d=101/25   tuple=[1, 0, 0, 0, 0, 0, 0]   recip=0
  signs [1, -1, 1]   d=-25/101   tuple=[1, 0, 0, 0, 0, 0, 0]   recip=0
  signs [1, -1, -1]   d=101/25   tuple=[1, 0, 0, 0, 0, 0, 0]   recip=0
  signs [-1, 1, 1]   d=-101/25   tuple=[1, 0, 0, 0, 0, 0, 0]   recip=0
  signs [-1, 1, -1]   d=25/101   tuple=[1, 0, 0, 0, 0, 0, 0]   recip=0
  signs [-1, -1, 1]   d=-101/25   tuple=[1, 0, 0, 0, 0, 0, 0]   recip=0
  signs [-1, -1, -1]   d=25/101   tuple=[1, 0, 0, 0, 0, 0, 0]   recip=0

---- d = e-g,  X = -10 ----
  signs [1, 1, 1]   d=-25/101   tuple=[0, 0, 0, 0, 0, 0, 1]   recip=0
  signs [1, 1, -1]   d=101/25   tuple=[1, 0, 0, 0, 0, 0, 0]   recip=0
  signs [1, -1, 1]   d=-25/101   tuple=[0, 0, 0, 0, 0, 0, 1]   recip=0
  signs [1, -1, -1]   d=101/25   tuple=[1, 0, 0, 0, 0, 0, 0]   recip=0
  signs [-1, 1, 1]   d=-101/25   tuple=[0, 0, 0, 0, 0, 0, 1]   recip=0
  signs [-1, 1, -1]   d=25/101   tuple=[1, 0, 0, 0, 0, 0, 0]   recip=0
  signs [-1, -1, 1]   d=-101/25   tuple=[0, 0, 0, 0, 0, 0, 1]   recip=0
  signs [-1, -1, -1]   d=25/101   tuple=[1, 0, 0, 0, 0, 0, 0]   recip=0

---- d = e-g,  X = 15 ----
  signs [1, 1, 1]   d=-25/101   tuple=[1, 0, 0, 0, 0, 0, 0]   recip=0
  signs [1, 1, -1]   d=101/25   tuple=[0, 1, 0, 0, 0, 0, 0]   recip=0
  signs [1, -1, 1]   d=-25/101   tuple=[1, 0, 0, 0, 0, 0, 0]   recip=0
  signs [1, -1, -1]   d=101/25   tuple=[0, 1, 0, 0, 0, 0, 0]   recip=0
  signs [-1, 1, 1]   d=-101/25   tuple=[1, 0, 0, 0, 0, 0, 0]   recip=0
  signs [-1, 1, -1]   d=25/101   tuple=[0, 1, 0, 0, 0, 0, 0]   recip=0
  signs [-1, -1, 1]   d=-101/25   tuple=[1, 0, 0, 0, 0, 0, 0]   recip=0
  signs [-1, -1, -1]   d=25/101   tuple=[0, 1, 0, 0, 0, 0, 0]   recip=0

---- d = f+g,  X = -1 ----
  signs [1, 1, 1]   d=7938/2525   tuple=[0, 0, 0, 0, 0, 0, 0]   recip=0
  signs [1, 1, -1]   d=-2888/2525   tuple=[1, 0, 0, 0, 0, 0, 1]   recip=0
  signs [1, -1, 1]   d=2888/2525   tuple=[0, 0, 0, 0, 0, 0, 0]   recip=0
  signs [1, -1, -1]   d=-7938/2525   tuple=[1, 0, 0, 0, 0, 0, 1]   recip=0
  signs [-1, 1, 1]   d=7938/2525   tuple=[0, 0, 0, 0, 0, 0, 0]   recip=0
  signs [-1, 1, -1]   d=-2888/2525   tuple=[1, 0, 0, 0, 0, 0, 1]   recip=0
  signs [-1, -1, 1]   d=2888/2525   tuple=[0, 0, 0, 0, 0, 0, 0]   recip=0
  signs [-1, -1, -1]   d=-7938/2525   tuple=[1, 0, 0, 0, 0, 0, 1]   recip=0

---- d = f+g,  X = 2 ----
  signs [1, 1, 1]   d=7938/2525   tuple=[1, 0, 0, 0, 0, 0, 0]   recip=0
  signs [1, 1, -1]   d=-2888/2525   tuple=[1, 0, 0, 0, 0, 0, 0]   recip=0
  signs [1, -1, 1]   d=2888/2525   tuple=[1, 0, 0, 0, 0, 0, 0]   recip=0
  signs [1, -1, -1]   d=-7938/2525   tuple=[1, 0, 0, 0, 0, 0, 0]   recip=0
  signs [-1, 1, 1]   d=7938/2525   tuple=[1, 0, 0, 0, 0, 0, 0]   recip=0
  signs [-1, 1, -1]   d=-2888/2525   tuple=[1, 0, 0, 0, 0, 0, 0]   recip=0
  signs [-1, -1, 1]   d=2888/2525   tuple=[1, 0, 0, 0, 0, 0, 0]   recip=0
  signs [-1, -1, -1]   d=-7938/2525   tuple=[1, 0, 0, 0, 0, 0, 0]   recip=0

---- d = f+g,  X = -2 ----
  signs [1, 1, 1]   d=7938/2525   tuple=[1, 0, 0, 0, 0, 0, 0]   recip=0
  signs [1, 1, -1]   d=-2888/2525   tuple=[0, 0, 0, 0, 0, 0, 1]   recip=0
  signs [1, -1, 1]   d=2888/2525   tuple=[1, 0, 0, 0, 0, 0, 0]   recip=0
  signs [1, -1, -1]   d=-7938/2525   tuple=[0, 0, 0, 0, 0, 0, 1]   recip=0
  signs [-1, 1, 1]   d=7938/2525   tuple=[1, 0, 0, 0, 0, 0, 0]   recip=0
  signs [-1, 1, -1]   d=-2888/2525   tuple=[0, 0, 0, 0, 0, 0, 1]   recip=0
  signs [-1, -1, 1]   d=2888/2525   tuple=[1, 0, 0, 0, 0, 0, 0]   recip=0
  signs [-1, -1, -1]   d=-7938/2525   tuple=[0, 0, 0, 0, 0, 0, 1]   recip=0

---- d = f+g,  X = 3 ----
  signs [1, 1, 1]   d=7938/2525   tuple=[1, 0, 0, 0, 0, 0, 0]   recip=0
  signs [1, 1, -1]   d=-2888/2525   tuple=[0, 1, 0, 0, 0, 0, 0]   recip=0
  signs [1, -1, 1]   d=2888/2525   tuple=[1, 0, 0, 0, 0, 0, 0]   recip=0
  signs [1, -1, -1]   d=-7938/2525   tuple=[0, 1, 0, 0, 0, 0, 0]   recip=0
  signs [-1, 1, 1]   d=7938/2525   tuple=[1, 0, 0, 0, 0, 0, 0]   recip=0
  signs [-1, 1, -1]   d=-2888/2525   tuple=[0, 1, 0, 0, 0, 0, 0]   recip=0
  signs [-1, -1, 1]   d=2888/2525   tuple=[1, 0, 0, 0, 0, 0, 0]   recip=0
  signs [-1, -1, -1]   d=-7938/2525   tuple=[0, 1, 0, 0, 0, 0, 0]   recip=0

---- d = f+g,  X = -3 ----
  signs [1, 1, 1]   d=7938/2525   tuple=[1, 0, 0, 0, 0, 0, 0]   recip=0
  signs [1, 1, -1]   d=-2888/2525   tuple=[1, 1, 0, 0, 0, 0, 1]   recip=0
  signs [1, -1, 1]   d=2888/2525   tuple=[1, 0, 0, 0, 0, 0, 0]   recip=0
  signs [1, -1, -1]   d=-7938/2525   tuple=[1, 1, 0, 0, 0, 0, 1]   recip=0
  signs [-1, 1, 1]   d=7938/2525   tuple=[1, 0, 0, 0, 0, 0, 0]   recip=0
  signs [-1, 1, -1]   d=-2888/2525   tuple=[1, 1, 0, 0, 0, 0, 1]   recip=0
  signs [-1, -1, 1]   d=2888/2525   tuple=[1, 0, 0, 0, 0, 0, 0]   recip=0
  signs [-1, -1, -1]   d=-7938/2525   tuple=[1, 1, 0, 0, 0, 0, 1]   recip=0

---- d = f+g,  X = 5 ----
  signs [1, 1, 1]   d=7938/2525   tuple=[1, 0, 1, 0, 0, 0, 0]   recip=0
  signs [1, 1, -1]   d=-2888/2525   tuple=[1, 0, 1, 0, 0, 0, 0]   recip=0
  signs [1, -1, 1]   d=2888/2525   tuple=[1, 0, 1, 0, 0, 0, 0]   recip=0
  signs [1, -1, -1]   d=-7938/2525   tuple=[1, 0, 1, 0, 0, 0, 0]   recip=0
  signs [-1, 1, 1]   d=7938/2525   tuple=[1, 0, 1, 0, 0, 0, 0]   recip=0
  signs [-1, 1, -1]   d=-2888/2525   tuple=[1, 0, 1, 0, 0, 0, 0]   recip=0
  signs [-1, -1, 1]   d=2888/2525   tuple=[1, 0, 1, 0, 0, 0, 0]   recip=0
  signs [-1, -1, -1]   d=-7938/2525   tuple=[1, 0, 1, 0, 0, 0, 0]   recip=0

---- d = f+g,  X = -5 ----
  signs [1, 1, 1]   d=7938/2525   tuple=[1, 0, 1, 0, 0, 0, 0]   recip=0
  signs [1, 1, -1]   d=-2888/2525   tuple=[0, 0, 1, 0, 0, 0, 1]   recip=0
  signs [1, -1, 1]   d=2888/2525   tuple=[1, 0, 1, 0, 0, 0, 0]   recip=0
  signs [1, -1, -1]   d=-7938/2525   tuple=[0, 0, 1, 0, 0, 0, 1]   recip=0
  signs [-1, 1, 1]   d=7938/2525   tuple=[1, 0, 1, 0, 0, 0, 0]   recip=0
  signs [-1, 1, -1]   d=-2888/2525   tuple=[0, 0, 1, 0, 0, 0, 1]   recip=0
  signs [-1, -1, 1]   d=2888/2525   tuple=[1, 0, 1, 0, 0, 0, 0]   recip=0
  signs [-1, -1, -1]   d=-7938/2525   tuple=[0, 0, 1, 0, 0, 0, 1]   recip=0

---- d = f+g,  X = 6 ----
  signs [1, 1, 1]   d=7938/2525   tuple=[0, 0, 0, 0, 0, 0, 0]   recip=0
  signs [1, 1, -1]   d=-2888/2525   tuple=[1, 1, 0, 0, 0, 0, 0]   recip=0
  signs [1, -1, 1]   d=2888/2525   tuple=[0, 0, 0, 0, 0, 0, 0]   recip=0
  signs [1, -1, -1]   d=-7938/2525   tuple=[1, 1, 0, 0, 0, 0, 0]   recip=0
  signs [-1, 1, 1]   d=7938/2525   tuple=[0, 0, 0, 0, 0, 0, 0]   recip=0
  signs [-1, 1, -1]   d=-2888/2525   tuple=[1, 1, 0, 0, 0, 0, 0]   recip=0
  signs [-1, -1, 1]   d=2888/2525   tuple=[0, 0, 0, 0, 0, 0, 0]   recip=0
  signs [-1, -1, -1]   d=-7938/2525   tuple=[1, 1, 0, 0, 0, 0, 0]   recip=0

---- d = f+g,  X = -6 ----
  signs [1, 1, 1]   d=7938/2525   tuple=[0, 0, 0, 0, 0, 0, 0]   recip=0
  signs [1, 1, -1]   d=-2888/2525   tuple=[0, 1, 0, 0, 0, 0, 1]   recip=0
  signs [1, -1, 1]   d=2888/2525   tuple=[0, 0, 0, 0, 0, 0, 0]   recip=0
  signs [1, -1, -1]   d=-7938/2525   tuple=[0, 1, 0, 0, 0, 0, 1]   recip=0
  signs [-1, 1, 1]   d=7938/2525   tuple=[0, 0, 0, 0, 0, 0, 0]   recip=0
  signs [-1, 1, -1]   d=-2888/2525   tuple=[0, 1, 0, 0, 0, 0, 1]   recip=0
  signs [-1, -1, 1]   d=2888/2525   tuple=[0, 0, 0, 0, 0, 0, 0]   recip=0
  signs [-1, -1, -1]   d=-7938/2525   tuple=[0, 1, 0, 0, 0, 0, 1]   recip=0

---- d = f+g,  X = 7 ----
  signs [1, 1, 1]   d=7938/2525   tuple=[0, 0, 0, 1, 0, 0, 0]   recip=0
  signs [1, 1, -1]   d=-2888/2525   tuple=[1, 0, 0, 0, 0, 0, 0]   recip=0
  signs [1, -1, 1]   d=2888/2525   tuple=[0, 0, 0, 1, 0, 0, 0]   recip=0
  signs [1, -1, -1]   d=-7938/2525   tuple=[1, 0, 0, 0, 0, 0, 0]   recip=0
  signs [-1, 1, 1]   d=7938/2525   tuple=[0, 0, 0, 1, 0, 0, 0]   recip=0
  signs [-1, 1, -1]   d=-2888/2525   tuple=[1, 0, 0, 0, 0, 0, 0]   recip=0
  signs [-1, -1, 1]   d=2888/2525   tuple=[0, 0, 0, 1, 0, 0, 0]   recip=0
  signs [-1, -1, -1]   d=-7938/2525   tuple=[1, 0, 0, 0, 0, 0, 0]   recip=0

---- d = f+g,  X = -7 ----
  signs [1, 1, 1]   d=7938/2525   tuple=[0, 0, 0, 1, 0, 0, 0]   recip=0
  signs [1, 1, -1]   d=-2888/2525   tuple=[0, 0, 0, 0, 0, 0, 1]   recip=0
  signs [1, -1, 1]   d=2888/2525   tuple=[0, 0, 0, 1, 0, 0, 0]   recip=0
  signs [1, -1, -1]   d=-7938/2525   tuple=[0, 0, 0, 0, 0, 0, 1]   recip=0
  signs [-1, 1, 1]   d=7938/2525   tuple=[0, 0, 0, 1, 0, 0, 0]   recip=0
  signs [-1, 1, -1]   d=-2888/2525   tuple=[0, 0, 0, 0, 0, 0, 1]   recip=0
  signs [-1, -1, 1]   d=2888/2525   tuple=[0, 0, 0, 1, 0, 0, 0]   recip=0
  signs [-1, -1, -1]   d=-7938/2525   tuple=[0, 0, 0, 0, 0, 0, 1]   recip=0

---- d = f+g,  X = 10 ----
  signs [1, 1, 1]   d=7938/2525   tuple=[0, 0, 1, 0, 0, 0, 0]   recip=0
  signs [1, 1, -1]   d=-2888/2525   tuple=[0, 0, 1, 0, 0, 0, 0]   recip=0
  signs [1, -1, 1]   d=2888/2525   tuple=[0, 0, 1, 0, 0, 0, 0]   recip=0
  signs [1, -1, -1]   d=-7938/2525   tuple=[0, 0, 1, 0, 0, 0, 0]   recip=0
  signs [-1, 1, 1]   d=7938/2525   tuple=[0, 0, 1, 0, 0, 0, 0]   recip=0
  signs [-1, 1, -1]   d=-2888/2525   tuple=[0, 0, 1, 0, 0, 0, 0]   recip=0
  signs [-1, -1, 1]   d=2888/2525   tuple=[0, 0, 1, 0, 0, 0, 0]   recip=0
  signs [-1, -1, -1]   d=-7938/2525   tuple=[0, 0, 1, 0, 0, 0, 0]   recip=0

---- d = f+g,  X = -10 ----
  signs [1, 1, 1]   d=7938/2525   tuple=[0, 0, 1, 0, 0, 0, 0]   recip=0
  signs [1, 1, -1]   d=-2888/2525   tuple=[1, 0, 1, 0, 0, 0, 1]   recip=0
  signs [1, -1, 1]   d=2888/2525   tuple=[0, 0, 1, 0, 0, 0, 0]   recip=0
  signs [1, -1, -1]   d=-7938/2525   tuple=[1, 0, 1, 0, 0, 0, 1]   recip=0
  signs [-1, 1, 1]   d=7938/2525   tuple=[0, 0, 1, 0, 0, 0, 0]   recip=0
  signs [-1, 1, -1]   d=-2888/2525   tuple=[1, 0, 1, 0, 0, 0, 1]   recip=0
  signs [-1, -1, 1]   d=2888/2525   tuple=[0, 0, 1, 0, 0, 0, 0]   recip=0
  signs [-1, -1, -1]   d=-7938/2525   tuple=[1, 0, 1, 0, 0, 0, 1]   recip=0

---- d = f+g,  X = 15 ----
  signs [1, 1, 1]   d=7938/2525   tuple=[0, 0, 1, 0, 0, 0, 0]   recip=0
  signs [1, 1, -1]   d=-2888/2525   tuple=[1, 1, 1, 0, 0, 0, 0]   recip=0
  signs [1, -1, 1]   d=2888/2525   tuple=[0, 0, 1, 0, 0, 0, 0]   recip=0
  signs [1, -1, -1]   d=-7938/2525   tuple=[1, 1, 1, 0, 0, 0, 0]   recip=0
  signs [-1, 1, 1]   d=7938/2525   tuple=[0, 0, 1, 0, 0, 0, 0]   recip=0
  signs [-1, 1, -1]   d=-2888/2525   tuple=[1, 1, 1, 0, 0, 0, 0]   recip=0
  signs [-1, -1, 1]   d=2888/2525   tuple=[0, 0, 1, 0, 0, 0, 0]   recip=0
  signs [-1, -1, -1]   d=-7938/2525   tuple=[1, 1, 1, 0, 0, 0, 0]   recip=0

---- d = f-g,  X = -1 ----
  signs [1, 1, 1]   d=-2888/2525   tuple=[1, 0, 0, 0, 0, 0, 1]   recip=0
  signs [1, 1, -1]   d=7938/2525   tuple=[0, 0, 0, 0, 0, 0, 0]   recip=0
  signs [1, -1, 1]   d=-7938/2525   tuple=[1, 0, 0, 0, 0, 0, 1]   recip=0
  signs [1, -1, -1]   d=2888/2525   tuple=[0, 0, 0, 0, 0, 0, 0]   recip=0
  signs [-1, 1, 1]   d=-2888/2525   tuple=[1, 0, 0, 0, 0, 0, 1]   recip=0
  signs [-1, 1, -1]   d=7938/2525   tuple=[0, 0, 0, 0, 0, 0, 0]   recip=0
  signs [-1, -1, 1]   d=-7938/2525   tuple=[1, 0, 0, 0, 0, 0, 1]   recip=0
  signs [-1, -1, -1]   d=2888/2525   tuple=[0, 0, 0, 0, 0, 0, 0]   recip=0

---- d = f-g,  X = 2 ----
  signs [1, 1, 1]   d=-2888/2525   tuple=[1, 0, 0, 0, 0, 0, 0]   recip=0
  signs [1, 1, -1]   d=7938/2525   tuple=[1, 0, 0, 0, 0, 0, 0]   recip=0
  signs [1, -1, 1]   d=-7938/2525   tuple=[1, 0, 0, 0, 0, 0, 0]   recip=0
  signs [1, -1, -1]   d=2888/2525   tuple=[1, 0, 0, 0, 0, 0, 0]   recip=0
  signs [-1, 1, 1]   d=-2888/2525   tuple=[1, 0, 0, 0, 0, 0, 0]   recip=0
  signs [-1, 1, -1]   d=7938/2525   tuple=[1, 0, 0, 0, 0, 0, 0]   recip=0
  signs [-1, -1, 1]   d=-7938/2525   tuple=[1, 0, 0, 0, 0, 0, 0]   recip=0
  signs [-1, -1, -1]   d=2888/2525   tuple=[1, 0, 0, 0, 0, 0, 0]   recip=0

---- d = f-g,  X = -2 ----
  signs [1, 1, 1]   d=-2888/2525   tuple=[0, 0, 0, 0, 0, 0, 1]   recip=0
  signs [1, 1, -1]   d=7938/2525   tuple=[1, 0, 0, 0, 0, 0, 0]   recip=0
  signs [1, -1, 1]   d=-7938/2525   tuple=[0, 0, 0, 0, 0, 0, 1]   recip=0
  signs [1, -1, -1]   d=2888/2525   tuple=[1, 0, 0, 0, 0, 0, 0]   recip=0
  signs [-1, 1, 1]   d=-2888/2525   tuple=[0, 0, 0, 0, 0, 0, 1]   recip=0
  signs [-1, 1, -1]   d=7938/2525   tuple=[1, 0, 0, 0, 0, 0, 0]   recip=0
  signs [-1, -1, 1]   d=-7938/2525   tuple=[0, 0, 0, 0, 0, 0, 1]   recip=0
  signs [-1, -1, -1]   d=2888/2525   tuple=[1, 0, 0, 0, 0, 0, 0]   recip=0

---- d = f-g,  X = 3 ----
  signs [1, 1, 1]   d=-2888/2525   tuple=[0, 1, 0, 0, 0, 0, 0]   recip=0
  signs [1, 1, -1]   d=7938/2525   tuple=[1, 0, 0, 0, 0, 0, 0]   recip=0
  signs [1, -1, 1]   d=-7938/2525   tuple=[0, 1, 0, 0, 0, 0, 0]   recip=0
  signs [1, -1, -1]   d=2888/2525   tuple=[1, 0, 0, 0, 0, 0, 0]   recip=0
  signs [-1, 1, 1]   d=-2888/2525   tuple=[0, 1, 0, 0, 0, 0, 0]   recip=0
  signs [-1, 1, -1]   d=7938/2525   tuple=[1, 0, 0, 0, 0, 0, 0]   recip=0
  signs [-1, -1, 1]   d=-7938/2525   tuple=[0, 1, 0, 0, 0, 0, 0]   recip=0
  signs [-1, -1, -1]   d=2888/2525   tuple=[1, 0, 0, 0, 0, 0, 0]   recip=0

---- d = f-g,  X = -3 ----
  signs [1, 1, 1]   d=-2888/2525   tuple=[1, 1, 0, 0, 0, 0, 1]   recip=0
  signs [1, 1, -1]   d=7938/2525   tuple=[1, 0, 0, 0, 0, 0, 0]   recip=0
  signs [1, -1, 1]   d=-7938/2525   tuple=[1, 1, 0, 0, 0, 0, 1]   recip=0
  signs [1, -1, -1]   d=2888/2525   tuple=[1, 0, 0, 0, 0, 0, 0]   recip=0
  signs [-1, 1, 1]   d=-2888/2525   tuple=[1, 1, 0, 0, 0, 0, 1]   recip=0
  signs [-1, 1, -1]   d=7938/2525   tuple=[1, 0, 0, 0, 0, 0, 0]   recip=0
  signs [-1, -1, 1]   d=-7938/2525   tuple=[1, 1, 0, 0, 0, 0, 1]   recip=0
  signs [-1, -1, -1]   d=2888/2525   tuple=[1, 0, 0, 0, 0, 0, 0]   recip=0

---- d = f-g,  X = 5 ----
  signs [1, 1, 1]   d=-2888/2525   tuple=[1, 0, 1, 0, 0, 0, 0]   recip=0
  signs [1, 1, -1]   d=7938/2525   tuple=[1, 0, 1, 0, 0, 0, 0]   recip=0
  signs [1, -1, 1]   d=-7938/2525   tuple=[1, 0, 1, 0, 0, 0, 0]   recip=0
  signs [1, -1, -1]   d=2888/2525   tuple=[1, 0, 1, 0, 0, 0, 0]   recip=0
  signs [-1, 1, 1]   d=-2888/2525   tuple=[1, 0, 1, 0, 0, 0, 0]   recip=0
  signs [-1, 1, -1]   d=7938/2525   tuple=[1, 0, 1, 0, 0, 0, 0]   recip=0
  signs [-1, -1, 1]   d=-7938/2525   tuple=[1, 0, 1, 0, 0, 0, 0]   recip=0
  signs [-1, -1, -1]   d=2888/2525   tuple=[1, 0, 1, 0, 0, 0, 0]   recip=0

---- d = f-g,  X = -5 ----
  signs [1, 1, 1]   d=-2888/2525   tuple=[0, 0, 1, 0, 0, 0, 1]   recip=0
  signs [1, 1, -1]   d=7938/2525   tuple=[1, 0, 1, 0, 0, 0, 0]   recip=0
  signs [1, -1, 1]   d=-7938/2525   tuple=[0, 0, 1, 0, 0, 0, 1]   recip=0
  signs [1, -1, -1]   d=2888/2525   tuple=[1, 0, 1, 0, 0, 0, 0]   recip=0
  signs [-1, 1, 1]   d=-2888/2525   tuple=[0, 0, 1, 0, 0, 0, 1]   recip=0
  signs [-1, 1, -1]   d=7938/2525   tuple=[1, 0, 1, 0, 0, 0, 0]   recip=0
  signs [-1, -1, 1]   d=-7938/2525   tuple=[0, 0, 1, 0, 0, 0, 1]   recip=0
  signs [-1, -1, -1]   d=2888/2525   tuple=[1, 0, 1, 0, 0, 0, 0]   recip=0

---- d = f-g,  X = 6 ----
  signs [1, 1, 1]   d=-2888/2525   tuple=[1, 1, 0, 0, 0, 0, 0]   recip=0
  signs [1, 1, -1]   d=7938/2525   tuple=[0, 0, 0, 0, 0, 0, 0]   recip=0
  signs [1, -1, 1]   d=-7938/2525   tuple=[1, 1, 0, 0, 0, 0, 0]   recip=0
  signs [1, -1, -1]   d=2888/2525   tuple=[0, 0, 0, 0, 0, 0, 0]   recip=0
  signs [-1, 1, 1]   d=-2888/2525   tuple=[1, 1, 0, 0, 0, 0, 0]   recip=0
  signs [-1, 1, -1]   d=7938/2525   tuple=[0, 0, 0, 0, 0, 0, 0]   recip=0
  signs [-1, -1, 1]   d=-7938/2525   tuple=[1, 1, 0, 0, 0, 0, 0]   recip=0
  signs [-1, -1, -1]   d=2888/2525   tuple=[0, 0, 0, 0, 0, 0, 0]   recip=0

---- d = f-g,  X = -6 ----
  signs [1, 1, 1]   d=-2888/2525   tuple=[0, 1, 0, 0, 0, 0, 1]   recip=0
  signs [1, 1, -1]   d=7938/2525   tuple=[0, 0, 0, 0, 0, 0, 0]   recip=0
  signs [1, -1, 1]   d=-7938/2525   tuple=[0, 1, 0, 0, 0, 0, 1]   recip=0
  signs [1, -1, -1]   d=2888/2525   tuple=[0, 0, 0, 0, 0, 0, 0]   recip=0
  signs [-1, 1, 1]   d=-2888/2525   tuple=[0, 1, 0, 0, 0, 0, 1]   recip=0
  signs [-1, 1, -1]   d=7938/2525   tuple=[0, 0, 0, 0, 0, 0, 0]   recip=0
  signs [-1, -1, 1]   d=-7938/2525   tuple=[0, 1, 0, 0, 0, 0, 1]   recip=0
  signs [-1, -1, -1]   d=2888/2525   tuple=[0, 0, 0, 0, 0, 0, 0]   recip=0

---- d = f-g,  X = 7 ----
  signs [1, 1, 1]   d=-2888/2525   tuple=[1, 0, 0, 0, 0, 0, 0]   recip=0
  signs [1, 1, -1]   d=7938/2525   tuple=[0, 0, 0, 1, 0, 0, 0]   recip=0
  signs [1, -1, 1]   d=-7938/2525   tuple=[1, 0, 0, 0, 0, 0, 0]   recip=0
  signs [1, -1, -1]   d=2888/2525   tuple=[0, 0, 0, 1, 0, 0, 0]   recip=0
  signs [-1, 1, 1]   d=-2888/2525   tuple=[1, 0, 0, 0, 0, 0, 0]   recip=0
  signs [-1, 1, -1]   d=7938/2525   tuple=[0, 0, 0, 1, 0, 0, 0]   recip=0
  signs [-1, -1, 1]   d=-7938/2525   tuple=[1, 0, 0, 0, 0, 0, 0]   recip=0
  signs [-1, -1, -1]   d=2888/2525   tuple=[0, 0, 0, 1, 0, 0, 0]   recip=0

---- d = f-g,  X = -7 ----
  signs [1, 1, 1]   d=-2888/2525   tuple=[0, 0, 0, 0, 0, 0, 1]   recip=0
  signs [1, 1, -1]   d=7938/2525   tuple=[0, 0, 0, 1, 0, 0, 0]   recip=0
  signs [1, -1, 1]   d=-7938/2525   tuple=[0, 0, 0, 0, 0, 0, 1]   recip=0
  signs [1, -1, -1]   d=2888/2525   tuple=[0, 0, 0, 1, 0, 0, 0]   recip=0
  signs [-1, 1, 1]   d=-2888/2525   tuple=[0, 0, 0, 0, 0, 0, 1]   recip=0
  signs [-1, 1, -1]   d=7938/2525   tuple=[0, 0, 0, 1, 0, 0, 0]   recip=0
  signs [-1, -1, 1]   d=-7938/2525   tuple=[0, 0, 0, 0, 0, 0, 1]   recip=0
  signs [-1, -1, -1]   d=2888/2525   tuple=[0, 0, 0, 1, 0, 0, 0]   recip=0

---- d = f-g,  X = 10 ----
  signs [1, 1, 1]   d=-2888/2525   tuple=[0, 0, 1, 0, 0, 0, 0]   recip=0
  signs [1, 1, -1]   d=7938/2525   tuple=[0, 0, 1, 0, 0, 0, 0]   recip=0
  signs [1, -1, 1]   d=-7938/2525   tuple=[0, 0, 1, 0, 0, 0, 0]   recip=0
  signs [1, -1, -1]   d=2888/2525   tuple=[0, 0, 1, 0, 0, 0, 0]   recip=0
  signs [-1, 1, 1]   d=-2888/2525   tuple=[0, 0, 1, 0, 0, 0, 0]   recip=0
  signs [-1, 1, -1]   d=7938/2525   tuple=[0, 0, 1, 0, 0, 0, 0]   recip=0
  signs [-1, -1, 1]   d=-7938/2525   tuple=[0, 0, 1, 0, 0, 0, 0]   recip=0
  signs [-1, -1, -1]   d=2888/2525   tuple=[0, 0, 1, 0, 0, 0, 0]   recip=0

---- d = f-g,  X = -10 ----
  signs [1, 1, 1]   d=-2888/2525   tuple=[1, 0, 1, 0, 0, 0, 1]   recip=0
  signs [1, 1, -1]   d=7938/2525   tuple=[0, 0, 1, 0, 0, 0, 0]   recip=0
  signs [1, -1, 1]   d=-7938/2525   tuple=[1, 0, 1, 0, 0, 0, 1]   recip=0
  signs [1, -1, -1]   d=2888/2525   tuple=[0, 0, 1, 0, 0, 0, 0]   recip=0
  signs [-1, 1, 1]   d=-2888/2525   tuple=[1, 0, 1, 0, 0, 0, 1]   recip=0
  signs [-1, 1, -1]   d=7938/2525   tuple=[0, 0, 1, 0, 0, 0, 0]   recip=0
  signs [-1, -1, 1]   d=-7938/2525   tuple=[1, 0, 1, 0, 0, 0, 1]   recip=0
  signs [-1, -1, -1]   d=2888/2525   tuple=[0, 0, 1, 0, 0, 0, 0]   recip=0

---- d = f-g,  X = 15 ----
  signs [1, 1, 1]   d=-2888/2525   tuple=[1, 1, 1, 0, 0, 0, 0]   recip=0
  signs [1, 1, -1]   d=7938/2525   tuple=[0, 0, 1, 0, 0, 0, 0]   recip=0
  signs [1, -1, 1]   d=-7938/2525   tuple=[1, 1, 1, 0, 0, 0, 0]   recip=0
  signs [1, -1, -1]   d=2888/2525   tuple=[0, 0, 1, 0, 0, 0, 0]   recip=0
  signs [-1, 1, 1]   d=-2888/2525   tuple=[1, 1, 1, 0, 0, 0, 0]   recip=0
  signs [-1, 1, -1]   d=7938/2525   tuple=[0, 0, 1, 0, 0, 0, 0]   recip=0
  signs [-1, -1, 1]   d=-7938/2525   tuple=[1, 1, 1, 0, 0, 0, 0]   recip=0
  signs [-1, -1, -1]   d=2888/2525   tuple=[0, 0, 1, 0, 0, 0, 0]   recip=0

---- d = e*f,  X = -1 ----
  signs [1, 1, 1]   d=4788/2525   tuple=[0, 0, 0, 1, 0, 0, 0]   recip=0
  signs [1, 1, -1]   d=4788/2525   tuple=[0, 0, 0, 1, 0, 0, 0]   recip=0
  signs [1, -1, 1]   d=-4788/2525   tuple=[1, 0, 0, 1, 0, 0, 1]   recip=0
  signs [1, -1, -1]   d=-4788/2525   tuple=[1, 0, 0, 1, 0, 0, 1]   recip=0
  signs [-1, 1, 1]   d=-4788/2525   tuple=[1, 0, 0, 1, 0, 0, 1]   recip=0
  signs [-1, 1, -1]   d=-4788/2525   tuple=[1, 0, 0, 1, 0, 0, 1]   recip=0
  signs [-1, -1, 1]   d=4788/2525   tuple=[0, 0, 0, 1, 0, 0, 0]   recip=0
  signs [-1, -1, -1]   d=4788/2525   tuple=[0, 0, 0, 1, 0, 0, 0]   recip=0

---- d = e*f,  X = 2 ----
  signs [1, 1, 1]   d=4788/2525   tuple=[0, 0, 0, 0, 0, 0, 0]   recip=0
  signs [1, 1, -1]   d=4788/2525   tuple=[0, 0, 0, 0, 0, 0, 0]   recip=0
  signs [1, -1, 1]   d=-4788/2525   tuple=[0, 0, 0, 0, 0, 0, 0]   recip=0
  signs [1, -1, -1]   d=-4788/2525   tuple=[0, 0, 0, 0, 0, 0, 0]   recip=0
  signs [-1, 1, 1]   d=-4788/2525   tuple=[0, 0, 0, 0, 0, 0, 0]   recip=0
  signs [-1, 1, -1]   d=-4788/2525   tuple=[0, 0, 0, 0, 0, 0, 0]   recip=0
  signs [-1, -1, 1]   d=4788/2525   tuple=[0, 0, 0, 0, 0, 0, 0]   recip=0
  signs [-1, -1, -1]   d=4788/2525   tuple=[0, 0, 0, 0, 0, 0, 0]   recip=0

---- d = e*f,  X = -2 ----
  signs [1, 1, 1]   d=4788/2525   tuple=[0, 0, 0, 1, 0, 0, 0]   recip=0
  signs [1, 1, -1]   d=4788/2525   tuple=[0, 0, 0, 1, 0, 0, 0]   recip=0
  signs [1, -1, 1]   d=-4788/2525   tuple=[1, 0, 0, 1, 0, 0, 1]   recip=0
  signs [1, -1, -1]   d=-4788/2525   tuple=[1, 0, 0, 1, 0, 0, 1]   recip=0
  signs [-1, 1, 1]   d=-4788/2525   tuple=[1, 0, 0, 1, 0, 0, 1]   recip=0
  signs [-1, 1, -1]   d=-4788/2525   tuple=[1, 0, 0, 1, 0, 0, 1]   recip=0
  signs [-1, -1, 1]   d=4788/2525   tuple=[0, 0, 0, 1, 0, 0, 0]   recip=0
  signs [-1, -1, -1]   d=4788/2525   tuple=[0, 0, 0, 1, 0, 0, 0]   recip=0

---- d = e*f,  X = 3 ----
  signs [1, 1, 1]   d=4788/2525   tuple=[0, 1, 0, 1, 0, 0, 0]   recip=0
  signs [1, 1, -1]   d=4788/2525   tuple=[0, 1, 0, 1, 0, 0, 0]   recip=0
  signs [1, -1, 1]   d=-4788/2525   tuple=[1, 0, 0, 1, 0, 0, 0]   recip=0
  signs [1, -1, -1]   d=-4788/2525   tuple=[1, 0, 0, 1, 0, 0, 0]   recip=0
  signs [-1, 1, 1]   d=-4788/2525   tuple=[1, 0, 0, 1, 0, 0, 0]   recip=0
  signs [-1, 1, -1]   d=-4788/2525   tuple=[1, 0, 0, 1, 0, 0, 0]   recip=0
  signs [-1, -1, 1]   d=4788/2525   tuple=[0, 1, 0, 1, 0, 0, 0]   recip=0
  signs [-1, -1, -1]   d=4788/2525   tuple=[0, 1, 0, 1, 0, 0, 0]   recip=0

---- d = e*f,  X = -3 ----
  signs [1, 1, 1]   d=4788/2525   tuple=[0, 1, 0, 0, 0, 0, 0]   recip=0
  signs [1, 1, -1]   d=4788/2525   tuple=[0, 1, 0, 0, 0, 0, 0]   recip=0
  signs [1, -1, 1]   d=-4788/2525   tuple=[0, 0, 0, 0, 0, 0, 1]   recip=0
  signs [1, -1, -1]   d=-4788/2525   tuple=[0, 0, 0, 0, 0, 0, 1]   recip=0
  signs [-1, 1, 1]   d=-4788/2525   tuple=[0, 0, 0, 0, 0, 0, 1]   recip=0
  signs [-1, 1, -1]   d=-4788/2525   tuple=[0, 0, 0, 0, 0, 0, 1]   recip=0
  signs [-1, -1, 1]   d=4788/2525   tuple=[0, 1, 0, 0, 0, 0, 0]   recip=0
  signs [-1, -1, -1]   d=4788/2525   tuple=[0, 1, 0, 0, 0, 0, 0]   recip=0

---- d = e*f,  X = 5 ----
  signs [1, 1, 1]   d=4788/2525   tuple=[0, 0, 1, 1, 0, 0, 0]   recip=0
  signs [1, 1, -1]   d=4788/2525   tuple=[0, 0, 1, 1, 0, 0, 0]   recip=0
  signs [1, -1, 1]   d=-4788/2525   tuple=[0, 0, 1, 1, 0, 0, 0]   recip=0
  signs [1, -1, -1]   d=-4788/2525   tuple=[0, 0, 1, 1, 0, 0, 0]   recip=0
  signs [-1, 1, 1]   d=-4788/2525   tuple=[0, 0, 1, 1, 0, 0, 0]   recip=0
  signs [-1, 1, -1]   d=-4788/2525   tuple=[0, 0, 1, 1, 0, 0, 0]   recip=0
  signs [-1, -1, 1]   d=4788/2525   tuple=[0, 0, 1, 1, 0, 0, 0]   recip=0
  signs [-1, -1, -1]   d=4788/2525   tuple=[0, 0, 1, 1, 0, 0, 0]   recip=0

---- d = e*f,  X = -5 ----
  signs [1, 1, 1]   d=4788/2525   tuple=[0, 0, 1, 0, 0, 0, 0]   recip=0
  signs [1, 1, -1]   d=4788/2525   tuple=[0, 0, 1, 0, 0, 0, 0]   recip=0
  signs [1, -1, 1]   d=-4788/2525   tuple=[1, 0, 1, 0, 0, 0, 1]   recip=0
  signs [1, -1, -1]   d=-4788/2525   tuple=[1, 0, 1, 0, 0, 0, 1]   recip=0
  signs [-1, 1, 1]   d=-4788/2525   tuple=[1, 0, 1, 0, 0, 0, 1]   recip=0
  signs [-1, 1, -1]   d=-4788/2525   tuple=[1, 0, 1, 0, 0, 0, 1]   recip=0
  signs [-1, -1, 1]   d=4788/2525   tuple=[0, 0, 1, 0, 0, 0, 0]   recip=0
  signs [-1, -1, -1]   d=4788/2525   tuple=[0, 0, 1, 0, 0, 0, 0]   recip=0

---- d = e*f,  X = 6 ----
  signs [1, 1, 1]   d=4788/2525   tuple=[0, 1, 0, 1, 0, 0, 0]   recip=0
  signs [1, 1, -1]   d=4788/2525   tuple=[0, 1, 0, 1, 0, 0, 0]   recip=0
  signs [1, -1, 1]   d=-4788/2525   tuple=[1, 0, 0, 1, 0, 0, 0]   recip=0
  signs [1, -1, -1]   d=-4788/2525   tuple=[1, 0, 0, 1, 0, 0, 0]   recip=0
  signs [-1, 1, 1]   d=-4788/2525   tuple=[1, 0, 0, 1, 0, 0, 0]   recip=0
  signs [-1, 1, -1]   d=-4788/2525   tuple=[1, 0, 0, 1, 0, 0, 0]   recip=0
  signs [-1, -1, 1]   d=4788/2525   tuple=[0, 1, 0, 1, 0, 0, 0]   recip=0
  signs [-1, -1, -1]   d=4788/2525   tuple=[0, 1, 0, 1, 0, 0, 0]   recip=0

---- d = e*f,  X = -6 ----
  signs [1, 1, 1]   d=4788/2525   tuple=[0, 1, 0, 0, 0, 0, 0]   recip=0
  signs [1, 1, -1]   d=4788/2525   tuple=[0, 1, 0, 0, 0, 0, 0]   recip=0
  signs [1, -1, 1]   d=-4788/2525   tuple=[0, 0, 0, 0, 0, 0, 1]   recip=0
  signs [1, -1, -1]   d=-4788/2525   tuple=[0, 0, 0, 0, 0, 0, 1]   recip=0
  signs [-1, 1, 1]   d=-4788/2525   tuple=[0, 0, 0, 0, 0, 0, 1]   recip=0
  signs [-1, 1, -1]   d=-4788/2525   tuple=[0, 0, 0, 0, 0, 0, 1]   recip=0
  signs [-1, -1, 1]   d=4788/2525   tuple=[0, 1, 0, 0, 0, 0, 0]   recip=0
  signs [-1, -1, -1]   d=4788/2525   tuple=[0, 1, 0, 0, 0, 0, 0]   recip=0

---- d = e*f,  X = 7 ----
  signs [1, 1, 1]   d=4788/2525   tuple=[0, 0, 0, 1, 0, 0, 0]   recip=0
  signs [1, 1, -1]   d=4788/2525   tuple=[0, 0, 0, 1, 0, 0, 0]   recip=0
  signs [1, -1, 1]   d=-4788/2525   tuple=[1, 0, 0, 0, 0, 0, 0]   recip=0
  signs [1, -1, -1]   d=-4788/2525   tuple=[1, 0, 0, 0, 0, 0, 0]   recip=0
  signs [-1, 1, 1]   d=-4788/2525   tuple=[1, 0, 0, 0, 0, 0, 0]   recip=0
  signs [-1, 1, -1]   d=-4788/2525   tuple=[1, 0, 0, 0, 0, 0, 0]   recip=0
  signs [-1, -1, 1]   d=4788/2525   tuple=[0, 0, 0, 1, 0, 0, 0]   recip=0
  signs [-1, -1, -1]   d=4788/2525   tuple=[0, 0, 0, 1, 0, 0, 0]   recip=0

---- d = e*f,  X = -7 ----
  signs [1, 1, 1]   d=4788/2525   tuple=[0, 0, 0, 0, 0, 0, 0]   recip=0
  signs [1, 1, -1]   d=4788/2525   tuple=[0, 0, 0, 0, 0, 0, 0]   recip=0
  signs [1, -1, 1]   d=-4788/2525   tuple=[0, 0, 0, 1, 0, 0, 1]   recip=0
  signs [1, -1, -1]   d=-4788/2525   tuple=[0, 0, 0, 1, 0, 0, 1]   recip=0
  signs [-1, 1, 1]   d=-4788/2525   tuple=[0, 0, 0, 1, 0, 0, 1]   recip=0
  signs [-1, 1, -1]   d=-4788/2525   tuple=[0, 0, 0, 1, 0, 0, 1]   recip=0
  signs [-1, -1, 1]   d=4788/2525   tuple=[0, 0, 0, 0, 0, 0, 0]   recip=0
  signs [-1, -1, -1]   d=4788/2525   tuple=[0, 0, 0, 0, 0, 0, 0]   recip=0

---- d = e*f,  X = 10 ----
  signs [1, 1, 1]   d=4788/2525   tuple=[0, 0, 1, 1, 0, 0, 0]   recip=0
  signs [1, 1, -1]   d=4788/2525   tuple=[0, 0, 1, 1, 0, 0, 0]   recip=0
  signs [1, -1, 1]   d=-4788/2525   tuple=[0, 0, 1, 1, 0, 0, 0]   recip=0
  signs [1, -1, -1]   d=-4788/2525   tuple=[0, 0, 1, 1, 0, 0, 0]   recip=0
  signs [-1, 1, 1]   d=-4788/2525   tuple=[0, 0, 1, 1, 0, 0, 0]   recip=0
  signs [-1, 1, -1]   d=-4788/2525   tuple=[0, 0, 1, 1, 0, 0, 0]   recip=0
  signs [-1, -1, 1]   d=4788/2525   tuple=[0, 0, 1, 1, 0, 0, 0]   recip=0
  signs [-1, -1, -1]   d=4788/2525   tuple=[0, 0, 1, 1, 0, 0, 0]   recip=0

---- d = e*f,  X = -10 ----
  signs [1, 1, 1]   d=4788/2525   tuple=[0, 0, 1, 0, 0, 0, 0]   recip=0
  signs [1, 1, -1]   d=4788/2525   tuple=[0, 0, 1, 0, 0, 0, 0]   recip=0
  signs [1, -1, 1]   d=-4788/2525   tuple=[1, 0, 1, 0, 0, 0, 1]   recip=0
  signs [1, -1, -1]   d=-4788/2525   tuple=[1, 0, 1, 0, 0, 0, 1]   recip=0
  signs [-1, 1, 1]   d=-4788/2525   tuple=[1, 0, 1, 0, 0, 0, 1]   recip=0
  signs [-1, 1, -1]   d=-4788/2525   tuple=[1, 0, 1, 0, 0, 0, 1]   recip=0
  signs [-1, -1, 1]   d=4788/2525   tuple=[0, 0, 1, 0, 0, 0, 0]   recip=0
  signs [-1, -1, -1]   d=4788/2525   tuple=[0, 0, 1, 0, 0, 0, 0]   recip=0

---- d = e*f,  X = 15 ----
  signs [1, 1, 1]   d=4788/2525   tuple=[0, 1, 1, 0, 0, 0, 0]   recip=0
  signs [1, 1, -1]   d=4788/2525   tuple=[0, 1, 1, 0, 0, 0, 0]   recip=0
  signs [1, -1, 1]   d=-4788/2525   tuple=[1, 0, 1, 0, 0, 0, 0]   recip=0
  signs [1, -1, -1]   d=-4788/2525   tuple=[1, 0, 1, 0, 0, 0, 0]   recip=0
  signs [-1, 1, 1]   d=-4788/2525   tuple=[1, 0, 1, 0, 0, 0, 0]   recip=0
  signs [-1, 1, -1]   d=-4788/2525   tuple=[1, 0, 1, 0, 0, 0, 0]   recip=0
  signs [-1, -1, 1]   d=4788/2525   tuple=[0, 1, 1, 0, 0, 0, 0]   recip=0
  signs [-1, -1, -1]   d=4788/2525   tuple=[0, 1, 1, 0, 0, 0, 0]   recip=0

---- d = e*g,  X = -1 ----
  signs [1, 1, 1]   d=25917444/6375625   tuple=[0, 0, 0, 1, 0, 0, 0]   recip=0
  signs [1, 1, -1]   d=-25917444/6375625   tuple=[1, 0, 0, 1, 0, 0, 1]   recip=0
  signs [1, -1, 1]   d=25917444/6375625   tuple=[0, 0, 0, 1, 0, 0, 0]   recip=0
  signs [1, -1, -1]   d=-25917444/6375625   tuple=[1, 0, 0, 1, 0, 0, 1]   recip=0
  signs [-1, 1, 1]   d=-25917444/6375625   tuple=[1, 0, 0, 1, 0, 0, 1]   recip=0
  signs [-1, 1, -1]   d=25917444/6375625   tuple=[0, 0, 0, 1, 0, 0, 0]   recip=0
  signs [-1, -1, 1]   d=-25917444/6375625   tuple=[1, 0, 0, 1, 0, 0, 1]   recip=0
  signs [-1, -1, -1]   d=25917444/6375625   tuple=[0, 0, 0, 1, 0, 0, 0]   recip=0

---- d = e*g,  X = 2 ----
  signs [1, 1, 1]   d=25917444/6375625   tuple=[0, 0, 0, 0, 0, 0, 0]   recip=0
  signs [1, 1, -1]   d=-25917444/6375625   tuple=[0, 0, 0, 0, 0, 0, 0]   recip=0
  signs [1, -1, 1]   d=25917444/6375625   tuple=[0, 0, 0, 0, 0, 0, 0]   recip=0
  signs [1, -1, -1]   d=-25917444/6375625   tuple=[0, 0, 0, 0, 0, 0, 0]   recip=0
  signs [-1, 1, 1]   d=-25917444/6375625   tuple=[0, 0, 0, 0, 0, 0, 0]   recip=0
  signs [-1, 1, -1]   d=25917444/6375625   tuple=[0, 0, 0, 0, 0, 0, 0]   recip=0
  signs [-1, -1, 1]   d=-25917444/6375625   tuple=[0, 0, 0, 0, 0, 0, 0]   recip=0
  signs [-1, -1, -1]   d=25917444/6375625   tuple=[0, 0, 0, 0, 0, 0, 0]   recip=0

---- d = e*g,  X = -2 ----
  signs [1, 1, 1]   d=25917444/6375625   tuple=[0, 0, 0, 1, 0, 0, 0]   recip=0
  signs [1, 1, -1]   d=-25917444/6375625   tuple=[1, 0, 0, 1, 0, 0, 1]   recip=0
  signs [1, -1, 1]   d=25917444/6375625   tuple=[0, 0, 0, 1, 0, 0, 0]   recip=0
  signs [1, -1, -1]   d=-25917444/6375625   tuple=[1, 0, 0, 1, 0, 0, 1]   recip=0
  signs [-1, 1, 1]   d=-25917444/6375625   tuple=[1, 0, 0, 1, 0, 0, 1]   recip=0
  signs [-1, 1, -1]   d=25917444/6375625   tuple=[0, 0, 0, 1, 0, 0, 0]   recip=0
  signs [-1, -1, 1]   d=-25917444/6375625   tuple=[1, 0, 0, 1, 0, 0, 1]   recip=0
  signs [-1, -1, -1]   d=25917444/6375625   tuple=[0, 0, 0, 1, 0, 0, 0]   recip=0

---- d = e*g,  X = 3 ----
  signs [1, 1, 1]   d=25917444/6375625   tuple=[0, 0, 0, 1, 0, 0, 0]   recip=0
  signs [1, 1, -1]   d=-25917444/6375625   tuple=[1, 1, 0, 1, 0, 0, 0]   recip=0
  signs [1, -1, 1]   d=25917444/6375625   tuple=[0, 0, 0, 1, 0, 0, 0]   recip=0
  signs [1, -1, -1]   d=-25917444/6375625   tuple=[1, 1, 0, 1, 0, 0, 0]   recip=0
  signs [-1, 1, 1]   d=-25917444/6375625   tuple=[1, 1, 0, 1, 0, 0, 0]   recip=0
  signs [-1, 1, -1]   d=25917444/6375625   tuple=[0, 0, 0, 1, 0, 0, 0]   recip=0
  signs [-1, -1, 1]   d=-25917444/6375625   tuple=[1, 1, 0, 1, 0, 0, 0]   recip=0
  signs [-1, -1, -1]   d=25917444/6375625   tuple=[0, 0, 0, 1, 0, 0, 0]   recip=0

---- d = e*g,  X = -3 ----
  signs [1, 1, 1]   d=25917444/6375625   tuple=[0, 0, 0, 0, 0, 0, 0]   recip=0
  signs [1, 1, -1]   d=-25917444/6375625   tuple=[0, 1, 0, 0, 0, 0, 1]   recip=0
  signs [1, -1, 1]   d=25917444/6375625   tuple=[0, 0, 0, 0, 0, 0, 0]   recip=0
  signs [1, -1, -1]   d=-25917444/6375625   tuple=[0, 1, 0, 0, 0, 0, 1]   recip=0
  signs [-1, 1, 1]   d=-25917444/6375625   tuple=[0, 1, 0, 0, 0, 0, 1]   recip=0
  signs [-1, 1, -1]   d=25917444/6375625   tuple=[0, 0, 0, 0, 0, 0, 0]   recip=0
  signs [-1, -1, 1]   d=-25917444/6375625   tuple=[0, 1, 0, 0, 0, 0, 1]   recip=0
  signs [-1, -1, -1]   d=25917444/6375625   tuple=[0, 0, 0, 0, 0, 0, 0]   recip=0

---- d = e*g,  X = 5 ----
  signs [1, 1, 1]   d=25917444/6375625   tuple=[0, 0, 0, 1, 0, 0, 0]   recip=0
  signs [1, 1, -1]   d=-25917444/6375625   tuple=[0, 0, 0, 1, 0, 0, 0]   recip=0
  signs [1, -1, 1]   d=25917444/6375625   tuple=[0, 0, 0, 1, 0, 0, 0]   recip=0
  signs [1, -1, -1]   d=-25917444/6375625   tuple=[0, 0, 0, 1, 0, 0, 0]   recip=0
  signs [-1, 1, 1]   d=-25917444/6375625   tuple=[0, 0, 0, 1, 0, 0, 0]   recip=0
  signs [-1, 1, -1]   d=25917444/6375625   tuple=[0, 0, 0, 1, 0, 0, 0]   recip=0
  signs [-1, -1, 1]   d=-25917444/6375625   tuple=[0, 0, 0, 1, 0, 0, 0]   recip=0
  signs [-1, -1, -1]   d=25917444/6375625   tuple=[0, 0, 0, 1, 0, 0, 0]   recip=0

---- d = e*g,  X = -5 ----
  signs [1, 1, 1]   d=25917444/6375625   tuple=[0, 0, 0, 0, 0, 0, 0]   recip=0
  signs [1, 1, -1]   d=-25917444/6375625   tuple=[1, 0, 0, 0, 0, 0, 1]   recip=0
  signs [1, -1, 1]   d=25917444/6375625   tuple=[0, 0, 0, 0, 0, 0, 0]   recip=0
  signs [1, -1, -1]   d=-25917444/6375625   tuple=[1, 0, 0, 0, 0, 0, 1]   recip=0
  signs [-1, 1, 1]   d=-25917444/6375625   tuple=[1, 0, 0, 0, 0, 0, 1]   recip=0
  signs [-1, 1, -1]   d=25917444/6375625   tuple=[0, 0, 0, 0, 0, 0, 0]   recip=0
  signs [-1, -1, 1]   d=-25917444/6375625   tuple=[1, 0, 0, 0, 0, 0, 1]   recip=0
  signs [-1, -1, -1]   d=25917444/6375625   tuple=[0, 0, 0, 0, 0, 0, 0]   recip=0

---- d = e*g,  X = 6 ----
  signs [1, 1, 1]   d=25917444/6375625   tuple=[0, 0, 0, 1, 0, 0, 0]   recip=0
  signs [1, 1, -1]   d=-25917444/6375625   tuple=[1, 1, 0, 1, 0, 0, 0]   recip=0
  signs [1, -1, 1]   d=25917444/6375625   tuple=[0, 0, 0, 1, 0, 0, 0]   recip=0
  signs [1, -1, -1]   d=-25917444/6375625   tuple=[1, 1, 0, 1, 0, 0, 0]   recip=0
  signs [-1, 1, 1]   d=-25917444/6375625   tuple=[1, 1, 0, 1, 0, 0, 0]   recip=0
  signs [-1, 1, -1]   d=25917444/6375625   tuple=[0, 0, 0, 1, 0, 0, 0]   recip=0
  signs [-1, -1, 1]   d=-25917444/6375625   tuple=[1, 1, 0, 1, 0, 0, 0]   recip=0
  signs [-1, -1, -1]   d=25917444/6375625   tuple=[0, 0, 0, 1, 0, 0, 0]   recip=0

---- d = e*g,  X = -6 ----
  signs [1, 1, 1]   d=25917444/6375625   tuple=[0, 0, 0, 0, 0, 0, 0]   recip=0
  signs [1, 1, -1]   d=-25917444/6375625   tuple=[0, 1, 0, 0, 0, 0, 1]   recip=0
  signs [1, -1, 1]   d=25917444/6375625   tuple=[0, 0, 0, 0, 0, 0, 0]   recip=0
  signs [1, -1, -1]   d=-25917444/6375625   tuple=[0, 1, 0, 0, 0, 0, 1]   recip=0
  signs [-1, 1, 1]   d=-25917444/6375625   tuple=[0, 1, 0, 0, 0, 0, 1]   recip=0
  signs [-1, 1, -1]   d=25917444/6375625   tuple=[0, 0, 0, 0, 0, 0, 0]   recip=0
  signs [-1, -1, 1]   d=-25917444/6375625   tuple=[0, 1, 0, 0, 0, 0, 1]   recip=0
  signs [-1, -1, -1]   d=25917444/6375625   tuple=[0, 0, 0, 0, 0, 0, 0]   recip=0

---- d = e*g,  X = 7 ----
  signs [1, 1, 1]   d=25917444/6375625   tuple=[0, 0, 0, 0, 0, 0, 0]   recip=0
  signs [1, 1, -1]   d=-25917444/6375625   tuple=[1, 0, 0, 1, 0, 0, 0]   recip=0
  signs [1, -1, 1]   d=25917444/6375625   tuple=[0, 0, 0, 0, 0, 0, 0]   recip=0
  signs [1, -1, -1]   d=-25917444/6375625   tuple=[1, 0, 0, 1, 0, 0, 0]   recip=0
  signs [-1, 1, 1]   d=-25917444/6375625   tuple=[1, 0, 0, 1, 0, 0, 0]   recip=0
  signs [-1, 1, -1]   d=25917444/6375625   tuple=[0, 0, 0, 0, 0, 0, 0]   recip=0
  signs [-1, -1, 1]   d=-25917444/6375625   tuple=[1, 0, 0, 1, 0, 0, 0]   recip=0
  signs [-1, -1, -1]   d=25917444/6375625   tuple=[0, 0, 0, 0, 0, 0, 0]   recip=0

---- d = e*g,  X = -7 ----
  signs [1, 1, 1]   d=25917444/6375625   tuple=[0, 0, 0, 1, 0, 0, 0]   recip=0
  signs [1, 1, -1]   d=-25917444/6375625   tuple=[0, 0, 0, 0, 0, 0, 1]   recip=0
  signs [1, -1, 1]   d=25917444/6375625   tuple=[0, 0, 0, 1, 0, 0, 0]   recip=0
  signs [1, -1, -1]   d=-25917444/6375625   tuple=[0, 0, 0, 0, 0, 0, 1]   recip=0
  signs [-1, 1, 1]   d=-25917444/6375625   tuple=[0, 0, 0, 0, 0, 0, 1]   recip=0
  signs [-1, 1, -1]   d=25917444/6375625   tuple=[0, 0, 0, 1, 0, 0, 0]   recip=0
  signs [-1, -1, 1]   d=-25917444/6375625   tuple=[0, 0, 0, 0, 0, 0, 1]   recip=0
  signs [-1, -1, -1]   d=25917444/6375625   tuple=[0, 0, 0, 1, 0, 0, 0]   recip=0

---- d = e*g,  X = 10 ----
  signs [1, 1, 1]   d=25917444/6375625   tuple=[0, 0, 0, 1, 0, 0, 0]   recip=0
  signs [1, 1, -1]   d=-25917444/6375625   tuple=[0, 0, 0, 1, 0, 0, 0]   recip=0
  signs [1, -1, 1]   d=25917444/6375625   tuple=[0, 0, 0, 1, 0, 0, 0]   recip=0
  signs [1, -1, -1]   d=-25917444/6375625   tuple=[0, 0, 0, 1, 0, 0, 0]   recip=0
  signs [-1, 1, 1]   d=-25917444/6375625   tuple=[0, 0, 0, 1, 0, 0, 0]   recip=0
  signs [-1, 1, -1]   d=25917444/6375625   tuple=[0, 0, 0, 1, 0, 0, 0]   recip=0
  signs [-1, -1, 1]   d=-25917444/6375625   tuple=[0, 0, 0, 1, 0, 0, 0]   recip=0
  signs [-1, -1, -1]   d=25917444/6375625   tuple=[0, 0, 0, 1, 0, 0, 0]   recip=0

---- d = e*g,  X = -10 ----
  signs [1, 1, 1]   d=25917444/6375625   tuple=[0, 0, 0, 0, 0, 0, 0]   recip=0
  signs [1, 1, -1]   d=-25917444/6375625   tuple=[1, 0, 0, 0, 0, 0, 1]   recip=0
  signs [1, -1, 1]   d=25917444/6375625   tuple=[0, 0, 0, 0, 0, 0, 0]   recip=0
  signs [1, -1, -1]   d=-25917444/6375625   tuple=[1, 0, 0, 0, 0, 0, 1]   recip=0
  signs [-1, 1, 1]   d=-25917444/6375625   tuple=[1, 0, 0, 0, 0, 0, 1]   recip=0
  signs [-1, 1, -1]   d=25917444/6375625   tuple=[0, 0, 0, 0, 0, 0, 0]   recip=0
  signs [-1, -1, 1]   d=-25917444/6375625   tuple=[1, 0, 0, 0, 0, 0, 1]   recip=0
  signs [-1, -1, -1]   d=25917444/6375625   tuple=[0, 0, 0, 0, 0, 0, 0]   recip=0

---- d = e*g,  X = 15 ----
  signs [1, 1, 1]   d=25917444/6375625   tuple=[0, 0, 0, 0, 0, 0, 0]   recip=0
  signs [1, 1, -1]   d=-25917444/6375625   tuple=[1, 1, 0, 0, 0, 0, 0]   recip=0
  signs [1, -1, 1]   d=25917444/6375625   tuple=[0, 0, 0, 0, 0, 0, 0]   recip=0
  signs [1, -1, -1]   d=-25917444/6375625   tuple=[1, 1, 0, 0, 0, 0, 0]   recip=0
  signs [-1, 1, 1]   d=-25917444/6375625   tuple=[1, 1, 0, 0, 0, 0, 0]   recip=0
  signs [-1, 1, -1]   d=25917444/6375625   tuple=[0, 0, 0, 0, 0, 0, 0]   recip=0
  signs [-1, -1, 1]   d=-25917444/6375625   tuple=[1, 1, 0, 0, 0, 0, 0]   recip=0
  signs [-1, -1, -1]   d=25917444/6375625   tuple=[0, 0, 0, 0, 0, 0, 0]   recip=0

---- d = f*g,  X = -1 ----
  signs [1, 1, 1]   d=5413/2525   tuple=[0, 0, 0, 0, 0, 0, 0]   recip=0
  signs [1, 1, -1]   d=-5413/2525   tuple=[1, 0, 0, 0, 0, 0, 1]   recip=0
  signs [1, -1, 1]   d=-5413/2525   tuple=[1, 0, 0, 0, 0, 0, 1]   recip=0
  signs [1, -1, -1]   d=5413/2525   tuple=[0, 0, 0, 0, 0, 0, 0]   recip=0
  signs [-1, 1, 1]   d=5413/2525   tuple=[0, 0, 0, 0, 0, 0, 0]   recip=0
  signs [-1, 1, -1]   d=-5413/2525   tuple=[1, 0, 0, 0, 0, 0, 1]   recip=0
  signs [-1, -1, 1]   d=-5413/2525   tuple=[1, 0, 0, 0, 0, 0, 1]   recip=0
  signs [-1, -1, -1]   d=5413/2525   tuple=[0, 0, 0, 0, 0, 0, 0]   recip=0

---- d = f*g,  X = 2 ----
  signs [1, 1, 1]   d=5413/2525   tuple=[0, 0, 0, 0, 0, 0, 0]   recip=0
  signs [1, 1, -1]   d=-5413/2525   tuple=[0, 0, 0, 0, 0, 0, 0]   recip=0
  signs [1, -1, 1]   d=-5413/2525   tuple=[0, 0, 0, 0, 0, 0, 0]   recip=0
  signs [1, -1, -1]   d=5413/2525   tuple=[0, 0, 0, 0, 0, 0, 0]   recip=0
  signs [-1, 1, 1]   d=5413/2525   tuple=[0, 0, 0, 0, 0, 0, 0]   recip=0
  signs [-1, 1, -1]   d=-5413/2525   tuple=[0, 0, 0, 0, 0, 0, 0]   recip=0
  signs [-1, -1, 1]   d=-5413/2525   tuple=[0, 0, 0, 0, 0, 0, 0]   recip=0
  signs [-1, -1, -1]   d=5413/2525   tuple=[0, 0, 0, 0, 0, 0, 0]   recip=0

---- d = f*g,  X = -2 ----
  signs [1, 1, 1]   d=5413/2525   tuple=[0, 0, 0, 0, 0, 0, 0]   recip=0
  signs [1, 1, -1]   d=-5413/2525   tuple=[1, 0, 0, 0, 0, 0, 1]   recip=0
  signs [1, -1, 1]   d=-5413/2525   tuple=[1, 0, 0, 0, 0, 0, 1]   recip=0
  signs [1, -1, -1]   d=5413/2525   tuple=[0, 0, 0, 0, 0, 0, 0]   recip=0
  signs [-1, 1, 1]   d=5413/2525   tuple=[0, 0, 0, 0, 0, 0, 0]   recip=0
  signs [-1, 1, -1]   d=-5413/2525   tuple=[1, 0, 0, 0, 0, 0, 1]   recip=0
  signs [-1, -1, 1]   d=-5413/2525   tuple=[1, 0, 0, 0, 0, 0, 1]   recip=0
  signs [-1, -1, -1]   d=5413/2525   tuple=[0, 0, 0, 0, 0, 0, 0]   recip=0

---- d = f*g,  X = 3 ----
  signs [1, 1, 1]   d=5413/2525   tuple=[0, 1, 0, 0, 0, 0, 0]   recip=0
  signs [1, 1, -1]   d=-5413/2525   tuple=[1, 0, 0, 0, 0, 0, 0]   recip=0
  signs [1, -1, 1]   d=-5413/2525   tuple=[1, 0, 0, 0, 0, 0, 0]   recip=0
  signs [1, -1, -1]   d=5413/2525   tuple=[0, 1, 0, 0, 0, 0, 0]   recip=0
  signs [-1, 1, 1]   d=5413/2525   tuple=[0, 1, 0, 0, 0, 0, 0]   recip=0
  signs [-1, 1, -1]   d=-5413/2525   tuple=[1, 0, 0, 0, 0, 0, 0]   recip=0
  signs [-1, -1, 1]   d=-5413/2525   tuple=[1, 0, 0, 0, 0, 0, 0]   recip=0
  signs [-1, -1, -1]   d=5413/2525   tuple=[0, 1, 0, 0, 0, 0, 0]   recip=0

---- d = f*g,  X = -3 ----
  signs [1, 1, 1]   d=5413/2525   tuple=[0, 1, 0, 0, 0, 0, 0]   recip=0
  signs [1, 1, -1]   d=-5413/2525   tuple=[0, 0, 0, 0, 0, 0, 1]   recip=0
  signs [1, -1, 1]   d=-5413/2525   tuple=[0, 0, 0, 0, 0, 0, 1]   recip=0
  signs [1, -1, -1]   d=5413/2525   tuple=[0, 1, 0, 0, 0, 0, 0]   recip=0
  signs [-1, 1, 1]   d=5413/2525   tuple=[0, 1, 0, 0, 0, 0, 0]   recip=0
  signs [-1, 1, -1]   d=-5413/2525   tuple=[0, 0, 0, 0, 0, 0, 1]   recip=0
  signs [-1, -1, 1]   d=-5413/2525   tuple=[0, 0, 0, 0, 0, 0, 1]   recip=0
  signs [-1, -1, -1]   d=5413/2525   tuple=[0, 1, 0, 0, 0, 0, 0]   recip=0

---- d = f*g,  X = 5 ----
  signs [1, 1, 1]   d=5413/2525   tuple=[0, 0, 1, 0, 0, 0, 0]   recip=0
  signs [1, 1, -1]   d=-5413/2525   tuple=[0, 0, 1, 0, 0, 0, 0]   recip=0
  signs [1, -1, 1]   d=-5413/2525   tuple=[0, 0, 1, 0, 0, 0, 0]   recip=0
  signs [1, -1, -1]   d=5413/2525   tuple=[0, 0, 1, 0, 0, 0, 0]   recip=0
  signs [-1, 1, 1]   d=5413/2525   tuple=[0, 0, 1, 0, 0, 0, 0]   recip=0
  signs [-1, 1, -1]   d=-5413/2525   tuple=[0, 0, 1, 0, 0, 0, 0]   recip=0
  signs [-1, -1, 1]   d=-5413/2525   tuple=[0, 0, 1, 0, 0, 0, 0]   recip=0
  signs [-1, -1, -1]   d=5413/2525   tuple=[0, 0, 1, 0, 0, 0, 0]   recip=0

---- d = f*g,  X = -5 ----
  signs [1, 1, 1]   d=5413/2525   tuple=[0, 0, 1, 0, 0, 0, 0]   recip=0
  signs [1, 1, -1]   d=-5413/2525   tuple=[1, 0, 1, 0, 0, 0, 1]   recip=0
  signs [1, -1, 1]   d=-5413/2525   tuple=[1, 0, 1, 0, 0, 0, 1]   recip=0
  signs [1, -1, -1]   d=5413/2525   tuple=[0, 0, 1, 0, 0, 0, 0]   recip=0
  signs [-1, 1, 1]   d=5413/2525   tuple=[0, 0, 1, 0, 0, 0, 0]   recip=0
  signs [-1, 1, -1]   d=-5413/2525   tuple=[1, 0, 1, 0, 0, 0, 1]   recip=0
  signs [-1, -1, 1]   d=-5413/2525   tuple=[1, 0, 1, 0, 0, 0, 1]   recip=0
  signs [-1, -1, -1]   d=5413/2525   tuple=[0, 0, 1, 0, 0, 0, 0]   recip=0

---- d = f*g,  X = 6 ----
  signs [1, 1, 1]   d=5413/2525   tuple=[0, 1, 0, 0, 0, 0, 0]   recip=0
  signs [1, 1, -1]   d=-5413/2525   tuple=[1, 0, 0, 0, 0, 0, 0]   recip=0
  signs [1, -1, 1]   d=-5413/2525   tuple=[1, 0, 0, 0, 0, 0, 0]   recip=0
  signs [1, -1, -1]   d=5413/2525   tuple=[0, 1, 0, 0, 0, 0, 0]   recip=0
  signs [-1, 1, 1]   d=5413/2525   tuple=[0, 1, 0, 0, 0, 0, 0]   recip=0
  signs [-1, 1, -1]   d=-5413/2525   tuple=[1, 0, 0, 0, 0, 0, 0]   recip=0
  signs [-1, -1, 1]   d=-5413/2525   tuple=[1, 0, 0, 0, 0, 0, 0]   recip=0
  signs [-1, -1, -1]   d=5413/2525   tuple=[0, 1, 0, 0, 0, 0, 0]   recip=0

---- d = f*g,  X = -6 ----
  signs [1, 1, 1]   d=5413/2525   tuple=[0, 1, 0, 0, 0, 0, 0]   recip=0
  signs [1, 1, -1]   d=-5413/2525   tuple=[0, 0, 0, 0, 0, 0, 1]   recip=0
  signs [1, -1, 1]   d=-5413/2525   tuple=[0, 0, 0, 0, 0, 0, 1]   recip=0
  signs [1, -1, -1]   d=5413/2525   tuple=[0, 1, 0, 0, 0, 0, 0]   recip=0
  signs [-1, 1, 1]   d=5413/2525   tuple=[0, 1, 0, 0, 0, 0, 0]   recip=0
  signs [-1, 1, -1]   d=-5413/2525   tuple=[0, 0, 0, 0, 0, 0, 1]   recip=0
  signs [-1, -1, 1]   d=-5413/2525   tuple=[0, 0, 0, 0, 0, 0, 1]   recip=0
  signs [-1, -1, -1]   d=5413/2525   tuple=[0, 1, 0, 0, 0, 0, 0]   recip=0

---- d = f*g,  X = 7 ----
  signs [1, 1, 1]   d=5413/2525   tuple=[0, 0, 0, 1, 0, 0, 0]   recip=0
  signs [1, 1, -1]   d=-5413/2525   tuple=[1, 0, 0, 0, 0, 0, 0]   recip=0
  signs [1, -1, 1]   d=-5413/2525   tuple=[1, 0, 0, 0, 0, 0, 0]   recip=0
  signs [1, -1, -1]   d=5413/2525   tuple=[0, 0, 0, 1, 0, 0, 0]   recip=0
  signs [-1, 1, 1]   d=5413/2525   tuple=[0, 0, 0, 1, 0, 0, 0]   recip=0
  signs [-1, 1, -1]   d=-5413/2525   tuple=[1, 0, 0, 0, 0, 0, 0]   recip=0
  signs [-1, -1, 1]   d=-5413/2525   tuple=[1, 0, 0, 0, 0, 0, 0]   recip=0
  signs [-1, -1, -1]   d=5413/2525   tuple=[0, 0, 0, 1, 0, 0, 0]   recip=0

---- d = f*g,  X = -7 ----
  signs [1, 1, 1]   d=5413/2525   tuple=[0, 0, 0, 1, 0, 0, 0]   recip=0
  signs [1, 1, -1]   d=-5413/2525   tuple=[0, 0, 0, 0, 0, 0, 1]   recip=0
  signs [1, -1, 1]   d=-5413/2525   tuple=[0, 0, 0, 0, 0, 0, 1]   recip=0
  signs [1, -1, -1]   d=5413/2525   tuple=[0, 0, 0, 1, 0, 0, 0]   recip=0
  signs [-1, 1, 1]   d=5413/2525   tuple=[0, 0, 0, 1, 0, 0, 0]   recip=0
  signs [-1, 1, -1]   d=-5413/2525   tuple=[0, 0, 0, 0, 0, 0, 1]   recip=0
  signs [-1, -1, 1]   d=-5413/2525   tuple=[0, 0, 0, 0, 0, 0, 1]   recip=0
  signs [-1, -1, -1]   d=5413/2525   tuple=[0, 0, 0, 1, 0, 0, 0]   recip=0

---- d = f*g,  X = 10 ----
  signs [1, 1, 1]   d=5413/2525   tuple=[0, 0, 1, 0, 0, 0, 0]   recip=0
  signs [1, 1, -1]   d=-5413/2525   tuple=[0, 0, 1, 0, 0, 0, 0]   recip=0
  signs [1, -1, 1]   d=-5413/2525   tuple=[0, 0, 1, 0, 0, 0, 0]   recip=0
  signs [1, -1, -1]   d=5413/2525   tuple=[0, 0, 1, 0, 0, 0, 0]   recip=0
  signs [-1, 1, 1]   d=5413/2525   tuple=[0, 0, 1, 0, 0, 0, 0]   recip=0
  signs [-1, 1, -1]   d=-5413/2525   tuple=[0, 0, 1, 0, 0, 0, 0]   recip=0
  signs [-1, -1, 1]   d=-5413/2525   tuple=[0, 0, 1, 0, 0, 0, 0]   recip=0
  signs [-1, -1, -1]   d=5413/2525   tuple=[0, 0, 1, 0, 0, 0, 0]   recip=0

---- d = f*g,  X = -10 ----
  signs [1, 1, 1]   d=5413/2525   tuple=[0, 0, 1, 0, 0, 0, 0]   recip=0
  signs [1, 1, -1]   d=-5413/2525   tuple=[1, 0, 1, 0, 0, 0, 1]   recip=0
  signs [1, -1, 1]   d=-5413/2525   tuple=[1, 0, 1, 0, 0, 0, 1]   recip=0
  signs [1, -1, -1]   d=5413/2525   tuple=[0, 0, 1, 0, 0, 0, 0]   recip=0
  signs [-1, 1, 1]   d=5413/2525   tuple=[0, 0, 1, 0, 0, 0, 0]   recip=0
  signs [-1, 1, -1]   d=-5413/2525   tuple=[1, 0, 1, 0, 0, 0, 1]   recip=0
  signs [-1, -1, 1]   d=-5413/2525   tuple=[1, 0, 1, 0, 0, 0, 1]   recip=0
  signs [-1, -1, -1]   d=5413/2525   tuple=[0, 0, 1, 0, 0, 0, 0]   recip=0

---- d = f*g,  X = 15 ----
  signs [1, 1, 1]   d=5413/2525   tuple=[0, 1, 1, 0, 0, 0, 0]   recip=0
  signs [1, 1, -1]   d=-5413/2525   tuple=[1, 0, 1, 0, 0, 0, 0]   recip=0
  signs [1, -1, 1]   d=-5413/2525   tuple=[1, 0, 1, 0, 0, 0, 0]   recip=0
  signs [1, -1, -1]   d=5413/2525   tuple=[0, 1, 1, 0, 0, 0, 0]   recip=0
  signs [-1, 1, 1]   d=5413/2525   tuple=[0, 1, 1, 0, 0, 0, 0]   recip=0
  signs [-1, 1, -1]   d=-5413/2525   tuple=[1, 0, 1, 0, 0, 0, 0]   recip=0
  signs [-1, -1, 1]   d=-5413/2525   tuple=[1, 0, 1, 0, 0, 0, 0]   recip=0
  signs [-1, -1, -1]   d=5413/2525   tuple=[0, 1, 1, 0, 0, 0, 0]   recip=0

---- d = e*f*g,  X = -1 ----
  signs [1, 1, 1]   d=25917444/6375625   tuple=[0, 0, 0, 1, 0, 0, 0]   recip=0
  signs [1, 1, -1]   d=-25917444/6375625   tuple=[1, 0, 0, 1, 0, 0, 1]   recip=0
  signs [1, -1, 1]   d=-25917444/6375625   tuple=[1, 0, 0, 1, 0, 0, 1]   recip=0
  signs [1, -1, -1]   d=25917444/6375625   tuple=[0, 0, 0, 1, 0, 0, 0]   recip=0
  signs [-1, 1, 1]   d=-25917444/6375625   tuple=[1, 0, 0, 1, 0, 0, 1]   recip=0
  signs [-1, 1, -1]   d=25917444/6375625   tuple=[0, 0, 0, 1, 0, 0, 0]   recip=0
  signs [-1, -1, 1]   d=25917444/6375625   tuple=[0, 0, 0, 1, 0, 0, 0]   recip=0
  signs [-1, -1, -1]   d=-25917444/6375625   tuple=[1, 0, 0, 1, 0, 0, 1]   recip=0

---- d = e*f*g,  X = 2 ----
  signs [1, 1, 1]   d=25917444/6375625   tuple=[0, 0, 0, 0, 0, 0, 0]   recip=0
  signs [1, 1, -1]   d=-25917444/6375625   tuple=[0, 0, 0, 0, 0, 0, 0]   recip=0
  signs [1, -1, 1]   d=-25917444/6375625   tuple=[0, 0, 0, 0, 0, 0, 0]   recip=0
  signs [1, -1, -1]   d=25917444/6375625   tuple=[0, 0, 0, 0, 0, 0, 0]   recip=0
  signs [-1, 1, 1]   d=-25917444/6375625   tuple=[0, 0, 0, 0, 0, 0, 0]   recip=0
  signs [-1, 1, -1]   d=25917444/6375625   tuple=[0, 0, 0, 0, 0, 0, 0]   recip=0
  signs [-1, -1, 1]   d=25917444/6375625   tuple=[0, 0, 0, 0, 0, 0, 0]   recip=0
  signs [-1, -1, -1]   d=-25917444/6375625   tuple=[0, 0, 0, 0, 0, 0, 0]   recip=0

---- d = e*f*g,  X = -2 ----
  signs [1, 1, 1]   d=25917444/6375625   tuple=[0, 0, 0, 1, 0, 0, 0]   recip=0
  signs [1, 1, -1]   d=-25917444/6375625   tuple=[1, 0, 0, 1, 0, 0, 1]   recip=0
  signs [1, -1, 1]   d=-25917444/6375625   tuple=[1, 0, 0, 1, 0, 0, 1]   recip=0
  signs [1, -1, -1]   d=25917444/6375625   tuple=[0, 0, 0, 1, 0, 0, 0]   recip=0
  signs [-1, 1, 1]   d=-25917444/6375625   tuple=[1, 0, 0, 1, 0, 0, 1]   recip=0
  signs [-1, 1, -1]   d=25917444/6375625   tuple=[0, 0, 0, 1, 0, 0, 0]   recip=0
  signs [-1, -1, 1]   d=25917444/6375625   tuple=[0, 0, 0, 1, 0, 0, 0]   recip=0
  signs [-1, -1, -1]   d=-25917444/6375625   tuple=[1, 0, 0, 1, 0, 0, 1]   recip=0

---- d = e*f*g,  X = 3 ----
  signs [1, 1, 1]   d=25917444/6375625   tuple=[0, 0, 0, 1, 0, 0, 0]   recip=0
  signs [1, 1, -1]   d=-25917444/6375625   tuple=[1, 1, 0, 1, 0, 0, 0]   recip=0
  signs [1, -1, 1]   d=-25917444/6375625   tuple=[1, 1, 0, 1, 0, 0, 0]   recip=0
  signs [1, -1, -1]   d=25917444/6375625   tuple=[0, 0, 0, 1, 0, 0, 0]   recip=0
  signs [-1, 1, 1]   d=-25917444/6375625   tuple=[1, 1, 0, 1, 0, 0, 0]   recip=0
  signs [-1, 1, -1]   d=25917444/6375625   tuple=[0, 0, 0, 1, 0, 0, 0]   recip=0
  signs [-1, -1, 1]   d=25917444/6375625   tuple=[0, 0, 0, 1, 0, 0, 0]   recip=0
  signs [-1, -1, -1]   d=-25917444/6375625   tuple=[1, 1, 0, 1, 0, 0, 0]   recip=0

---- d = e*f*g,  X = -3 ----
  signs [1, 1, 1]   d=25917444/6375625   tuple=[0, 0, 0, 0, 0, 0, 0]   recip=0
  signs [1, 1, -1]   d=-25917444/6375625   tuple=[0, 1, 0, 0, 0, 0, 1]   recip=0
  signs [1, -1, 1]   d=-25917444/6375625   tuple=[0, 1, 0, 0, 0, 0, 1]   recip=0
  signs [1, -1, -1]   d=25917444/6375625   tuple=[0, 0, 0, 0, 0, 0, 0]   recip=0
  signs [-1, 1, 1]   d=-25917444/6375625   tuple=[0, 1, 0, 0, 0, 0, 1]   recip=0
  signs [-1, 1, -1]   d=25917444/6375625   tuple=[0, 0, 0, 0, 0, 0, 0]   recip=0
  signs [-1, -1, 1]   d=25917444/6375625   tuple=[0, 0, 0, 0, 0, 0, 0]   recip=0
  signs [-1, -1, -1]   d=-25917444/6375625   tuple=[0, 1, 0, 0, 0, 0, 1]   recip=0

---- d = e*f*g,  X = 5 ----
  signs [1, 1, 1]   d=25917444/6375625   tuple=[0, 0, 0, 1, 0, 0, 0]   recip=0
  signs [1, 1, -1]   d=-25917444/6375625   tuple=[0, 0, 0, 1, 0, 0, 0]   recip=0
  signs [1, -1, 1]   d=-25917444/6375625   tuple=[0, 0, 0, 1, 0, 0, 0]   recip=0
  signs [1, -1, -1]   d=25917444/6375625   tuple=[0, 0, 0, 1, 0, 0, 0]   recip=0
  signs [-1, 1, 1]   d=-25917444/6375625   tuple=[0, 0, 0, 1, 0, 0, 0]   recip=0
  signs [-1, 1, -1]   d=25917444/6375625   tuple=[0, 0, 0, 1, 0, 0, 0]   recip=0
  signs [-1, -1, 1]   d=25917444/6375625   tuple=[0, 0, 0, 1, 0, 0, 0]   recip=0
  signs [-1, -1, -1]   d=-25917444/6375625   tuple=[0, 0, 0, 1, 0, 0, 0]   recip=0

---- d = e*f*g,  X = -5 ----
  signs [1, 1, 1]   d=25917444/6375625   tuple=[0, 0, 0, 0, 0, 0, 0]   recip=0
  signs [1, 1, -1]   d=-25917444/6375625   tuple=[1, 0, 0, 0, 0, 0, 1]   recip=0
  signs [1, -1, 1]   d=-25917444/6375625   tuple=[1, 0, 0, 0, 0, 0, 1]   recip=0
  signs [1, -1, -1]   d=25917444/6375625   tuple=[0, 0, 0, 0, 0, 0, 0]   recip=0
  signs [-1, 1, 1]   d=-25917444/6375625   tuple=[1, 0, 0, 0, 0, 0, 1]   recip=0
  signs [-1, 1, -1]   d=25917444/6375625   tuple=[0, 0, 0, 0, 0, 0, 0]   recip=0
  signs [-1, -1, 1]   d=25917444/6375625   tuple=[0, 0, 0, 0, 0, 0, 0]   recip=0
  signs [-1, -1, -1]   d=-25917444/6375625   tuple=[1, 0, 0, 0, 0, 0, 1]   recip=0

---- d = e*f*g,  X = 6 ----
  signs [1, 1, 1]   d=25917444/6375625   tuple=[0, 0, 0, 1, 0, 0, 0]   recip=0
  signs [1, 1, -1]   d=-25917444/6375625   tuple=[1, 1, 0, 1, 0, 0, 0]   recip=0
  signs [1, -1, 1]   d=-25917444/6375625   tuple=[1, 1, 0, 1, 0, 0, 0]   recip=0
  signs [1, -1, -1]   d=25917444/6375625   tuple=[0, 0, 0, 1, 0, 0, 0]   recip=0
  signs [-1, 1, 1]   d=-25917444/6375625   tuple=[1, 1, 0, 1, 0, 0, 0]   recip=0
  signs [-1, 1, -1]   d=25917444/6375625   tuple=[0, 0, 0, 1, 0, 0, 0]   recip=0
  signs [-1, -1, 1]   d=25917444/6375625   tuple=[0, 0, 0, 1, 0, 0, 0]   recip=0
  signs [-1, -1, -1]   d=-25917444/6375625   tuple=[1, 1, 0, 1, 0, 0, 0]   recip=0

---- d = e*f*g,  X = -6 ----
  signs [1, 1, 1]   d=25917444/6375625   tuple=[0, 0, 0, 0, 0, 0, 0]   recip=0
  signs [1, 1, -1]   d=-25917444/6375625   tuple=[0, 1, 0, 0, 0, 0, 1]   recip=0
  signs [1, -1, 1]   d=-25917444/6375625   tuple=[0, 1, 0, 0, 0, 0, 1]   recip=0
  signs [1, -1, -1]   d=25917444/6375625   tuple=[0, 0, 0, 0, 0, 0, 0]   recip=0
  signs [-1, 1, 1]   d=-25917444/6375625   tuple=[0, 1, 0, 0, 0, 0, 1]   recip=0
  signs [-1, 1, -1]   d=25917444/6375625   tuple=[0, 0, 0, 0, 0, 0, 0]   recip=0
  signs [-1, -1, 1]   d=25917444/6375625   tuple=[0, 0, 0, 0, 0, 0, 0]   recip=0
  signs [-1, -1, -1]   d=-25917444/6375625   tuple=[0, 1, 0, 0, 0, 0, 1]   recip=0

---- d = e*f*g,  X = 7 ----
  signs [1, 1, 1]   d=25917444/6375625   tuple=[0, 0, 0, 0, 0, 0, 0]   recip=0
  signs [1, 1, -1]   d=-25917444/6375625   tuple=[1, 0, 0, 1, 0, 0, 0]   recip=0
  signs [1, -1, 1]   d=-25917444/6375625   tuple=[1, 0, 0, 1, 0, 0, 0]   recip=0
  signs [1, -1, -1]   d=25917444/6375625   tuple=[0, 0, 0, 0, 0, 0, 0]   recip=0
  signs [-1, 1, 1]   d=-25917444/6375625   tuple=[1, 0, 0, 1, 0, 0, 0]   recip=0
  signs [-1, 1, -1]   d=25917444/6375625   tuple=[0, 0, 0, 0, 0, 0, 0]   recip=0
  signs [-1, -1, 1]   d=25917444/6375625   tuple=[0, 0, 0, 0, 0, 0, 0]   recip=0
  signs [-1, -1, -1]   d=-25917444/6375625   tuple=[1, 0, 0, 1, 0, 0, 0]   recip=0

---- d = e*f*g,  X = -7 ----
  signs [1, 1, 1]   d=25917444/6375625   tuple=[0, 0, 0, 1, 0, 0, 0]   recip=0
  signs [1, 1, -1]   d=-25917444/6375625   tuple=[0, 0, 0, 0, 0, 0, 1]   recip=0
  signs [1, -1, 1]   d=-25917444/6375625   tuple=[0, 0, 0, 0, 0, 0, 1]   recip=0
  signs [1, -1, -1]   d=25917444/6375625   tuple=[0, 0, 0, 1, 0, 0, 0]   recip=0
  signs [-1, 1, 1]   d=-25917444/6375625   tuple=[0, 0, 0, 0, 0, 0, 1]   recip=0
  signs [-1, 1, -1]   d=25917444/6375625   tuple=[0, 0, 0, 1, 0, 0, 0]   recip=0
  signs [-1, -1, 1]   d=25917444/6375625   tuple=[0, 0, 0, 1, 0, 0, 0]   recip=0
  signs [-1, -1, -1]   d=-25917444/6375625   tuple=[0, 0, 0, 0, 0, 0, 1]   recip=0

---- d = e*f*g,  X = 10 ----
  signs [1, 1, 1]   d=25917444/6375625   tuple=[0, 0, 0, 1, 0, 0, 0]   recip=0
  signs [1, 1, -1]   d=-25917444/6375625   tuple=[0, 0, 0, 1, 0, 0, 0]   recip=0
  signs [1, -1, 1]   d=-25917444/6375625   tuple=[0, 0, 0, 1, 0, 0, 0]   recip=0
  signs [1, -1, -1]   d=25917444/6375625   tuple=[0, 0, 0, 1, 0, 0, 0]   recip=0
  signs [-1, 1, 1]   d=-25917444/6375625   tuple=[0, 0, 0, 1, 0, 0, 0]   recip=0
  signs [-1, 1, -1]   d=25917444/6375625   tuple=[0, 0, 0, 1, 0, 0, 0]   recip=0
  signs [-1, -1, 1]   d=25917444/6375625   tuple=[0, 0, 0, 1, 0, 0, 0]   recip=0
  signs [-1, -1, -1]   d=-25917444/6375625   tuple=[0, 0, 0, 1, 0, 0, 0]   recip=0

---- d = e*f*g,  X = -10 ----
  signs [1, 1, 1]   d=25917444/6375625   tuple=[0, 0, 0, 0, 0, 0, 0]   recip=0
  signs [1, 1, -1]   d=-25917444/6375625   tuple=[1, 0, 0, 0, 0, 0, 1]   recip=0
  signs [1, -1, 1]   d=-25917444/6375625   tuple=[1, 0, 0, 0, 0, 0, 1]   recip=0
  signs [1, -1, -1]   d=25917444/6375625   tuple=[0, 0, 0, 0, 0, 0, 0]   recip=0
  signs [-1, 1, 1]   d=-25917444/6375625   tuple=[1, 0, 0, 0, 0, 0, 1]   recip=0
  signs [-1, 1, -1]   d=25917444/6375625   tuple=[0, 0, 0, 0, 0, 0, 0]   recip=0
  signs [-1, -1, 1]   d=25917444/6375625   tuple=[0, 0, 0, 0, 0, 0, 0]   recip=0
  signs [-1, -1, -1]   d=-25917444/6375625   tuple=[1, 0, 0, 0, 0, 0, 1]   recip=0

---- d = e*f*g,  X = 15 ----
  signs [1, 1, 1]   d=25917444/6375625   tuple=[0, 0, 0, 0, 0, 0, 0]   recip=0
  signs [1, 1, -1]   d=-25917444/6375625   tuple=[1, 1, 0, 0, 0, 0, 0]   recip=0
  signs [1, -1, 1]   d=-25917444/6375625   tuple=[1, 1, 0, 0, 0, 0, 0]   recip=0
  signs [1, -1, -1]   d=25917444/6375625   tuple=[0, 0, 0, 0, 0, 0, 0]   recip=0
  signs [-1, 1, 1]   d=-25917444/6375625   tuple=[1, 1, 0, 0, 0, 0, 0]   recip=0
  signs [-1, 1, -1]   d=25917444/6375625   tuple=[0, 0, 0, 0, 0, 0, 0]   recip=0
  signs [-1, -1, 1]   d=25917444/6375625   tuple=[0, 0, 0, 0, 0, 0, 0]   recip=0
  signs [-1, -1, -1]   d=-25917444/6375625   tuple=[1, 1, 0, 0, 0, 0, 0]   recip=0

##########################################
Fiber (73,24)
##########################################

---- d = e+f,  X = -1 ----
  signs [1, 1, 1]   d=8257/4753   tuple=[0, 0, 0, 0, 0, 0, 0]   recip=0
  signs [1, 1, -1]   d=8257/4753   tuple=[0, 0, 0, 0, 0, 0, 0]   recip=0
  signs [1, -1, 1]   d=-1249/4753   tuple=[1, 0, 0, 0, 0, 0, 1]   recip=0
  signs [1, -1, -1]   d=-1249/4753   tuple=[1, 0, 0, 0, 0, 0, 1]   recip=0
  signs [-1, 1, 1]   d=1249/4753   tuple=[0, 0, 0, 0, 0, 0, 0]   recip=0
  signs [-1, 1, -1]   d=1249/4753   tuple=[0, 0, 0, 0, 0, 0, 0]   recip=0
  signs [-1, -1, 1]   d=-8257/4753   tuple=[1, 0, 0, 0, 0, 0, 1]   recip=0
  signs [-1, -1, -1]   d=-8257/4753   tuple=[1, 0, 0, 0, 0, 0, 1]   recip=0

---- d = e+f,  X = 2 ----
  signs [1, 1, 1]   d=8257/4753   tuple=[0, 0, 0, 0, 0, 0, 0]   recip=0
  signs [1, 1, -1]   d=8257/4753   tuple=[0, 0, 0, 0, 0, 0, 0]   recip=0
  signs [1, -1, 1]   d=-1249/4753   tuple=[0, 0, 0, 0, 0, 0, 0]   recip=0
  signs [1, -1, -1]   d=-1249/4753   tuple=[0, 0, 0, 0, 0, 0, 0]   recip=0
  signs [-1, 1, 1]   d=1249/4753   tuple=[0, 0, 0, 0, 0, 0, 0]   recip=0
  signs [-1, 1, -1]   d=1249/4753   tuple=[0, 0, 0, 0, 0, 0, 0]   recip=0
  signs [-1, -1, 1]   d=-8257/4753   tuple=[0, 0, 0, 0, 0, 0, 0]   recip=0
  signs [-1, -1, -1]   d=-8257/4753   tuple=[0, 0, 0, 0, 0, 0, 0]   recip=0

---- d = e+f,  X = -2 ----
  signs [1, 1, 1]   d=8257/4753   tuple=[0, 0, 0, 0, 0, 0, 0]   recip=0
  signs [1, 1, -1]   d=8257/4753   tuple=[0, 0, 0, 0, 0, 0, 0]   recip=0
  signs [1, -1, 1]   d=-1249/4753   tuple=[1, 0, 0, 0, 0, 0, 1]   recip=0
  signs [1, -1, -1]   d=-1249/4753   tuple=[1, 0, 0, 0, 0, 0, 1]   recip=0
  signs [-1, 1, 1]   d=1249/4753   tuple=[0, 0, 0, 0, 0, 0, 0]   recip=0
  signs [-1, 1, -1]   d=1249/4753   tuple=[0, 0, 0, 0, 0, 0, 0]   recip=0
  signs [-1, -1, 1]   d=-8257/4753   tuple=[1, 0, 0, 0, 0, 0, 1]   recip=0
  signs [-1, -1, -1]   d=-8257/4753   tuple=[1, 0, 0, 0, 0, 0, 1]   recip=0

---- d = e+f,  X = 3 ----
  signs [1, 1, 1]   d=8257/4753   tuple=[0, 0, 0, 0, 0, 0, 0]   recip=0
  signs [1, 1, -1]   d=8257/4753   tuple=[0, 0, 0, 0, 0, 0, 0]   recip=0
  signs [1, -1, 1]   d=-1249/4753   tuple=[1, 1, 0, 0, 0, 0, 0]   recip=0
  signs [1, -1, -1]   d=-1249/4753   tuple=[1, 1, 0, 0, 0, 0, 0]   recip=0
  signs [-1, 1, 1]   d=1249/4753   tuple=[0, 0, 0, 0, 0, 0, 0]   recip=0
  signs [-1, 1, -1]   d=1249/4753   tuple=[0, 0, 0, 0, 0, 0, 0]   recip=0
  signs [-1, -1, 1]   d=-8257/4753   tuple=[1, 1, 0, 0, 0, 0, 0]   recip=0
  signs [-1, -1, -1]   d=-8257/4753   tuple=[1, 1, 0, 0, 0, 0, 0]   recip=0

---- d = e+f,  X = -3 ----
  signs [1, 1, 1]   d=8257/4753   tuple=[0, 0, 0, 0, 0, 0, 0]   recip=0
  signs [1, 1, -1]   d=8257/4753   tuple=[0, 0, 0, 0, 0, 0, 0]   recip=0
  signs [1, -1, 1]   d=-1249/4753   tuple=[0, 1, 0, 0, 0, 0, 1]   recip=0
  signs [1, -1, -1]   d=-1249/4753   tuple=[0, 1, 0, 0, 0, 0, 1]   recip=0
  signs [-1, 1, 1]   d=1249/4753   tuple=[0, 0, 0, 0, 0, 0, 0]   recip=0
  signs [-1, 1, -1]   d=1249/4753   tuple=[0, 0, 0, 0, 0, 0, 0]   recip=0
  signs [-1, -1, 1]   d=-8257/4753   tuple=[0, 1, 0, 0, 0, 0, 1]   recip=0
  signs [-1, -1, -1]   d=-8257/4753   tuple=[0, 1, 0, 0, 0, 0, 1]   recip=0

---- d = e+f,  X = 5 ----
  signs [1, 1, 1]   d=8257/4753   tuple=[0, 0, 0, 0, 0, 0, 0]   recip=0
  signs [1, 1, -1]   d=8257/4753   tuple=[0, 0, 0, 0, 0, 0, 0]   recip=0
  signs [1, -1, 1]   d=-1249/4753   tuple=[0, 0, 1, 0, 0, 0, 0]   recip=0
  signs [1, -1, -1]   d=-1249/4753   tuple=[0, 0, 1, 0, 0, 0, 0]   recip=0
  signs [-1, 1, 1]   d=1249/4753   tuple=[0, 0, 1, 0, 0, 0, 0]   recip=0
  signs [-1, 1, -1]   d=1249/4753   tuple=[0, 0, 1, 0, 0, 0, 0]   recip=0
  signs [-1, -1, 1]   d=-8257/4753   tuple=[0, 0, 0, 0, 0, 0, 0]   recip=0
  signs [-1, -1, -1]   d=-8257/4753   tuple=[0, 0, 0, 0, 0, 0, 0]   recip=0

---- d = e+f,  X = -5 ----
  signs [1, 1, 1]   d=8257/4753   tuple=[0, 0, 0, 0, 0, 0, 0]   recip=0
  signs [1, 1, -1]   d=8257/4753   tuple=[0, 0, 0, 0, 0, 0, 0]   recip=0
  signs [1, -1, 1]   d=-1249/4753   tuple=[1, 0, 1, 0, 0, 0, 1]   recip=0
  signs [1, -1, -1]   d=-1249/4753   tuple=[1, 0, 1, 0, 0, 0, 1]   recip=0
  signs [-1, 1, 1]   d=1249/4753   tuple=[0, 0, 1, 0, 0, 0, 0]   recip=0
  signs [-1, 1, -1]   d=1249/4753   tuple=[0, 0, 1, 0, 0, 0, 0]   recip=0
  signs [-1, -1, 1]   d=-8257/4753   tuple=[1, 0, 0, 0, 0, 0, 1]   recip=0
  signs [-1, -1, -1]   d=-8257/4753   tuple=[1, 0, 0, 0, 0, 0, 1]   recip=0

---- d = e+f,  X = 6 ----
  signs [1, 1, 1]   d=8257/4753   tuple=[0, 0, 0, 0, 0, 0, 0]   recip=0
  signs [1, 1, -1]   d=8257/4753   tuple=[0, 0, 0, 0, 0, 0, 0]   recip=0
  signs [1, -1, 1]   d=-1249/4753   tuple=[1, 1, 0, 0, 0, 0, 0]   recip=0
  signs [1, -1, -1]   d=-1249/4753   tuple=[1, 1, 0, 0, 0, 0, 0]   recip=0
  signs [-1, 1, 1]   d=1249/4753   tuple=[0, 0, 0, 0, 0, 0, 0]   recip=0
  signs [-1, 1, -1]   d=1249/4753   tuple=[0, 0, 0, 0, 0, 0, 0]   recip=0
  signs [-1, -1, 1]   d=-8257/4753   tuple=[1, 1, 0, 0, 0, 0, 0]   recip=0
  signs [-1, -1, -1]   d=-8257/4753   tuple=[1, 1, 0, 0, 0, 0, 0]   recip=0

---- d = e+f,  X = -6 ----
  signs [1, 1, 1]   d=8257/4753   tuple=[0, 0, 0, 0, 0, 0, 0]   recip=0
  signs [1, 1, -1]   d=8257/4753   tuple=[0, 0, 0, 0, 0, 0, 0]   recip=0
  signs [1, -1, 1]   d=-1249/4753   tuple=[0, 1, 0, 0, 0, 0, 1]   recip=0
  signs [1, -1, -1]   d=-1249/4753   tuple=[0, 1, 0, 0, 0, 0, 1]   recip=0
  signs [-1, 1, 1]   d=1249/4753   tuple=[0, 0, 0, 0, 0, 0, 0]   recip=0
  signs [-1, 1, -1]   d=1249/4753   tuple=[0, 0, 0, 0, 0, 0, 0]   recip=0
  signs [-1, -1, 1]   d=-8257/4753   tuple=[0, 1, 0, 0, 0, 0, 1]   recip=0
  signs [-1, -1, -1]   d=-8257/4753   tuple=[0, 1, 0, 0, 0, 0, 1]   recip=0

---- d = e+f,  X = 7 ----
  signs [1, 1, 1]   d=8257/4753   tuple=[0, 0, 0, 1, 0, 0, 0]   recip=0
  signs [1, 1, -1]   d=8257/4753   tuple=[0, 0, 0, 1, 0, 0, 0]   recip=0
  signs [1, -1, 1]   d=-1249/4753   tuple=[1, 0, 0, 1, 0, 0, 0]   recip=0
  signs [1, -1, -1]   d=-1249/4753   tuple=[1, 0, 0, 1, 0, 0, 0]   recip=0
  signs [-1, 1, 1]   d=1249/4753   tuple=[0, 0, 0, 0, 0, 0, 0]   recip=0
  signs [-1, 1, -1]   d=1249/4753   tuple=[0, 0, 0, 0, 0, 0, 0]   recip=0
  signs [-1, -1, 1]   d=-8257/4753   tuple=[1, 0, 0, 0, 0, 0, 0]   recip=0
  signs [-1, -1, -1]   d=-8257/4753   tuple=[1, 0, 0, 0, 0, 0, 0]   recip=0

---- d = e+f,  X = -7 ----
  signs [1, 1, 1]   d=8257/4753   tuple=[0, 0, 0, 1, 0, 0, 0]   recip=0
  signs [1, 1, -1]   d=8257/4753   tuple=[0, 0, 0, 1, 0, 0, 0]   recip=0
  signs [1, -1, 1]   d=-1249/4753   tuple=[0, 0, 0, 1, 0, 0, 1]   recip=0
  signs [1, -1, -1]   d=-1249/4753   tuple=[0, 0, 0, 1, 0, 0, 1]   recip=0
  signs [-1, 1, 1]   d=1249/4753   tuple=[0, 0, 0, 0, 0, 0, 0]   recip=0
  signs [-1, 1, -1]   d=1249/4753   tuple=[0, 0, 0, 0, 0, 0, 0]   recip=0
  signs [-1, -1, 1]   d=-8257/4753   tuple=[0, 0, 0, 0, 0, 0, 1]   recip=0
  signs [-1, -1, -1]   d=-8257/4753   tuple=[0, 0, 0, 0, 0, 0, 1]   recip=0

---- d = e+f,  X = 10 ----
  signs [1, 1, 1]   d=8257/4753   tuple=[0, 0, 0, 0, 0, 0, 0]   recip=0
  signs [1, 1, -1]   d=8257/4753   tuple=[0, 0, 0, 0, 0, 0, 0]   recip=0
  signs [1, -1, 1]   d=-1249/4753   tuple=[0, 0, 1, 0, 0, 0, 0]   recip=0
  signs [1, -1, -1]   d=-1249/4753   tuple=[0, 0, 1, 0, 0, 0, 0]   recip=0
  signs [-1, 1, 1]   d=1249/4753   tuple=[0, 0, 1, 0, 0, 0, 0]   recip=0
  signs [-1, 1, -1]   d=1249/4753   tuple=[0, 0, 1, 0, 0, 0, 0]   recip=0
  signs [-1, -1, 1]   d=-8257/4753   tuple=[0, 0, 0, 0, 0, 0, 0]   recip=0
  signs [-1, -1, -1]   d=-8257/4753   tuple=[0, 0, 0, 0, 0, 0, 0]   recip=0

---- d = e+f,  X = -10 ----
  signs [1, 1, 1]   d=8257/4753   tuple=[0, 0, 0, 0, 0, 0, 0]   recip=0
  signs [1, 1, -1]   d=8257/4753   tuple=[0, 0, 0, 0, 0, 0, 0]   recip=0
  signs [1, -1, 1]   d=-1249/4753   tuple=[1, 0, 1, 0, 0, 0, 1]   recip=0
  signs [1, -1, -1]   d=-1249/4753   tuple=[1, 0, 1, 0, 0, 0, 1]   recip=0
  signs [-1, 1, 1]   d=1249/4753   tuple=[0, 0, 1, 0, 0, 0, 0]   recip=0
  signs [-1, 1, -1]   d=1249/4753   tuple=[0, 0, 1, 0, 0, 0, 0]   recip=0
  signs [-1, -1, 1]   d=-8257/4753   tuple=[1, 0, 0, 0, 0, 0, 1]   recip=0
  signs [-1, -1, -1]   d=-8257/4753   tuple=[1, 0, 0, 0, 0, 0, 1]   recip=0

---- d = e+f,  X = 15 ----
  signs [1, 1, 1]   d=8257/4753   tuple=[0, 0, 0, 0, 0, 0, 0]   recip=0
  signs [1, 1, -1]   d=8257/4753   tuple=[0, 0, 0, 0, 0, 0, 0]   recip=0
  signs [1, -1, 1]   d=-1249/4753   tuple=[1, 1, 1, 0, 0, 0, 0]   recip=0
  signs [1, -1, -1]   d=-1249/4753   tuple=[1, 1, 1, 0, 0, 0, 0]   recip=0
  signs [-1, 1, 1]   d=1249/4753   tuple=[0, 0, 1, 0, 0, 0, 0]   recip=0
  signs [-1, 1, -1]   d=1249/4753   tuple=[0, 0, 1, 0, 0, 0, 0]   recip=0
  signs [-1, -1, 1]   d=-8257/4753   tuple=[1, 1, 0, 0, 0, 0, 0]   recip=0
  signs [-1, -1, -1]   d=-8257/4753   tuple=[1, 1, 0, 0, 0, 0, 0]   recip=0

---- d = e-f,  X = -1 ----
  signs [1, 1, 1]   d=-1249/4753   tuple=[1, 0, 0, 0, 0, 0, 1]   recip=0
  signs [1, 1, -1]   d=-1249/4753   tuple=[1, 0, 0, 0, 0, 0, 1]   recip=0
  signs [1, -1, 1]   d=8257/4753   tuple=[0, 0, 0, 0, 0, 0, 0]   recip=0
  signs [1, -1, -1]   d=8257/4753   tuple=[0, 0, 0, 0, 0, 0, 0]   recip=0
  signs [-1, 1, 1]   d=-8257/4753   tuple=[1, 0, 0, 0, 0, 0, 1]   recip=0
  signs [-1, 1, -1]   d=-8257/4753   tuple=[1, 0, 0, 0, 0, 0, 1]   recip=0
  signs [-1, -1, 1]   d=1249/4753   tuple=[0, 0, 0, 0, 0, 0, 0]   recip=0
  signs [-1, -1, -1]   d=1249/4753   tuple=[0, 0, 0, 0, 0, 0, 0]   recip=0

---- d = e-f,  X = 2 ----
  signs [1, 1, 1]   d=-1249/4753   tuple=[0, 0, 0, 0, 0, 0, 0]   recip=0
  signs [1, 1, -1]   d=-1249/4753   tuple=[0, 0, 0, 0, 0, 0, 0]   recip=0
  signs [1, -1, 1]   d=8257/4753   tuple=[0, 0, 0, 0, 0, 0, 0]   recip=0
  signs [1, -1, -1]   d=8257/4753   tuple=[0, 0, 0, 0, 0, 0, 0]   recip=0
  signs [-1, 1, 1]   d=-8257/4753   tuple=[0, 0, 0, 0, 0, 0, 0]   recip=0
  signs [-1, 1, -1]   d=-8257/4753   tuple=[0, 0, 0, 0, 0, 0, 0]   recip=0
  signs [-1, -1, 1]   d=1249/4753   tuple=[0, 0, 0, 0, 0, 0, 0]   recip=0
  signs [-1, -1, -1]   d=1249/4753   tuple=[0, 0, 0, 0, 0, 0, 0]   recip=0

---- d = e-f,  X = -2 ----
  signs [1, 1, 1]   d=-1249/4753   tuple=[1, 0, 0, 0, 0, 0, 1]   recip=0
  signs [1, 1, -1]   d=-1249/4753   tuple=[1, 0, 0, 0, 0, 0, 1]   recip=0
  signs [1, -1, 1]   d=8257/4753   tuple=[0, 0, 0, 0, 0, 0, 0]   recip=0
  signs [1, -1, -1]   d=8257/4753   tuple=[0, 0, 0, 0, 0, 0, 0]   recip=0
  signs [-1, 1, 1]   d=-8257/4753   tuple=[1, 0, 0, 0, 0, 0, 1]   recip=0
  signs [-1, 1, -1]   d=-8257/4753   tuple=[1, 0, 0, 0, 0, 0, 1]   recip=0
  signs [-1, -1, 1]   d=1249/4753   tuple=[0, 0, 0, 0, 0, 0, 0]   recip=0
  signs [-1, -1, -1]   d=1249/4753   tuple=[0, 0, 0, 0, 0, 0, 0]   recip=0

---- d = e-f,  X = 3 ----
  signs [1, 1, 1]   d=-1249/4753   tuple=[1, 1, 0, 0, 0, 0, 0]   recip=0
  signs [1, 1, -1]   d=-1249/4753   tuple=[1, 1, 0, 0, 0, 0, 0]   recip=0
  signs [1, -1, 1]   d=8257/4753   tuple=[0, 0, 0, 0, 0, 0, 0]   recip=0
  signs [1, -1, -1]   d=8257/4753   tuple=[0, 0, 0, 0, 0, 0, 0]   recip=0
  signs [-1, 1, 1]   d=-8257/4753   tuple=[1, 1, 0, 0, 0, 0, 0]   recip=0
  signs [-1, 1, -1]   d=-8257/4753   tuple=[1, 1, 0, 0, 0, 0, 0]   recip=0
  signs [-1, -1, 1]   d=1249/4753   tuple=[0, 0, 0, 0, 0, 0, 0]   recip=0
  signs [-1, -1, -1]   d=1249/4753   tuple=[0, 0, 0, 0, 0, 0, 0]   recip=0

---- d = e-f,  X = -3 ----
  signs [1, 1, 1]   d=-1249/4753   tuple=[0, 1, 0, 0, 0, 0, 1]   recip=0
  signs [1, 1, -1]   d=-1249/4753   tuple=[0, 1, 0, 0, 0, 0, 1]   recip=0
  signs [1, -1, 1]   d=8257/4753   tuple=[0, 0, 0, 0, 0, 0, 0]   recip=0
  signs [1, -1, -1]   d=8257/4753   tuple=[0, 0, 0, 0, 0, 0, 0]   recip=0
  signs [-1, 1, 1]   d=-8257/4753   tuple=[0, 1, 0, 0, 0, 0, 1]   recip=0
  signs [-1, 1, -1]   d=-8257/4753   tuple=[0, 1, 0, 0, 0, 0, 1]   recip=0
  signs [-1, -1, 1]   d=1249/4753   tuple=[0, 0, 0, 0, 0, 0, 0]   recip=0
  signs [-1, -1, -1]   d=1249/4753   tuple=[0, 0, 0, 0, 0, 0, 0]   recip=0

---- d = e-f,  X = 5 ----
  signs [1, 1, 1]   d=-1249/4753   tuple=[0, 0, 1, 0, 0, 0, 0]   recip=0
  signs [1, 1, -1]   d=-1249/4753   tuple=[0, 0, 1, 0, 0, 0, 0]   recip=0
  signs [1, -1, 1]   d=8257/4753   tuple=[0, 0, 0, 0, 0, 0, 0]   recip=0
  signs [1, -1, -1]   d=8257/4753   tuple=[0, 0, 0, 0, 0, 0, 0]   recip=0
  signs [-1, 1, 1]   d=-8257/4753   tuple=[0, 0, 0, 0, 0, 0, 0]   recip=0
  signs [-1, 1, -1]   d=-8257/4753   tuple=[0, 0, 0, 0, 0, 0, 0]   recip=0
  signs [-1, -1, 1]   d=1249/4753   tuple=[0, 0, 1, 0, 0, 0, 0]   recip=0
  signs [-1, -1, -1]   d=1249/4753   tuple=[0, 0, 1, 0, 0, 0, 0]   recip=0

---- d = e-f,  X = -5 ----
  signs [1, 1, 1]   d=-1249/4753   tuple=[1, 0, 1, 0, 0, 0, 1]   recip=0
  signs [1, 1, -1]   d=-1249/4753   tuple=[1, 0, 1, 0, 0, 0, 1]   recip=0
  signs [1, -1, 1]   d=8257/4753   tuple=[0, 0, 0, 0, 0, 0, 0]   recip=0
  signs [1, -1, -1]   d=8257/4753   tuple=[0, 0, 0, 0, 0, 0, 0]   recip=0
  signs [-1, 1, 1]   d=-8257/4753   tuple=[1, 0, 0, 0, 0, 0, 1]   recip=0
  signs [-1, 1, -1]   d=-8257/4753   tuple=[1, 0, 0, 0, 0, 0, 1]   recip=0
  signs [-1, -1, 1]   d=1249/4753   tuple=[0, 0, 1, 0, 0, 0, 0]   recip=0
  signs [-1, -1, -1]   d=1249/4753   tuple=[0, 0, 1, 0, 0, 0, 0]   recip=0

---- d = e-f,  X = 6 ----
  signs [1, 1, 1]   d=-1249/4753   tuple=[1, 1, 0, 0, 0, 0, 0]   recip=0
  signs [1, 1, -1]   d=-1249/4753   tuple=[1, 1, 0, 0, 0, 0, 0]   recip=0
  signs [1, -1, 1]   d=8257/4753   tuple=[0, 0, 0, 0, 0, 0, 0]   recip=0
  signs [1, -1, -1]   d=8257/4753   tuple=[0, 0, 0, 0, 0, 0, 0]   recip=0
  signs [-1, 1, 1]   d=-8257/4753   tuple=[1, 1, 0, 0, 0, 0, 0]   recip=0
  signs [-1, 1, -1]   d=-8257/4753   tuple=[1, 1, 0, 0, 0, 0, 0]   recip=0
  signs [-1, -1, 1]   d=1249/4753   tuple=[0, 0, 0, 0, 0, 0, 0]   recip=0
  signs [-1, -1, -1]   d=1249/4753   tuple=[0, 0, 0, 0, 0, 0, 0]   recip=0

---- d = e-f,  X = -6 ----
  signs [1, 1, 1]   d=-1249/4753   tuple=[0, 1, 0, 0, 0, 0, 1]   recip=0
  signs [1, 1, -1]   d=-1249/4753   tuple=[0, 1, 0, 0, 0, 0, 1]   recip=0
  signs [1, -1, 1]   d=8257/4753   tuple=[0, 0, 0, 0, 0, 0, 0]   recip=0
  signs [1, -1, -1]   d=8257/4753   tuple=[0, 0, 0, 0, 0, 0, 0]   recip=0
  signs [-1, 1, 1]   d=-8257/4753   tuple=[0, 1, 0, 0, 0, 0, 1]   recip=0
  signs [-1, 1, -1]   d=-8257/4753   tuple=[0, 1, 0, 0, 0, 0, 1]   recip=0
  signs [-1, -1, 1]   d=1249/4753   tuple=[0, 0, 0, 0, 0, 0, 0]   recip=0
  signs [-1, -1, -1]   d=1249/4753   tuple=[0, 0, 0, 0, 0, 0, 0]   recip=0

---- d = e-f,  X = 7 ----
  signs [1, 1, 1]   d=-1249/4753   tuple=[1, 0, 0, 1, 0, 0, 0]   recip=0
  signs [1, 1, -1]   d=-1249/4753   tuple=[1, 0, 0, 1, 0, 0, 0]   recip=0
  signs [1, -1, 1]   d=8257/4753   tuple=[0, 0, 0, 1, 0, 0, 0]   recip=0
  signs [1, -1, -1]   d=8257/4753   tuple=[0, 0, 0, 1, 0, 0, 0]   recip=0
  signs [-1, 1, 1]   d=-8257/4753   tuple=[1, 0, 0, 0, 0, 0, 0]   recip=0
  signs [-1, 1, -1]   d=-8257/4753   tuple=[1, 0, 0, 0, 0, 0, 0]   recip=0
  signs [-1, -1, 1]   d=1249/4753   tuple=[0, 0, 0, 0, 0, 0, 0]   recip=0
  signs [-1, -1, -1]   d=1249/4753   tuple=[0, 0, 0, 0, 0, 0, 0]   recip=0

---- d = e-f,  X = -7 ----
  signs [1, 1, 1]   d=-1249/4753   tuple=[0, 0, 0, 1, 0, 0, 1]   recip=0
  signs [1, 1, -1]   d=-1249/4753   tuple=[0, 0, 0, 1, 0, 0, 1]   recip=0
  signs [1, -1, 1]   d=8257/4753   tuple=[0, 0, 0, 1, 0, 0, 0]   recip=0
  signs [1, -1, -1]   d=8257/4753   tuple=[0, 0, 0, 1, 0, 0, 0]   recip=0
  signs [-1, 1, 1]   d=-8257/4753   tuple=[0, 0, 0, 0, 0, 0, 1]   recip=0
  signs [-1, 1, -1]   d=-8257/4753   tuple=[0, 0, 0, 0, 0, 0, 1]   recip=0
  signs [-1, -1, 1]   d=1249/4753   tuple=[0, 0, 0, 0, 0, 0, 0]   recip=0
  signs [-1, -1, -1]   d=1249/4753   tuple=[0, 0, 0, 0, 0, 0, 0]   recip=0

---- d = e-f,  X = 10 ----
  signs [1, 1, 1]   d=-1249/4753   tuple=[0, 0, 1, 0, 0, 0, 0]   recip=0
  signs [1, 1, -1]   d=-1249/4753   tuple=[0, 0, 1, 0, 0, 0, 0]   recip=0
  signs [1, -1, 1]   d=8257/4753   tuple=[0, 0, 0, 0, 0, 0, 0]   recip=0
  signs [1, -1, -1]   d=8257/4753   tuple=[0, 0, 0, 0, 0, 0, 0]   recip=0
  signs [-1, 1, 1]   d=-8257/4753   tuple=[0, 0, 0, 0, 0, 0, 0]   recip=0
  signs [-1, 1, -1]   d=-8257/4753   tuple=[0, 0, 0, 0, 0, 0, 0]   recip=0
  signs [-1, -1, 1]   d=1249/4753   tuple=[0, 0, 1, 0, 0, 0, 0]   recip=0
  signs [-1, -1, -1]   d=1249/4753   tuple=[0, 0, 1, 0, 0, 0, 0]   recip=0

---- d = e-f,  X = -10 ----
  signs [1, 1, 1]   d=-1249/4753   tuple=[1, 0, 1, 0, 0, 0, 1]   recip=0
  signs [1, 1, -1]   d=-1249/4753   tuple=[1, 0, 1, 0, 0, 0, 1]   recip=0
  signs [1, -1, 1]   d=8257/4753   tuple=[0, 0, 0, 0, 0, 0, 0]   recip=0
  signs [1, -1, -1]   d=8257/4753   tuple=[0, 0, 0, 0, 0, 0, 0]   recip=0
  signs [-1, 1, 1]   d=-8257/4753   tuple=[1, 0, 0, 0, 0, 0, 1]   recip=0
  signs [-1, 1, -1]   d=-8257/4753   tuple=[1, 0, 0, 0, 0, 0, 1]   recip=0
  signs [-1, -1, 1]   d=1249/4753   tuple=[0, 0, 1, 0, 0, 0, 0]   recip=0
  signs [-1, -1, -1]   d=1249/4753   tuple=[0, 0, 1, 0, 0, 0, 0]   recip=0

---- d = e-f,  X = 15 ----
  signs [1, 1, 1]   d=-1249/4753   tuple=[1, 1, 1, 0, 0, 0, 0]   recip=0
  signs [1, 1, -1]   d=-1249/4753   tuple=[1, 1, 1, 0, 0, 0, 0]   recip=0
  signs [1, -1, 1]   d=8257/4753   tuple=[0, 0, 0, 0, 0, 0, 0]   recip=0
  signs [1, -1, -1]   d=8257/4753   tuple=[0, 0, 0, 0, 0, 0, 0]   recip=0
  signs [-1, 1, 1]   d=-8257/4753   tuple=[1, 1, 0, 0, 0, 0, 0]   recip=0
  signs [-1, 1, -1]   d=-8257/4753   tuple=[1, 1, 0, 0, 0, 0, 0]   recip=0
  signs [-1, -1, 1]   d=1249/4753   tuple=[0, 0, 1, 0, 0, 0, 0]   recip=0
  signs [-1, -1, -1]   d=1249/4753   tuple=[0, 0, 1, 0, 0, 0, 0]   recip=0

---- d = e+g,  X = -1 ----
  signs [1, 1, 1]   d=97/49   tuple=[0, 0, 0, 0, 0, 0, 0]   recip=0
  signs [1, 1, -1]   d=-49/97   tuple=[1, 0, 0, 0, 0, 0, 1]   recip=0
  signs [1, -1, 1]   d=97/49   tuple=[0, 0, 0, 0, 0, 0, 0]   recip=0
  signs [1, -1, -1]   d=-49/97   tuple=[1, 0, 0, 0, 0, 0, 1]   recip=0
  signs [-1, 1, 1]   d=49/97   tuple=[0, 0, 0, 0, 0, 0, 0]   recip=0
  signs [-1, 1, -1]   d=-97/49   tuple=[1, 0, 0, 0, 0, 0, 1]   recip=0
  signs [-1, -1, 1]   d=49/97   tuple=[0, 0, 0, 0, 0, 0, 0]   recip=0
  signs [-1, -1, -1]   d=-97/49   tuple=[1, 0, 0, 0, 0, 0, 1]   recip=0

---- d = e+g,  X = 2 ----
  signs [1, 1, 1]   d=97/49   tuple=[0, 0, 0, 0, 0, 0, 0]   recip=0
  signs [1, 1, -1]   d=-49/97   tuple=[0, 0, 0, 0, 0, 0, 0]   recip=0
  signs [1, -1, 1]   d=97/49   tuple=[0, 0, 0, 0, 0, 0, 0]   recip=0
  signs [1, -1, -1]   d=-49/97   tuple=[0, 0, 0, 0, 0, 0, 0]   recip=0
  signs [-1, 1, 1]   d=49/97   tuple=[0, 0, 0, 0, 0, 0, 0]   recip=0
  signs [-1, 1, -1]   d=-97/49   tuple=[0, 0, 0, 0, 0, 0, 0]   recip=0
  signs [-1, -1, 1]   d=49/97   tuple=[0, 0, 0, 0, 0, 0, 0]   recip=0
  signs [-1, -1, -1]   d=-97/49   tuple=[0, 0, 0, 0, 0, 0, 0]   recip=0

---- d = e+g,  X = -2 ----
  signs [1, 1, 1]   d=97/49   tuple=[0, 0, 0, 0, 0, 0, 0]   recip=0
  signs [1, 1, -1]   d=-49/97   tuple=[1, 0, 0, 0, 0, 0, 1]   recip=0
  signs [1, -1, 1]   d=97/49   tuple=[0, 0, 0, 0, 0, 0, 0]   recip=0
  signs [1, -1, -1]   d=-49/97   tuple=[1, 0, 0, 0, 0, 0, 1]   recip=0
  signs [-1, 1, 1]   d=49/97   tuple=[0, 0, 0, 0, 0, 0, 0]   recip=0
  signs [-1, 1, -1]   d=-97/49   tuple=[1, 0, 0, 0, 0, 0, 1]   recip=0
  signs [-1, -1, 1]   d=49/97   tuple=[0, 0, 0, 0, 0, 0, 0]   recip=0
  signs [-1, -1, -1]   d=-97/49   tuple=[1, 0, 0, 0, 0, 0, 1]   recip=0

---- d = e+g,  X = 3 ----
  signs [1, 1, 1]   d=97/49   tuple=[0, 0, 0, 0, 0, 0, 0]   recip=0
  signs [1, 1, -1]   d=-49/97   tuple=[1, 1, 0, 0, 0, 0, 0]   recip=0
  signs [1, -1, 1]   d=97/49   tuple=[0, 0, 0, 0, 0, 0, 0]   recip=0
  signs [1, -1, -1]   d=-49/97   tuple=[1, 1, 0, 0, 0, 0, 0]   recip=0
  signs [-1, 1, 1]   d=49/97   tuple=[0, 0, 0, 0, 0, 0, 0]   recip=0
  signs [-1, 1, -1]   d=-97/49   tuple=[1, 1, 0, 0, 0, 0, 0]   recip=0
  signs [-1, -1, 1]   d=49/97   tuple=[0, 0, 0, 0, 0, 0, 0]   recip=0
  signs [-1, -1, -1]   d=-97/49   tuple=[1, 1, 0, 0, 0, 0, 0]   recip=0

---- d = e+g,  X = -3 ----
  signs [1, 1, 1]   d=97/49   tuple=[0, 0, 0, 0, 0, 0, 0]   recip=0
  signs [1, 1, -1]   d=-49/97   tuple=[0, 1, 0, 0, 0, 0, 1]   recip=0
  signs [1, -1, 1]   d=97/49   tuple=[0, 0, 0, 0, 0, 0, 0]   recip=0
  signs [1, -1, -1]   d=-49/97   tuple=[0, 1, 0, 0, 0, 0, 1]   recip=0
  signs [-1, 1, 1]   d=49/97   tuple=[0, 0, 0, 0, 0, 0, 0]   recip=0
  signs [-1, 1, -1]   d=-97/49   tuple=[0, 1, 0, 0, 0, 0, 1]   recip=0
  signs [-1, -1, 1]   d=49/97   tuple=[0, 0, 0, 0, 0, 0, 0]   recip=0
  signs [-1, -1, -1]   d=-97/49   tuple=[0, 1, 0, 0, 0, 0, 1]   recip=0

---- d = e+g,  X = 5 ----
  signs [1, 1, 1]   d=97/49   tuple=[0, 0, 1, 0, 0, 0, 0]   recip=0
  signs [1, 1, -1]   d=-49/97   tuple=[0, 0, 1, 0, 0, 0, 0]   recip=0
  signs [1, -1, 1]   d=97/49   tuple=[0, 0, 1, 0, 0, 0, 0]   recip=0
  signs [1, -1, -1]   d=-49/97   tuple=[0, 0, 1, 0, 0, 0, 0]   recip=0
  signs [-1, 1, 1]   d=49/97   tuple=[0, 0, 1, 0, 0, 0, 0]   recip=0
  signs [-1, 1, -1]   d=-97/49   tuple=[0, 0, 1, 0, 0, 0, 0]   recip=0
  signs [-1, -1, 1]   d=49/97   tuple=[0, 0, 1, 0, 0, 0, 0]   recip=0
  signs [-1, -1, -1]   d=-97/49   tuple=[0, 0, 1, 0, 0, 0, 0]   recip=0

---- d = e+g,  X = -5 ----
  signs [1, 1, 1]   d=97/49   tuple=[0, 0, 1, 0, 0, 0, 0]   recip=0
  signs [1, 1, -1]   d=-49/97   tuple=[1, 0, 1, 0, 0, 0, 1]   recip=0
  signs [1, -1, 1]   d=97/49   tuple=[0, 0, 1, 0, 0, 0, 0]   recip=0
  signs [1, -1, -1]   d=-49/97   tuple=[1, 0, 1, 0, 0, 0, 1]   recip=0
  signs [-1, 1, 1]   d=49/97   tuple=[0, 0, 1, 0, 0, 0, 0]   recip=0
  signs [-1, 1, -1]   d=-97/49   tuple=[1, 0, 1, 0, 0, 0, 1]   recip=0
  signs [-1, -1, 1]   d=49/97   tuple=[0, 0, 1, 0, 0, 0, 0]   recip=0
  signs [-1, -1, -1]   d=-97/49   tuple=[1, 0, 1, 0, 0, 0, 1]   recip=0

---- d = e+g,  X = 6 ----
  signs [1, 1, 1]   d=97/49   tuple=[0, 0, 0, 0, 0, 0, 0]   recip=0
  signs [1, 1, -1]   d=-49/97   tuple=[1, 1, 0, 0, 0, 0, 0]   recip=0
  signs [1, -1, 1]   d=97/49   tuple=[0, 0, 0, 0, 0, 0, 0]   recip=0
  signs [1, -1, -1]   d=-49/97   tuple=[1, 1, 0, 0, 0, 0, 0]   recip=0
  signs [-1, 1, 1]   d=49/97   tuple=[0, 0, 0, 0, 0, 0, 0]   recip=0
  signs [-1, 1, -1]   d=-97/49   tuple=[1, 1, 0, 0, 0, 0, 0]   recip=0
  signs [-1, -1, 1]   d=49/97   tuple=[0, 0, 0, 0, 0, 0, 0]   recip=0
  signs [-1, -1, -1]   d=-97/49   tuple=[1, 1, 0, 0, 0, 0, 0]   recip=0

---- d = e+g,  X = -6 ----
  signs [1, 1, 1]   d=97/49   tuple=[0, 0, 0, 0, 0, 0, 0]   recip=0
  signs [1, 1, -1]   d=-49/97   tuple=[0, 1, 0, 0, 0, 0, 1]   recip=0
  signs [1, -1, 1]   d=97/49   tuple=[0, 0, 0, 0, 0, 0, 0]   recip=0
  signs [1, -1, -1]   d=-49/97   tuple=[0, 1, 0, 0, 0, 0, 1]   recip=0
  signs [-1, 1, 1]   d=49/97   tuple=[0, 0, 0, 0, 0, 0, 0]   recip=0
  signs [-1, 1, -1]   d=-97/49   tuple=[0, 1, 0, 0, 0, 0, 1]   recip=0
  signs [-1, -1, 1]   d=49/97   tuple=[0, 0, 0, 0, 0, 0, 0]   recip=0
  signs [-1, -1, -1]   d=-97/49   tuple=[0, 1, 0, 0, 0, 0, 1]   recip=0

---- d = e+g,  X = 7 ----
  signs [1, 1, 1]   d=97/49   tuple=[0, 0, 0, 1, 0, 0, 0]   recip=0
  signs [1, 1, -1]   d=-49/97   tuple=[1, 0, 0, 0, 0, 0, 0]   recip=0
  signs [1, -1, 1]   d=97/49   tuple=[0, 0, 0, 1, 0, 0, 0]   recip=0
  signs [1, -1, -1]   d=-49/97   tuple=[1, 0, 0, 0, 0, 0, 0]   recip=0
  signs [-1, 1, 1]   d=49/97   tuple=[0, 0, 0, 1, 0, 0, 0]   recip=0
  signs [-1, 1, -1]   d=-97/49   tuple=[1, 0, 0, 0, 0, 0, 0]   recip=0
  signs [-1, -1, 1]   d=49/97   tuple=[0, 0, 0, 1, 0, 0, 0]   recip=0
  signs [-1, -1, -1]   d=-97/49   tuple=[1, 0, 0, 0, 0, 0, 0]   recip=0

---- d = e+g,  X = -7 ----
  signs [1, 1, 1]   d=97/49   tuple=[0, 0, 0, 1, 0, 0, 0]   recip=0
  signs [1, 1, -1]   d=-49/97   tuple=[0, 0, 0, 0, 0, 0, 1]   recip=0
  signs [1, -1, 1]   d=97/49   tuple=[0, 0, 0, 1, 0, 0, 0]   recip=0
  signs [1, -1, -1]   d=-49/97   tuple=[0, 0, 0, 0, 0, 0, 1]   recip=0
  signs [-1, 1, 1]   d=49/97   tuple=[0, 0, 0, 1, 0, 0, 0]   recip=0
  signs [-1, 1, -1]   d=-97/49   tuple=[0, 0, 0, 0, 0, 0, 1]   recip=0
  signs [-1, -1, 1]   d=49/97   tuple=[0, 0, 0, 1, 0, 0, 0]   recip=0
  signs [-1, -1, -1]   d=-97/49   tuple=[0, 0, 0, 0, 0, 0, 1]   recip=0

---- d = e+g,  X = 10 ----
  signs [1, 1, 1]   d=97/49   tuple=[0, 0, 1, 0, 0, 0, 0]   recip=0
  signs [1, 1, -1]   d=-49/97   tuple=[0, 0, 1, 0, 0, 0, 0]   recip=0
  signs [1, -1, 1]   d=97/49   tuple=[0, 0, 1, 0, 0, 0, 0]   recip=0
  signs [1, -1, -1]   d=-49/97   tuple=[0, 0, 1, 0, 0, 0, 0]   recip=0
  signs [-1, 1, 1]   d=49/97   tuple=[0, 0, 1, 0, 0, 0, 0]   recip=0
  signs [-1, 1, -1]   d=-97/49   tuple=[0, 0, 1, 0, 0, 0, 0]   recip=0
  signs [-1, -1, 1]   d=49/97   tuple=[0, 0, 1, 0, 0, 0, 0]   recip=0
  signs [-1, -1, -1]   d=-97/49   tuple=[0, 0, 1, 0, 0, 0, 0]   recip=0

---- d = e+g,  X = -10 ----
  signs [1, 1, 1]   d=97/49   tuple=[0, 0, 1, 0, 0, 0, 0]   recip=0
  signs [1, 1, -1]   d=-49/97   tuple=[1, 0, 1, 0, 0, 0, 1]   recip=0
  signs [1, -1, 1]   d=97/49   tuple=[0, 0, 1, 0, 0, 0, 0]   recip=0
  signs [1, -1, -1]   d=-49/97   tuple=[1, 0, 1, 0, 0, 0, 1]   recip=0
  signs [-1, 1, 1]   d=49/97   tuple=[0, 0, 1, 0, 0, 0, 0]   recip=0
  signs [-1, 1, -1]   d=-97/49   tuple=[1, 0, 1, 0, 0, 0, 1]   recip=0
  signs [-1, -1, 1]   d=49/97   tuple=[0, 0, 1, 0, 0, 0, 0]   recip=0
  signs [-1, -1, -1]   d=-97/49   tuple=[1, 0, 1, 0, 0, 0, 1]   recip=0

---- d = e+g,  X = 15 ----
  signs [1, 1, 1]   d=97/49   tuple=[0, 0, 1, 0, 0, 0, 0]   recip=0
  signs [1, 1, -1]   d=-49/97   tuple=[1, 1, 1, 0, 0, 0, 0]   recip=0
  signs [1, -1, 1]   d=97/49   tuple=[0, 0, 1, 0, 0, 0, 0]   recip=0
  signs [1, -1, -1]   d=-49/97   tuple=[1, 1, 1, 0, 0, 0, 0]   recip=0
  signs [-1, 1, 1]   d=49/97   tuple=[0, 0, 1, 0, 0, 0, 0]   recip=0
  signs [-1, 1, -1]   d=-97/49   tuple=[1, 1, 1, 0, 0, 0, 0]   recip=0
  signs [-1, -1, 1]   d=49/97   tuple=[0, 0, 1, 0, 0, 0, 0]   recip=0
  signs [-1, -1, -1]   d=-97/49   tuple=[1, 1, 1, 0, 0, 0, 0]   recip=0

---- d = e-g,  X = -1 ----
  signs [1, 1, 1]   d=-49/97   tuple=[1, 0, 0, 0, 0, 0, 1]   recip=0
  signs [1, 1, -1]   d=97/49   tuple=[0, 0, 0, 0, 0, 0, 0]   recip=0
  signs [1, -1, 1]   d=-49/97   tuple=[1, 0, 0, 0, 0, 0, 1]   recip=0
  signs [1, -1, -1]   d=97/49   tuple=[0, 0, 0, 0, 0, 0, 0]   recip=0
  signs [-1, 1, 1]   d=-97/49   tuple=[1, 0, 0, 0, 0, 0, 1]   recip=0
  signs [-1, 1, -1]   d=49/97   tuple=[0, 0, 0, 0, 0, 0, 0]   recip=0
  signs [-1, -1, 1]   d=-97/49   tuple=[1, 0, 0, 0, 0, 0, 1]   recip=0
  signs [-1, -1, -1]   d=49/97   tuple=[0, 0, 0, 0, 0, 0, 0]   recip=0

---- d = e-g,  X = 2 ----
  signs [1, 1, 1]   d=-49/97   tuple=[0, 0, 0, 0, 0, 0, 0]   recip=0
  signs [1, 1, -1]   d=97/49   tuple=[0, 0, 0, 0, 0, 0, 0]   recip=0
  signs [1, -1, 1]   d=-49/97   tuple=[0, 0, 0, 0, 0, 0, 0]   recip=0
  signs [1, -1, -1]   d=97/49   tuple=[0, 0, 0, 0, 0, 0, 0]   recip=0
  signs [-1, 1, 1]   d=-97/49   tuple=[0, 0, 0, 0, 0, 0, 0]   recip=0
  signs [-1, 1, -1]   d=49/97   tuple=[0, 0, 0, 0, 0, 0, 0]   recip=0
  signs [-1, -1, 1]   d=-97/49   tuple=[0, 0, 0, 0, 0, 0, 0]   recip=0
  signs [-1, -1, -1]   d=49/97   tuple=[0, 0, 0, 0, 0, 0, 0]   recip=0

---- d = e-g,  X = -2 ----
  signs [1, 1, 1]   d=-49/97   tuple=[1, 0, 0, 0, 0, 0, 1]   recip=0
  signs [1, 1, -1]   d=97/49   tuple=[0, 0, 0, 0, 0, 0, 0]   recip=0
  signs [1, -1, 1]   d=-49/97   tuple=[1, 0, 0, 0, 0, 0, 1]   recip=0
  signs [1, -1, -1]   d=97/49   tuple=[0, 0, 0, 0, 0, 0, 0]   recip=0
  signs [-1, 1, 1]   d=-97/49   tuple=[1, 0, 0, 0, 0, 0, 1]   recip=0
  signs [-1, 1, -1]   d=49/97   tuple=[0, 0, 0, 0, 0, 0, 0]   recip=0
  signs [-1, -1, 1]   d=-97/49   tuple=[1, 0, 0, 0, 0, 0, 1]   recip=0
  signs [-1, -1, -1]   d=49/97   tuple=[0, 0, 0, 0, 0, 0, 0]   recip=0

---- d = e-g,  X = 3 ----
  signs [1, 1, 1]   d=-49/97   tuple=[1, 1, 0, 0, 0, 0, 0]   recip=0
  signs [1, 1, -1]   d=97/49   tuple=[0, 0, 0, 0, 0, 0, 0]   recip=0
  signs [1, -1, 1]   d=-49/97   tuple=[1, 1, 0, 0, 0, 0, 0]   recip=0
  signs [1, -1, -1]   d=97/49   tuple=[0, 0, 0, 0, 0, 0, 0]   recip=0
  signs [-1, 1, 1]   d=-97/49   tuple=[1, 1, 0, 0, 0, 0, 0]   recip=0
  signs [-1, 1, -1]   d=49/97   tuple=[0, 0, 0, 0, 0, 0, 0]   recip=0
  signs [-1, -1, 1]   d=-97/49   tuple=[1, 1, 0, 0, 0, 0, 0]   recip=0
  signs [-1, -1, -1]   d=49/97   tuple=[0, 0, 0, 0, 0, 0, 0]   recip=0

---- d = e-g,  X = -3 ----
  signs [1, 1, 1]   d=-49/97   tuple=[0, 1, 0, 0, 0, 0, 1]   recip=0
  signs [1, 1, -1]   d=97/49   tuple=[0, 0, 0, 0, 0, 0, 0]   recip=0
  signs [1, -1, 1]   d=-49/97   tuple=[0, 1, 0, 0, 0, 0, 1]   recip=0
  signs [1, -1, -1]   d=97/49   tuple=[0, 0, 0, 0, 0, 0, 0]   recip=0
  signs [-1, 1, 1]   d=-97/49   tuple=[0, 1, 0, 0, 0, 0, 1]   recip=0
  signs [-1, 1, -1]   d=49/97   tuple=[0, 0, 0, 0, 0, 0, 0]   recip=0
  signs [-1, -1, 1]   d=-97/49   tuple=[0, 1, 0, 0, 0, 0, 1]   recip=0
  signs [-1, -1, -1]   d=49/97   tuple=[0, 0, 0, 0, 0, 0, 0]   recip=0

---- d = e-g,  X = 5 ----
  signs [1, 1, 1]   d=-49/97   tuple=[0, 0, 1, 0, 0, 0, 0]   recip=0
  signs [1, 1, -1]   d=97/49   tuple=[0, 0, 1, 0, 0, 0, 0]   recip=0
  signs [1, -1, 1]   d=-49/97   tuple=[0, 0, 1, 0, 0, 0, 0]   recip=0
  signs [1, -1, -1]   d=97/49   tuple=[0, 0, 1, 0, 0, 0, 0]   recip=0
  signs [-1, 1, 1]   d=-97/49   tuple=[0, 0, 1, 0, 0, 0, 0]   recip=0
  signs [-1, 1, -1]   d=49/97   tuple=[0, 0, 1, 0, 0, 0, 0]   recip=0
  signs [-1, -1, 1]   d=-97/49   tuple=[0, 0, 1, 0, 0, 0, 0]   recip=0
  signs [-1, -1, -1]   d=49/97   tuple=[0, 0, 1, 0, 0, 0, 0]   recip=0

---- d = e-g,  X = -5 ----
  signs [1, 1, 1]   d=-49/97   tuple=[1, 0, 1, 0, 0, 0, 1]   recip=0
  signs [1, 1, -1]   d=97/49   tuple=[0, 0, 1, 0, 0, 0, 0]   recip=0
  signs [1, -1, 1]   d=-49/97   tuple=[1, 0, 1, 0, 0, 0, 1]   recip=0
  signs [1, -1, -1]   d=97/49   tuple=[0, 0, 1, 0, 0, 0, 0]   recip=0
  signs [-1, 1, 1]   d=-97/49   tuple=[1, 0, 1, 0, 0, 0, 1]   recip=0
  signs [-1, 1, -1]   d=49/97   tuple=[0, 0, 1, 0, 0, 0, 0]   recip=0
  signs [-1, -1, 1]   d=-97/49   tuple=[1, 0, 1, 0, 0, 0, 1]   recip=0
  signs [-1, -1, -1]   d=49/97   tuple=[0, 0, 1, 0, 0, 0, 0]   recip=0

---- d = e-g,  X = 6 ----
  signs [1, 1, 1]   d=-49/97   tuple=[1, 1, 0, 0, 0, 0, 0]   recip=0
  signs [1, 1, -1]   d=97/49   tuple=[0, 0, 0, 0, 0, 0, 0]   recip=0
  signs [1, -1, 1]   d=-49/97   tuple=[1, 1, 0, 0, 0, 0, 0]   recip=0
  signs [1, -1, -1]   d=97/49   tuple=[0, 0, 0, 0, 0, 0, 0]   recip=0
  signs [-1, 1, 1]   d=-97/49   tuple=[1, 1, 0, 0, 0, 0, 0]   recip=0
  signs [-1, 1, -1]   d=49/97   tuple=[0, 0, 0, 0, 0, 0, 0]   recip=0
  signs [-1, -1, 1]   d=-97/49   tuple=[1, 1, 0, 0, 0, 0, 0]   recip=0
  signs [-1, -1, -1]   d=49/97   tuple=[0, 0, 0, 0, 0, 0, 0]   recip=0

---- d = e-g,  X = -6 ----
  signs [1, 1, 1]   d=-49/97   tuple=[0, 1, 0, 0, 0, 0, 1]   recip=0
  signs [1, 1, -1]   d=97/49   tuple=[0, 0, 0, 0, 0, 0, 0]   recip=0
  signs [1, -1, 1]   d=-49/97   tuple=[0, 1, 0, 0, 0, 0, 1]   recip=0
  signs [1, -1, -1]   d=97/49   tuple=[0, 0, 0, 0, 0, 0, 0]   recip=0
  signs [-1, 1, 1]   d=-97/49   tuple=[0, 1, 0, 0, 0, 0, 1]   recip=0
  signs [-1, 1, -1]   d=49/97   tuple=[0, 0, 0, 0, 0, 0, 0]   recip=0
  signs [-1, -1, 1]   d=-97/49   tuple=[0, 1, 0, 0, 0, 0, 1]   recip=0
  signs [-1, -1, -1]   d=49/97   tuple=[0, 0, 0, 0, 0, 0, 0]   recip=0

---- d = e-g,  X = 7 ----
  signs [1, 1, 1]   d=-49/97   tuple=[1, 0, 0, 0, 0, 0, 0]   recip=0
  signs [1, 1, -1]   d=97/49   tuple=[0, 0, 0, 1, 0, 0, 0]   recip=0
  signs [1, -1, 1]   d=-49/97   tuple=[1, 0, 0, 0, 0, 0, 0]   recip=0
  signs [1, -1, -1]   d=97/49   tuple=[0, 0, 0, 1, 0, 0, 0]   recip=0
  signs [-1, 1, 1]   d=-97/49   tuple=[1, 0, 0, 0, 0, 0, 0]   recip=0
  signs [-1, 1, -1]   d=49/97   tuple=[0, 0, 0, 1, 0, 0, 0]   recip=0
  signs [-1, -1, 1]   d=-97/49   tuple=[1, 0, 0, 0, 0, 0, 0]   recip=0
  signs [-1, -1, -1]   d=49/97   tuple=[0, 0, 0, 1, 0, 0, 0]   recip=0

---- d = e-g,  X = -7 ----
  signs [1, 1, 1]   d=-49/97   tuple=[0, 0, 0, 0, 0, 0, 1]   recip=0
  signs [1, 1, -1]   d=97/49   tuple=[0, 0, 0, 1, 0, 0, 0]   recip=0
  signs [1, -1, 1]   d=-49/97   tuple=[0, 0, 0, 0, 0, 0, 1]   recip=0
  signs [1, -1, -1]   d=97/49   tuple=[0, 0, 0, 1, 0, 0, 0]   recip=0
  signs [-1, 1, 1]   d=-97/49   tuple=[0, 0, 0, 0, 0, 0, 1]   recip=0
  signs [-1, 1, -1]   d=49/97   tuple=[0, 0, 0, 1, 0, 0, 0]   recip=0
  signs [-1, -1, 1]   d=-97/49   tuple=[0, 0, 0, 0, 0, 0, 1]   recip=0
  signs [-1, -1, -1]   d=49/97   tuple=[0, 0, 0, 1, 0, 0, 0]   recip=0

---- d = e-g,  X = 10 ----
  signs [1, 1, 1]   d=-49/97   tuple=[0, 0, 1, 0, 0, 0, 0]   recip=0
  signs [1, 1, -1]   d=97/49   tuple=[0, 0, 1, 0, 0, 0, 0]   recip=0
  signs [1, -1, 1]   d=-49/97   tuple=[0, 0, 1, 0, 0, 0, 0]   recip=0
  signs [1, -1, -1]   d=97/49   tuple=[0, 0, 1, 0, 0, 0, 0]   recip=0
  signs [-1, 1, 1]   d=-97/49   tuple=[0, 0, 1, 0, 0, 0, 0]   recip=0
  signs [-1, 1, -1]   d=49/97   tuple=[0, 0, 1, 0, 0, 0, 0]   recip=0
  signs [-1, -1, 1]   d=-97/49   tuple=[0, 0, 1, 0, 0, 0, 0]   recip=0
  signs [-1, -1, -1]   d=49/97   tuple=[0, 0, 1, 0, 0, 0, 0]   recip=0

---- d = e-g,  X = -10 ----
  signs [1, 1, 1]   d=-49/97   tuple=[1, 0, 1, 0, 0, 0, 1]   recip=0
  signs [1, 1, -1]   d=97/49   tuple=[0, 0, 1, 0, 0, 0, 0]   recip=0
  signs [1, -1, 1]   d=-49/97   tuple=[1, 0, 1, 0, 0, 0, 1]   recip=0
  signs [1, -1, -1]   d=97/49   tuple=[0, 0, 1, 0, 0, 0, 0]   recip=0
  signs [-1, 1, 1]   d=-97/49   tuple=[1, 0, 1, 0, 0, 0, 1]   recip=0
  signs [-1, 1, -1]   d=49/97   tuple=[0, 0, 1, 0, 0, 0, 0]   recip=0
  signs [-1, -1, 1]   d=-97/49   tuple=[1, 0, 1, 0, 0, 0, 1]   recip=0
  signs [-1, -1, -1]   d=49/97   tuple=[0, 0, 1, 0, 0, 0, 0]   recip=0

---- d = e-g,  X = 15 ----
  signs [1, 1, 1]   d=-49/97   tuple=[1, 1, 1, 0, 0, 0, 0]   recip=0
  signs [1, 1, -1]   d=97/49   tuple=[0, 0, 1, 0, 0, 0, 0]   recip=0
  signs [1, -1, 1]   d=-49/97   tuple=[1, 1, 1, 0, 0, 0, 0]   recip=0
  signs [1, -1, -1]   d=97/49   tuple=[0, 0, 1, 0, 0, 0, 0]   recip=0
  signs [-1, 1, 1]   d=-97/49   tuple=[1, 1, 1, 0, 0, 0, 0]   recip=0
  signs [-1, 1, -1]   d=49/97   tuple=[0, 0, 1, 0, 0, 0, 0]   recip=0
  signs [-1, -1, 1]   d=-97/49   tuple=[1, 1, 1, 0, 0, 0, 0]   recip=0
  signs [-1, -1, -1]   d=49/97   tuple=[0, 0, 1, 0, 0, 0, 0]   recip=0

---- d = f+g,  X = -1 ----
  signs [1, 1, 1]   d=10658/4753   tuple=[0, 0, 0, 0, 0, 0, 0]   recip=0
  signs [1, 1, -1]   d=-1152/4753   tuple=[1, 0, 0, 0, 0, 0, 1]   recip=0
  signs [1, -1, 1]   d=1152/4753   tuple=[0, 0, 0, 0, 0, 0, 0]   recip=0
  signs [1, -1, -1]   d=-10658/4753   tuple=[1, 0, 0, 0, 0, 0, 1]   recip=0
  signs [-1, 1, 1]   d=10658/4753   tuple=[0, 0, 0, 0, 0, 0, 0]   recip=0
  signs [-1, 1, -1]   d=-1152/4753   tuple=[1, 0, 0, 0, 0, 0, 1]   recip=0
  signs [-1, -1, 1]   d=1152/4753   tuple=[0, 0, 0, 0, 0, 0, 0]   recip=0
  signs [-1, -1, -1]   d=-10658/4753   tuple=[1, 0, 0, 0, 0, 0, 1]   recip=0

---- d = f+g,  X = 2 ----
  signs [1, 1, 1]   d=10658/4753   tuple=[0, 0, 0, 0, 0, 0, 0]   recip=0
  signs [1, 1, -1]   d=-1152/4753   tuple=[0, 0, 0, 0, 0, 0, 0]   recip=0
  signs [1, -1, 1]   d=1152/4753   tuple=[0, 0, 0, 0, 0, 0, 0]   recip=0
  signs [1, -1, -1]   d=-10658/4753   tuple=[0, 0, 0, 0, 0, 0, 0]   recip=0
  signs [-1, 1, 1]   d=10658/4753   tuple=[0, 0, 0, 0, 0, 0, 0]   recip=0
  signs [-1, 1, -1]   d=-1152/4753   tuple=[0, 0, 0, 0, 0, 0, 0]   recip=0
  signs [-1, -1, 1]   d=1152/4753   tuple=[0, 0, 0, 0, 0, 0, 0]   recip=0
  signs [-1, -1, -1]   d=-10658/4753   tuple=[0, 0, 0, 0, 0, 0, 0]   recip=0

---- d = f+g,  X = -2 ----
  signs [1, 1, 1]   d=10658/4753   tuple=[0, 0, 0, 0, 0, 0, 0]   recip=0
  signs [1, 1, -1]   d=-1152/4753   tuple=[1, 0, 0, 0, 0, 0, 1]   recip=0
  signs [1, -1, 1]   d=1152/4753   tuple=[0, 0, 0, 0, 0, 0, 0]   recip=0
  signs [1, -1, -1]   d=-10658/4753   tuple=[1, 0, 0, 0, 0, 0, 1]   recip=0
  signs [-1, 1, 1]   d=10658/4753   tuple=[0, 0, 0, 0, 0, 0, 0]   recip=0
  signs [-1, 1, -1]   d=-1152/4753   tuple=[1, 0, 0, 0, 0, 0, 1]   recip=0
  signs [-1, -1, 1]   d=1152/4753   tuple=[0, 0, 0, 0, 0, 0, 0]   recip=0
  signs [-1, -1, -1]   d=-10658/4753   tuple=[1, 0, 0, 0, 0, 0, 1]   recip=0

---- d = f+g,  X = 3 ----
  signs [1, 1, 1]   d=10658/4753   tuple=[1, 1, 0, 0, 0, 0, 0]   recip=0
  signs [1, 1, -1]   d=-1152/4753   tuple=[0, 0, 0, 0, 0, 0, 0]   recip=0
  signs [1, -1, 1]   d=1152/4753   tuple=[1, 1, 0, 0, 0, 0, 0]   recip=0
  signs [1, -1, -1]   d=-10658/4753   tuple=[0, 0, 0, 0, 0, 0, 0]   recip=0
  signs [-1, 1, 1]   d=10658/4753   tuple=[1, 1, 0, 0, 0, 0, 0]   recip=0
  signs [-1, 1, -1]   d=-1152/4753   tuple=[0, 0, 0, 0, 0, 0, 0]   recip=0
  signs [-1, -1, 1]   d=1152/4753   tuple=[1, 1, 0, 0, 0, 0, 0]   recip=0
  signs [-1, -1, -1]   d=-10658/4753   tuple=[0, 0, 0, 0, 0, 0, 0]   recip=0

---- d = f+g,  X = -3 ----
  signs [1, 1, 1]   d=10658/4753   tuple=[1, 1, 0, 0, 0, 0, 0]   recip=0
  signs [1, 1, -1]   d=-1152/4753   tuple=[1, 0, 0, 0, 0, 0, 1]   recip=0
  signs [1, -1, 1]   d=1152/4753   tuple=[1, 1, 0, 0, 0, 0, 0]   recip=0
  signs [1, -1, -1]   d=-10658/4753   tuple=[1, 0, 0, 0, 0, 0, 1]   recip=0
  signs [-1, 1, 1]   d=10658/4753   tuple=[1, 1, 0, 0, 0, 0, 0]   recip=0
  signs [-1, 1, -1]   d=-1152/4753   tuple=[1, 0, 0, 0, 0, 0, 1]   recip=0
  signs [-1, -1, 1]   d=1152/4753   tuple=[1, 1, 0, 0, 0, 0, 0]   recip=0
  signs [-1, -1, -1]   d=-10658/4753   tuple=[1, 0, 0, 0, 0, 0, 1]   recip=0

---- d = f+g,  X = 5 ----
  signs [1, 1, 1]   d=10658/4753   tuple=[1, 0, 0, 0, 0, 0, 0]   recip=0
  signs [1, 1, -1]   d=-1152/4753   tuple=[1, 0, 0, 0, 0, 0, 0]   recip=0
  signs [1, -1, 1]   d=1152/4753   tuple=[1, 0, 0, 0, 0, 0, 0]   recip=0
  signs [1, -1, -1]   d=-10658/4753   tuple=[1, 0, 0, 0, 0, 0, 0]   recip=0
  signs [-1, 1, 1]   d=10658/4753   tuple=[1, 0, 0, 0, 0, 0, 0]   recip=0
  signs [-1, 1, -1]   d=-1152/4753   tuple=[1, 0, 0, 0, 0, 0, 0]   recip=0
  signs [-1, -1, 1]   d=1152/4753   tuple=[1, 0, 0, 0, 0, 0, 0]   recip=0
  signs [-1, -1, -1]   d=-10658/4753   tuple=[1, 0, 0, 0, 0, 0, 0]   recip=0

---- d = f+g,  X = -5 ----
  signs [1, 1, 1]   d=10658/4753   tuple=[1, 0, 0, 0, 0, 0, 0]   recip=0
  signs [1, 1, -1]   d=-1152/4753   tuple=[0, 0, 0, 0, 0, 0, 1]   recip=0
  signs [1, -1, 1]   d=1152/4753   tuple=[1, 0, 0, 0, 0, 0, 0]   recip=0
  signs [1, -1, -1]   d=-10658/4753   tuple=[0, 0, 0, 0, 0, 0, 1]   recip=0
  signs [-1, 1, 1]   d=10658/4753   tuple=[1, 0, 0, 0, 0, 0, 0]   recip=0
  signs [-1, 1, -1]   d=-1152/4753   tuple=[0, 0, 0, 0, 0, 0, 1]   recip=0
  signs [-1, -1, 1]   d=1152/4753   tuple=[1, 0, 0, 0, 0, 0, 0]   recip=0
  signs [-1, -1, -1]   d=-10658/4753   tuple=[0, 0, 0, 0, 0, 0, 1]   recip=0

---- d = f+g,  X = 6 ----
  signs [1, 1, 1]   d=10658/4753   tuple=[1, 1, 0, 0, 0, 0, 0]   recip=0
  signs [1, 1, -1]   d=-1152/4753   tuple=[0, 0, 0, 0, 0, 0, 0]   recip=0
  signs [1, -1, 1]   d=1152/4753   tuple=[1, 1, 0, 0, 0, 0, 0]   recip=0
  signs [1, -1, -1]   d=-10658/4753   tuple=[0, 0, 0, 0, 0, 0, 0]   recip=0
  signs [-1, 1, 1]   d=10658/4753   tuple=[1, 1, 0, 0, 0, 0, 0]   recip=0
  signs [-1, 1, -1]   d=-1152/4753   tuple=[0, 0, 0, 0, 0, 0, 0]   recip=0
  signs [-1, -1, 1]   d=1152/4753   tuple=[1, 1, 0, 0, 0, 0, 0]   recip=0
  signs [-1, -1, -1]   d=-10658/4753   tuple=[0, 0, 0, 0, 0, 0, 0]   recip=0

---- d = f+g,  X = -6 ----
  signs [1, 1, 1]   d=10658/4753   tuple=[1, 1, 0, 0, 0, 0, 0]   recip=0
  signs [1, 1, -1]   d=-1152/4753   tuple=[1, 0, 0, 0, 0, 0, 1]   recip=0
  signs [1, -1, 1]   d=1152/4753   tuple=[1, 1, 0, 0, 0, 0, 0]   recip=0
  signs [1, -1, -1]   d=-10658/4753   tuple=[1, 0, 0, 0, 0, 0, 1]   recip=0
  signs [-1, 1, 1]   d=10658/4753   tuple=[1, 1, 0, 0, 0, 0, 0]   recip=0
  signs [-1, 1, -1]   d=-1152/4753   tuple=[1, 0, 0, 0, 0, 0, 1]   recip=0
  signs [-1, -1, 1]   d=1152/4753   tuple=[1, 1, 0, 0, 0, 0, 0]   recip=0
  signs [-1, -1, -1]   d=-10658/4753   tuple=[1, 0, 0, 0, 0, 0, 1]   recip=0

---- d = f+g,  X = 7 ----
  signs [1, 1, 1]   d=10658/4753   tuple=[0, 0, 0, 1, 0, 0, 0]   recip=0
  signs [1, 1, -1]   d=-1152/4753   tuple=[1, 0, 0, 0, 0, 0, 0]   recip=0
  signs [1, -1, 1]   d=1152/4753   tuple=[0, 0, 0, 1, 0, 0, 0]   recip=0
  signs [1, -1, -1]   d=-10658/4753   tuple=[1, 0, 0, 0, 0, 0, 0]   recip=0
  signs [-1, 1, 1]   d=10658/4753   tuple=[0, 0, 0, 1, 0, 0, 0]   recip=0
  signs [-1, 1, -1]   d=-1152/4753   tuple=[1, 0, 0, 0, 0, 0, 0]   recip=0
  signs [-1, -1, 1]   d=1152/4753   tuple=[0, 0, 0, 1, 0, 0, 0]   recip=0
  signs [-1, -1, -1]   d=-10658/4753   tuple=[1, 0, 0, 0, 0, 0, 0]   recip=0

---- d = f+g,  X = -7 ----
  signs [1, 1, 1]   d=10658/4753   tuple=[0, 0, 0, 1, 0, 0, 0]   recip=0
  signs [1, 1, -1]   d=-1152/4753   tuple=[0, 0, 0, 0, 0, 0, 1]   recip=0
  signs [1, -1, 1]   d=1152/4753   tuple=[0, 0, 0, 1, 0, 0, 0]   recip=0
  signs [1, -1, -1]   d=-10658/4753   tuple=[0, 0, 0, 0, 0, 0, 1]   recip=0
  signs [-1, 1, 1]   d=10658/4753   tuple=[0, 0, 0, 1, 0, 0, 0]   recip=0
  signs [-1, 1, -1]   d=-1152/4753   tuple=[0, 0, 0, 0, 0, 0, 1]   recip=0
  signs [-1, -1, 1]   d=1152/4753   tuple=[0, 0, 0, 1, 0, 0, 0]   recip=0
  signs [-1, -1, -1]   d=-10658/4753   tuple=[0, 0, 0, 0, 0, 0, 1]   recip=0

---- d = f+g,  X = 10 ----
  signs [1, 1, 1]   d=10658/4753   tuple=[1, 0, 0, 0, 0, 0, 0]   recip=0
  signs [1, 1, -1]   d=-1152/4753   tuple=[1, 0, 0, 0, 0, 0, 0]   recip=0
  signs [1, -1, 1]   d=1152/4753   tuple=[1, 0, 0, 0, 0, 0, 0]   recip=0
  signs [1, -1, -1]   d=-10658/4753   tuple=[1, 0, 0, 0, 0, 0, 0]   recip=0
  signs [-1, 1, 1]   d=10658/4753   tuple=[1, 0, 0, 0, 0, 0, 0]   recip=0
  signs [-1, 1, -1]   d=-1152/4753   tuple=[1, 0, 0, 0, 0, 0, 0]   recip=0
  signs [-1, -1, 1]   d=1152/4753   tuple=[1, 0, 0, 0, 0, 0, 0]   recip=0
  signs [-1, -1, -1]   d=-10658/4753   tuple=[1, 0, 0, 0, 0, 0, 0]   recip=0

---- d = f+g,  X = -10 ----
  signs [1, 1, 1]   d=10658/4753   tuple=[1, 0, 0, 0, 0, 0, 0]   recip=0
  signs [1, 1, -1]   d=-1152/4753   tuple=[0, 0, 0, 0, 0, 0, 1]   recip=0
  signs [1, -1, 1]   d=1152/4753   tuple=[1, 0, 0, 0, 0, 0, 0]   recip=0
  signs [1, -1, -1]   d=-10658/4753   tuple=[0, 0, 0, 0, 0, 0, 1]   recip=0
  signs [-1, 1, 1]   d=10658/4753   tuple=[1, 0, 0, 0, 0, 0, 0]   recip=0
  signs [-1, 1, -1]   d=-1152/4753   tuple=[0, 0, 0, 0, 0, 0, 1]   recip=0
  signs [-1, -1, 1]   d=1152/4753   tuple=[1, 0, 0, 0, 0, 0, 0]   recip=0
  signs [-1, -1, -1]   d=-10658/4753   tuple=[0, 0, 0, 0, 0, 0, 1]   recip=0

---- d = f+g,  X = 15 ----
  signs [1, 1, 1]   d=10658/4753   tuple=[0, 1, 0, 0, 0, 0, 0]   recip=0
  signs [1, 1, -1]   d=-1152/4753   tuple=[1, 0, 0, 0, 0, 0, 0]   recip=0
  signs [1, -1, 1]   d=1152/4753   tuple=[0, 1, 0, 0, 0, 0, 0]   recip=0
  signs [1, -1, -1]   d=-10658/4753   tuple=[1, 0, 0, 0, 0, 0, 0]   recip=0
  signs [-1, 1, 1]   d=10658/4753   tuple=[0, 1, 0, 0, 0, 0, 0]   recip=0
  signs [-1, 1, -1]   d=-1152/4753   tuple=[1, 0, 0, 0, 0, 0, 0]   recip=0
  signs [-1, -1, 1]   d=1152/4753   tuple=[0, 1, 0, 0, 0, 0, 0]   recip=0
  signs [-1, -1, -1]   d=-10658/4753   tuple=[1, 0, 0, 0, 0, 0, 0]   recip=0

---- d = f-g,  X = -1 ----
  signs [1, 1, 1]   d=-1152/4753   tuple=[1, 0, 0, 0, 0, 0, 1]   recip=0
  signs [1, 1, -1]   d=10658/4753   tuple=[0, 0, 0, 0, 0, 0, 0]   recip=0
  signs [1, -1, 1]   d=-10658/4753   tuple=[1, 0, 0, 0, 0, 0, 1]   recip=0
  signs [1, -1, -1]   d=1152/4753   tuple=[0, 0, 0, 0, 0, 0, 0]   recip=0
  signs [-1, 1, 1]   d=-1152/4753   tuple=[1, 0, 0, 0, 0, 0, 1]   recip=0
  signs [-1, 1, -1]   d=10658/4753   tuple=[0, 0, 0, 0, 0, 0, 0]   recip=0
  signs [-1, -1, 1]   d=-10658/4753   tuple=[1, 0, 0, 0, 0, 0, 1]   recip=0
  signs [-1, -1, -1]   d=1152/4753   tuple=[0, 0, 0, 0, 0, 0, 0]   recip=0

---- d = f-g,  X = 2 ----
  signs [1, 1, 1]   d=-1152/4753   tuple=[0, 0, 0, 0, 0, 0, 0]   recip=0
  signs [1, 1, -1]   d=10658/4753   tuple=[0, 0, 0, 0, 0, 0, 0]   recip=0
  signs [1, -1, 1]   d=-10658/4753   tuple=[0, 0, 0, 0, 0, 0, 0]   recip=0
  signs [1, -1, -1]   d=1152/4753   tuple=[0, 0, 0, 0, 0, 0, 0]   recip=0
  signs [-1, 1, 1]   d=-1152/4753   tuple=[0, 0, 0, 0, 0, 0, 0]   recip=0
  signs [-1, 1, -1]   d=10658/4753   tuple=[0, 0, 0, 0, 0, 0, 0]   recip=0
  signs [-1, -1, 1]   d=-10658/4753   tuple=[0, 0, 0, 0, 0, 0, 0]   recip=0
  signs [-1, -1, -1]   d=1152/4753   tuple=[0, 0, 0, 0, 0, 0, 0]   recip=0

---- d = f-g,  X = -2 ----
  signs [1, 1, 1]   d=-1152/4753   tuple=[1, 0, 0, 0, 0, 0, 1]   recip=0
  signs [1, 1, -1]   d=10658/4753   tuple=[0, 0, 0, 0, 0, 0, 0]   recip=0
  signs [1, -1, 1]   d=-10658/4753   tuple=[1, 0, 0, 0, 0, 0, 1]   recip=0
  signs [1, -1, -1]   d=1152/4753   tuple=[0, 0, 0, 0, 0, 0, 0]   recip=0
  signs [-1, 1, 1]   d=-1152/4753   tuple=[1, 0, 0, 0, 0, 0, 1]   recip=0
  signs [-1, 1, -1]   d=10658/4753   tuple=[0, 0, 0, 0, 0, 0, 0]   recip=0
  signs [-1, -1, 1]   d=-10658/4753   tuple=[1, 0, 0, 0, 0, 0, 1]   recip=0
  signs [-1, -1, -1]   d=1152/4753   tuple=[0, 0, 0, 0, 0, 0, 0]   recip=0

---- d = f-g,  X = 3 ----
  signs [1, 1, 1]   d=-1152/4753   tuple=[0, 0, 0, 0, 0, 0, 0]   recip=0
  signs [1, 1, -1]   d=10658/4753   tuple=[1, 1, 0, 0, 0, 0, 0]   recip=0
  signs [1, -1, 1]   d=-10658/4753   tuple=[0, 0, 0, 0, 0, 0, 0]   recip=0
  signs [1, -1, -1]   d=1152/4753   tuple=[1, 1, 0, 0, 0, 0, 0]   recip=0
  signs [-1, 1, 1]   d=-1152/4753   tuple=[0, 0, 0, 0, 0, 0, 0]   recip=0
  signs [-1, 1, -1]   d=10658/4753   tuple=[1, 1, 0, 0, 0, 0, 0]   recip=0
  signs [-1, -1, 1]   d=-10658/4753   tuple=[0, 0, 0, 0, 0, 0, 0]   recip=0
  signs [-1, -1, -1]   d=1152/4753   tuple=[1, 1, 0, 0, 0, 0, 0]   recip=0

---- d = f-g,  X = -3 ----
  signs [1, 1, 1]   d=-1152/4753   tuple=[1, 0, 0, 0, 0, 0, 1]   recip=0
  signs [1, 1, -1]   d=10658/4753   tuple=[1, 1, 0, 0, 0, 0, 0]   recip=0
  signs [1, -1, 1]   d=-10658/4753   tuple=[1, 0, 0, 0, 0, 0, 1]   recip=0
  signs [1, -1, -1]   d=1152/4753   tuple=[1, 1, 0, 0, 0, 0, 0]   recip=0
  signs [-1, 1, 1]   d=-1152/4753   tuple=[1, 0, 0, 0, 0, 0, 1]   recip=0
  signs [-1, 1, -1]   d=10658/4753   tuple=[1, 1, 0, 0, 0, 0, 0]   recip=0
  signs [-1, -1, 1]   d=-10658/4753   tuple=[1, 0, 0, 0, 0, 0, 1]   recip=0
  signs [-1, -1, -1]   d=1152/4753   tuple=[1, 1, 0, 0, 0, 0, 0]   recip=0

---- d = f-g,  X = 5 ----
  signs [1, 1, 1]   d=-1152/4753   tuple=[1, 0, 0, 0, 0, 0, 0]   recip=0
  signs [1, 1, -1]   d=10658/4753   tuple=[1, 0, 0, 0, 0, 0, 0]   recip=0
  signs [1, -1, 1]   d=-10658/4753   tuple=[1, 0, 0, 0, 0, 0, 0]   recip=0
  signs [1, -1, -1]   d=1152/4753   tuple=[1, 0, 0, 0, 0, 0, 0]   recip=0
  signs [-1, 1, 1]   d=-1152/4753   tuple=[1, 0, 0, 0, 0, 0, 0]   recip=0
  signs [-1, 1, -1]   d=10658/4753   tuple=[1, 0, 0, 0, 0, 0, 0]   recip=0
  signs [-1, -1, 1]   d=-10658/4753   tuple=[1, 0, 0, 0, 0, 0, 0]   recip=0
  signs [-1, -1, -1]   d=1152/4753   tuple=[1, 0, 0, 0, 0, 0, 0]   recip=0

---- d = f-g,  X = -5 ----
  signs [1, 1, 1]   d=-1152/4753   tuple=[0, 0, 0, 0, 0, 0, 1]   recip=0
  signs [1, 1, -1]   d=10658/4753   tuple=[1, 0, 0, 0, 0, 0, 0]   recip=0
  signs [1, -1, 1]   d=-10658/4753   tuple=[0, 0, 0, 0, 0, 0, 1]   recip=0
  signs [1, -1, -1]   d=1152/4753   tuple=[1, 0, 0, 0, 0, 0, 0]   recip=0
  signs [-1, 1, 1]   d=-1152/4753   tuple=[0, 0, 0, 0, 0, 0, 1]   recip=0
  signs [-1, 1, -1]   d=10658/4753   tuple=[1, 0, 0, 0, 0, 0, 0]   recip=0
  signs [-1, -1, 1]   d=-10658/4753   tuple=[0, 0, 0, 0, 0, 0, 1]   recip=0
  signs [-1, -1, -1]   d=1152/4753   tuple=[1, 0, 0, 0, 0, 0, 0]   recip=0

---- d = f-g,  X = 6 ----
  signs [1, 1, 1]   d=-1152/4753   tuple=[0, 0, 0, 0, 0, 0, 0]   recip=0
  signs [1, 1, -1]   d=10658/4753   tuple=[1, 1, 0, 0, 0, 0, 0]   recip=0
  signs [1, -1, 1]   d=-10658/4753   tuple=[0, 0, 0, 0, 0, 0, 0]   recip=0
  signs [1, -1, -1]   d=1152/4753   tuple=[1, 1, 0, 0, 0, 0, 0]   recip=0
  signs [-1, 1, 1]   d=-1152/4753   tuple=[0, 0, 0, 0, 0, 0, 0]   recip=0
  signs [-1, 1, -1]   d=10658/4753   tuple=[1, 1, 0, 0, 0, 0, 0]   recip=0
  signs [-1, -1, 1]   d=-10658/4753   tuple=[0, 0, 0, 0, 0, 0, 0]   recip=0
  signs [-1, -1, -1]   d=1152/4753   tuple=[1, 1, 0, 0, 0, 0, 0]   recip=0

---- d = f-g,  X = -6 ----
  signs [1, 1, 1]   d=-1152/4753   tuple=[1, 0, 0, 0, 0, 0, 1]   recip=0
  signs [1, 1, -1]   d=10658/4753   tuple=[1, 1, 0, 0, 0, 0, 0]   recip=0
  signs [1, -1, 1]   d=-10658/4753   tuple=[1, 0, 0, 0, 0, 0, 1]   recip=0
  signs [1, -1, -1]   d=1152/4753   tuple=[1, 1, 0, 0, 0, 0, 0]   recip=0
  signs [-1, 1, 1]   d=-1152/4753   tuple=[1, 0, 0, 0, 0, 0, 1]   recip=0
  signs [-1, 1, -1]   d=10658/4753   tuple=[1, 1, 0, 0, 0, 0, 0]   recip=0
  signs [-1, -1, 1]   d=-10658/4753   tuple=[1, 0, 0, 0, 0, 0, 1]   recip=0
  signs [-1, -1, -1]   d=1152/4753   tuple=[1, 1, 0, 0, 0, 0, 0]   recip=0

---- d = f-g,  X = 7 ----
  signs [1, 1, 1]   d=-1152/4753   tuple=[1, 0, 0, 0, 0, 0, 0]   recip=0
  signs [1, 1, -1]   d=10658/4753   tuple=[0, 0, 0, 1, 0, 0, 0]   recip=0
  signs [1, -1, 1]   d=-10658/4753   tuple=[1, 0, 0, 0, 0, 0, 0]   recip=0
  signs [1, -1, -1]   d=1152/4753   tuple=[0, 0, 0, 1, 0, 0, 0]   recip=0
  signs [-1, 1, 1]   d=-1152/4753   tuple=[1, 0, 0, 0, 0, 0, 0]   recip=0
  signs [-1, 1, -1]   d=10658/4753   tuple=[0, 0, 0, 1, 0, 0, 0]   recip=0
  signs [-1, -1, 1]   d=-10658/4753   tuple=[1, 0, 0, 0, 0, 0, 0]   recip=0
  signs [-1, -1, -1]   d=1152/4753   tuple=[0, 0, 0, 1, 0, 0, 0]   recip=0

---- d = f-g,  X = -7 ----
  signs [1, 1, 1]   d=-1152/4753   tuple=[0, 0, 0, 0, 0, 0, 1]   recip=0
  signs [1, 1, -1]   d=10658/4753   tuple=[0, 0, 0, 1, 0, 0, 0]   recip=0
  signs [1, -1, 1]   d=-10658/4753   tuple=[0, 0, 0, 0, 0, 0, 1]   recip=0
  signs [1, -1, -1]   d=1152/4753   tuple=[0, 0, 0, 1, 0, 0, 0]   recip=0
  signs [-1, 1, 1]   d=-1152/4753   tuple=[0, 0, 0, 0, 0, 0, 1]   recip=0
  signs [-1, 1, -1]   d=10658/4753   tuple=[0, 0, 0, 1, 0, 0, 0]   recip=0
  signs [-1, -1, 1]   d=-10658/4753   tuple=[0, 0, 0, 0, 0, 0, 1]   recip=0
  signs [-1, -1, -1]   d=1152/4753   tuple=[0, 0, 0, 1, 0, 0, 0]   recip=0

---- d = f-g,  X = 10 ----
  signs [1, 1, 1]   d=-1152/4753   tuple=[1, 0, 0, 0, 0, 0, 0]   recip=0
  signs [1, 1, -1]   d=10658/4753   tuple=[1, 0, 0, 0, 0, 0, 0]   recip=0
  signs [1, -1, 1]   d=-10658/4753   tuple=[1, 0, 0, 0, 0, 0, 0]   recip=0
  signs [1, -1, -1]   d=1152/4753   tuple=[1, 0, 0, 0, 0, 0, 0]   recip=0
  signs [-1, 1, 1]   d=-1152/4753   tuple=[1, 0, 0, 0, 0, 0, 0]   recip=0
  signs [-1, 1, -1]   d=10658/4753   tuple=[1, 0, 0, 0, 0, 0, 0]   recip=0
  signs [-1, -1, 1]   d=-10658/4753   tuple=[1, 0, 0, 0, 0, 0, 0]   recip=0
  signs [-1, -1, -1]   d=1152/4753   tuple=[1, 0, 0, 0, 0, 0, 0]   recip=0

---- d = f-g,  X = -10 ----
  signs [1, 1, 1]   d=-1152/4753   tuple=[0, 0, 0, 0, 0, 0, 1]   recip=0
  signs [1, 1, -1]   d=10658/4753   tuple=[1, 0, 0, 0, 0, 0, 0]   recip=0
  signs [1, -1, 1]   d=-10658/4753   tuple=[0, 0, 0, 0, 0, 0, 1]   recip=0
  signs [1, -1, -1]   d=1152/4753   tuple=[1, 0, 0, 0, 0, 0, 0]   recip=0
  signs [-1, 1, 1]   d=-1152/4753   tuple=[0, 0, 0, 0, 0, 0, 1]   recip=0
  signs [-1, 1, -1]   d=10658/4753   tuple=[1, 0, 0, 0, 0, 0, 0]   recip=0
  signs [-1, -1, 1]   d=-10658/4753   tuple=[0, 0, 0, 0, 0, 0, 1]   recip=0
  signs [-1, -1, -1]   d=1152/4753   tuple=[1, 0, 0, 0, 0, 0, 0]   recip=0

---- d = f-g,  X = 15 ----
  signs [1, 1, 1]   d=-1152/4753   tuple=[1, 0, 0, 0, 0, 0, 0]   recip=0
  signs [1, 1, -1]   d=10658/4753   tuple=[0, 1, 0, 0, 0, 0, 0]   recip=0
  signs [1, -1, 1]   d=-10658/4753   tuple=[1, 0, 0, 0, 0, 0, 0]   recip=0
  signs [1, -1, -1]   d=1152/4753   tuple=[0, 1, 0, 0, 0, 0, 0]   recip=0
  signs [-1, 1, 1]   d=-1152/4753   tuple=[1, 0, 0, 0, 0, 0, 0]   recip=0
  signs [-1, 1, -1]   d=10658/4753   tuple=[0, 1, 0, 0, 0, 0, 0]   recip=0
  signs [-1, -1, 1]   d=-10658/4753   tuple=[1, 0, 0, 0, 0, 0, 0]   recip=0
  signs [-1, -1, -1]   d=1152/4753   tuple=[0, 1, 0, 0, 0, 0, 0]   recip=0

---- d = e*f,  X = -1 ----
  signs [1, 1, 1]   d=3504/4753   tuple=[1, 1, 0, 0, 0, 0, 0]   recip=0
  signs [1, 1, -1]   d=3504/4753   tuple=[1, 1, 0, 0, 0, 0, 0]   recip=0
  signs [1, -1, 1]   d=-3504/4753   tuple=[0, 1, 0, 0, 0, 0, 1]   recip=0
  signs [1, -1, -1]   d=-3504/4753   tuple=[0, 1, 0, 0, 0, 0, 1]   recip=0
  signs [-1, 1, 1]   d=-3504/4753   tuple=[0, 1, 0, 0, 0, 0, 1]   recip=0
  signs [-1, 1, -1]   d=-3504/4753   tuple=[0, 1, 0, 0, 0, 0, 1]   recip=0
  signs [-1, -1, 1]   d=3504/4753   tuple=[1, 1, 0, 0, 0, 0, 0]   recip=0
  signs [-1, -1, -1]   d=3504/4753   tuple=[1, 1, 0, 0, 0, 0, 0]   recip=0

---- d = e*f,  X = 2 ----
  signs [1, 1, 1]   d=3504/4753   tuple=[1, 1, 0, 0, 0, 0, 0]   recip=0
  signs [1, 1, -1]   d=3504/4753   tuple=[1, 1, 0, 0, 0, 0, 0]   recip=0
  signs [1, -1, 1]   d=-3504/4753   tuple=[1, 1, 0, 0, 0, 0, 0]   recip=0
  signs [1, -1, -1]   d=-3504/4753   tuple=[1, 1, 0, 0, 0, 0, 0]   recip=0
  signs [-1, 1, 1]   d=-3504/4753   tuple=[1, 1, 0, 0, 0, 0, 0]   recip=0
  signs [-1, 1, -1]   d=-3504/4753   tuple=[1, 1, 0, 0, 0, 0, 0]   recip=0
  signs [-1, -1, 1]   d=3504/4753   tuple=[1, 1, 0, 0, 0, 0, 0]   recip=0
  signs [-1, -1, -1]   d=3504/4753   tuple=[1, 1, 0, 0, 0, 0, 0]   recip=0

---- d = e*f,  X = -2 ----
  signs [1, 1, 1]   d=3504/4753   tuple=[0, 0, 0, 0, 0, 0, 0]   recip=0
  signs [1, 1, -1]   d=3504/4753   tuple=[0, 0, 0, 0, 0, 0, 0]   recip=0
  signs [1, -1, 1]   d=-3504/4753   tuple=[1, 0, 0, 0, 0, 0, 1]   recip=0
  signs [1, -1, -1]   d=-3504/4753   tuple=[1, 0, 0, 0, 0, 0, 1]   recip=0
  signs [-1, 1, 1]   d=-3504/4753   tuple=[1, 0, 0, 0, 0, 0, 1]   recip=0
  signs [-1, 1, -1]   d=-3504/4753   tuple=[1, 0, 0, 0, 0, 0, 1]   recip=0
  signs [-1, -1, 1]   d=3504/4753   tuple=[0, 0, 0, 0, 0, 0, 0]   recip=0
  signs [-1, -1, -1]   d=3504/4753   tuple=[0, 0, 0, 0, 0, 0, 0]   recip=0

---- d = e*f,  X = 3 ----
  signs [1, 1, 1]   d=3504/4753   tuple=[1, 1, 0, 0, 0, 0, 0]   recip=0
  signs [1, 1, -1]   d=3504/4753   tuple=[1, 1, 0, 0, 0, 0, 0]   recip=0
  signs [1, -1, 1]   d=-3504/4753   tuple=[0, 0, 0, 0, 0, 0, 0]   recip=0
  signs [1, -1, -1]   d=-3504/4753   tuple=[0, 0, 0, 0, 0, 0, 0]   recip=0
  signs [-1, 1, 1]   d=-3504/4753   tuple=[0, 0, 0, 0, 0, 0, 0]   recip=0
  signs [-1, 1, -1]   d=-3504/4753   tuple=[0, 0, 0, 0, 0, 0, 0]   recip=0
  signs [-1, -1, 1]   d=3504/4753   tuple=[1, 1, 0, 0, 0, 0, 0]   recip=0
  signs [-1, -1, -1]   d=3504/4753   tuple=[1, 1, 0, 0, 0, 0, 0]   recip=0

---- d = e*f,  X = -3 ----
  signs [1, 1, 1]   d=3504/4753   tuple=[0, 0, 0, 0, 0, 0, 0]   recip=0
  signs [1, 1, -1]   d=3504/4753   tuple=[0, 0, 0, 0, 0, 0, 0]   recip=0
  signs [1, -1, 1]   d=-3504/4753   tuple=[0, 1, 0, 0, 0, 0, 1]   recip=0
  signs [1, -1, -1]   d=-3504/4753   tuple=[0, 1, 0, 0, 0, 0, 1]   recip=0
  signs [-1, 1, 1]   d=-3504/4753   tuple=[0, 1, 0, 0, 0, 0, 1]   recip=0
  signs [-1, 1, -1]   d=-3504/4753   tuple=[0, 1, 0, 0, 0, 0, 1]   recip=0
  signs [-1, -1, 1]   d=3504/4753   tuple=[0, 0, 0, 0, 0, 0, 0]   recip=0
  signs [-1, -1, -1]   d=3504/4753   tuple=[0, 0, 0, 0, 0, 0, 0]   recip=0

---- d = e*f,  X = 5 ----
  signs [1, 1, 1]   d=3504/4753   tuple=[0, 1, 1, 0, 0, 0, 0]   recip=0
  signs [1, 1, -1]   d=3504/4753   tuple=[0, 1, 1, 0, 0, 0, 0]   recip=0
  signs [1, -1, 1]   d=-3504/4753   tuple=[0, 1, 1, 0, 0, 0, 0]   recip=0
  signs [1, -1, -1]   d=-3504/4753   tuple=[0, 1, 1, 0, 0, 0, 0]   recip=0
  signs [-1, 1, 1]   d=-3504/4753   tuple=[0, 1, 1, 0, 0, 0, 0]   recip=0
  signs [-1, 1, -1]   d=-3504/4753   tuple=[0, 1, 1, 0, 0, 0, 0]   recip=0
  signs [-1, -1, 1]   d=3504/4753   tuple=[0, 1, 1, 0, 0, 0, 0]   recip=0
  signs [-1, -1, -1]   d=3504/4753   tuple=[0, 1, 1, 0, 0, 0, 0]   recip=0

---- d = e*f,  X = -5 ----
  signs [1, 1, 1]   d=3504/4753   tuple=[1, 0, 1, 0, 0, 0, 0]   recip=0
  signs [1, 1, -1]   d=3504/4753   tuple=[1, 0, 1, 0, 0, 0, 0]   recip=0
  signs [1, -1, 1]   d=-3504/4753   tuple=[0, 0, 1, 0, 0, 0, 1]   recip=0
  signs [1, -1, -1]   d=-3504/4753   tuple=[0, 0, 1, 0, 0, 0, 1]   recip=0
  signs [-1, 1, 1]   d=-3504/4753   tuple=[0, 0, 1, 0, 0, 0, 1]   recip=0
  signs [-1, 1, -1]   d=-3504/4753   tuple=[0, 0, 1, 0, 0, 0, 1]   recip=0
  signs [-1, -1, 1]   d=3504/4753   tuple=[1, 0, 1, 0, 0, 0, 0]   recip=0
  signs [-1, -1, -1]   d=3504/4753   tuple=[1, 0, 1, 0, 0, 0, 0]   recip=0

---- d = e*f,  X = 6 ----
  signs [1, 1, 1]   d=3504/4753   tuple=[0, 0, 0, 0, 0, 0, 0]   recip=0
  signs [1, 1, -1]   d=3504/4753   tuple=[0, 0, 0, 0, 0, 0, 0]   recip=0
  signs [1, -1, 1]   d=-3504/4753   tuple=[1, 1, 0, 0, 0, 0, 0]   recip=0
  signs [1, -1, -1]   d=-3504/4753   tuple=[1, 1, 0, 0, 0, 0, 0]   recip=0
  signs [-1, 1, 1]   d=-3504/4753   tuple=[1, 1, 0, 0, 0, 0, 0]   recip=0
  signs [-1, 1, -1]   d=-3504/4753   tuple=[1, 1, 0, 0, 0, 0, 0]   recip=0
  signs [-1, -1, 1]   d=3504/4753   tuple=[0, 0, 0, 0, 0, 0, 0]   recip=0
  signs [-1, -1, -1]   d=3504/4753   tuple=[0, 0, 0, 0, 0, 0, 0]   recip=0

---- d = e*f,  X = -6 ----
  signs [1, 1, 1]   d=3504/4753   tuple=[1, 1, 0, 0, 0, 0, 0]   recip=0
  signs [1, 1, -1]   d=3504/4753   tuple=[1, 1, 0, 0, 0, 0, 0]   recip=0
  signs [1, -1, 1]   d=-3504/4753   tuple=[1, 0, 0, 0, 0, 0, 1]   recip=0
  signs [1, -1, -1]   d=-3504/4753   tuple=[1, 0, 0, 0, 0, 0, 1]   recip=0
  signs [-1, 1, 1]   d=-3504/4753   tuple=[1, 0, 0, 0, 0, 0, 1]   recip=0
  signs [-1, 1, -1]   d=-3504/4753   tuple=[1, 0, 0, 0, 0, 0, 1]   recip=0
  signs [-1, -1, 1]   d=3504/4753   tuple=[1, 1, 0, 0, 0, 0, 0]   recip=0
  signs [-1, -1, -1]   d=3504/4753   tuple=[1, 1, 0, 0, 0, 0, 0]   recip=0

---- d = e*f,  X = 7 ----
  signs [1, 1, 1]   d=3504/4753   tuple=[1, 0, 0, 1, 0, 0, 0]   recip=0
  signs [1, 1, -1]   d=3504/4753   tuple=[1, 0, 0, 1, 0, 0, 0]   recip=0
  signs [1, -1, 1]   d=-3504/4753   tuple=[0, 0, 0, 0, 0, 0, 0]   recip=0
  signs [1, -1, -1]   d=-3504/4753   tuple=[0, 0, 0, 0, 0, 0, 0]   recip=0
  signs [-1, 1, 1]   d=-3504/4753   tuple=[0, 0, 0, 0, 0, 0, 0]   recip=0
  signs [-1, 1, -1]   d=-3504/4753   tuple=[0, 0, 0, 0, 0, 0, 0]   recip=0
  signs [-1, -1, 1]   d=3504/4753   tuple=[1, 0, 0, 1, 0, 0, 0]   recip=0
  signs [-1, -1, -1]   d=3504/4753   tuple=[1, 0, 0, 1, 0, 0, 0]   recip=0

---- d = e*f,  X = -7 ----
  signs [1, 1, 1]   d=3504/4753   tuple=[0, 1, 0, 1, 0, 0, 0]   recip=0
  signs [1, 1, -1]   d=3504/4753   tuple=[0, 1, 0, 1, 0, 0, 0]   recip=0
  signs [1, -1, 1]   d=-3504/4753   tuple=[0, 1, 0, 0, 0, 0, 1]   recip=0
  signs [1, -1, -1]   d=-3504/4753   tuple=[0, 1, 0, 0, 0, 0, 1]   recip=0
  signs [-1, 1, 1]   d=-3504/4753   tuple=[0, 1, 0, 0, 0, 0, 1]   recip=0
  signs [-1, 1, -1]   d=-3504/4753   tuple=[0, 1, 0, 0, 0, 0, 1]   recip=0
  signs [-1, -1, 1]   d=3504/4753   tuple=[0, 1, 0, 1, 0, 0, 0]   recip=0
  signs [-1, -1, -1]   d=3504/4753   tuple=[0, 1, 0, 1, 0, 0, 0]   recip=0

---- d = e*f,  X = 10 ----
  signs [1, 1, 1]   d=3504/4753   tuple=[1, 0, 1, 0, 0, 0, 0]   recip=0
  signs [1, 1, -1]   d=3504/4753   tuple=[1, 0, 1, 0, 0, 0, 0]   recip=0
  signs [1, -1, 1]   d=-3504/4753   tuple=[1, 0, 1, 0, 0, 0, 0]   recip=0
  signs [1, -1, -1]   d=-3504/4753   tuple=[1, 0, 1, 0, 0, 0, 0]   recip=0
  signs [-1, 1, 1]   d=-3504/4753   tuple=[1, 0, 1, 0, 0, 0, 0]   recip=0
  signs [-1, 1, -1]   d=-3504/4753   tuple=[1, 0, 1, 0, 0, 0, 0]   recip=0
  signs [-1, -1, 1]   d=3504/4753   tuple=[1, 0, 1, 0, 0, 0, 0]   recip=0
  signs [-1, -1, -1]   d=3504/4753   tuple=[1, 0, 1, 0, 0, 0, 0]   recip=0

---- d = e*f,  X = -10 ----
  signs [1, 1, 1]   d=3504/4753   tuple=[0, 1, 1, 0, 0, 0, 0]   recip=0
  signs [1, 1, -1]   d=3504/4753   tuple=[0, 1, 1, 0, 0, 0, 0]   recip=0
  signs [1, -1, 1]   d=-3504/4753   tuple=[1, 1, 1, 0, 0, 0, 1]   recip=0
  signs [1, -1, -1]   d=-3504/4753   tuple=[1, 1, 1, 0, 0, 0, 1]   recip=0
  signs [-1, 1, 1]   d=-3504/4753   tuple=[1, 1, 1, 0, 0, 0, 1]   recip=0
  signs [-1, 1, -1]   d=-3504/4753   tuple=[1, 1, 1, 0, 0, 0, 1]   recip=0
  signs [-1, -1, 1]   d=3504/4753   tuple=[0, 1, 1, 0, 0, 0, 0]   recip=0
  signs [-1, -1, -1]   d=3504/4753   tuple=[0, 1, 1, 0, 0, 0, 0]   recip=0

---- d = e*f,  X = 15 ----
  signs [1, 1, 1]   d=3504/4753   tuple=[1, 0, 1, 0, 0, 0, 0]   recip=0
  signs [1, 1, -1]   d=3504/4753   tuple=[1, 0, 1, 0, 0, 0, 0]   recip=0
  signs [1, -1, 1]   d=-3504/4753   tuple=[0, 1, 1, 0, 0, 0, 0]   recip=0
  signs [1, -1, -1]   d=-3504/4753   tuple=[0, 1, 1, 0, 0, 0, 0]   recip=0
  signs [-1, 1, 1]   d=-3504/4753   tuple=[0, 1, 1, 0, 0, 0, 0]   recip=0
  signs [-1, 1, -1]   d=-3504/4753   tuple=[0, 1, 1, 0, 0, 0, 0]   recip=0
  signs [-1, -1, 1]   d=3504/4753   tuple=[1, 0, 1, 0, 0, 0, 0]   recip=0
  signs [-1, -1, -1]   d=3504/4753   tuple=[1, 0, 1, 0, 0, 0, 0]   recip=0

---- d = e*g,  X = -1 ----
  signs [1, 1, 1]   d=20691120/22591009   tuple=[1, 1, 0, 0, 0, 0, 0]   recip=0
  signs [1, 1, -1]   d=-20691120/22591009   tuple=[0, 1, 0, 0, 0, 0, 1]   recip=0
  signs [1, -1, 1]   d=20691120/22591009   tuple=[1, 1, 0, 0, 0, 0, 0]   recip=0
  signs [1, -1, -1]   d=-20691120/22591009   tuple=[0, 1, 0, 0, 0, 0, 1]   recip=0
  signs [-1, 1, 1]   d=-20691120/22591009   tuple=[0, 1, 0, 0, 0, 0, 1]   recip=0
  signs [-1, 1, -1]   d=20691120/22591009   tuple=[1, 1, 0, 0, 0, 0, 0]   recip=0
  signs [-1, -1, 1]   d=-20691120/22591009   tuple=[0, 1, 0, 0, 0, 0, 1]   recip=0
  signs [-1, -1, -1]   d=20691120/22591009   tuple=[1, 1, 0, 0, 0, 0, 0]   recip=0

---- d = e*g,  X = 2 ----
  signs [1, 1, 1]   d=20691120/22591009   tuple=[1, 1, 1, 0, 0, 0, 0]   recip=0
  signs [1, 1, -1]   d=-20691120/22591009   tuple=[1, 1, 1, 0, 0, 0, 0]   recip=0
  signs [1, -1, 1]   d=20691120/22591009   tuple=[1, 1, 1, 0, 0, 0, 0]   recip=0
  signs [1, -1, -1]   d=-20691120/22591009   tuple=[1, 1, 1, 0, 0, 0, 0]   recip=0
  signs [-1, 1, 1]   d=-20691120/22591009   tuple=[1, 1, 1, 0, 0, 0, 0]   recip=0
  signs [-1, 1, -1]   d=20691120/22591009   tuple=[1, 1, 1, 0, 0, 0, 0]   recip=0
  signs [-1, -1, 1]   d=-20691120/22591009   tuple=[1, 1, 1, 0, 0, 0, 0]   recip=0
  signs [-1, -1, -1]   d=20691120/22591009   tuple=[1, 1, 1, 0, 0, 0, 0]   recip=0

---- d = e*g,  X = -2 ----
  signs [1, 1, 1]   d=20691120/22591009   tuple=[0, 0, 1, 0, 0, 0, 0]   recip=0
  signs [1, 1, -1]   d=-20691120/22591009   tuple=[1, 0, 1, 0, 0, 0, 1]   recip=0
  signs [1, -1, 1]   d=20691120/22591009   tuple=[0, 0, 1, 0, 0, 0, 0]   recip=0
  signs [1, -1, -1]   d=-20691120/22591009   tuple=[1, 0, 1, 0, 0, 0, 1]   recip=0
  signs [-1, 1, 1]   d=-20691120/22591009   tuple=[1, 0, 1, 0, 0, 0, 1]   recip=0
  signs [-1, 1, -1]   d=20691120/22591009   tuple=[0, 0, 1, 0, 0, 0, 0]   recip=0
  signs [-1, -1, 1]   d=-20691120/22591009   tuple=[1, 0, 1, 0, 0, 0, 1]   recip=0
  signs [-1, -1, -1]   d=20691120/22591009   tuple=[0, 0, 1, 0, 0, 0, 0]   recip=0

---- d = e*g,  X = 3 ----
  signs [1, 1, 1]   d=20691120/22591009   tuple=[1, 1, 1, 0, 0, 0, 0]   recip=0
  signs [1, 1, -1]   d=-20691120/22591009   tuple=[0, 0, 1, 0, 0, 0, 0]   recip=0
  signs [1, -1, 1]   d=20691120/22591009   tuple=[1, 1, 1, 0, 0, 0, 0]   recip=0
  signs [1, -1, -1]   d=-20691120/22591009   tuple=[0, 0, 1, 0, 0, 0, 0]   recip=0
  signs [-1, 1, 1]   d=-20691120/22591009   tuple=[0, 0, 1, 0, 0, 0, 0]   recip=0
  signs [-1, 1, -1]   d=20691120/22591009   tuple=[1, 1, 1, 0, 0, 0, 0]   recip=0
  signs [-1, -1, 1]   d=-20691120/22591009   tuple=[0, 0, 1, 0, 0, 0, 0]   recip=0
  signs [-1, -1, -1]   d=20691120/22591009   tuple=[1, 1, 1, 0, 0, 0, 0]   recip=0

---- d = e*g,  X = -3 ----
  signs [1, 1, 1]   d=20691120/22591009   tuple=[0, 0, 1, 0, 0, 0, 0]   recip=0
  signs [1, 1, -1]   d=-20691120/22591009   tuple=[0, 1, 1, 0, 0, 0, 1]   recip=0
  signs [1, -1, 1]   d=20691120/22591009   tuple=[0, 0, 1, 0, 0, 0, 0]   recip=0
  signs [1, -1, -1]   d=-20691120/22591009   tuple=[0, 1, 1, 0, 0, 0, 1]   recip=0
  signs [-1, 1, 1]   d=-20691120/22591009   tuple=[0, 1, 1, 0, 0, 0, 1]   recip=0
  signs [-1, 1, -1]   d=20691120/22591009   tuple=[0, 0, 1, 0, 0, 0, 0]   recip=0
  signs [-1, -1, 1]   d=-20691120/22591009   tuple=[0, 1, 1, 0, 0, 0, 1]   recip=0
  signs [-1, -1, -1]   d=20691120/22591009   tuple=[0, 0, 1, 0, 0, 0, 0]   recip=0

---- d = e*g,  X = 5 ----
  signs [1, 1, 1]   d=20691120/22591009   tuple=[0, 1, 0, 0, 0, 0, 0]   recip=0
  signs [1, 1, -1]   d=-20691120/22591009   tuple=[0, 1, 0, 0, 0, 0, 0]   recip=0
  signs [1, -1, 1]   d=20691120/22591009   tuple=[0, 1, 0, 0, 0, 0, 0]   recip=0
  signs [1, -1, -1]   d=-20691120/22591009   tuple=[0, 1, 0, 0, 0, 0, 0]   recip=0
  signs [-1, 1, 1]   d=-20691120/22591009   tuple=[0, 1, 0, 0, 0, 0, 0]   recip=0
  signs [-1, 1, -1]   d=20691120/22591009   tuple=[0, 1, 0, 0, 0, 0, 0]   recip=0
  signs [-1, -1, 1]   d=-20691120/22591009   tuple=[0, 1, 0, 0, 0, 0, 0]   recip=0
  signs [-1, -1, -1]   d=20691120/22591009   tuple=[0, 1, 0, 0, 0, 0, 0]   recip=0

---- d = e*g,  X = -5 ----
  signs [1, 1, 1]   d=20691120/22591009   tuple=[1, 0, 0, 0, 0, 0, 0]   recip=0
  signs [1, 1, -1]   d=-20691120/22591009   tuple=[0, 0, 0, 0, 0, 0, 1]   recip=0
  signs [1, -1, 1]   d=20691120/22591009   tuple=[1, 0, 0, 0, 0, 0, 0]   recip=0
  signs [1, -1, -1]   d=-20691120/22591009   tuple=[0, 0, 0, 0, 0, 0, 1]   recip=0
  signs [-1, 1, 1]   d=-20691120/22591009   tuple=[0, 0, 0, 0, 0, 0, 1]   recip=0
  signs [-1, 1, -1]   d=20691120/22591009   tuple=[1, 0, 0, 0, 0, 0, 0]   recip=0
  signs [-1, -1, 1]   d=-20691120/22591009   tuple=[0, 0, 0, 0, 0, 0, 1]   recip=0
  signs [-1, -1, -1]   d=20691120/22591009   tuple=[1, 0, 0, 0, 0, 0, 0]   recip=0

---- d = e*g,  X = 6 ----
  signs [1, 1, 1]   d=20691120/22591009   tuple=[0, 0, 0, 0, 0, 0, 0]   recip=0
  signs [1, 1, -1]   d=-20691120/22591009   tuple=[1, 1, 0, 0, 0, 0, 0]   recip=0
  signs [1, -1, 1]   d=20691120/22591009   tuple=[0, 0, 0, 0, 0, 0, 0]   recip=0
  signs [1, -1, -1]   d=-20691120/22591009   tuple=[1, 1, 0, 0, 0, 0, 0]   recip=0
  signs [-1, 1, 1]   d=-20691120/22591009   tuple=[1, 1, 0, 0, 0, 0, 0]   recip=0
  signs [-1, 1, -1]   d=20691120/22591009   tuple=[0, 0, 0, 0, 0, 0, 0]   recip=0
  signs [-1, -1, 1]   d=-20691120/22591009   tuple=[1, 1, 0, 0, 0, 0, 0]   recip=0
  signs [-1, -1, -1]   d=20691120/22591009   tuple=[0, 0, 0, 0, 0, 0, 0]   recip=0

---- d = e*g,  X = -6 ----
  signs [1, 1, 1]   d=20691120/22591009   tuple=[1, 1, 0, 0, 0, 0, 0]   recip=0
  signs [1, 1, -1]   d=-20691120/22591009   tuple=[1, 0, 0, 0, 0, 0, 1]   recip=0
  signs [1, -1, 1]   d=20691120/22591009   tuple=[1, 1, 0, 0, 0, 0, 0]   recip=0
  signs [1, -1, -1]   d=-20691120/22591009   tuple=[1, 0, 0, 0, 0, 0, 1]   recip=0
  signs [-1, 1, 1]   d=-20691120/22591009   tuple=[1, 0, 0, 0, 0, 0, 1]   recip=0
  signs [-1, 1, -1]   d=20691120/22591009   tuple=[1, 1, 0, 0, 0, 0, 0]   recip=0
  signs [-1, -1, 1]   d=-20691120/22591009   tuple=[1, 0, 0, 0, 0, 0, 1]   recip=0
  signs [-1, -1, -1]   d=20691120/22591009   tuple=[1, 1, 0, 0, 0, 0, 0]   recip=0

---- d = e*g,  X = 7 ----
  signs [1, 1, 1]   d=20691120/22591009   tuple=[1, 0, 1, 0, 0, 0, 0]   recip=0
  signs [1, 1, -1]   d=-20691120/22591009   tuple=[0, 0, 1, 1, 0, 0, 0]   recip=0
  signs [1, -1, 1]   d=20691120/22591009   tuple=[1, 0, 1, 0, 0, 0, 0]   recip=0
  signs [1, -1, -1]   d=-20691120/22591009   tuple=[0, 0, 1, 1, 0, 0, 0]   recip=0
  signs [-1, 1, 1]   d=-20691120/22591009   tuple=[0, 0, 1, 1, 0, 0, 0]   recip=0
  signs [-1, 1, -1]   d=20691120/22591009   tuple=[1, 0, 1, 0, 0, 0, 0]   recip=0
  signs [-1, -1, 1]   d=-20691120/22591009   tuple=[0, 0, 1, 1, 0, 0, 0]   recip=0
  signs [-1, -1, -1]   d=20691120/22591009   tuple=[1, 0, 1, 0, 0, 0, 0]   recip=0

---- d = e*g,  X = -7 ----
  signs [1, 1, 1]   d=20691120/22591009   tuple=[0, 1, 1, 0, 0, 0, 0]   recip=0
  signs [1, 1, -1]   d=-20691120/22591009   tuple=[0, 1, 1, 1, 0, 0, 1]   recip=0
  signs [1, -1, 1]   d=20691120/22591009   tuple=[0, 1, 1, 0, 0, 0, 0]   recip=0
  signs [1, -1, -1]   d=-20691120/22591009   tuple=[0, 1, 1, 1, 0, 0, 1]   recip=0
  signs [-1, 1, 1]   d=-20691120/22591009   tuple=[0, 1, 1, 1, 0, 0, 1]   recip=0
  signs [-1, 1, -1]   d=20691120/22591009   tuple=[0, 1, 1, 0, 0, 0, 0]   recip=0
  signs [-1, -1, 1]   d=-20691120/22591009   tuple=[0, 1, 1, 1, 0, 0, 1]   recip=0
  signs [-1, -1, -1]   d=20691120/22591009   tuple=[0, 1, 1, 0, 0, 0, 0]   recip=0

---- d = e*g,  X = 10 ----
  signs [1, 1, 1]   d=20691120/22591009   tuple=[1, 0, 1, 0, 0, 0, 0]   recip=0
  signs [1, 1, -1]   d=-20691120/22591009   tuple=[1, 0, 1, 0, 0, 0, 0]   recip=0
  signs [1, -1, 1]   d=20691120/22591009   tuple=[1, 0, 1, 0, 0, 0, 0]   recip=0
  signs [1, -1, -1]   d=-20691120/22591009   tuple=[1, 0, 1, 0, 0, 0, 0]   recip=0
  signs [-1, 1, 1]   d=-20691120/22591009   tuple=[1, 0, 1, 0, 0, 0, 0]   recip=0
  signs [-1, 1, -1]   d=20691120/22591009   tuple=[1, 0, 1, 0, 0, 0, 0]   recip=0
  signs [-1, -1, 1]   d=-20691120/22591009   tuple=[1, 0, 1, 0, 0, 0, 0]   recip=0
  signs [-1, -1, -1]   d=20691120/22591009   tuple=[1, 0, 1, 0, 0, 0, 0]   recip=0

---- d = e*g,  X = -10 ----
  signs [1, 1, 1]   d=20691120/22591009   tuple=[0, 1, 1, 0, 0, 0, 0]   recip=0
  signs [1, 1, -1]   d=-20691120/22591009   tuple=[1, 1, 1, 0, 0, 0, 1]   recip=0
  signs [1, -1, 1]   d=20691120/22591009   tuple=[0, 1, 1, 0, 0, 0, 0]   recip=0
  signs [1, -1, -1]   d=-20691120/22591009   tuple=[1, 1, 1, 0, 0, 0, 1]   recip=0
  signs [-1, 1, 1]   d=-20691120/22591009   tuple=[1, 1, 1, 0, 0, 0, 1]   recip=0
  signs [-1, 1, -1]   d=20691120/22591009   tuple=[0, 1, 1, 0, 0, 0, 0]   recip=0
  signs [-1, -1, 1]   d=-20691120/22591009   tuple=[1, 1, 1, 0, 0, 0, 1]   recip=0
  signs [-1, -1, -1]   d=20691120/22591009   tuple=[0, 1, 1, 0, 0, 0, 0]   recip=0

---- d = e*g,  X = 15 ----
  signs [1, 1, 1]   d=20691120/22591009   tuple=[1, 0, 1, 0, 0, 0, 0]   recip=0
  signs [1, 1, -1]   d=-20691120/22591009   tuple=[0, 1, 1, 0, 0, 0, 0]   recip=0
  signs [1, -1, 1]   d=20691120/22591009   tuple=[1, 0, 1, 0, 0, 0, 0]   recip=0
  signs [1, -1, -1]   d=-20691120/22591009   tuple=[0, 1, 1, 0, 0, 0, 0]   recip=0
  signs [-1, 1, 1]   d=-20691120/22591009   tuple=[0, 1, 1, 0, 0, 0, 0]   recip=0
  signs [-1, 1, -1]   d=20691120/22591009   tuple=[1, 0, 1, 0, 0, 0, 0]   recip=0
  signs [-1, -1, 1]   d=-20691120/22591009   tuple=[0, 1, 1, 0, 0, 0, 0]   recip=0
  signs [-1, -1, -1]   d=20691120/22591009   tuple=[1, 0, 1, 0, 0, 0, 0]   recip=0

---- d = f*g,  X = -1 ----
  signs [1, 1, 1]   d=5905/4753   tuple=[0, 0, 0, 0, 0, 0, 0]   recip=0
  signs [1, 1, -1]   d=-5905/4753   tuple=[1, 0, 0, 0, 0, 0, 1]   recip=0
  signs [1, -1, 1]   d=-5905/4753   tuple=[1, 0, 0, 0, 0, 0, 1]   recip=0
  signs [1, -1, -1]   d=5905/4753   tuple=[0, 0, 0, 0, 0, 0, 0]   recip=0
  signs [-1, 1, 1]   d=5905/4753   tuple=[0, 0, 0, 0, 0, 0, 0]   recip=0
  signs [-1, 1, -1]   d=-5905/4753   tuple=[1, 0, 0, 0, 0, 0, 1]   recip=0
  signs [-1, -1, 1]   d=-5905/4753   tuple=[1, 0, 0, 0, 0, 0, 1]   recip=0
  signs [-1, -1, -1]   d=5905/4753   tuple=[0, 0, 0, 0, 0, 0, 0]   recip=0

---- d = f*g,  X = 2 ----
  signs [1, 1, 1]   d=5905/4753   tuple=[0, 0, 1, 0, 0, 0, 0]   recip=0
  signs [1, 1, -1]   d=-5905/4753   tuple=[0, 0, 1, 0, 0, 0, 0]   recip=0
  signs [1, -1, 1]   d=-5905/4753   tuple=[0, 0, 1, 0, 0, 0, 0]   recip=0
  signs [1, -1, -1]   d=5905/4753   tuple=[0, 0, 1, 0, 0, 0, 0]   recip=0
  signs [-1, 1, 1]   d=5905/4753   tuple=[0, 0, 1, 0, 0, 0, 0]   recip=0
  signs [-1, 1, -1]   d=-5905/4753   tuple=[0, 0, 1, 0, 0, 0, 0]   recip=0
  signs [-1, -1, 1]   d=-5905/4753   tuple=[0, 0, 1, 0, 0, 0, 0]   recip=0
  signs [-1, -1, -1]   d=5905/4753   tuple=[0, 0, 1, 0, 0, 0, 0]   recip=0

---- d = f*g,  X = -2 ----
  signs [1, 1, 1]   d=5905/4753   tuple=[0, 0, 1, 0, 0, 0, 0]   recip=0
  signs [1, 1, -1]   d=-5905/4753   tuple=[1, 0, 1, 0, 0, 0, 1]   recip=0
  signs [1, -1, 1]   d=-5905/4753   tuple=[1, 0, 1, 0, 0, 0, 1]   recip=0
  signs [1, -1, -1]   d=5905/4753   tuple=[0, 0, 1, 0, 0, 0, 0]   recip=0
  signs [-1, 1, 1]   d=5905/4753   tuple=[0, 0, 1, 0, 0, 0, 0]   recip=0
  signs [-1, 1, -1]   d=-5905/4753   tuple=[1, 0, 1, 0, 0, 0, 1]   recip=0
  signs [-1, -1, 1]   d=-5905/4753   tuple=[1, 0, 1, 0, 0, 0, 1]   recip=0
  signs [-1, -1, -1]   d=5905/4753   tuple=[0, 0, 1, 0, 0, 0, 0]   recip=0

---- d = f*g,  X = 3 ----
  signs [1, 1, 1]   d=5905/4753   tuple=[0, 0, 1, 0, 0, 0, 0]   recip=0
  signs [1, 1, -1]   d=-5905/4753   tuple=[1, 1, 1, 0, 0, 0, 0]   recip=0
  signs [1, -1, 1]   d=-5905/4753   tuple=[1, 1, 1, 0, 0, 0, 0]   recip=0
  signs [1, -1, -1]   d=5905/4753   tuple=[0, 0, 1, 0, 0, 0, 0]   recip=0
  signs [-1, 1, 1]   d=5905/4753   tuple=[0, 0, 1, 0, 0, 0, 0]   recip=0
  signs [-1, 1, -1]   d=-5905/4753   tuple=[1, 1, 1, 0, 0, 0, 0]   recip=0
  signs [-1, -1, 1]   d=-5905/4753   tuple=[1, 1, 1, 0, 0, 0, 0]   recip=0
  signs [-1, -1, -1]   d=5905/4753   tuple=[0, 0, 1, 0, 0, 0, 0]   recip=0

---- d = f*g,  X = -3 ----
  signs [1, 1, 1]   d=5905/4753   tuple=[0, 0, 1, 0, 0, 0, 0]   recip=0
  signs [1, 1, -1]   d=-5905/4753   tuple=[0, 1, 1, 0, 0, 0, 1]   recip=0
  signs [1, -1, 1]   d=-5905/4753   tuple=[0, 1, 1, 0, 0, 0, 1]   recip=0
  signs [1, -1, -1]   d=5905/4753   tuple=[0, 0, 1, 0, 0, 0, 0]   recip=0
  signs [-1, 1, 1]   d=5905/4753   tuple=[0, 0, 1, 0, 0, 0, 0]   recip=0
  signs [-1, 1, -1]   d=-5905/4753   tuple=[0, 1, 1, 0, 0, 0, 1]   recip=0
  signs [-1, -1, 1]   d=-5905/4753   tuple=[0, 1, 1, 0, 0, 0, 1]   recip=0
  signs [-1, -1, -1]   d=5905/4753   tuple=[0, 0, 1, 0, 0, 0, 0]   recip=0

---- d = f*g,  X = 5 ----
  signs [1, 1, 1]   d=5905/4753   tuple=[0, 0, 1, 0, 0, 0, 0]   recip=0
  signs [1, 1, -1]   d=-5905/4753   tuple=[0, 0, 1, 0, 0, 0, 0]   recip=0
  signs [1, -1, 1]   d=-5905/4753   tuple=[0, 0, 1, 0, 0, 0, 0]   recip=0
  signs [1, -1, -1]   d=5905/4753   tuple=[0, 0, 1, 0, 0, 0, 0]   recip=0
  signs [-1, 1, 1]   d=5905/4753   tuple=[0, 0, 1, 0, 0, 0, 0]   recip=0
  signs [-1, 1, -1]   d=-5905/4753   tuple=[0, 0, 1, 0, 0, 0, 0]   recip=0
  signs [-1, -1, 1]   d=-5905/4753   tuple=[0, 0, 1, 0, 0, 0, 0]   recip=0
  signs [-1, -1, -1]   d=5905/4753   tuple=[0, 0, 1, 0, 0, 0, 0]   recip=0

---- d = f*g,  X = -5 ----
  signs [1, 1, 1]   d=5905/4753   tuple=[0, 0, 1, 0, 0, 0, 0]   recip=0
  signs [1, 1, -1]   d=-5905/4753   tuple=[1, 0, 1, 0, 0, 0, 1]   recip=0
  signs [1, -1, 1]   d=-5905/4753   tuple=[1, 0, 1, 0, 0, 0, 1]   recip=0
  signs [1, -1, -1]   d=5905/4753   tuple=[0, 0, 1, 0, 0, 0, 0]   recip=0
  signs [-1, 1, 1]   d=5905/4753   tuple=[0, 0, 1, 0, 0, 0, 0]   recip=0
  signs [-1, 1, -1]   d=-5905/4753   tuple=[1, 0, 1, 0, 0, 0, 1]   recip=0
  signs [-1, -1, 1]   d=-5905/4753   tuple=[1, 0, 1, 0, 0, 0, 1]   recip=0
  signs [-1, -1, -1]   d=5905/4753   tuple=[0, 0, 1, 0, 0, 0, 0]   recip=0

---- d = f*g,  X = 6 ----
  signs [1, 1, 1]   d=5905/4753   tuple=[0, 0, 0, 0, 0, 0, 0]   recip=0
  signs [1, 1, -1]   d=-5905/4753   tuple=[1, 1, 0, 0, 0, 0, 0]   recip=0
  signs [1, -1, 1]   d=-5905/4753   tuple=[1, 1, 0, 0, 0, 0, 0]   recip=0
  signs [1, -1, -1]   d=5905/4753   tuple=[0, 0, 0, 0, 0, 0, 0]   recip=0
  signs [-1, 1, 1]   d=5905/4753   tuple=[0, 0, 0, 0, 0, 0, 0]   recip=0
  signs [-1, 1, -1]   d=-5905/4753   tuple=[1, 1, 0, 0, 0, 0, 0]   recip=0
  signs [-1, -1, 1]   d=-5905/4753   tuple=[1, 1, 0, 0, 0, 0, 0]   recip=0
  signs [-1, -1, -1]   d=5905/4753   tuple=[0, 0, 0, 0, 0, 0, 0]   recip=0

---- d = f*g,  X = -6 ----
  signs [1, 1, 1]   d=5905/4753   tuple=[0, 0, 0, 0, 0, 0, 0]   recip=0
  signs [1, 1, -1]   d=-5905/4753   tuple=[0, 1, 0, 0, 0, 0, 1]   recip=0
  signs [1, -1, 1]   d=-5905/4753   tuple=[0, 1, 0, 0, 0, 0, 1]   recip=0
  signs [1, -1, -1]   d=5905/4753   tuple=[0, 0, 0, 0, 0, 0, 0]   recip=0
  signs [-1, 1, 1]   d=5905/4753   tuple=[0, 0, 0, 0, 0, 0, 0]   recip=0
  signs [-1, 1, -1]   d=-5905/4753   tuple=[0, 1, 0, 0, 0, 0, 1]   recip=0
  signs [-1, -1, 1]   d=-5905/4753   tuple=[0, 1, 0, 0, 0, 0, 1]   recip=0
  signs [-1, -1, -1]   d=5905/4753   tuple=[0, 0, 0, 0, 0, 0, 0]   recip=0

---- d = f*g,  X = 7 ----
  signs [1, 1, 1]   d=5905/4753   tuple=[0, 0, 1, 1, 0, 0, 0]   recip=0
  signs [1, 1, -1]   d=-5905/4753   tuple=[1, 0, 1, 0, 0, 0, 0]   recip=0
  signs [1, -1, 1]   d=-5905/4753   tuple=[1, 0, 1, 0, 0, 0, 0]   recip=0
  signs [1, -1, -1]   d=5905/4753   tuple=[0, 0, 1, 1, 0, 0, 0]   recip=0
  signs [-1, 1, 1]   d=5905/4753   tuple=[0, 0, 1, 1, 0, 0, 0]   recip=0
  signs [-1, 1, -1]   d=-5905/4753   tuple=[1, 0, 1, 0, 0, 0, 0]   recip=0
  signs [-1, -1, 1]   d=-5905/4753   tuple=[1, 0, 1, 0, 0, 0, 0]   recip=0
  signs [-1, -1, -1]   d=5905/4753   tuple=[0, 0, 1, 1, 0, 0, 0]   recip=0

---- d = f*g,  X = -7 ----
  signs [1, 1, 1]   d=5905/4753   tuple=[0, 0, 1, 1, 0, 0, 0]   recip=0
  signs [1, 1, -1]   d=-5905/4753   tuple=[0, 0, 1, 0, 0, 0, 1]   recip=0
  signs [1, -1, 1]   d=-5905/4753   tuple=[0, 0, 1, 0, 0, 0, 1]   recip=0
  signs [1, -1, -1]   d=5905/4753   tuple=[0, 0, 1, 1, 0, 0, 0]   recip=0
  signs [-1, 1, 1]   d=5905/4753   tuple=[0, 0, 1, 1, 0, 0, 0]   recip=0
  signs [-1, 1, -1]   d=-5905/4753   tuple=[0, 0, 1, 0, 0, 0, 1]   recip=0
  signs [-1, -1, 1]   d=-5905/4753   tuple=[0, 0, 1, 0, 0, 0, 1]   recip=0
  signs [-1, -1, -1]   d=5905/4753   tuple=[0, 0, 1, 1, 0, 0, 0]   recip=0

---- d = f*g,  X = 10 ----
  signs [1, 1, 1]   d=5905/4753   tuple=[0, 0, 0, 0, 0, 0, 0]   recip=0
  signs [1, 1, -1]   d=-5905/4753   tuple=[0, 0, 0, 0, 0, 0, 0]   recip=0
  signs [1, -1, 1]   d=-5905/4753   tuple=[0, 0, 0, 0, 0, 0, 0]   recip=0
  signs [1, -1, -1]   d=5905/4753   tuple=[0, 0, 0, 0, 0, 0, 0]   recip=0
  signs [-1, 1, 1]   d=5905/4753   tuple=[0, 0, 0, 0, 0, 0, 0]   recip=0
  signs [-1, 1, -1]   d=-5905/4753   tuple=[0, 0, 0, 0, 0, 0, 0]   recip=0
  signs [-1, -1, 1]   d=-5905/4753   tuple=[0, 0, 0, 0, 0, 0, 0]   recip=0
  signs [-1, -1, -1]   d=5905/4753   tuple=[0, 0, 0, 0, 0, 0, 0]   recip=0

---- d = f*g,  X = -10 ----
  signs [1, 1, 1]   d=5905/4753   tuple=[0, 0, 0, 0, 0, 0, 0]   recip=0
  signs [1, 1, -1]   d=-5905/4753   tuple=[1, 0, 0, 0, 0, 0, 1]   recip=0
  signs [1, -1, 1]   d=-5905/4753   tuple=[1, 0, 0, 0, 0, 0, 1]   recip=0
  signs [1, -1, -1]   d=5905/4753   tuple=[0, 0, 0, 0, 0, 0, 0]   recip=0
  signs [-1, 1, 1]   d=5905/4753   tuple=[0, 0, 0, 0, 0, 0, 0]   recip=0
  signs [-1, 1, -1]   d=-5905/4753   tuple=[1, 0, 0, 0, 0, 0, 1]   recip=0
  signs [-1, -1, 1]   d=-5905/4753   tuple=[1, 0, 0, 0, 0, 0, 1]   recip=0
  signs [-1, -1, -1]   d=5905/4753   tuple=[0, 0, 0, 0, 0, 0, 0]   recip=0

---- d = f*g,  X = 15 ----
  signs [1, 1, 1]   d=5905/4753   tuple=[0, 0, 0, 0, 0, 0, 0]   recip=0
  signs [1, 1, -1]   d=-5905/4753   tuple=[1, 1, 0, 0, 0, 0, 0]   recip=0
  signs [1, -1, 1]   d=-5905/4753   tuple=[1, 1, 0, 0, 0, 0, 0]   recip=0
  signs [1, -1, -1]   d=5905/4753   tuple=[0, 0, 0, 0, 0, 0, 0]   recip=0
  signs [-1, 1, 1]   d=5905/4753   tuple=[0, 0, 0, 0, 0, 0, 0]   recip=0
  signs [-1, 1, -1]   d=-5905/4753   tuple=[1, 1, 0, 0, 0, 0, 0]   recip=0
  signs [-1, -1, 1]   d=-5905/4753   tuple=[1, 1, 0, 0, 0, 0, 0]   recip=0
  signs [-1, -1, -1]   d=5905/4753   tuple=[0, 0, 0, 0, 0, 0, 0]   recip=0

---- d = e*f*g,  X = -1 ----
  signs [1, 1, 1]   d=20691120/22591009   tuple=[1, 1, 0, 0, 0, 0, 0]   recip=0
  signs [1, 1, -1]   d=-20691120/22591009   tuple=[0, 1, 0, 0, 0, 0, 1]   recip=0
  signs [1, -1, 1]   d=-20691120/22591009   tuple=[0, 1, 0, 0, 0, 0, 1]   recip=0
  signs [1, -1, -1]   d=20691120/22591009   tuple=[1, 1, 0, 0, 0, 0, 0]   recip=0
  signs [-1, 1, 1]   d=-20691120/22591009   tuple=[0, 1, 0, 0, 0, 0, 1]   recip=0
  signs [-1, 1, -1]   d=20691120/22591009   tuple=[1, 1, 0, 0, 0, 0, 0]   recip=0
  signs [-1, -1, 1]   d=20691120/22591009   tuple=[1, 1, 0, 0, 0, 0, 0]   recip=0
  signs [-1, -1, -1]   d=-20691120/22591009   tuple=[0, 1, 0, 0, 0, 0, 1]   recip=0

---- d = e*f*g,  X = 2 ----
  signs [1, 1, 1]   d=20691120/22591009   tuple=[1, 1, 1, 0, 0, 0, 0]   recip=0
  signs [1, 1, -1]   d=-20691120/22591009   tuple=[1, 1, 1, 0, 0, 0, 0]   recip=0
  signs [1, -1, 1]   d=-20691120/22591009   tuple=[1, 1, 1, 0, 0, 0, 0]   recip=0
  signs [1, -1, -1]   d=20691120/22591009   tuple=[1, 1, 1, 0, 0, 0, 0]   recip=0
  signs [-1, 1, 1]   d=-20691120/22591009   tuple=[1, 1, 1, 0, 0, 0, 0]   recip=0
  signs [-1, 1, -1]   d=20691120/22591009   tuple=[1, 1, 1, 0, 0, 0, 0]   recip=0
  signs [-1, -1, 1]   d=20691120/22591009   tuple=[1, 1, 1, 0, 0, 0, 0]   recip=0
  signs [-1, -1, -1]   d=-20691120/22591009   tuple=[1, 1, 1, 0, 0, 0, 0]   recip=0

---- d = e*f*g,  X = -2 ----
  signs [1, 1, 1]   d=20691120/22591009   tuple=[0, 0, 1, 0, 0, 0, 0]   recip=0
  signs [1, 1, -1]   d=-20691120/22591009   tuple=[1, 0, 1, 0, 0, 0, 1]   recip=0
  signs [1, -1, 1]   d=-20691120/22591009   tuple=[1, 0, 1, 0, 0, 0, 1]   recip=0
  signs [1, -1, -1]   d=20691120/22591009   tuple=[0, 0, 1, 0, 0, 0, 0]   recip=0
  signs [-1, 1, 1]   d=-20691120/22591009   tuple=[1, 0, 1, 0, 0, 0, 1]   recip=0
  signs [-1, 1, -1]   d=20691120/22591009   tuple=[0, 0, 1, 0, 0, 0, 0]   recip=0
  signs [-1, -1, 1]   d=20691120/22591009   tuple=[0, 0, 1, 0, 0, 0, 0]   recip=0
  signs [-1, -1, -1]   d=-20691120/22591009   tuple=[1, 0, 1, 0, 0, 0, 1]   recip=0

---- d = e*f*g,  X = 3 ----
  signs [1, 1, 1]   d=20691120/22591009   tuple=[1, 1, 1, 0, 0, 0, 0]   recip=0
  signs [1, 1, -1]   d=-20691120/22591009   tuple=[0, 0, 1, 0, 0, 0, 0]   recip=0
  signs [1, -1, 1]   d=-20691120/22591009   tuple=[0, 0, 1, 0, 0, 0, 0]   recip=0
  signs [1, -1, -1]   d=20691120/22591009   tuple=[1, 1, 1, 0, 0, 0, 0]   recip=0
  signs [-1, 1, 1]   d=-20691120/22591009   tuple=[0, 0, 1, 0, 0, 0, 0]   recip=0
  signs [-1, 1, -1]   d=20691120/22591009   tuple=[1, 1, 1, 0, 0, 0, 0]   recip=0
  signs [-1, -1, 1]   d=20691120/22591009   tuple=[1, 1, 1, 0, 0, 0, 0]   recip=0
  signs [-1, -1, -1]   d=-20691120/22591009   tuple=[0, 0, 1, 0, 0, 0, 0]   recip=0

---- d = e*f*g,  X = -3 ----
  signs [1, 1, 1]   d=20691120/22591009   tuple=[0, 0, 1, 0, 0, 0, 0]   recip=0
  signs [1, 1, -1]   d=-20691120/22591009   tuple=[0, 1, 1, 0, 0, 0, 1]   recip=0
  signs [1, -1, 1]   d=-20691120/22591009   tuple=[0, 1, 1, 0, 0, 0, 1]   recip=0
  signs [1, -1, -1]   d=20691120/22591009   tuple=[0, 0, 1, 0, 0, 0, 0]   recip=0
  signs [-1, 1, 1]   d=-20691120/22591009   tuple=[0, 1, 1, 0, 0, 0, 1]   recip=0
  signs [-1, 1, -1]   d=20691120/22591009   tuple=[0, 0, 1, 0, 0, 0, 0]   recip=0
  signs [-1, -1, 1]   d=20691120/22591009   tuple=[0, 0, 1, 0, 0, 0, 0]   recip=0
  signs [-1, -1, -1]   d=-20691120/22591009   tuple=[0, 1, 1, 0, 0, 0, 1]   recip=0

---- d = e*f*g,  X = 5 ----
  signs [1, 1, 1]   d=20691120/22591009   tuple=[0, 1, 0, 0, 0, 0, 0]   recip=0
  signs [1, 1, -1]   d=-20691120/22591009   tuple=[0, 1, 0, 0, 0, 0, 0]   recip=0
  signs [1, -1, 1]   d=-20691120/22591009   tuple=[0, 1, 0, 0, 0, 0, 0]   recip=0
  signs [1, -1, -1]   d=20691120/22591009   tuple=[0, 1, 0, 0, 0, 0, 0]   recip=0
  signs [-1, 1, 1]   d=-20691120/22591009   tuple=[0, 1, 0, 0, 0, 0, 0]   recip=0
  signs [-1, 1, -1]   d=20691120/22591009   tuple=[0, 1, 0, 0, 0, 0, 0]   recip=0
  signs [-1, -1, 1]   d=20691120/22591009   tuple=[0, 1, 0, 0, 0, 0, 0]   recip=0
  signs [-1, -1, -1]   d=-20691120/22591009   tuple=[0, 1, 0, 0, 0, 0, 0]   recip=0

---- d = e*f*g,  X = -5 ----
  signs [1, 1, 1]   d=20691120/22591009   tuple=[1, 0, 0, 0, 0, 0, 0]   recip=0
  signs [1, 1, -1]   d=-20691120/22591009   tuple=[0, 0, 0, 0, 0, 0, 1]   recip=0
  signs [1, -1, 1]   d=-20691120/22591009   tuple=[0, 0, 0, 0, 0, 0, 1]   recip=0
  signs [1, -1, -1]   d=20691120/22591009   tuple=[1, 0, 0, 0, 0, 0, 0]   recip=0
  signs [-1, 1, 1]   d=-20691120/22591009   tuple=[0, 0, 0, 0, 0, 0, 1]   recip=0
  signs [-1, 1, -1]   d=20691120/22591009   tuple=[1, 0, 0, 0, 0, 0, 0]   recip=0
  signs [-1, -1, 1]   d=20691120/22591009   tuple=[1, 0, 0, 0, 0, 0, 0]   recip=0
  signs [-1, -1, -1]   d=-20691120/22591009   tuple=[0, 0, 0, 0, 0, 0, 1]   recip=0

---- d = e*f*g,  X = 6 ----
  signs [1, 1, 1]   d=20691120/22591009   tuple=[0, 0, 0, 0, 0, 0, 0]   recip=0
  signs [1, 1, -1]   d=-20691120/22591009   tuple=[1, 1, 0, 0, 0, 0, 0]   recip=0
  signs [1, -1, 1]   d=-20691120/22591009   tuple=[1, 1, 0, 0, 0, 0, 0]   recip=0
  signs [1, -1, -1]   d=20691120/22591009   tuple=[0, 0, 0, 0, 0, 0, 0]   recip=0
  signs [-1, 1, 1]   d=-20691120/22591009   tuple=[1, 1, 0, 0, 0, 0, 0]   recip=0
  signs [-1, 1, -1]   d=20691120/22591009   tuple=[0, 0, 0, 0, 0, 0, 0]   recip=0
  signs [-1, -1, 1]   d=20691120/22591009   tuple=[0, 0, 0, 0, 0, 0, 0]   recip=0
  signs [-1, -1, -1]   d=-20691120/22591009   tuple=[1, 1, 0, 0, 0, 0, 0]   recip=0

---- d = e*f*g,  X = -6 ----
  signs [1, 1, 1]   d=20691120/22591009   tuple=[1, 1, 0, 0, 0, 0, 0]   recip=0
  signs [1, 1, -1]   d=-20691120/22591009   tuple=[1, 0, 0, 0, 0, 0, 1]   recip=0
  signs [1, -1, 1]   d=-20691120/22591009   tuple=[1, 0, 0, 0, 0, 0, 1]   recip=0
  signs [1, -1, -1]   d=20691120/22591009   tuple=[1, 1, 0, 0, 0, 0, 0]   recip=0
  signs [-1, 1, 1]   d=-20691120/22591009   tuple=[1, 0, 0, 0, 0, 0, 1]   recip=0
  signs [-1, 1, -1]   d=20691120/22591009   tuple=[1, 1, 0, 0, 0, 0, 0]   recip=0
  signs [-1, -1, 1]   d=20691120/22591009   tuple=[1, 1, 0, 0, 0, 0, 0]   recip=0
  signs [-1, -1, -1]   d=-20691120/22591009   tuple=[1, 0, 0, 0, 0, 0, 1]   recip=0

---- d = e*f*g,  X = 7 ----
  signs [1, 1, 1]   d=20691120/22591009   tuple=[1, 0, 1, 0, 0, 0, 0]   recip=0
  signs [1, 1, -1]   d=-20691120/22591009   tuple=[0, 0, 1, 1, 0, 0, 0]   recip=0
  signs [1, -1, 1]   d=-20691120/22591009   tuple=[0, 0, 1, 1, 0, 0, 0]   recip=0
  signs [1, -1, -1]   d=20691120/22591009   tuple=[1, 0, 1, 0, 0, 0, 0]   recip=0
  signs [-1, 1, 1]   d=-20691120/22591009   tuple=[0, 0, 1, 1, 0, 0, 0]   recip=0
  signs [-1, 1, -1]   d=20691120/22591009   tuple=[1, 0, 1, 0, 0, 0, 0]   recip=0
  signs [-1, -1, 1]   d=20691120/22591009   tuple=[1, 0, 1, 0, 0, 0, 0]   recip=0
  signs [-1, -1, -1]   d=-20691120/22591009   tuple=[0, 0, 1, 1, 0, 0, 0]   recip=0

---- d = e*f*g,  X = -7 ----
  signs [1, 1, 1]   d=20691120/22591009   tuple=[0, 1, 1, 0, 0, 0, 0]   recip=0
  signs [1, 1, -1]   d=-20691120/22591009   tuple=[0, 1, 1, 1, 0, 0, 1]   recip=0
  signs [1, -1, 1]   d=-20691120/22591009   tuple=[0, 1, 1, 1, 0, 0, 1]   recip=0
  signs [1, -1, -1]   d=20691120/22591009   tuple=[0, 1, 1, 0, 0, 0, 0]   recip=0
  signs [-1, 1, 1]   d=-20691120/22591009   tuple=[0, 1, 1, 1, 0, 0, 1]   recip=0
  signs [-1, 1, -1]   d=20691120/22591009   tuple=[0, 1, 1, 0, 0, 0, 0]   recip=0
  signs [-1, -1, 1]   d=20691120/22591009   tuple=[0, 1, 1, 0, 0, 0, 0]   recip=0
  signs [-1, -1, -1]   d=-20691120/22591009   tuple=[0, 1, 1, 1, 0, 0, 1]   recip=0

---- d = e*f*g,  X = 10 ----
  signs [1, 1, 1]   d=20691120/22591009   tuple=[1, 0, 1, 0, 0, 0, 0]   recip=0
  signs [1, 1, -1]   d=-20691120/22591009   tuple=[1, 0, 1, 0, 0, 0, 0]   recip=0
  signs [1, -1, 1]   d=-20691120/22591009   tuple=[1, 0, 1, 0, 0, 0, 0]   recip=0
  signs [1, -1, -1]   d=20691120/22591009   tuple=[1, 0, 1, 0, 0, 0, 0]   recip=0
  signs [-1, 1, 1]   d=-20691120/22591009   tuple=[1, 0, 1, 0, 0, 0, 0]   recip=0
  signs [-1, 1, -1]   d=20691120/22591009   tuple=[1, 0, 1, 0, 0, 0, 0]   recip=0
  signs [-1, -1, 1]   d=20691120/22591009   tuple=[1, 0, 1, 0, 0, 0, 0]   recip=0
  signs [-1, -1, -1]   d=-20691120/22591009   tuple=[1, 0, 1, 0, 0, 0, 0]   recip=0

---- d = e*f*g,  X = -10 ----
  signs [1, 1, 1]   d=20691120/22591009   tuple=[0, 1, 1, 0, 0, 0, 0]   recip=0
  signs [1, 1, -1]   d=-20691120/22591009   tuple=[1, 1, 1, 0, 0, 0, 1]   recip=0
  signs [1, -1, 1]   d=-20691120/22591009   tuple=[1, 1, 1, 0, 0, 0, 1]   recip=0
  signs [1, -1, -1]   d=20691120/22591009   tuple=[0, 1, 1, 0, 0, 0, 0]   recip=0
  signs [-1, 1, 1]   d=-20691120/22591009   tuple=[1, 1, 1, 0, 0, 0, 1]   recip=0
  signs [-1, 1, -1]   d=20691120/22591009   tuple=[0, 1, 1, 0, 0, 0, 0]   recip=0
  signs [-1, -1, 1]   d=20691120/22591009   tuple=[0, 1, 1, 0, 0, 0, 0]   recip=0
  signs [-1, -1, -1]   d=-20691120/22591009   tuple=[1, 1, 1, 0, 0, 0, 1]   recip=0

---- d = e*f*g,  X = 15 ----
  signs [1, 1, 1]   d=20691120/22591009   tuple=[1, 0, 1, 0, 0, 0, 0]   recip=0
  signs [1, 1, -1]   d=-20691120/22591009   tuple=[0, 1, 1, 0, 0, 0, 0]   recip=0
  signs [1, -1, 1]   d=-20691120/22591009   tuple=[0, 1, 1, 0, 0, 0, 0]   recip=0
  signs [1, -1, -1]   d=20691120/22591009   tuple=[1, 0, 1, 0, 0, 0, 0]   recip=0
  signs [-1, 1, 1]   d=-20691120/22591009   tuple=[0, 1, 1, 0, 0, 0, 0]   recip=0
  signs [-1, 1, -1]   d=20691120/22591009   tuple=[1, 0, 1, 0, 0, 0, 0]   recip=0
  signs [-1, -1, 1]   d=20691120/22591009   tuple=[1, 0, 1, 0, 0, 0, 0]   recip=0
  signs [-1, -1, -1]   d=-20691120/22591009   tuple=[0, 1, 1, 0, 0, 0, 0]   recip=0

##########################################
Fiber (88,35)
##########################################

---- d = e+f,  X = -1 ----
  signs [1, 1, 1]   d=12679/6519   tuple=[0, 1, 0, 0, 0, 0, 0]   recip=0
  signs [1, 1, -1]   d=12679/6519   tuple=[0, 1, 0, 0, 0, 0, 0]   recip=0
  signs [1, -1, 1]   d=-359/6519   tuple=[1, 1, 0, 0, 0, 0, 1]   recip=0
  signs [1, -1, -1]   d=-359/6519   tuple=[1, 1, 0, 0, 0, 0, 1]   recip=0
  signs [-1, 1, 1]   d=359/6519   tuple=[0, 1, 0, 0, 0, 0, 0]   recip=0
  signs [-1, 1, -1]   d=359/6519   tuple=[0, 1, 0, 0, 0, 0, 0]   recip=0
  signs [-1, -1, 1]   d=-12679/6519   tuple=[1, 1, 0, 0, 0, 0, 1]   recip=0
  signs [-1, -1, -1]   d=-12679/6519   tuple=[1, 1, 0, 0, 0, 0, 1]   recip=0

---- d = e+f,  X = 2 ----
  signs [1, 1, 1]   d=12679/6519   tuple=[0, 1, 0, 0, 0, 0, 0]   recip=0
  signs [1, 1, -1]   d=12679/6519   tuple=[0, 1, 0, 0, 0, 0, 0]   recip=0
  signs [1, -1, 1]   d=-359/6519   tuple=[0, 1, 0, 0, 0, 0, 0]   recip=0
  signs [1, -1, -1]   d=-359/6519   tuple=[0, 1, 0, 0, 0, 0, 0]   recip=0
  signs [-1, 1, 1]   d=359/6519   tuple=[0, 1, 0, 0, 0, 0, 0]   recip=0
  signs [-1, 1, -1]   d=359/6519   tuple=[0, 1, 0, 0, 0, 0, 0]   recip=0
  signs [-1, -1, 1]   d=-12679/6519   tuple=[0, 1, 0, 0, 0, 0, 0]   recip=0
  signs [-1, -1, -1]   d=-12679/6519   tuple=[0, 1, 0, 0, 0, 0, 0]   recip=0

---- d = e+f,  X = -2 ----
  signs [1, 1, 1]   d=12679/6519   tuple=[0, 0, 0, 0, 0, 0, 0]   recip=0
  signs [1, 1, -1]   d=12679/6519   tuple=[0, 0, 0, 0, 0, 0, 0]   recip=0
  signs [1, -1, 1]   d=-359/6519   tuple=[1, 0, 0, 0, 0, 0, 1]   recip=0
  signs [1, -1, -1]   d=-359/6519   tuple=[1, 0, 0, 0, 0, 0, 1]   recip=0
  signs [-1, 1, 1]   d=359/6519   tuple=[0, 0, 0, 0, 0, 0, 0]   recip=0
  signs [-1, 1, -1]   d=359/6519   tuple=[0, 0, 0, 0, 0, 0, 0]   recip=0
  signs [-1, -1, 1]   d=-12679/6519   tuple=[1, 0, 0, 0, 0, 0, 1]   recip=0
  signs [-1, -1, -1]   d=-12679/6519   tuple=[1, 0, 0, 0, 0, 0, 1]   recip=0

---- d = e+f,  X = 3 ----
  signs [1, 1, 1]   d=12679/6519   tuple=[0, 1, 0, 0, 0, 0, 0]   recip=0
  signs [1, 1, -1]   d=12679/6519   tuple=[0, 1, 0, 0, 0, 0, 0]   recip=0
  signs [1, -1, 1]   d=-359/6519   tuple=[1, 1, 0, 0, 0, 0, 0]   recip=0
  signs [1, -1, -1]   d=-359/6519   tuple=[1, 1, 0, 0, 0, 0, 0]   recip=0
  signs [-1, 1, 1]   d=359/6519   tuple=[0, 0, 0, 0, 0, 0, 0]   recip=0
  signs [-1, 1, -1]   d=359/6519   tuple=[0, 0, 0, 0, 0, 0, 0]   recip=0
  signs [-1, -1, 1]   d=-12679/6519   tuple=[1, 0, 0, 0, 0, 0, 0]   recip=0
  signs [-1, -1, -1]   d=-12679/6519   tuple=[1, 0, 0, 0, 0, 0, 0]   recip=0

---- d = e+f,  X = -3 ----
  signs [1, 1, 1]   d=12679/6519   tuple=[0, 0, 0, 0, 0, 0, 0]   recip=0
  signs [1, 1, -1]   d=12679/6519   tuple=[0, 0, 0, 0, 0, 0, 0]   recip=0
  signs [1, -1, 1]   d=-359/6519   tuple=[0, 0, 0, 0, 0, 0, 1]   recip=0
  signs [1, -1, -1]   d=-359/6519   tuple=[0, 0, 0, 0, 0, 0, 1]   recip=0
  signs [-1, 1, 1]   d=359/6519   tuple=[0, 1, 0, 0, 0, 0, 0]   recip=0
  signs [-1, 1, -1]   d=359/6519   tuple=[0, 1, 0, 0, 0, 0, 0]   recip=0
  signs [-1, -1, 1]   d=-12679/6519   tuple=[0, 1, 0, 0, 0, 0, 1]   recip=0
  signs [-1, -1, -1]   d=-12679/6519   tuple=[0, 1, 0, 0, 0, 0, 1]   recip=0

---- d = e+f,  X = 5 ----
  signs [1, 1, 1]   d=12679/6519   tuple=[0, 1, 0, 0, 0, 0, 0]   recip=0
  signs [1, 1, -1]   d=12679/6519   tuple=[0, 1, 0, 0, 0, 0, 0]   recip=0
  signs [1, -1, 1]   d=-359/6519   tuple=[0, 1, 0, 0, 0, 0, 0]   recip=0
  signs [1, -1, -1]   d=-359/6519   tuple=[0, 1, 0, 0, 0, 0, 0]   recip=0
  signs [-1, 1, 1]   d=359/6519   tuple=[0, 1, 0, 0, 0, 0, 0]   recip=0
  signs [-1, 1, -1]   d=359/6519   tuple=[0, 1, 0, 0, 0, 0, 0]   recip=0
  signs [-1, -1, 1]   d=-12679/6519   tuple=[0, 1, 0, 0, 0, 0, 0]   recip=0
  signs [-1, -1, -1]   d=-12679/6519   tuple=[0, 1, 0, 0, 0, 0, 0]   recip=0

---- d = e+f,  X = -5 ----
  signs [1, 1, 1]   d=12679/6519   tuple=[0, 0, 0, 0, 0, 0, 0]   recip=0
  signs [1, 1, -1]   d=12679/6519   tuple=[0, 0, 0, 0, 0, 0, 0]   recip=0
  signs [1, -1, 1]   d=-359/6519   tuple=[1, 0, 0, 0, 0, 0, 1]   recip=0
  signs [1, -1, -1]   d=-359/6519   tuple=[1, 0, 0, 0, 0, 0, 1]   recip=0
  signs [-1, 1, 1]   d=359/6519   tuple=[0, 0, 0, 0, 0, 0, 0]   recip=0
  signs [-1, 1, -1]   d=359/6519   tuple=[0, 0, 0, 0, 0, 0, 0]   recip=0
  signs [-1, -1, 1]   d=-12679/6519   tuple=[1, 0, 0, 0, 0, 0, 1]   recip=0
  signs [-1, -1, -1]   d=-12679/6519   tuple=[1, 0, 0, 0, 0, 0, 1]   recip=0

---- d = e+f,  X = 6 ----
  signs [1, 1, 1]   d=12679/6519   tuple=[0, 0, 0, 0, 0, 0, 0]   recip=0
  signs [1, 1, -1]   d=12679/6519   tuple=[0, 0, 0, 0, 0, 0, 0]   recip=0
  signs [1, -1, 1]   d=-359/6519   tuple=[1, 0, 0, 0, 0, 0, 0]   recip=0
  signs [1, -1, -1]   d=-359/6519   tuple=[1, 0, 0, 0, 0, 0, 0]   recip=0
  signs [-1, 1, 1]   d=359/6519   tuple=[0, 1, 0, 0, 0, 0, 0]   recip=0
  signs [-1, 1, -1]   d=359/6519   tuple=[0, 1, 0, 0, 0, 0, 0]   recip=0
  signs [-1, -1, 1]   d=-12679/6519   tuple=[1, 1, 0, 0, 0, 0, 0]   recip=0
  signs [-1, -1, -1]   d=-12679/6519   tuple=[1, 1, 0, 0, 0, 0, 0]   recip=0

---- d = e+f,  X = -6 ----
  signs [1, 1, 1]   d=12679/6519   tuple=[0, 1, 0, 0, 0, 0, 0]   recip=0
  signs [1, 1, -1]   d=12679/6519   tuple=[0, 1, 0, 0, 0, 0, 0]   recip=0
  signs [1, -1, 1]   d=-359/6519   tuple=[0, 1, 0, 0, 0, 0, 1]   recip=0
  signs [1, -1, -1]   d=-359/6519   tuple=[0, 1, 0, 0, 0, 0, 1]   recip=0
  signs [-1, 1, 1]   d=359/6519   tuple=[0, 0, 0, 0, 0, 0, 0]   recip=0
  signs [-1, 1, -1]   d=359/6519   tuple=[0, 0, 0, 0, 0, 0, 0]   recip=0
  signs [-1, -1, 1]   d=-12679/6519   tuple=[0, 0, 0, 0, 0, 0, 1]   recip=0
  signs [-1, -1, -1]   d=-12679/6519   tuple=[0, 0, 0, 0, 0, 0, 1]   recip=0

---- d = e+f,  X = 7 ----
  signs [1, 1, 1]   d=12679/6519   tuple=[0, 0, 0, 0, 0, 0, 0]   recip=0
  signs [1, 1, -1]   d=12679/6519   tuple=[0, 0, 0, 0, 0, 0, 0]   recip=0
  signs [1, -1, 1]   d=-359/6519   tuple=[1, 0, 0, 1, 0, 0, 0]   recip=0
  signs [1, -1, -1]   d=-359/6519   tuple=[1, 0, 0, 1, 0, 0, 0]   recip=0
  signs [-1, 1, 1]   d=359/6519   tuple=[0, 0, 0, 0, 0, 0, 0]   recip=0
  signs [-1, 1, -1]   d=359/6519   tuple=[0, 0, 0, 0, 0, 0, 0]   recip=0
  signs [-1, -1, 1]   d=-12679/6519   tuple=[1, 0, 0, 1, 0, 0, 0]   recip=0
  signs [-1, -1, -1]   d=-12679/6519   tuple=[1, 0, 0, 1, 0, 0, 0]   recip=0

---- d = e+f,  X = -7 ----
  signs [1, 1, 1]   d=12679/6519   tuple=[0, 1, 0, 0, 0, 0, 0]   recip=0
  signs [1, 1, -1]   d=12679/6519   tuple=[0, 1, 0, 0, 0, 0, 0]   recip=0
  signs [1, -1, 1]   d=-359/6519   tuple=[0, 1, 0, 1, 0, 0, 1]   recip=0
  signs [1, -1, -1]   d=-359/6519   tuple=[0, 1, 0, 1, 0, 0, 1]   recip=0
  signs [-1, 1, 1]   d=359/6519   tuple=[0, 1, 0, 0, 0, 0, 0]   recip=0
  signs [-1, 1, -1]   d=359/6519   tuple=[0, 1, 0, 0, 0, 0, 0]   recip=0
  signs [-1, -1, 1]   d=-12679/6519   tuple=[0, 1, 0, 1, 0, 0, 1]   recip=0
  signs [-1, -1, -1]   d=-12679/6519   tuple=[0, 1, 0, 1, 0, 0, 1]   recip=0

---- d = e+f,  X = 10 ----
  signs [1, 1, 1]   d=12679/6519   tuple=[0, 0, 0, 0, 0, 0, 0]   recip=0
  signs [1, 1, -1]   d=12679/6519   tuple=[0, 0, 0, 0, 0, 0, 0]   recip=0
  signs [1, -1, 1]   d=-359/6519   tuple=[0, 0, 0, 0, 0, 0, 0]   recip=0
  signs [1, -1, -1]   d=-359/6519   tuple=[0, 0, 0, 0, 0, 0, 0]   recip=0
  signs [-1, 1, 1]   d=359/6519   tuple=[0, 0, 0, 0, 0, 0, 0]   recip=0
  signs [-1, 1, -1]   d=359/6519   tuple=[0, 0, 0, 0, 0, 0, 0]   recip=0
  signs [-1, -1, 1]   d=-12679/6519   tuple=[0, 0, 0, 0, 0, 0, 0]   recip=0
  signs [-1, -1, -1]   d=-12679/6519   tuple=[0, 0, 0, 0, 0, 0, 0]   recip=0

---- d = e+f,  X = -10 ----
  signs [1, 1, 1]   d=12679/6519   tuple=[0, 1, 0, 0, 0, 0, 0]   recip=0
  signs [1, 1, -1]   d=12679/6519   tuple=[0, 1, 0, 0, 0, 0, 0]   recip=0
  signs [1, -1, 1]   d=-359/6519   tuple=[1, 1, 0, 0, 0, 0, 1]   recip=0
  signs [1, -1, -1]   d=-359/6519   tuple=[1, 1, 0, 0, 0, 0, 1]   recip=0
  signs [-1, 1, 1]   d=359/6519   tuple=[0, 1, 0, 0, 0, 0, 0]   recip=0
  signs [-1, 1, -1]   d=359/6519   tuple=[0, 1, 0, 0, 0, 0, 0]   recip=0
  signs [-1, -1, 1]   d=-12679/6519   tuple=[1, 1, 0, 0, 0, 0, 1]   recip=0
  signs [-1, -1, -1]   d=-12679/6519   tuple=[1, 1, 0, 0, 0, 0, 1]   recip=0

---- d = e+f,  X = 15 ----
  signs [1, 1, 1]   d=12679/6519   tuple=[0, 0, 0, 0, 0, 0, 0]   recip=0
  signs [1, 1, -1]   d=12679/6519   tuple=[0, 0, 0, 0, 0, 0, 0]   recip=0
  signs [1, -1, 1]   d=-359/6519   tuple=[1, 0, 0, 0, 0, 0, 0]   recip=0
  signs [1, -1, -1]   d=-359/6519   tuple=[1, 0, 0, 0, 0, 0, 0]   recip=0
  signs [-1, 1, 1]   d=359/6519   tuple=[0, 1, 0, 0, 0, 0, 0]   recip=0
  signs [-1, 1, -1]   d=359/6519   tuple=[0, 1, 0, 0, 0, 0, 0]   recip=0
  signs [-1, -1, 1]   d=-12679/6519   tuple=[1, 1, 0, 0, 0, 0, 0]   recip=0
  signs [-1, -1, -1]   d=-12679/6519   tuple=[1, 1, 0, 0, 0, 0, 0]   recip=0

---- d = e-f,  X = -1 ----
  signs [1, 1, 1]   d=-359/6519   tuple=[1, 1, 0, 0, 0, 0, 1]   recip=0
  signs [1, 1, -1]   d=-359/6519   tuple=[1, 1, 0, 0, 0, 0, 1]   recip=0
  signs [1, -1, 1]   d=12679/6519   tuple=[0, 1, 0, 0, 0, 0, 0]   recip=0
  signs [1, -1, -1]   d=12679/6519   tuple=[0, 1, 0, 0, 0, 0, 0]   recip=0
  signs [-1, 1, 1]   d=-12679/6519   tuple=[1, 1, 0, 0, 0, 0, 1]   recip=0
  signs [-1, 1, -1]   d=-12679/6519   tuple=[1, 1, 0, 0, 0, 0, 1]   recip=0
  signs [-1, -1, 1]   d=359/6519   tuple=[0, 1, 0, 0, 0, 0, 0]   recip=0
  signs [-1, -1, -1]   d=359/6519   tuple=[0, 1, 0, 0, 0, 0, 0]   recip=0

---- d = e-f,  X = 2 ----
  signs [1, 1, 1]   d=-359/6519   tuple=[0, 1, 0, 0, 0, 0, 0]   recip=0
  signs [1, 1, -1]   d=-359/6519   tuple=[0, 1, 0, 0, 0, 0, 0]   recip=0
  signs [1, -1, 1]   d=12679/6519   tuple=[0, 1, 0, 0, 0, 0, 0]   recip=0
  signs [1, -1, -1]   d=12679/6519   tuple=[0, 1, 0, 0, 0, 0, 0]   recip=0
  signs [-1, 1, 1]   d=-12679/6519   tuple=[0, 1, 0, 0, 0, 0, 0]   recip=0
  signs [-1, 1, -1]   d=-12679/6519   tuple=[0, 1, 0, 0, 0, 0, 0]   recip=0
  signs [-1, -1, 1]   d=359/6519   tuple=[0, 1, 0, 0, 0, 0, 0]   recip=0
  signs [-1, -1, -1]   d=359/6519   tuple=[0, 1, 0, 0, 0, 0, 0]   recip=0

---- d = e-f,  X = -2 ----
  signs [1, 1, 1]   d=-359/6519   tuple=[1, 0, 0, 0, 0, 0, 1]   recip=0
  signs [1, 1, -1]   d=-359/6519   tuple=[1, 0, 0, 0, 0, 0, 1]   recip=0
  signs [1, -1, 1]   d=12679/6519   tuple=[0, 0, 0, 0, 0, 0, 0]   recip=0
  signs [1, -1, -1]   d=12679/6519   tuple=[0, 0, 0, 0, 0, 0, 0]   recip=0
  signs [-1, 1, 1]   d=-12679/6519   tuple=[1, 0, 0, 0, 0, 0, 1]   recip=0
  signs [-1, 1, -1]   d=-12679/6519   tuple=[1, 0, 0, 0, 0, 0, 1]   recip=0
  signs [-1, -1, 1]   d=359/6519   tuple=[0, 0, 0, 0, 0, 0, 0]   recip=0
  signs [-1, -1, -1]   d=359/6519   tuple=[0, 0, 0, 0, 0, 0, 0]   recip=0

---- d = e-f,  X = 3 ----
  signs [1, 1, 1]   d=-359/6519   tuple=[1, 1, 0, 0, 0, 0, 0]   recip=0
  signs [1, 1, -1]   d=-359/6519   tuple=[1, 1, 0, 0, 0, 0, 0]   recip=0
  signs [1, -1, 1]   d=12679/6519   tuple=[0, 1, 0, 0, 0, 0, 0]   recip=0
  signs [1, -1, -1]   d=12679/6519   tuple=[0, 1, 0, 0, 0, 0, 0]   recip=0
  signs [-1, 1, 1]   d=-12679/6519   tuple=[1, 0, 0, 0, 0, 0, 0]   recip=0
  signs [-1, 1, -1]   d=-12679/6519   tuple=[1, 0, 0, 0, 0, 0, 0]   recip=0
  signs [-1, -1, 1]   d=359/6519   tuple=[0, 0, 0, 0, 0, 0, 0]   recip=0
  signs [-1, -1, -1]   d=359/6519   tuple=[0, 0, 0, 0, 0, 0, 0]   recip=0

---- d = e-f,  X = -3 ----
  signs [1, 1, 1]   d=-359/6519   tuple=[0, 0, 0, 0, 0, 0, 1]   recip=0
  signs [1, 1, -1]   d=-359/6519   tuple=[0, 0, 0, 0, 0, 0, 1]   recip=0
  signs [1, -1, 1]   d=12679/6519   tuple=[0, 0, 0, 0, 0, 0, 0]   recip=0
  signs [1, -1, -1]   d=12679/6519   tuple=[0, 0, 0, 0, 0, 0, 0]   recip=0
  signs [-1, 1, 1]   d=-12679/6519   tuple=[0, 1, 0, 0, 0, 0, 1]   recip=0
  signs [-1, 1, -1]   d=-12679/6519   tuple=[0, 1, 0, 0, 0, 0, 1]   recip=0
  signs [-1, -1, 1]   d=359/6519   tuple=[0, 1, 0, 0, 0, 0, 0]   recip=0
  signs [-1, -1, -1]   d=359/6519   tuple=[0, 1, 0, 0, 0, 0, 0]   recip=0

---- d = e-f,  X = 5 ----
  signs [1, 1, 1]   d=-359/6519   tuple=[0, 1, 0, 0, 0, 0, 0]   recip=0
  signs [1, 1, -1]   d=-359/6519   tuple=[0, 1, 0, 0, 0, 0, 0]   recip=0
  signs [1, -1, 1]   d=12679/6519   tuple=[0, 1, 0, 0, 0, 0, 0]   recip=0
  signs [1, -1, -1]   d=12679/6519   tuple=[0, 1, 0, 0, 0, 0, 0]   recip=0
  signs [-1, 1, 1]   d=-12679/6519   tuple=[0, 1, 0, 0, 0, 0, 0]   recip=0
  signs [-1, 1, -1]   d=-12679/6519   tuple=[0, 1, 0, 0, 0, 0, 0]   recip=0
  signs [-1, -1, 1]   d=359/6519   tuple=[0, 1, 0, 0, 0, 0, 0]   recip=0
  signs [-1, -1, -1]   d=359/6519   tuple=[0, 1, 0, 0, 0, 0, 0]   recip=0

---- d = e-f,  X = -5 ----
  signs [1, 1, 1]   d=-359/6519   tuple=[1, 0, 0, 0, 0, 0, 1]   recip=0
  signs [1, 1, -1]   d=-359/6519   tuple=[1, 0, 0, 0, 0, 0, 1]   recip=0
  signs [1, -1, 1]   d=12679/6519   tuple=[0, 0, 0, 0, 0, 0, 0]   recip=0
  signs [1, -1, -1]   d=12679/6519   tuple=[0, 0, 0, 0, 0, 0, 0]   recip=0
  signs [-1, 1, 1]   d=-12679/6519   tuple=[1, 0, 0, 0, 0, 0, 1]   recip=0
  signs [-1, 1, -1]   d=-12679/6519   tuple=[1, 0, 0, 0, 0, 0, 1]   recip=0
  signs [-1, -1, 1]   d=359/6519   tuple=[0, 0, 0, 0, 0, 0, 0]   recip=0
  signs [-1, -1, -1]   d=359/6519   tuple=[0, 0, 0, 0, 0, 0, 0]   recip=0

---- d = e-f,  X = 6 ----
  signs [1, 1, 1]   d=-359/6519   tuple=[1, 0, 0, 0, 0, 0, 0]   recip=0
  signs [1, 1, -1]   d=-359/6519   tuple=[1, 0, 0, 0, 0, 0, 0]   recip=0
  signs [1, -1, 1]   d=12679/6519   tuple=[0, 0, 0, 0, 0, 0, 0]   recip=0
  signs [1, -1, -1]   d=12679/6519   tuple=[0, 0, 0, 0, 0, 0, 0]   recip=0
  signs [-1, 1, 1]   d=-12679/6519   tuple=[1, 1, 0, 0, 0, 0, 0]   recip=0
  signs [-1, 1, -1]   d=-12679/6519   tuple=[1, 1, 0, 0, 0, 0, 0]   recip=0
  signs [-1, -1, 1]   d=359/6519   tuple=[0, 1, 0, 0, 0, 0, 0]   recip=0
  signs [-1, -1, -1]   d=359/6519   tuple=[0, 1, 0, 0, 0, 0, 0]   recip=0

---- d = e-f,  X = -6 ----
  signs [1, 1, 1]   d=-359/6519   tuple=[0, 1, 0, 0, 0, 0, 1]   recip=0
  signs [1, 1, -1]   d=-359/6519   tuple=[0, 1, 0, 0, 0, 0, 1]   recip=0
  signs [1, -1, 1]   d=12679/6519   tuple=[0, 1, 0, 0, 0, 0, 0]   recip=0
  signs [1, -1, -1]   d=12679/6519   tuple=[0, 1, 0, 0, 0, 0, 0]   recip=0
  signs [-1, 1, 1]   d=-12679/6519   tuple=[0, 0, 0, 0, 0, 0, 1]   recip=0
  signs [-1, 1, -1]   d=-12679/6519   tuple=[0, 0, 0, 0, 0, 0, 1]   recip=0
  signs [-1, -1, 1]   d=359/6519   tuple=[0, 0, 0, 0, 0, 0, 0]   recip=0
  signs [-1, -1, -1]   d=359/6519   tuple=[0, 0, 0, 0, 0, 0, 0]   recip=0

---- d = e-f,  X = 7 ----
  signs [1, 1, 1]   d=-359/6519   tuple=[1, 0, 0, 1, 0, 0, 0]   recip=0
  signs [1, 1, -1]   d=-359/6519   tuple=[1, 0, 0, 1, 0, 0, 0]   recip=0
  signs [1, -1, 1]   d=12679/6519   tuple=[0, 0, 0, 0, 0, 0, 0]   recip=0
  signs [1, -1, -1]   d=12679/6519   tuple=[0, 0, 0, 0, 0, 0, 0]   recip=0
  signs [-1, 1, 1]   d=-12679/6519   tuple=[1, 0, 0, 1, 0, 0, 0]   recip=0
  signs [-1, 1, -1]   d=-12679/6519   tuple=[1, 0, 0, 1, 0, 0, 0]   recip=0
  signs [-1, -1, 1]   d=359/6519   tuple=[0, 0, 0, 0, 0, 0, 0]   recip=0
  signs [-1, -1, -1]   d=359/6519   tuple=[0, 0, 0, 0, 0, 0, 0]   recip=0

---- d = e-f,  X = -7 ----
  signs [1, 1, 1]   d=-359/6519   tuple=[0, 1, 0, 1, 0, 0, 1]   recip=0
  signs [1, 1, -1]   d=-359/6519   tuple=[0, 1, 0, 1, 0, 0, 1]   recip=0
  signs [1, -1, 1]   d=12679/6519   tuple=[0, 1, 0, 0, 0, 0, 0]   recip=0
  signs [1, -1, -1]   d=12679/6519   tuple=[0, 1, 0, 0, 0, 0, 0]   recip=0
  signs [-1, 1, 1]   d=-12679/6519   tuple=[0, 1, 0, 1, 0, 0, 1]   recip=0
  signs [-1, 1, -1]   d=-12679/6519   tuple=[0, 1, 0, 1, 0, 0, 1]   recip=0
  signs [-1, -1, 1]   d=359/6519   tuple=[0, 1, 0, 0, 0, 0, 0]   recip=0
  signs [-1, -1, -1]   d=359/6519   tuple=[0, 1, 0, 0, 0, 0, 0]   recip=0

---- d = e-f,  X = 10 ----
  signs [1, 1, 1]   d=-359/6519   tuple=[0, 0, 0, 0, 0, 0, 0]   recip=0
  signs [1, 1, -1]   d=-359/6519   tuple=[0, 0, 0, 0, 0, 0, 0]   recip=0
  signs [1, -1, 1]   d=12679/6519   tuple=[0, 0, 0, 0, 0, 0, 0]   recip=0
  signs [1, -1, -1]   d=12679/6519   tuple=[0, 0, 0, 0, 0, 0, 0]   recip=0
  signs [-1, 1, 1]   d=-12679/6519   tuple=[0, 0, 0, 0, 0, 0, 0]   recip=0
  signs [-1, 1, -1]   d=-12679/6519   tuple=[0, 0, 0, 0, 0, 0, 0]   recip=0
  signs [-1, -1, 1]   d=359/6519   tuple=[0, 0, 0, 0, 0, 0, 0]   recip=0
  signs [-1, -1, -1]   d=359/6519   tuple=[0, 0, 0, 0, 0, 0, 0]   recip=0

---- d = e-f,  X = -10 ----
  signs [1, 1, 1]   d=-359/6519   tuple=[1, 1, 0, 0, 0, 0, 1]   recip=0
  signs [1, 1, -1]   d=-359/6519   tuple=[1, 1, 0, 0, 0, 0, 1]   recip=0
  signs [1, -1, 1]   d=12679/6519   tuple=[0, 1, 0, 0, 0, 0, 0]   recip=0
  signs [1, -1, -1]   d=12679/6519   tuple=[0, 1, 0, 0, 0, 0, 0]   recip=0
  signs [-1, 1, 1]   d=-12679/6519   tuple=[1, 1, 0, 0, 0, 0, 1]   recip=0
  signs [-1, 1, -1]   d=-12679/6519   tuple=[1, 1, 0, 0, 0, 0, 1]   recip=0
  signs [-1, -1, 1]   d=359/6519   tuple=[0, 1, 0, 0, 0, 0, 0]   recip=0
  signs [-1, -1, -1]   d=359/6519   tuple=[0, 1, 0, 0, 0, 0, 0]   recip=0

---- d = e-f,  X = 15 ----
  signs [1, 1, 1]   d=-359/6519   tuple=[1, 0, 0, 0, 0, 0, 0]   recip=0
  signs [1, 1, -1]   d=-359/6519   tuple=[1, 0, 0, 0, 0, 0, 0]   recip=0
  signs [1, -1, 1]   d=12679/6519   tuple=[0, 0, 0, 0, 0, 0, 0]   recip=0
  signs [1, -1, -1]   d=12679/6519   tuple=[0, 0, 0, 0, 0, 0, 0]   recip=0
  signs [-1, 1, 1]   d=-12679/6519   tuple=[1, 1, 0, 0, 0, 0, 0]   recip=0
  signs [-1, 1, -1]   d=-12679/6519   tuple=[1, 1, 0, 0, 0, 0, 0]   recip=0
  signs [-1, -1, 1]   d=359/6519   tuple=[0, 1, 0, 0, 0, 0, 0]   recip=0
  signs [-1, -1, -1]   d=359/6519   tuple=[0, 1, 0, 0, 0, 0, 0]   recip=0

---- d = e+g,  X = -1 ----
  signs [1, 1, 1]   d=123/53   tuple=[1, 1, 0, 0, 0, 0, 0]   recip=0
  signs [1, 1, -1]   d=-53/123   tuple=[0, 1, 0, 0, 0, 0, 1]   recip=0
  signs [1, -1, 1]   d=123/53   tuple=[1, 1, 0, 0, 0, 0, 0]   recip=0
  signs [1, -1, -1]   d=-53/123   tuple=[0, 1, 0, 0, 0, 0, 1]   recip=0
  signs [-1, 1, 1]   d=53/123   tuple=[1, 1, 0, 0, 0, 0, 0]   recip=0
  signs [-1, 1, -1]   d=-123/53   tuple=[0, 1, 0, 0, 0, 0, 1]   recip=0
  signs [-1, -1, 1]   d=53/123   tuple=[1, 1, 0, 0, 0, 0, 0]   recip=0
  signs [-1, -1, -1]   d=-123/53   tuple=[0, 1, 0, 0, 0, 0, 1]   recip=0

---- d = e+g,  X = 2 ----
  signs [1, 1, 1]   d=123/53   tuple=[0, 1, 0, 0, 0, 0, 0]   recip=0
  signs [1, 1, -1]   d=-53/123   tuple=[0, 1, 0, 0, 0, 0, 0]   recip=0
  signs [1, -1, 1]   d=123/53   tuple=[0, 1, 0, 0, 0, 0, 0]   recip=0
  signs [1, -1, -1]   d=-53/123   tuple=[0, 1, 0, 0, 0, 0, 0]   recip=0
  signs [-1, 1, 1]   d=53/123   tuple=[0, 1, 0, 0, 0, 0, 0]   recip=0
  signs [-1, 1, -1]   d=-123/53   tuple=[0, 1, 0, 0, 0, 0, 0]   recip=0
  signs [-1, -1, 1]   d=53/123   tuple=[0, 1, 0, 0, 0, 0, 0]   recip=0
  signs [-1, -1, -1]   d=-123/53   tuple=[0, 1, 0, 0, 0, 0, 0]   recip=0

---- d = e+g,  X = -2 ----
  signs [1, 1, 1]   d=123/53   tuple=[1, 0, 0, 0, 0, 0, 0]   recip=0
  signs [1, 1, -1]   d=-53/123   tuple=[0, 0, 0, 0, 0, 0, 1]   recip=0
  signs [1, -1, 1]   d=123/53   tuple=[1, 0, 0, 0, 0, 0, 0]   recip=0
  signs [1, -1, -1]   d=-53/123   tuple=[0, 0, 0, 0, 0, 0, 1]   recip=0
  signs [-1, 1, 1]   d=53/123   tuple=[1, 0, 0, 0, 0, 0, 0]   recip=0
  signs [-1, 1, -1]   d=-123/53   tuple=[0, 0, 0, 0, 0, 0, 1]   recip=0
  signs [-1, -1, 1]   d=53/123   tuple=[1, 0, 0, 0, 0, 0, 0]   recip=0
  signs [-1, -1, -1]   d=-123/53   tuple=[0, 0, 0, 0, 0, 0, 1]   recip=0

---- d = e+g,  X = 3 ----
  signs [1, 1, 1]   d=123/53   tuple=[1, 1, 0, 0, 0, 0, 0]   recip=0
  signs [1, 1, -1]   d=-53/123   tuple=[0, 0, 0, 0, 0, 0, 0]   recip=0
  signs [1, -1, 1]   d=123/53   tuple=[1, 1, 0, 0, 0, 0, 0]   recip=0
  signs [1, -1, -1]   d=-53/123   tuple=[0, 0, 0, 0, 0, 0, 0]   recip=0
  signs [-1, 1, 1]   d=53/123   tuple=[1, 1, 0, 0, 0, 0, 0]   recip=0
  signs [-1, 1, -1]   d=-123/53   tuple=[0, 0, 0, 0, 0, 0, 0]   recip=0
  signs [-1, -1, 1]   d=53/123   tuple=[1, 1, 0, 0, 0, 0, 0]   recip=0
  signs [-1, -1, -1]   d=-123/53   tuple=[0, 0, 0, 0, 0, 0, 0]   recip=0

---- d = e+g,  X = -3 ----
  signs [1, 1, 1]   d=123/53   tuple=[0, 0, 0, 0, 0, 0, 0]   recip=0
  signs [1, 1, -1]   d=-53/123   tuple=[0, 1, 0, 0, 0, 0, 1]   recip=0
  signs [1, -1, 1]   d=123/53   tuple=[0, 0, 0, 0, 0, 0, 0]   recip=0
  signs [1, -1, -1]   d=-53/123   tuple=[0, 1, 0, 0, 0, 0, 1]   recip=0
  signs [-1, 1, 1]   d=53/123   tuple=[0, 0, 0, 0, 0, 0, 0]   recip=0
  signs [-1, 1, -1]   d=-123/53   tuple=[0, 1, 0, 0, 0, 0, 1]   recip=0
  signs [-1, -1, 1]   d=53/123   tuple=[0, 0, 0, 0, 0, 0, 0]   recip=0
  signs [-1, -1, -1]   d=-123/53   tuple=[0, 1, 0, 0, 0, 0, 1]   recip=0

---- d = e+g,  X = 5 ----
  signs [1, 1, 1]   d=123/53   tuple=[0, 1, 0, 0, 0, 0, 0]   recip=0
  signs [1, 1, -1]   d=-53/123   tuple=[0, 1, 0, 0, 0, 0, 0]   recip=0
  signs [1, -1, 1]   d=123/53   tuple=[0, 1, 0, 0, 0, 0, 0]   recip=0
  signs [1, -1, -1]   d=-53/123   tuple=[0, 1, 0, 0, 0, 0, 0]   recip=0
  signs [-1, 1, 1]   d=53/123   tuple=[0, 1, 0, 0, 0, 0, 0]   recip=0
  signs [-1, 1, -1]   d=-123/53   tuple=[0, 1, 0, 0, 0, 0, 0]   recip=0
  signs [-1, -1, 1]   d=53/123   tuple=[0, 1, 0, 0, 0, 0, 0]   recip=0
  signs [-1, -1, -1]   d=-123/53   tuple=[0, 1, 0, 0, 0, 0, 0]   recip=0

---- d = e+g,  X = -5 ----
  signs [1, 1, 1]   d=123/53   tuple=[1, 0, 0, 0, 0, 0, 0]   recip=0
  signs [1, 1, -1]   d=-53/123   tuple=[0, 0, 0, 0, 0, 0, 1]   recip=0
  signs [1, -1, 1]   d=123/53   tuple=[1, 0, 0, 0, 0, 0, 0]   recip=0
  signs [1, -1, -1]   d=-53/123   tuple=[0, 0, 0, 0, 0, 0, 1]   recip=0
  signs [-1, 1, 1]   d=53/123   tuple=[1, 0, 0, 0, 0, 0, 0]   recip=0
  signs [-1, 1, -1]   d=-123/53   tuple=[0, 0, 0, 0, 0, 0, 1]   recip=0
  signs [-1, -1, 1]   d=53/123   tuple=[1, 0, 0, 0, 0, 0, 0]   recip=0
  signs [-1, -1, -1]   d=-123/53   tuple=[0, 0, 0, 0, 0, 0, 1]   recip=0

---- d = e+g,  X = 6 ----
  signs [1, 1, 1]   d=123/53   tuple=[1, 0, 0, 0, 0, 0, 0]   recip=0
  signs [1, 1, -1]   d=-53/123   tuple=[0, 1, 0, 0, 0, 0, 0]   recip=0
  signs [1, -1, 1]   d=123/53   tuple=[1, 0, 0, 0, 0, 0, 0]   recip=0
  signs [1, -1, -1]   d=-53/123   tuple=[0, 1, 0, 0, 0, 0, 0]   recip=0
  signs [-1, 1, 1]   d=53/123   tuple=[1, 0, 0, 0, 0, 0, 0]   recip=0
  signs [-1, 1, -1]   d=-123/53   tuple=[0, 1, 0, 0, 0, 0, 0]   recip=0
  signs [-1, -1, 1]   d=53/123   tuple=[1, 0, 0, 0, 0, 0, 0]   recip=0
  signs [-1, -1, -1]   d=-123/53   tuple=[0, 1, 0, 0, 0, 0, 0]   recip=0

---- d = e+g,  X = -6 ----
  signs [1, 1, 1]   d=123/53   tuple=[0, 1, 0, 0, 0, 0, 0]   recip=0
  signs [1, 1, -1]   d=-53/123   tuple=[0, 0, 0, 0, 0, 0, 1]   recip=0
  signs [1, -1, 1]   d=123/53   tuple=[0, 1, 0, 0, 0, 0, 0]   recip=0
  signs [1, -1, -1]   d=-53/123   tuple=[0, 0, 0, 0, 0, 0, 1]   recip=0
  signs [-1, 1, 1]   d=53/123   tuple=[0, 1, 0, 0, 0, 0, 0]   recip=0
  signs [-1, 1, -1]   d=-123/53   tuple=[0, 0, 0, 0, 0, 0, 1]   recip=0
  signs [-1, -1, 1]   d=53/123   tuple=[0, 1, 0, 0, 0, 0, 0]   recip=0
  signs [-1, -1, -1]   d=-123/53   tuple=[0, 0, 0, 0, 0, 0, 1]   recip=0

---- d = e+g,  X = 7 ----
  signs [1, 1, 1]   d=123/53   tuple=[1, 0, 0, 0, 0, 0, 0]   recip=0
  signs [1, 1, -1]   d=-53/123   tuple=[0, 0, 0, 1, 0, 0, 0]   recip=0
  signs [1, -1, 1]   d=123/53   tuple=[1, 0, 0, 0, 0, 0, 0]   recip=0
  signs [1, -1, -1]   d=-53/123   tuple=[0, 0, 0, 1, 0, 0, 0]   recip=0
  signs [-1, 1, 1]   d=53/123   tuple=[1, 0, 0, 0, 0, 0, 0]   recip=0
  signs [-1, 1, -1]   d=-123/53   tuple=[0, 0, 0, 1, 0, 0, 0]   recip=0
  signs [-1, -1, 1]   d=53/123   tuple=[1, 0, 0, 0, 0, 0, 0]   recip=0
  signs [-1, -1, -1]   d=-123/53   tuple=[0, 0, 0, 1, 0, 0, 0]   recip=0

---- d = e+g,  X = -7 ----
  signs [1, 1, 1]   d=123/53   tuple=[0, 1, 0, 0, 0, 0, 0]   recip=0
  signs [1, 1, -1]   d=-53/123   tuple=[0, 1, 0, 1, 0, 0, 1]   recip=0
  signs [1, -1, 1]   d=123/53   tuple=[0, 1, 0, 0, 0, 0, 0]   recip=0
  signs [1, -1, -1]   d=-53/123   tuple=[0, 1, 0, 1, 0, 0, 1]   recip=0
  signs [-1, 1, 1]   d=53/123   tuple=[0, 1, 0, 0, 0, 0, 0]   recip=0
  signs [-1, 1, -1]   d=-123/53   tuple=[0, 1, 0, 1, 0, 0, 1]   recip=0
  signs [-1, -1, 1]   d=53/123   tuple=[0, 1, 0, 0, 0, 0, 0]   recip=0
  signs [-1, -1, -1]   d=-123/53   tuple=[0, 1, 0, 1, 0, 0, 1]   recip=0

---- d = e+g,  X = 10 ----
  signs [1, 1, 1]   d=123/53   tuple=[0, 0, 0, 0, 0, 0, 0]   recip=0
  signs [1, 1, -1]   d=-53/123   tuple=[0, 0, 0, 0, 0, 0, 0]   recip=0
  signs [1, -1, 1]   d=123/53   tuple=[0, 0, 0, 0, 0, 0, 0]   recip=0
  signs [1, -1, -1]   d=-53/123   tuple=[0, 0, 0, 0, 0, 0, 0]   recip=0
  signs [-1, 1, 1]   d=53/123   tuple=[0, 0, 0, 0, 0, 0, 0]   recip=0
  signs [-1, 1, -1]   d=-123/53   tuple=[0, 0, 0, 0, 0, 0, 0]   recip=0
  signs [-1, -1, 1]   d=53/123   tuple=[0, 0, 0, 0, 0, 0, 0]   recip=0
  signs [-1, -1, -1]   d=-123/53   tuple=[0, 0, 0, 0, 0, 0, 0]   recip=0

---- d = e+g,  X = -10 ----
  signs [1, 1, 1]   d=123/53   tuple=[1, 1, 0, 0, 0, 0, 0]   recip=0
  signs [1, 1, -1]   d=-53/123   tuple=[0, 1, 0, 0, 0, 0, 1]   recip=0
  signs [1, -1, 1]   d=123/53   tuple=[1, 1, 0, 0, 0, 0, 0]   recip=0
  signs [1, -1, -1]   d=-53/123   tuple=[0, 1, 0, 0, 0, 0, 1]   recip=0
  signs [-1, 1, 1]   d=53/123   tuple=[1, 1, 0, 0, 0, 0, 0]   recip=0
  signs [-1, 1, -1]   d=-123/53   tuple=[0, 1, 0, 0, 0, 0, 1]   recip=0
  signs [-1, -1, 1]   d=53/123   tuple=[1, 1, 0, 0, 0, 0, 0]   recip=0
  signs [-1, -1, -1]   d=-123/53   tuple=[0, 1, 0, 0, 0, 0, 1]   recip=0

---- d = e+g,  X = 15 ----
  signs [1, 1, 1]   d=123/53   tuple=[1, 0, 0, 0, 0, 0, 0]   recip=0
  signs [1, 1, -1]   d=-53/123   tuple=[0, 1, 0, 0, 0, 0, 0]   recip=0
  signs [1, -1, 1]   d=123/53   tuple=[1, 0, 0, 0, 0, 0, 0]   recip=0
  signs [1, -1, -1]   d=-53/123   tuple=[0, 1, 0, 0, 0, 0, 0]   recip=0
  signs [-1, 1, 1]   d=53/123   tuple=[1, 0, 0, 0, 0, 0, 0]   recip=0
  signs [-1, 1, -1]   d=-123/53   tuple=[0, 1, 0, 0, 0, 0, 0]   recip=0
  signs [-1, -1, 1]   d=53/123   tuple=[1, 0, 0, 0, 0, 0, 0]   recip=0
  signs [-1, -1, -1]   d=-123/53   tuple=[0, 1, 0, 0, 0, 0, 0]   recip=0

---- d = e-g,  X = -1 ----
  signs [1, 1, 1]   d=-53/123   tuple=[0, 1, 0, 0, 0, 0, 1]   recip=0
  signs [1, 1, -1]   d=123/53   tuple=[1, 1, 0, 0, 0, 0, 0]   recip=0
  signs [1, -1, 1]   d=-53/123   tuple=[0, 1, 0, 0, 0, 0, 1]   recip=0
  signs [1, -1, -1]   d=123/53   tuple=[1, 1, 0, 0, 0, 0, 0]   recip=0
  signs [-1, 1, 1]   d=-123/53   tuple=[0, 1, 0, 0, 0, 0, 1]   recip=0
  signs [-1, 1, -1]   d=53/123   tuple=[1, 1, 0, 0, 0, 0, 0]   recip=0
  signs [-1, -1, 1]   d=-123/53   tuple=[0, 1, 0, 0, 0, 0, 1]   recip=0
  signs [-1, -1, -1]   d=53/123   tuple=[1, 1, 0, 0, 0, 0, 0]   recip=0

---- d = e-g,  X = 2 ----
  signs [1, 1, 1]   d=-53/123   tuple=[0, 1, 0, 0, 0, 0, 0]   recip=0
  signs [1, 1, -1]   d=123/53   tuple=[0, 1, 0, 0, 0, 0, 0]   recip=0
  signs [1, -1, 1]   d=-53/123   tuple=[0, 1, 0, 0, 0, 0, 0]   recip=0
  signs [1, -1, -1]   d=123/53   tuple=[0, 1, 0, 0, 0, 0, 0]   recip=0
  signs [-1, 1, 1]   d=-123/53   tuple=[0, 1, 0, 0, 0, 0, 0]   recip=0
  signs [-1, 1, -1]   d=53/123   tuple=[0, 1, 0, 0, 0, 0, 0]   recip=0
  signs [-1, -1, 1]   d=-123/53   tuple=[0, 1, 0, 0, 0, 0, 0]   recip=0
  signs [-1, -1, -1]   d=53/123   tuple=[0, 1, 0, 0, 0, 0, 0]   recip=0

---- d = e-g,  X = -2 ----
  signs [1, 1, 1]   d=-53/123   tuple=[0, 0, 0, 0, 0, 0, 1]   recip=0
  signs [1, 1, -1]   d=123/53   tuple=[1, 0, 0, 0, 0, 0, 0]   recip=0
  signs [1, -1, 1]   d=-53/123   tuple=[0, 0, 0, 0, 0, 0, 1]   recip=0
  signs [1, -1, -1]   d=123/53   tuple=[1, 0, 0, 0, 0, 0, 0]   recip=0
  signs [-1, 1, 1]   d=-123/53   tuple=[0, 0, 0, 0, 0, 0, 1]   recip=0
  signs [-1, 1, -1]   d=53/123   tuple=[1, 0, 0, 0, 0, 0, 0]   recip=0
  signs [-1, -1, 1]   d=-123/53   tuple=[0, 0, 0, 0, 0, 0, 1]   recip=0
  signs [-1, -1, -1]   d=53/123   tuple=[1, 0, 0, 0, 0, 0, 0]   recip=0

---- d = e-g,  X = 3 ----
  signs [1, 1, 1]   d=-53/123   tuple=[0, 0, 0, 0, 0, 0, 0]   recip=0
  signs [1, 1, -1]   d=123/53   tuple=[1, 1, 0, 0, 0, 0, 0]   recip=0
  signs [1, -1, 1]   d=-53/123   tuple=[0, 0, 0, 0, 0, 0, 0]   recip=0
  signs [1, -1, -1]   d=123/53   tuple=[1, 1, 0, 0, 0, 0, 0]   recip=0
  signs [-1, 1, 1]   d=-123/53   tuple=[0, 0, 0, 0, 0, 0, 0]   recip=0
  signs [-1, 1, -1]   d=53/123   tuple=[1, 1, 0, 0, 0, 0, 0]   recip=0
  signs [-1, -1, 1]   d=-123/53   tuple=[0, 0, 0, 0, 0, 0, 0]   recip=0
  signs [-1, -1, -1]   d=53/123   tuple=[1, 1, 0, 0, 0, 0, 0]   recip=0

---- d = e-g,  X = -3 ----
  signs [1, 1, 1]   d=-53/123   tuple=[0, 1, 0, 0, 0, 0, 1]   recip=0
  signs [1, 1, -1]   d=123/53   tuple=[0, 0, 0, 0, 0, 0, 0]   recip=0
  signs [1, -1, 1]   d=-53/123   tuple=[0, 1, 0, 0, 0, 0, 1]   recip=0
  signs [1, -1, -1]   d=123/53   tuple=[0, 0, 0, 0, 0, 0, 0]   recip=0
  signs [-1, 1, 1]   d=-123/53   tuple=[0, 1, 0, 0, 0, 0, 1]   recip=0
  signs [-1, 1, -1]   d=53/123   tuple=[0, 0, 0, 0, 0, 0, 0]   recip=0
  signs [-1, -1, 1]   d=-123/53   tuple=[0, 1, 0, 0, 0, 0, 1]   recip=0
  signs [-1, -1, -1]   d=53/123   tuple=[0, 0, 0, 0, 0, 0, 0]   recip=0

---- d = e-g,  X = 5 ----
  signs [1, 1, 1]   d=-53/123   tuple=[0, 1, 0, 0, 0, 0, 0]   recip=0
  signs [1, 1, -1]   d=123/53   tuple=[0, 1, 0, 0, 0, 0, 0]   recip=0
  signs [1, -1, 1]   d=-53/123   tuple=[0, 1, 0, 0, 0, 0, 0]   recip=0
  signs [1, -1, -1]   d=123/53   tuple=[0, 1, 0, 0, 0, 0, 0]   recip=0
  signs [-1, 1, 1]   d=-123/53   tuple=[0, 1, 0, 0, 0, 0, 0]   recip=0
  signs [-1, 1, -1]   d=53/123   tuple=[0, 1, 0, 0, 0, 0, 0]   recip=0
  signs [-1, -1, 1]   d=-123/53   tuple=[0, 1, 0, 0, 0, 0, 0]   recip=0
  signs [-1, -1, -1]   d=53/123   tuple=[0, 1, 0, 0, 0, 0, 0]   recip=0

---- d = e-g,  X = -5 ----
  signs [1, 1, 1]   d=-53/123   tuple=[0, 0, 0, 0, 0, 0, 1]   recip=0
  signs [1, 1, -1]   d=123/53   tuple=[1, 0, 0, 0, 0, 0, 0]   recip=0
  signs [1, -1, 1]   d=-53/123   tuple=[0, 0, 0, 0, 0, 0, 1]   recip=0
  signs [1, -1, -1]   d=123/53   tuple=[1, 0, 0, 0, 0, 0, 0]   recip=0
  signs [-1, 1, 1]   d=-123/53   tuple=[0, 0, 0, 0, 0, 0, 1]   recip=0
  signs [-1, 1, -1]   d=53/123   tuple=[1, 0, 0, 0, 0, 0, 0]   recip=0
  signs [-1, -1, 1]   d=-123/53   tuple=[0, 0, 0, 0, 0, 0, 1]   recip=0
  signs [-1, -1, -1]   d=53/123   tuple=[1, 0, 0, 0, 0, 0, 0]   recip=0

---- d = e-g,  X = 6 ----
  signs [1, 1, 1]   d=-53/123   tuple=[0, 1, 0, 0, 0, 0, 0]   recip=0
  signs [1, 1, -1]   d=123/53   tuple=[1, 0, 0, 0, 0, 0, 0]   recip=0
  signs [1, -1, 1]   d=-53/123   tuple=[0, 1, 0, 0, 0, 0, 0]   recip=0
  signs [1, -1, -1]   d=123/53   tuple=[1, 0, 0, 0, 0, 0, 0]   recip=0
  signs [-1, 1, 1]   d=-123/53   tuple=[0, 1, 0, 0, 0, 0, 0]   recip=0
  signs [-1, 1, -1]   d=53/123   tuple=[1, 0, 0, 0, 0, 0, 0]   recip=0
  signs [-1, -1, 1]   d=-123/53   tuple=[0, 1, 0, 0, 0, 0, 0]   recip=0
  signs [-1, -1, -1]   d=53/123   tuple=[1, 0, 0, 0, 0, 0, 0]   recip=0

---- d = e-g,  X = -6 ----
  signs [1, 1, 1]   d=-53/123   tuple=[0, 0, 0, 0, 0, 0, 1]   recip=0
  signs [1, 1, -1]   d=123/53   tuple=[0, 1, 0, 0, 0, 0, 0]   recip=0
  signs [1, -1, 1]   d=-53/123   tuple=[0, 0, 0, 0, 0, 0, 1]   recip=0
  signs [1, -1, -1]   d=123/53   tuple=[0, 1, 0, 0, 0, 0, 0]   recip=0
  signs [-1, 1, 1]   d=-123/53   tuple=[0, 0, 0, 0, 0, 0, 1]   recip=0
  signs [-1, 1, -1]   d=53/123   tuple=[0, 1, 0, 0, 0, 0, 0]   recip=0
  signs [-1, -1, 1]   d=-123/53   tuple=[0, 0, 0, 0, 0, 0, 1]   recip=0
  signs [-1, -1, -1]   d=53/123   tuple=[0, 1, 0, 0, 0, 0, 0]   recip=0

---- d = e-g,  X = 7 ----
  signs [1, 1, 1]   d=-53/123   tuple=[0, 0, 0, 1, 0, 0, 0]   recip=0
  signs [1, 1, -1]   d=123/53   tuple=[1, 0, 0, 0, 0, 0, 0]   recip=0
  signs [1, -1, 1]   d=-53/123   tuple=[0, 0, 0, 1, 0, 0, 0]   recip=0
  signs [1, -1, -1]   d=123/53   tuple=[1, 0, 0, 0, 0, 0, 0]   recip=0
  signs [-1, 1, 1]   d=-123/53   tuple=[0, 0, 0, 1, 0, 0, 0]   recip=0
  signs [-1, 1, -1]   d=53/123   tuple=[1, 0, 0, 0, 0, 0, 0]   recip=0
  signs [-1, -1, 1]   d=-123/53   tuple=[0, 0, 0, 1, 0, 0, 0]   recip=0
  signs [-1, -1, -1]   d=53/123   tuple=[1, 0, 0, 0, 0, 0, 0]   recip=0

---- d = e-g,  X = -7 ----
  signs [1, 1, 1]   d=-53/123   tuple=[0, 1, 0, 1, 0, 0, 1]   recip=0
  signs [1, 1, -1]   d=123/53   tuple=[0, 1, 0, 0, 0, 0, 0]   recip=0
  signs [1, -1, 1]   d=-53/123   tuple=[0, 1, 0, 1, 0, 0, 1]   recip=0
  signs [1, -1, -1]   d=123/53   tuple=[0, 1, 0, 0, 0, 0, 0]   recip=0
  signs [-1, 1, 1]   d=-123/53   tuple=[0, 1, 0, 1, 0, 0, 1]   recip=0
  signs [-1, 1, -1]   d=53/123   tuple=[0, 1, 0, 0, 0, 0, 0]   recip=0
  signs [-1, -1, 1]   d=-123/53   tuple=[0, 1, 0, 1, 0, 0, 1]   recip=0
  signs [-1, -1, -1]   d=53/123   tuple=[0, 1, 0, 0, 0, 0, 0]   recip=0

---- d = e-g,  X = 10 ----
  signs [1, 1, 1]   d=-53/123   tuple=[0, 0, 0, 0, 0, 0, 0]   recip=0
  signs [1, 1, -1]   d=123/53   tuple=[0, 0, 0, 0, 0, 0, 0]   recip=0
  signs [1, -1, 1]   d=-53/123   tuple=[0, 0, 0, 0, 0, 0, 0]   recip=0
  signs [1, -1, -1]   d=123/53   tuple=[0, 0, 0, 0, 0, 0, 0]   recip=0
  signs [-1, 1, 1]   d=-123/53   tuple=[0, 0, 0, 0, 0, 0, 0]   recip=0
  signs [-1, 1, -1]   d=53/123   tuple=[0, 0, 0, 0, 0, 0, 0]   recip=0
  signs [-1, -1, 1]   d=-123/53   tuple=[0, 0, 0, 0, 0, 0, 0]   recip=0
  signs [-1, -1, -1]   d=53/123   tuple=[0, 0, 0, 0, 0, 0, 0]   recip=0

---- d = e-g,  X = -10 ----
  signs [1, 1, 1]   d=-53/123   tuple=[0, 1, 0, 0, 0, 0, 1]   recip=0
  signs [1, 1, -1]   d=123/53   tuple=[1, 1, 0, 0, 0, 0, 0]   recip=0
  signs [1, -1, 1]   d=-53/123   tuple=[0, 1, 0, 0, 0, 0, 1]   recip=0
  signs [1, -1, -1]   d=123/53   tuple=[1, 1, 0, 0, 0, 0, 0]   recip=0
  signs [-1, 1, 1]   d=-123/53   tuple=[0, 1, 0, 0, 0, 0, 1]   recip=0
  signs [-1, 1, -1]   d=53/123   tuple=[1, 1, 0, 0, 0, 0, 0]   recip=0
  signs [-1, -1, 1]   d=-123/53   tuple=[0, 1, 0, 0, 0, 0, 1]   recip=0
  signs [-1, -1, -1]   d=53/123   tuple=[1, 1, 0, 0, 0, 0, 0]   recip=0

---- d = e-g,  X = 15 ----
  signs [1, 1, 1]   d=-53/123   tuple=[0, 1, 0, 0, 0, 0, 0]   recip=0
  signs [1, 1, -1]   d=123/53   tuple=[1, 0, 0, 0, 0, 0, 0]   recip=0
  signs [1, -1, 1]   d=-53/123   tuple=[0, 1, 0, 0, 0, 0, 0]   recip=0
  signs [1, -1, -1]   d=123/53   tuple=[1, 0, 0, 0, 0, 0, 0]   recip=0
  signs [-1, 1, 1]   d=-123/53   tuple=[0, 1, 0, 0, 0, 0, 0]   recip=0
  signs [-1, 1, -1]   d=53/123   tuple=[1, 0, 0, 0, 0, 0, 0]   recip=0
  signs [-1, -1, 1]   d=-123/53   tuple=[0, 1, 0, 0, 0, 0, 0]   recip=0
  signs [-1, -1, -1]   d=53/123   tuple=[1, 0, 0, 0, 0, 0, 0]   recip=0

---- d = f+g,  X = -1 ----
  signs [1, 1, 1]   d=15488/6519   tuple=[1, 1, 0, 0, 0, 0, 0]   recip=0
  signs [1, 1, -1]   d=-2450/6519   tuple=[0, 1, 0, 0, 0, 0, 1]   recip=0
  signs [1, -1, 1]   d=2450/6519   tuple=[1, 1, 0, 0, 0, 0, 0]   recip=0
  signs [1, -1, -1]   d=-15488/6519   tuple=[0, 1, 0, 0, 0, 0, 1]   recip=0
  signs [-1, 1, 1]   d=15488/6519   tuple=[1, 1, 0, 0, 0, 0, 0]   recip=0
  signs [-1, 1, -1]   d=-2450/6519   tuple=[0, 1, 0, 0, 0, 0, 1]   recip=0
  signs [-1, -1, 1]   d=2450/6519   tuple=[1, 1, 0, 0, 0, 0, 0]   recip=0
  signs [-1, -1, -1]   d=-15488/6519   tuple=[0, 1, 0, 0, 0, 0, 1]   recip=0

---- d = f+g,  X = 2 ----
  signs [1, 1, 1]   d=15488/6519   tuple=[0, 1, 0, 0, 0, 0, 0]   recip=0
  signs [1, 1, -1]   d=-2450/6519   tuple=[0, 1, 0, 0, 0, 0, 0]   recip=0
  signs [1, -1, 1]   d=2450/6519   tuple=[0, 1, 0, 0, 0, 0, 0]   recip=0
  signs [1, -1, -1]   d=-15488/6519   tuple=[0, 1, 0, 0, 0, 0, 0]   recip=0
  signs [-1, 1, 1]   d=15488/6519   tuple=[0, 1, 0, 0, 0, 0, 0]   recip=0
  signs [-1, 1, -1]   d=-2450/6519   tuple=[0, 1, 0, 0, 0, 0, 0]   recip=0
  signs [-1, -1, 1]   d=2450/6519   tuple=[0, 1, 0, 0, 0, 0, 0]   recip=0
  signs [-1, -1, -1]   d=-15488/6519   tuple=[0, 1, 0, 0, 0, 0, 0]   recip=0

---- d = f+g,  X = -2 ----
  signs [1, 1, 1]   d=15488/6519   tuple=[1, 0, 0, 0, 0, 0, 0]   recip=0
  signs [1, 1, -1]   d=-2450/6519   tuple=[0, 0, 0, 0, 0, 0, 1]   recip=0
  signs [1, -1, 1]   d=2450/6519   tuple=[1, 0, 0, 0, 0, 0, 0]   recip=0
  signs [1, -1, -1]   d=-15488/6519   tuple=[0, 0, 0, 0, 0, 0, 1]   recip=0
  signs [-1, 1, 1]   d=15488/6519   tuple=[1, 0, 0, 0, 0, 0, 0]   recip=0
  signs [-1, 1, -1]   d=-2450/6519   tuple=[0, 0, 0, 0, 0, 0, 1]   recip=0
  signs [-1, -1, 1]   d=2450/6519   tuple=[1, 0, 0, 0, 0, 0, 0]   recip=0
  signs [-1, -1, -1]   d=-15488/6519   tuple=[0, 0, 0, 0, 0, 0, 1]   recip=0

---- d = f+g,  X = 3 ----
  signs [1, 1, 1]   d=15488/6519   tuple=[0, 0, 0, 0, 0, 0, 0]   recip=0
  signs [1, 1, -1]   d=-2450/6519   tuple=[1, 1, 0, 0, 0, 0, 0]   recip=0
  signs [1, -1, 1]   d=2450/6519   tuple=[0, 0, 0, 0, 0, 0, 0]   recip=0
  signs [1, -1, -1]   d=-15488/6519   tuple=[1, 1, 0, 0, 0, 0, 0]   recip=0
  signs [-1, 1, 1]   d=15488/6519   tuple=[0, 0, 0, 0, 0, 0, 0]   recip=0
  signs [-1, 1, -1]   d=-2450/6519   tuple=[1, 1, 0, 0, 0, 0, 0]   recip=0
  signs [-1, -1, 1]   d=2450/6519   tuple=[0, 0, 0, 0, 0, 0, 0]   recip=0
  signs [-1, -1, -1]   d=-15488/6519   tuple=[1, 1, 0, 0, 0, 0, 0]   recip=0

---- d = f+g,  X = -3 ----
  signs [1, 1, 1]   d=15488/6519   tuple=[1, 1, 0, 0, 0, 0, 0]   recip=0
  signs [1, 1, -1]   d=-2450/6519   tuple=[1, 0, 0, 0, 0, 0, 1]   recip=0
  signs [1, -1, 1]   d=2450/6519   tuple=[1, 1, 0, 0, 0, 0, 0]   recip=0
  signs [1, -1, -1]   d=-15488/6519   tuple=[1, 0, 0, 0, 0, 0, 1]   recip=0
  signs [-1, 1, 1]   d=15488/6519   tuple=[1, 1, 0, 0, 0, 0, 0]   recip=0
  signs [-1, 1, -1]   d=-2450/6519   tuple=[1, 0, 0, 0, 0, 0, 1]   recip=0
  signs [-1, -1, 1]   d=2450/6519   tuple=[1, 1, 0, 0, 0, 0, 0]   recip=0
  signs [-1, -1, -1]   d=-15488/6519   tuple=[1, 0, 0, 0, 0, 0, 1]   recip=0

---- d = f+g,  X = 5 ----
  signs [1, 1, 1]   d=15488/6519   tuple=[1, 1, 1, 0, 0, 0, 0]   recip=0
  signs [1, 1, -1]   d=-2450/6519   tuple=[1, 1, 1, 0, 0, 0, 0]   recip=0
  signs [1, -1, 1]   d=2450/6519   tuple=[1, 1, 1, 0, 0, 0, 0]   recip=0
  signs [1, -1, -1]   d=-15488/6519   tuple=[1, 1, 1, 0, 0, 0, 0]   recip=0
  signs [-1, 1, 1]   d=15488/6519   tuple=[1, 1, 1, 0, 0, 0, 0]   recip=0
  signs [-1, 1, -1]   d=-2450/6519   tuple=[1, 1, 1, 0, 0, 0, 0]   recip=0
  signs [-1, -1, 1]   d=2450/6519   tuple=[1, 1, 1, 0, 0, 0, 0]   recip=0
  signs [-1, -1, -1]   d=-15488/6519   tuple=[1, 1, 1, 0, 0, 0, 0]   recip=0

---- d = f+g,  X = -5 ----
  signs [1, 1, 1]   d=15488/6519   tuple=[0, 0, 1, 0, 0, 0, 0]   recip=0
  signs [1, 1, -1]   d=-2450/6519   tuple=[1, 0, 1, 0, 0, 0, 1]   recip=0
  signs [1, -1, 1]   d=2450/6519   tuple=[0, 0, 1, 0, 0, 0, 0]   recip=0
  signs [1, -1, -1]   d=-15488/6519   tuple=[1, 0, 1, 0, 0, 0, 1]   recip=0
  signs [-1, 1, 1]   d=15488/6519   tuple=[0, 0, 1, 0, 0, 0, 0]   recip=0
  signs [-1, 1, -1]   d=-2450/6519   tuple=[1, 0, 1, 0, 0, 0, 1]   recip=0
  signs [-1, -1, 1]   d=2450/6519   tuple=[0, 0, 1, 0, 0, 0, 0]   recip=0
  signs [-1, -1, -1]   d=-15488/6519   tuple=[1, 0, 1, 0, 0, 0, 1]   recip=0

---- d = f+g,  X = 6 ----
  signs [1, 1, 1]   d=15488/6519   tuple=[0, 1, 0, 0, 0, 0, 0]   recip=0
  signs [1, 1, -1]   d=-2450/6519   tuple=[1, 0, 0, 0, 0, 0, 0]   recip=0
  signs [1, -1, 1]   d=2450/6519   tuple=[0, 1, 0, 0, 0, 0, 0]   recip=0
  signs [1, -1, -1]   d=-15488/6519   tuple=[1, 0, 0, 0, 0, 0, 0]   recip=0
  signs [-1, 1, 1]   d=15488/6519   tuple=[0, 1, 0, 0, 0, 0, 0]   recip=0
  signs [-1, 1, -1]   d=-2450/6519   tuple=[1, 0, 0, 0, 0, 0, 0]   recip=0
  signs [-1, -1, 1]   d=2450/6519   tuple=[0, 1, 0, 0, 0, 0, 0]   recip=0
  signs [-1, -1, -1]   d=-15488/6519   tuple=[1, 0, 0, 0, 0, 0, 0]   recip=0

---- d = f+g,  X = -6 ----
  signs [1, 1, 1]   d=15488/6519   tuple=[1, 0, 0, 0, 0, 0, 0]   recip=0
  signs [1, 1, -1]   d=-2450/6519   tuple=[1, 1, 0, 0, 0, 0, 1]   recip=0
  signs [1, -1, 1]   d=2450/6519   tuple=[1, 0, 0, 0, 0, 0, 0]   recip=0
  signs [1, -1, -1]   d=-15488/6519   tuple=[1, 1, 0, 0, 0, 0, 1]   recip=0
  signs [-1, 1, 1]   d=15488/6519   tuple=[1, 0, 0, 0, 0, 0, 0]   recip=0
  signs [-1, 1, -1]   d=-2450/6519   tuple=[1, 1, 0, 0, 0, 0, 1]   recip=0
  signs [-1, -1, 1]   d=2450/6519   tuple=[1, 0, 0, 0, 0, 0, 0]   recip=0
  signs [-1, -1, -1]   d=-15488/6519   tuple=[1, 1, 0, 0, 0, 0, 1]   recip=0

---- d = f+g,  X = 7 ----
  signs [1, 1, 1]   d=15488/6519   tuple=[1, 0, 0, 0, 0, 0, 0]   recip=0
  signs [1, 1, -1]   d=-2450/6519   tuple=[0, 0, 0, 1, 0, 0, 0]   recip=0
  signs [1, -1, 1]   d=2450/6519   tuple=[1, 0, 0, 0, 0, 0, 0]   recip=0
  signs [1, -1, -1]   d=-15488/6519   tuple=[0, 0, 0, 1, 0, 0, 0]   recip=0
  signs [-1, 1, 1]   d=15488/6519   tuple=[1, 0, 0, 0, 0, 0, 0]   recip=0
  signs [-1, 1, -1]   d=-2450/6519   tuple=[0, 0, 0, 1, 0, 0, 0]   recip=0
  signs [-1, -1, 1]   d=2450/6519   tuple=[1, 0, 0, 0, 0, 0, 0]   recip=0
  signs [-1, -1, -1]   d=-15488/6519   tuple=[0, 0, 0, 1, 0, 0, 0]   recip=0

---- d = f+g,  X = -7 ----
  signs [1, 1, 1]   d=15488/6519   tuple=[0, 1, 0, 0, 0, 0, 0]   recip=0
  signs [1, 1, -1]   d=-2450/6519   tuple=[0, 1, 0, 1, 0, 0, 1]   recip=0
  signs [1, -1, 1]   d=2450/6519   tuple=[0, 1, 0, 0, 0, 0, 0]   recip=0
  signs [1, -1, -1]   d=-15488/6519   tuple=[0, 1, 0, 1, 0, 0, 1]   recip=0
  signs [-1, 1, 1]   d=15488/6519   tuple=[0, 1, 0, 0, 0, 0, 0]   recip=0
  signs [-1, 1, -1]   d=-2450/6519   tuple=[0, 1, 0, 1, 0, 0, 1]   recip=0
  signs [-1, -1, 1]   d=2450/6519   tuple=[0, 1, 0, 0, 0, 0, 0]   recip=0
  signs [-1, -1, -1]   d=-15488/6519   tuple=[0, 1, 0, 1, 0, 0, 1]   recip=0

---- d = f+g,  X = 10 ----
  signs [1, 1, 1]   d=15488/6519   tuple=[1, 0, 1, 0, 0, 0, 0]   recip=0
  signs [1, 1, -1]   d=-2450/6519   tuple=[1, 0, 1, 0, 0, 0, 0]   recip=0
  signs [1, -1, 1]   d=2450/6519   tuple=[1, 0, 1, 0, 0, 0, 0]   recip=0
  signs [1, -1, -1]   d=-15488/6519   tuple=[1, 0, 1, 0, 0, 0, 0]   recip=0
  signs [-1, 1, 1]   d=15488/6519   tuple=[1, 0, 1, 0, 0, 0, 0]   recip=0
  signs [-1, 1, -1]   d=-2450/6519   tuple=[1, 0, 1, 0, 0, 0, 0]   recip=0
  signs [-1, -1, 1]   d=2450/6519   tuple=[1, 0, 1, 0, 0, 0, 0]   recip=0
  signs [-1, -1, -1]   d=-15488/6519   tuple=[1, 0, 1, 0, 0, 0, 0]   recip=0

---- d = f+g,  X = -10 ----
  signs [1, 1, 1]   d=15488/6519   tuple=[0, 1, 1, 0, 0, 0, 0]   recip=0
  signs [1, 1, -1]   d=-2450/6519   tuple=[1, 1, 1, 0, 0, 0, 1]   recip=0
  signs [1, -1, 1]   d=2450/6519   tuple=[0, 1, 1, 0, 0, 0, 0]   recip=0
  signs [1, -1, -1]   d=-15488/6519   tuple=[1, 1, 1, 0, 0, 0, 1]   recip=0
  signs [-1, 1, 1]   d=15488/6519   tuple=[0, 1, 1, 0, 0, 0, 0]   recip=0
  signs [-1, 1, -1]   d=-2450/6519   tuple=[1, 1, 1, 0, 0, 0, 1]   recip=0
  signs [-1, -1, 1]   d=2450/6519   tuple=[0, 1, 1, 0, 0, 0, 0]   recip=0
  signs [-1, -1, -1]   d=-15488/6519   tuple=[1, 1, 1, 0, 0, 0, 1]   recip=0

---- d = f+g,  X = 15 ----
  signs [1, 1, 1]   d=15488/6519   tuple=[1, 1, 1, 0, 0, 0, 0]   recip=0
  signs [1, 1, -1]   d=-2450/6519   tuple=[0, 0, 1, 0, 0, 0, 0]   recip=0
  signs [1, -1, 1]   d=2450/6519   tuple=[1, 1, 1, 0, 0, 0, 0]   recip=0
  signs [1, -1, -1]   d=-15488/6519   tuple=[0, 0, 1, 0, 0, 0, 0]   recip=0
  signs [-1, 1, 1]   d=15488/6519   tuple=[1, 1, 1, 0, 0, 0, 0]   recip=0
  signs [-1, 1, -1]   d=-2450/6519   tuple=[0, 0, 1, 0, 0, 0, 0]   recip=0
  signs [-1, -1, 1]   d=2450/6519   tuple=[1, 1, 1, 0, 0, 0, 0]   recip=0
  signs [-1, -1, -1]   d=-15488/6519   tuple=[0, 0, 1, 0, 0, 0, 0]   recip=0

---- d = f-g,  X = -1 ----
  signs [1, 1, 1]   d=-2450/6519   tuple=[0, 1, 0, 0, 0, 0, 1]   recip=0
  signs [1, 1, -1]   d=15488/6519   tuple=[1, 1, 0, 0, 0, 0, 0]   recip=0
  signs [1, -1, 1]   d=-15488/6519   tuple=[0, 1, 0, 0, 0, 0, 1]   recip=0
  signs [1, -1, -1]   d=2450/6519   tuple=[1, 1, 0, 0, 0, 0, 0]   recip=0
  signs [-1, 1, 1]   d=-2450/6519   tuple=[0, 1, 0, 0, 0, 0, 1]   recip=0
  signs [-1, 1, -1]   d=15488/6519   tuple=[1, 1, 0, 0, 0, 0, 0]   recip=0
  signs [-1, -1, 1]   d=-15488/6519   tuple=[0, 1, 0, 0, 0, 0, 1]   recip=0
  signs [-1, -1, -1]   d=2450/6519   tuple=[1, 1, 0, 0, 0, 0, 0]   recip=0

---- d = f-g,  X = 2 ----
  signs [1, 1, 1]   d=-2450/6519   tuple=[0, 1, 0, 0, 0, 0, 0]   recip=0
  signs [1, 1, -1]   d=15488/6519   tuple=[0, 1, 0, 0, 0, 0, 0]   recip=0
  signs [1, -1, 1]   d=-15488/6519   tuple=[0, 1, 0, 0, 0, 0, 0]   recip=0
  signs [1, -1, -1]   d=2450/6519   tuple=[0, 1, 0, 0, 0, 0, 0]   recip=0
  signs [-1, 1, 1]   d=-2450/6519   tuple=[0, 1, 0, 0, 0, 0, 0]   recip=0
  signs [-1, 1, -1]   d=15488/6519   tuple=[0, 1, 0, 0, 0, 0, 0]   recip=0
  signs [-1, -1, 1]   d=-15488/6519   tuple=[0, 1, 0, 0, 0, 0, 0]   recip=0
  signs [-1, -1, -1]   d=2450/6519   tuple=[0, 1, 0, 0, 0, 0, 0]   recip=0

---- d = f-g,  X = -2 ----
  signs [1, 1, 1]   d=-2450/6519   tuple=[0, 0, 0, 0, 0, 0, 1]   recip=0
  signs [1, 1, -1]   d=15488/6519   tuple=[1, 0, 0, 0, 0, 0, 0]   recip=0
  signs [1, -1, 1]   d=-15488/6519   tuple=[0, 0, 0, 0, 0, 0, 1]   recip=0
  signs [1, -1, -1]   d=2450/6519   tuple=[1, 0, 0, 0, 0, 0, 0]   recip=0
  signs [-1, 1, 1]   d=-2450/6519   tuple=[0, 0, 0, 0, 0, 0, 1]   recip=0
  signs [-1, 1, -1]   d=15488/6519   tuple=[1, 0, 0, 0, 0, 0, 0]   recip=0
  signs [-1, -1, 1]   d=-15488/6519   tuple=[0, 0, 0, 0, 0, 0, 1]   recip=0
  signs [-1, -1, -1]   d=2450/6519   tuple=[1, 0, 0, 0, 0, 0, 0]   recip=0

---- d = f-g,  X = 3 ----
  signs [1, 1, 1]   d=-2450/6519   tuple=[1, 1, 0, 0, 0, 0, 0]   recip=0
  signs [1, 1, -1]   d=15488/6519   tuple=[0, 0, 0, 0, 0, 0, 0]   recip=0
  signs [1, -1, 1]   d=-15488/6519   tuple=[1, 1, 0, 0, 0, 0, 0]   recip=0
  signs [1, -1, -1]   d=2450/6519   tuple=[0, 0, 0, 0, 0, 0, 0]   recip=0
  signs [-1, 1, 1]   d=-2450/6519   tuple=[1, 1, 0, 0, 0, 0, 0]   recip=0
  signs [-1, 1, -1]   d=15488/6519   tuple=[0, 0, 0, 0, 0, 0, 0]   recip=0
  signs [-1, -1, 1]   d=-15488/6519   tuple=[1, 1, 0, 0, 0, 0, 0]   recip=0
  signs [-1, -1, -1]   d=2450/6519   tuple=[0, 0, 0, 0, 0, 0, 0]   recip=0

---- d = f-g,  X = -3 ----
  signs [1, 1, 1]   d=-2450/6519   tuple=[1, 0, 0, 0, 0, 0, 1]   recip=0
  signs [1, 1, -1]   d=15488/6519   tuple=[1, 1, 0, 0, 0, 0, 0]   recip=0
  signs [1, -1, 1]   d=-15488/6519   tuple=[1, 0, 0, 0, 0, 0, 1]   recip=0
  signs [1, -1, -1]   d=2450/6519   tuple=[1, 1, 0, 0, 0, 0, 0]   recip=0
  signs [-1, 1, 1]   d=-2450/6519   tuple=[1, 0, 0, 0, 0, 0, 1]   recip=0
  signs [-1, 1, -1]   d=15488/6519   tuple=[1, 1, 0, 0, 0, 0, 0]   recip=0
  signs [-1, -1, 1]   d=-15488/6519   tuple=[1, 0, 0, 0, 0, 0, 1]   recip=0
  signs [-1, -1, -1]   d=2450/6519   tuple=[1, 1, 0, 0, 0, 0, 0]   recip=0

---- d = f-g,  X = 5 ----
  signs [1, 1, 1]   d=-2450/6519   tuple=[1, 1, 1, 0, 0, 0, 0]   recip=0
  signs [1, 1, -1]   d=15488/6519   tuple=[1, 1, 1, 0, 0, 0, 0]   recip=0
  signs [1, -1, 1]   d=-15488/6519   tuple=[1, 1, 1, 0, 0, 0, 0]   recip=0
  signs [1, -1, -1]   d=2450/6519   tuple=[1, 1, 1, 0, 0, 0, 0]   recip=0
  signs [-1, 1, 1]   d=-2450/6519   tuple=[1, 1, 1, 0, 0, 0, 0]   recip=0
  signs [-1, 1, -1]   d=15488/6519   tuple=[1, 1, 1, 0, 0, 0, 0]   recip=0
  signs [-1, -1, 1]   d=-15488/6519   tuple=[1, 1, 1, 0, 0, 0, 0]   recip=0
  signs [-1, -1, -1]   d=2450/6519   tuple=[1, 1, 1, 0, 0, 0, 0]   recip=0

---- d = f-g,  X = -5 ----
  signs [1, 1, 1]   d=-2450/6519   tuple=[1, 0, 1, 0, 0, 0, 1]   recip=0
  signs [1, 1, -1]   d=15488/6519   tuple=[0, 0, 1, 0, 0, 0, 0]   recip=0
  signs [1, -1, 1]   d=-15488/6519   tuple=[1, 0, 1, 0, 0, 0, 1]   recip=0
  signs [1, -1, -1]   d=2450/6519   tuple=[0, 0, 1, 0, 0, 0, 0]   recip=0
  signs [-1, 1, 1]   d=-2450/6519   tuple=[1, 0, 1, 0, 0, 0, 1]   recip=0
  signs [-1, 1, -1]   d=15488/6519   tuple=[0, 0, 1, 0, 0, 0, 0]   recip=0
  signs [-1, -1, 1]   d=-15488/6519   tuple=[1, 0, 1, 0, 0, 0, 1]   recip=0
  signs [-1, -1, -1]   d=2450/6519   tuple=[0, 0, 1, 0, 0, 0, 0]   recip=0

---- d = f-g,  X = 6 ----
  signs [1, 1, 1]   d=-2450/6519   tuple=[1, 0, 0, 0, 0, 0, 0]   recip=0
  signs [1, 1, -1]   d=15488/6519   tuple=[0, 1, 0, 0, 0, 0, 0]   recip=0
  signs [1, -1, 1]   d=-15488/6519   tuple=[1, 0, 0, 0, 0, 0, 0]   recip=0
  signs [1, -1, -1]   d=2450/6519   tuple=[0, 1, 0, 0, 0, 0, 0]   recip=0
  signs [-1, 1, 1]   d=-2450/6519   tuple=[1, 0, 0, 0, 0, 0, 0]   recip=0
  signs [-1, 1, -1]   d=15488/6519   tuple=[0, 1, 0, 0, 0, 0, 0]   recip=0
  signs [-1, -1, 1]   d=-15488/6519   tuple=[1, 0, 0, 0, 0, 0, 0]   recip=0
  signs [-1, -1, -1]   d=2450/6519   tuple=[0, 1, 0, 0, 0, 0, 0]   recip=0

---- d = f-g,  X = -6 ----
  signs [1, 1, 1]   d=-2450/6519   tuple=[1, 1, 0, 0, 0, 0, 1]   recip=0
  signs [1, 1, -1]   d=15488/6519   tuple=[1, 0, 0, 0, 0, 0, 0]   recip=0
  signs [1, -1, 1]   d=-15488/6519   tuple=[1, 1, 0, 0, 0, 0, 1]   recip=0
  signs [1, -1, -1]   d=2450/6519   tuple=[1, 0, 0, 0, 0, 0, 0]   recip=0
  signs [-1, 1, 1]   d=-2450/6519   tuple=[1, 1, 0, 0, 0, 0, 1]   recip=0
  signs [-1, 1, -1]   d=15488/6519   tuple=[1, 0, 0, 0, 0, 0, 0]   recip=0
  signs [-1, -1, 1]   d=-15488/6519   tuple=[1, 1, 0, 0, 0, 0, 1]   recip=0
  signs [-1, -1, -1]   d=2450/6519   tuple=[1, 0, 0, 0, 0, 0, 0]   recip=0

---- d = f-g,  X = 7 ----
  signs [1, 1, 1]   d=-2450/6519   tuple=[0, 0, 0, 1, 0, 0, 0]   recip=0
  signs [1, 1, -1]   d=15488/6519   tuple=[1, 0, 0, 0, 0, 0, 0]   recip=0
  signs [1, -1, 1]   d=-15488/6519   tuple=[0, 0, 0, 1, 0, 0, 0]   recip=0
  signs [1, -1, -1]   d=2450/6519   tuple=[1, 0, 0, 0, 0, 0, 0]   recip=0
  signs [-1, 1, 1]   d=-2450/6519   tuple=[0, 0, 0, 1, 0, 0, 0]   recip=0
  signs [-1, 1, -1]   d=15488/6519   tuple=[1, 0, 0, 0, 0, 0, 0]   recip=0
  signs [-1, -1, 1]   d=-15488/6519   tuple=[0, 0, 0, 1, 0, 0, 0]   recip=0
  signs [-1, -1, -1]   d=2450/6519   tuple=[1, 0, 0, 0, 0, 0, 0]   recip=0

---- d = f-g,  X = -7 ----
  signs [1, 1, 1]   d=-2450/6519   tuple=[0, 1, 0, 1, 0, 0, 1]   recip=0
  signs [1, 1, -1]   d=15488/6519   tuple=[0, 1, 0, 0, 0, 0, 0]   recip=0
  signs [1, -1, 1]   d=-15488/6519   tuple=[0, 1, 0, 1, 0, 0, 1]   recip=0
  signs [1, -1, -1]   d=2450/6519   tuple=[0, 1, 0, 0, 0, 0, 0]   recip=0
  signs [-1, 1, 1]   d=-2450/6519   tuple=[0, 1, 0, 1, 0, 0, 1]   recip=0
  signs [-1, 1, -1]   d=15488/6519   tuple=[0, 1, 0, 0, 0, 0, 0]   recip=0
  signs [-1, -1, 1]   d=-15488/6519   tuple=[0, 1, 0, 1, 0, 0, 1]   recip=0
  signs [-1, -1, -1]   d=2450/6519   tuple=[0, 1, 0, 0, 0, 0, 0]   recip=0

---- d = f-g,  X = 10 ----
  signs [1, 1, 1]   d=-2450/6519   tuple=[1, 0, 1, 0, 0, 0, 0]   recip=0
  signs [1, 1, -1]   d=15488/6519   tuple=[1, 0, 1, 0, 0, 0, 0]   recip=0
  signs [1, -1, 1]   d=-15488/6519   tuple=[1, 0, 1, 0, 0, 0, 0]   recip=0
  signs [1, -1, -1]   d=2450/6519   tuple=[1, 0, 1, 0, 0, 0, 0]   recip=0
  signs [-1, 1, 1]   d=-2450/6519   tuple=[1, 0, 1, 0, 0, 0, 0]   recip=0
  signs [-1, 1, -1]   d=15488/6519   tuple=[1, 0, 1, 0, 0, 0, 0]   recip=0
  signs [-1, -1, 1]   d=-15488/6519   tuple=[1, 0, 1, 0, 0, 0, 0]   recip=0
  signs [-1, -1, -1]   d=2450/6519   tuple=[1, 0, 1, 0, 0, 0, 0]   recip=0

---- d = f-g,  X = -10 ----
  signs [1, 1, 1]   d=-2450/6519   tuple=[1, 1, 1, 0, 0, 0, 1]   recip=0
  signs [1, 1, -1]   d=15488/6519   tuple=[0, 1, 1, 0, 0, 0, 0]   recip=0
  signs [1, -1, 1]   d=-15488/6519   tuple=[1, 1, 1, 0, 0, 0, 1]   recip=0
  signs [1, -1, -1]   d=2450/6519   tuple=[0, 1, 1, 0, 0, 0, 0]   recip=0
  signs [-1, 1, 1]   d=-2450/6519   tuple=[1, 1, 1, 0, 0, 0, 1]   recip=0
  signs [-1, 1, -1]   d=15488/6519   tuple=[0, 1, 1, 0, 0, 0, 0]   recip=0
  signs [-1, -1, 1]   d=-15488/6519   tuple=[1, 1, 1, 0, 0, 0, 1]   recip=0
  signs [-1, -1, -1]   d=2450/6519   tuple=[0, 1, 1, 0, 0, 0, 0]   recip=0

---- d = f-g,  X = 15 ----
  signs [1, 1, 1]   d=-2450/6519   tuple=[0, 0, 1, 0, 0, 0, 0]   recip=0
  signs [1, 1, -1]   d=15488/6519   tuple=[1, 1, 1, 0, 0, 0, 0]   recip=0
  signs [1, -1, 1]   d=-15488/6519   tuple=[0, 0, 1, 0, 0, 0, 0]   recip=0
  signs [1, -1, -1]   d=2450/6519   tuple=[1, 1, 1, 0, 0, 0, 0]   recip=0
  signs [-1, 1, 1]   d=-2450/6519   tuple=[0, 0, 1, 0, 0, 0, 0]   recip=0
  signs [-1, 1, -1]   d=15488/6519   tuple=[1, 1, 1, 0, 0, 0, 0]   recip=0
  signs [-1, -1, 1]   d=-15488/6519   tuple=[0, 0, 1, 0, 0, 0, 0]   recip=0
  signs [-1, -1, -1]   d=2450/6519   tuple=[1, 1, 1, 0, 0, 0, 0]   recip=0

---- d = e*f,  X = -1 ----
  signs [1, 1, 1]   d=6160/6519   tuple=[1, 1, 0, 1, 1, 0, 0]   recip=0
  signs [1, 1, -1]   d=6160/6519   tuple=[1, 1, 0, 1, 1, 0, 0]   recip=0
  signs [1, -1, 1]   d=-6160/6519   tuple=[0, 1, 0, 1, 1, 0, 1]   recip=0
  signs [1, -1, -1]   d=-6160/6519   tuple=[0, 1, 0, 1, 1, 0, 1]   recip=0
  signs [-1, 1, 1]   d=-6160/6519   tuple=[0, 1, 0, 1, 1, 0, 1]   recip=0
  signs [-1, 1, -1]   d=-6160/6519   tuple=[0, 1, 0, 1, 1, 0, 1]   recip=0
  signs [-1, -1, 1]   d=6160/6519   tuple=[1, 1, 0, 1, 1, 0, 0]   recip=0
  signs [-1, -1, -1]   d=6160/6519   tuple=[1, 1, 0, 1, 1, 0, 0]   recip=0

---- d = e*f,  X = 2 ----
  signs [1, 1, 1]   d=6160/6519   tuple=[0, 1, 1, 0, 1, 0, 0]   recip=0
  signs [1, 1, -1]   d=6160/6519   tuple=[0, 1, 1, 0, 1, 0, 0]   recip=0
  signs [1, -1, 1]   d=-6160/6519   tuple=[0, 1, 1, 0, 1, 0, 0]   recip=0
  signs [1, -1, -1]   d=-6160/6519   tuple=[0, 1, 1, 0, 1, 0, 0]   recip=0
  signs [-1, 1, 1]   d=-6160/6519   tuple=[0, 1, 1, 0, 1, 0, 0]   recip=0
  signs [-1, 1, -1]   d=-6160/6519   tuple=[0, 1, 1, 0, 1, 0, 0]   recip=0
  signs [-1, -1, 1]   d=6160/6519   tuple=[0, 1, 1, 0, 1, 0, 0]   recip=0
  signs [-1, -1, -1]   d=6160/6519   tuple=[0, 1, 1, 0, 1, 0, 0]   recip=0

---- d = e*f,  X = -2 ----
  signs [1, 1, 1]   d=6160/6519   tuple=[1, 0, 1, 1, 0, 0, 0]   recip=0
  signs [1, 1, -1]   d=6160/6519   tuple=[1, 0, 1, 1, 0, 0, 0]   recip=0
  signs [1, -1, 1]   d=-6160/6519   tuple=[0, 0, 1, 1, 0, 0, 1]   recip=0
  signs [1, -1, -1]   d=-6160/6519   tuple=[0, 0, 1, 1, 0, 0, 1]   recip=0
  signs [-1, 1, 1]   d=-6160/6519   tuple=[0, 0, 1, 1, 0, 0, 1]   recip=0
  signs [-1, 1, -1]   d=-6160/6519   tuple=[0, 0, 1, 1, 0, 0, 1]   recip=0
  signs [-1, -1, 1]   d=6160/6519   tuple=[1, 0, 1, 1, 0, 0, 0]   recip=0
  signs [-1, -1, -1]   d=6160/6519   tuple=[1, 0, 1, 1, 0, 0, 0]   recip=0

---- d = e*f,  X = 3 ----
  signs [1, 1, 1]   d=6160/6519   tuple=[1, 1, 1, 1, 0, 0, 0]   recip=0
  signs [1, 1, -1]   d=6160/6519   tuple=[1, 1, 1, 1, 0, 0, 0]   recip=0
  signs [1, -1, 1]   d=-6160/6519   tuple=[0, 0, 1, 1, 0, 0, 0]   recip=0
  signs [1, -1, -1]   d=-6160/6519   tuple=[0, 0, 1, 1, 0, 0, 0]   recip=0
  signs [-1, 1, 1]   d=-6160/6519   tuple=[0, 0, 1, 1, 0, 0, 0]   recip=0
  signs [-1, 1, -1]   d=-6160/6519   tuple=[0, 0, 1, 1, 0, 0, 0]   recip=0
  signs [-1, -1, 1]   d=6160/6519   tuple=[1, 1, 1, 1, 0, 0, 0]   recip=0
  signs [-1, -1, -1]   d=6160/6519   tuple=[1, 1, 1, 1, 0, 0, 0]   recip=0

---- d = e*f,  X = -3 ----
  signs [1, 1, 1]   d=6160/6519   tuple=[0, 0, 1, 0, 1, 0, 0]   recip=0
  signs [1, 1, -1]   d=6160/6519   tuple=[0, 0, 1, 0, 1, 0, 0]   recip=0
  signs [1, -1, 1]   d=-6160/6519   tuple=[0, 1, 1, 0, 1, 0, 1]   recip=0
  signs [1, -1, -1]   d=-6160/6519   tuple=[0, 1, 1, 0, 1, 0, 1]   recip=0
  signs [-1, 1, 1]   d=-6160/6519   tuple=[0, 1, 1, 0, 1, 0, 1]   recip=0
  signs [-1, 1, -1]   d=-6160/6519   tuple=[0, 1, 1, 0, 1, 0, 1]   recip=0
  signs [-1, -1, 1]   d=6160/6519   tuple=[0, 0, 1, 0, 1, 0, 0]   recip=0
  signs [-1, -1, -1]   d=6160/6519   tuple=[0, 0, 1, 0, 1, 0, 0]   recip=0

---- d = e*f,  X = 5 ----
  signs [1, 1, 1]   d=6160/6519   tuple=[0, 1, 1, 1, 0, 0, 0]   recip=0
  signs [1, 1, -1]   d=6160/6519   tuple=[0, 1, 1, 1, 0, 0, 0]   recip=0
  signs [1, -1, 1]   d=-6160/6519   tuple=[0, 1, 1, 1, 0, 0, 0]   recip=0
  signs [1, -1, -1]   d=-6160/6519   tuple=[0, 1, 1, 1, 0, 0, 0]   recip=0
  signs [-1, 1, 1]   d=-6160/6519   tuple=[0, 1, 1, 1, 0, 0, 0]   recip=0
  signs [-1, 1, -1]   d=-6160/6519   tuple=[0, 1, 1, 1, 0, 0, 0]   recip=0
  signs [-1, -1, 1]   d=6160/6519   tuple=[0, 1, 1, 1, 0, 0, 0]   recip=0
  signs [-1, -1, -1]   d=6160/6519   tuple=[0, 1, 1, 1, 0, 0, 0]   recip=0

---- d = e*f,  X = -5 ----
  signs [1, 1, 1]   d=6160/6519   tuple=[1, 0, 1, 0, 1, 0, 0]   recip=0
  signs [1, 1, -1]   d=6160/6519   tuple=[1, 0, 1, 0, 1, 0, 0]   recip=0
  signs [1, -1, 1]   d=-6160/6519   tuple=[0, 0, 1, 0, 1, 0, 1]   recip=0
  signs [1, -1, -1]   d=-6160/6519   tuple=[0, 0, 1, 0, 1, 0, 1]   recip=0
  signs [-1, 1, 1]   d=-6160/6519   tuple=[0, 0, 1, 0, 1, 0, 1]   recip=0
  signs [-1, 1, -1]   d=-6160/6519   tuple=[0, 0, 1, 0, 1, 0, 1]   recip=0
  signs [-1, -1, 1]   d=6160/6519   tuple=[1, 0, 1, 0, 1, 0, 0]   recip=0
  signs [-1, -1, -1]   d=6160/6519   tuple=[1, 0, 1, 0, 1, 0, 0]   recip=0

---- d = e*f,  X = 6 ----
  signs [1, 1, 1]   d=6160/6519   tuple=[1, 0, 0, 1, 1, 0, 0]   recip=0
  signs [1, 1, -1]   d=6160/6519   tuple=[1, 0, 0, 1, 1, 0, 0]   recip=0
  signs [1, -1, 1]   d=-6160/6519   tuple=[0, 1, 0, 1, 1, 0, 0]   recip=0
  signs [1, -1, -1]   d=-6160/6519   tuple=[0, 1, 0, 1, 1, 0, 0]   recip=0
  signs [-1, 1, 1]   d=-6160/6519   tuple=[0, 1, 0, 1, 1, 0, 0]   recip=0
  signs [-1, 1, -1]   d=-6160/6519   tuple=[0, 1, 0, 1, 1, 0, 0]   recip=0
  signs [-1, -1, 1]   d=6160/6519   tuple=[1, 0, 0, 1, 1, 0, 0]   recip=0
  signs [-1, -1, -1]   d=6160/6519   tuple=[1, 0, 0, 1, 1, 0, 0]   recip=0

---- d = e*f,  X = -6 ----
  signs [1, 1, 1]   d=6160/6519   tuple=[0, 1, 0, 0, 0, 0, 0]   recip=0
  signs [1, 1, -1]   d=6160/6519   tuple=[0, 1, 0, 0, 0, 0, 0]   recip=0
  signs [1, -1, 1]   d=-6160/6519   tuple=[0, 0, 0, 0, 0, 0, 1]   recip=0
  signs [1, -1, -1]   d=-6160/6519   tuple=[0, 0, 0, 0, 0, 0, 1]   recip=0
  signs [-1, 1, 1]   d=-6160/6519   tuple=[0, 0, 0, 0, 0, 0, 1]   recip=0
  signs [-1, 1, -1]   d=-6160/6519   tuple=[0, 0, 0, 0, 0, 0, 1]   recip=0
  signs [-1, -1, 1]   d=6160/6519   tuple=[0, 1, 0, 0, 0, 0, 0]   recip=0
  signs [-1, -1, -1]   d=6160/6519   tuple=[0, 1, 0, 0, 0, 0, 0]   recip=0

---- d = e*f,  X = 7 ----
  signs [1, 1, 1]   d=6160/6519   tuple=[1, 0, 1, 0, 1, 0, 0]   recip=0
  signs [1, 1, -1]   d=6160/6519   tuple=[1, 0, 1, 0, 1, 0, 0]   recip=0
  signs [1, -1, 1]   d=-6160/6519   tuple=[0, 0, 1, 1, 1, 0, 0]   recip=0
  signs [1, -1, -1]   d=-6160/6519   tuple=[0, 0, 1, 1, 1, 0, 0]   recip=0
  signs [-1, 1, 1]   d=-6160/6519   tuple=[0, 0, 1, 1, 1, 0, 0]   recip=0
  signs [-1, 1, -1]   d=-6160/6519   tuple=[0, 0, 1, 1, 1, 0, 0]   recip=0
  signs [-1, -1, 1]   d=6160/6519   tuple=[1, 0, 1, 0, 1, 0, 0]   recip=0
  signs [-1, -1, -1]   d=6160/6519   tuple=[1, 0, 1, 0, 1, 0, 0]   recip=0

---- d = e*f,  X = -7 ----
  signs [1, 1, 1]   d=6160/6519   tuple=[0, 1, 1, 1, 0, 0, 0]   recip=0
  signs [1, 1, -1]   d=6160/6519   tuple=[0, 1, 1, 1, 0, 0, 0]   recip=0
  signs [1, -1, 1]   d=-6160/6519   tuple=[0, 1, 1, 0, 0, 0, 1]   recip=0
  signs [1, -1, -1]   d=-6160/6519   tuple=[0, 1, 1, 0, 0, 0, 1]   recip=0
  signs [-1, 1, 1]   d=-6160/6519   tuple=[0, 1, 1, 0, 0, 0, 1]   recip=0
  signs [-1, 1, -1]   d=-6160/6519   tuple=[0, 1, 1, 0, 0, 0, 1]   recip=0
  signs [-1, -1, 1]   d=6160/6519   tuple=[0, 1, 1, 1, 0, 0, 0]   recip=0
  signs [-1, -1, -1]   d=6160/6519   tuple=[0, 1, 1, 1, 0, 0, 0]   recip=0

---- d = e*f,  X = 10 ----
  signs [1, 1, 1]   d=6160/6519   tuple=[0, 0, 0, 1, 1, 0, 0]   recip=0
  signs [1, 1, -1]   d=6160/6519   tuple=[0, 0, 0, 1, 1, 0, 0]   recip=0
  signs [1, -1, 1]   d=-6160/6519   tuple=[0, 0, 0, 1, 1, 0, 0]   recip=0
  signs [1, -1, -1]   d=-6160/6519   tuple=[0, 0, 0, 1, 1, 0, 0]   recip=0
  signs [-1, 1, 1]   d=-6160/6519   tuple=[0, 0, 0, 1, 1, 0, 0]   recip=0
  signs [-1, 1, -1]   d=-6160/6519   tuple=[0, 0, 0, 1, 1, 0, 0]   recip=0
  signs [-1, -1, 1]   d=6160/6519   tuple=[0, 0, 0, 1, 1, 0, 0]   recip=0
  signs [-1, -1, -1]   d=6160/6519   tuple=[0, 0, 0, 1, 1, 0, 0]   recip=0

---- d = e*f,  X = -10 ----
  signs [1, 1, 1]   d=6160/6519   tuple=[1, 1, 0, 0, 0, 0, 0]   recip=0
  signs [1, 1, -1]   d=6160/6519   tuple=[1, 1, 0, 0, 0, 0, 0]   recip=0
  signs [1, -1, 1]   d=-6160/6519   tuple=[0, 1, 0, 0, 0, 0, 1]   recip=0
  signs [1, -1, -1]   d=-6160/6519   tuple=[0, 1, 0, 0, 0, 0, 1]   recip=0
  signs [-1, 1, 1]   d=-6160/6519   tuple=[0, 1, 0, 0, 0, 0, 1]   recip=0
  signs [-1, 1, -1]   d=-6160/6519   tuple=[0, 1, 0, 0, 0, 0, 1]   recip=0
  signs [-1, -1, 1]   d=6160/6519   tuple=[1, 1, 0, 0, 0, 0, 0]   recip=0
  signs [-1, -1, -1]   d=6160/6519   tuple=[1, 1, 0, 0, 0, 0, 0]   recip=0

---- d = e*f,  X = 15 ----
  signs [1, 1, 1]   d=6160/6519   tuple=[1, 0, 0, 0, 0, 0, 0]   recip=0
  signs [1, 1, -1]   d=6160/6519   tuple=[1, 0, 0, 0, 0, 0, 0]   recip=0
  signs [1, -1, 1]   d=-6160/6519   tuple=[0, 1, 0, 0, 0, 0, 0]   recip=0
  signs [1, -1, -1]   d=-6160/6519   tuple=[0, 1, 0, 0, 0, 0, 0]   recip=0
  signs [-1, 1, 1]   d=-6160/6519   tuple=[0, 1, 0, 0, 0, 0, 0]   recip=0
  signs [-1, 1, -1]   d=-6160/6519   tuple=[0, 1, 0, 0, 0, 0, 0]   recip=0
  signs [-1, -1, 1]   d=6160/6519   tuple=[1, 0, 0, 0, 0, 0, 0]   recip=0
  signs [-1, -1, -1]   d=6160/6519   tuple=[1, 0, 0, 0, 0, 0, 0]   recip=0

---- d = e*g,  X = -1 ----
  signs [1, 1, 1]   d=55249040/42497361   tuple=[0, 0, 0, 1, 1, 0, 0]   recip=0
  signs [1, 1, -1]   d=-55249040/42497361   tuple=[1, 0, 0, 1, 1, 0, 1]   recip=0
  signs [1, -1, 1]   d=55249040/42497361   tuple=[0, 0, 0, 1, 1, 0, 0]   recip=0
  signs [1, -1, -1]   d=-55249040/42497361   tuple=[1, 0, 0, 1, 1, 0, 1]   recip=0
  signs [-1, 1, 1]   d=-55249040/42497361   tuple=[1, 0, 0, 1, 1, 0, 1]   recip=0
  signs [-1, 1, -1]   d=55249040/42497361   tuple=[0, 0, 0, 1, 1, 0, 0]   recip=0
  signs [-1, -1, 1]   d=-55249040/42497361   tuple=[1, 0, 0, 1, 1, 0, 1]   recip=0
  signs [-1, -1, -1]   d=55249040/42497361   tuple=[0, 0, 0, 1, 1, 0, 0]   recip=0

---- d = e*g,  X = 2 ----
  signs [1, 1, 1]   d=55249040/42497361   tuple=[0, 0, 1, 0, 1, 0, 0]   recip=0
  signs [1, 1, -1]   d=-55249040/42497361   tuple=[0, 0, 1, 0, 1, 0, 0]   recip=0
  signs [1, -1, 1]   d=55249040/42497361   tuple=[0, 0, 1, 0, 1, 0, 0]   recip=0
  signs [1, -1, -1]   d=-55249040/42497361   tuple=[0, 0, 1, 0, 1, 0, 0]   recip=0
  signs [-1, 1, 1]   d=-55249040/42497361   tuple=[0, 0, 1, 0, 1, 0, 0]   recip=0
  signs [-1, 1, -1]   d=55249040/42497361   tuple=[0, 0, 1, 0, 1, 0, 0]   recip=0
  signs [-1, -1, 1]   d=-55249040/42497361   tuple=[0, 0, 1, 0, 1, 0, 0]   recip=0
  signs [-1, -1, -1]   d=55249040/42497361   tuple=[0, 0, 1, 0, 1, 0, 0]   recip=0

---- d = e*g,  X = -2 ----
  signs [1, 1, 1]   d=55249040/42497361   tuple=[0, 0, 1, 1, 0, 0, 0]   recip=0
  signs [1, 1, -1]   d=-55249040/42497361   tuple=[1, 0, 1, 1, 0, 0, 1]   recip=0
  signs [1, -1, 1]   d=55249040/42497361   tuple=[0, 0, 1, 1, 0, 0, 0]   recip=0
  signs [1, -1, -1]   d=-55249040/42497361   tuple=[1, 0, 1, 1, 0, 0, 1]   recip=0
  signs [-1, 1, 1]   d=-55249040/42497361   tuple=[1, 0, 1, 1, 0, 0, 1]   recip=0
  signs [-1, 1, -1]   d=55249040/42497361   tuple=[0, 0, 1, 1, 0, 0, 0]   recip=0
  signs [-1, -1, 1]   d=-55249040/42497361   tuple=[1, 0, 1, 1, 0, 0, 1]   recip=0
  signs [-1, -1, -1]   d=55249040/42497361   tuple=[0, 0, 1, 1, 0, 0, 0]   recip=0

---- d = e*g,  X = 3 ----
  signs [1, 1, 1]   d=55249040/42497361   tuple=[0, 1, 1, 1, 0, 0, 0]   recip=0
  signs [1, 1, -1]   d=-55249040/42497361   tuple=[1, 0, 1, 1, 0, 0, 0]   recip=0
  signs [1, -1, 1]   d=55249040/42497361   tuple=[0, 1, 1, 1, 0, 0, 0]   recip=0
  signs [1, -1, -1]   d=-55249040/42497361   tuple=[1, 0, 1, 1, 0, 0, 0]   recip=0
  signs [-1, 1, 1]   d=-55249040/42497361   tuple=[1, 0, 1, 1, 0, 0, 0]   recip=0
  signs [-1, 1, -1]   d=55249040/42497361   tuple=[0, 1, 1, 1, 0, 0, 0]   recip=0
  signs [-1, -1, 1]   d=-55249040/42497361   tuple=[1, 0, 1, 1, 0, 0, 0]   recip=0
  signs [-1, -1, -1]   d=55249040/42497361   tuple=[0, 1, 1, 1, 0, 0, 0]   recip=0

---- d = e*g,  X = -3 ----
  signs [1, 1, 1]   d=55249040/42497361   tuple=[0, 1, 1, 0, 1, 0, 0]   recip=0
  signs [1, 1, -1]   d=-55249040/42497361   tuple=[0, 0, 1, 0, 1, 0, 1]   recip=0
  signs [1, -1, 1]   d=55249040/42497361   tuple=[0, 1, 1, 0, 1, 0, 0]   recip=0
  signs [1, -1, -1]   d=-55249040/42497361   tuple=[0, 0, 1, 0, 1, 0, 1]   recip=0
  signs [-1, 1, 1]   d=-55249040/42497361   tuple=[0, 0, 1, 0, 1, 0, 1]   recip=0
  signs [-1, 1, -1]   d=55249040/42497361   tuple=[0, 1, 1, 0, 1, 0, 0]   recip=0
  signs [-1, -1, 1]   d=-55249040/42497361   tuple=[0, 0, 1, 0, 1, 0, 1]   recip=0
  signs [-1, -1, -1]   d=55249040/42497361   tuple=[0, 1, 1, 0, 1, 0, 0]   recip=0

---- d = e*g,  X = 5 ----
  signs [1, 1, 1]   d=55249040/42497361   tuple=[0, 0, 1, 1, 0, 0, 0]   recip=0
  signs [1, 1, -1]   d=-55249040/42497361   tuple=[0, 0, 1, 1, 0, 0, 0]   recip=0
  signs [1, -1, 1]   d=55249040/42497361   tuple=[0, 0, 1, 1, 0, 0, 0]   recip=0
  signs [1, -1, -1]   d=-55249040/42497361   tuple=[0, 0, 1, 1, 0, 0, 0]   recip=0
  signs [-1, 1, 1]   d=-55249040/42497361   tuple=[0, 0, 1, 1, 0, 0, 0]   recip=0
  signs [-1, 1, -1]   d=55249040/42497361   tuple=[0, 0, 1, 1, 0, 0, 0]   recip=0
  signs [-1, -1, 1]   d=-55249040/42497361   tuple=[0, 0, 1, 1, 0, 0, 0]   recip=0
  signs [-1, -1, -1]   d=55249040/42497361   tuple=[0, 0, 1, 1, 0, 0, 0]   recip=0

---- d = e*g,  X = -5 ----
  signs [1, 1, 1]   d=55249040/42497361   tuple=[0, 0, 1, 0, 1, 0, 0]   recip=0
  signs [1, 1, -1]   d=-55249040/42497361   tuple=[1, 0, 1, 0, 1, 0, 1]   recip=0
  signs [1, -1, 1]   d=55249040/42497361   tuple=[0, 0, 1, 0, 1, 0, 0]   recip=0
  signs [1, -1, -1]   d=-55249040/42497361   tuple=[1, 0, 1, 0, 1, 0, 1]   recip=0
  signs [-1, 1, 1]   d=-55249040/42497361   tuple=[1, 0, 1, 0, 1, 0, 1]   recip=0
  signs [-1, 1, -1]   d=55249040/42497361   tuple=[0, 0, 1, 0, 1, 0, 0]   recip=0
  signs [-1, -1, 1]   d=-55249040/42497361   tuple=[1, 0, 1, 0, 1, 0, 1]   recip=0
  signs [-1, -1, -1]   d=55249040/42497361   tuple=[0, 0, 1, 0, 1, 0, 0]   recip=0

---- d = e*g,  X = 6 ----
  signs [1, 1, 1]   d=55249040/42497361   tuple=[0, 1, 0, 1, 1, 0, 0]   recip=0
  signs [1, 1, -1]   d=-55249040/42497361   tuple=[1, 0, 0, 1, 1, 0, 0]   recip=0
  signs [1, -1, 1]   d=55249040/42497361   tuple=[0, 1, 0, 1, 1, 0, 0]   recip=0
  signs [1, -1, -1]   d=-55249040/42497361   tuple=[1, 0, 0, 1, 1, 0, 0]   recip=0
  signs [-1, 1, 1]   d=-55249040/42497361   tuple=[1, 0, 0, 1, 1, 0, 0]   recip=0
  signs [-1, 1, -1]   d=55249040/42497361   tuple=[0, 1, 0, 1, 1, 0, 0]   recip=0
  signs [-1, -1, 1]   d=-55249040/42497361   tuple=[1, 0, 0, 1, 1, 0, 0]   recip=0
  signs [-1, -1, -1]   d=55249040/42497361   tuple=[0, 1, 0, 1, 1, 0, 0]   recip=0

---- d = e*g,  X = -6 ----
  signs [1, 1, 1]   d=55249040/42497361   tuple=[0, 1, 0, 0, 0, 0, 0]   recip=0
  signs [1, 1, -1]   d=-55249040/42497361   tuple=[0, 0, 0, 0, 0, 0, 1]   recip=0
  signs [1, -1, 1]   d=55249040/42497361   tuple=[0, 1, 0, 0, 0, 0, 0]   recip=0
  signs [1, -1, -1]   d=-55249040/42497361   tuple=[0, 0, 0, 0, 0, 0, 1]   recip=0
  signs [-1, 1, 1]   d=-55249040/42497361   tuple=[0, 0, 0, 0, 0, 0, 1]   recip=0
  signs [-1, 1, -1]   d=55249040/42497361   tuple=[0, 1, 0, 0, 0, 0, 0]   recip=0
  signs [-1, -1, 1]   d=-55249040/42497361   tuple=[0, 0, 0, 0, 0, 0, 1]   recip=0
  signs [-1, -1, -1]   d=55249040/42497361   tuple=[0, 1, 0, 0, 0, 0, 0]   recip=0

---- d = e*g,  X = 7 ----
  signs [1, 1, 1]   d=55249040/42497361   tuple=[0, 0, 1, 0, 1, 0, 0]   recip=0
  signs [1, 1, -1]   d=-55249040/42497361   tuple=[1, 0, 1, 1, 1, 0, 0]   recip=0
  signs [1, -1, 1]   d=55249040/42497361   tuple=[0, 0, 1, 0, 1, 0, 0]   recip=0
  signs [1, -1, -1]   d=-55249040/42497361   tuple=[1, 0, 1, 1, 1, 0, 0]   recip=0
  signs [-1, 1, 1]   d=-55249040/42497361   tuple=[1, 0, 1, 1, 1, 0, 0]   recip=0
  signs [-1, 1, -1]   d=55249040/42497361   tuple=[0, 0, 1, 0, 1, 0, 0]   recip=0
  signs [-1, -1, 1]   d=-55249040/42497361   tuple=[1, 0, 1, 1, 1, 0, 0]   recip=0
  signs [-1, -1, -1]   d=55249040/42497361   tuple=[0, 0, 1, 0, 1, 0, 0]   recip=0

---- d = e*g,  X = -7 ----
  signs [1, 1, 1]   d=55249040/42497361   tuple=[0, 0, 1, 1, 0, 0, 0]   recip=0
  signs [1, 1, -1]   d=-55249040/42497361   tuple=[0, 0, 1, 0, 0, 0, 1]   recip=0
  signs [1, -1, 1]   d=55249040/42497361   tuple=[0, 0, 1, 1, 0, 0, 0]   recip=0
  signs [1, -1, -1]   d=-55249040/42497361   tuple=[0, 0, 1, 0, 0, 0, 1]   recip=0
  signs [-1, 1, 1]   d=-55249040/42497361   tuple=[0, 0, 1, 0, 0, 0, 1]   recip=0
  signs [-1, 1, -1]   d=55249040/42497361   tuple=[0, 0, 1, 1, 0, 0, 0]   recip=0
  signs [-1, -1, 1]   d=-55249040/42497361   tuple=[0, 0, 1, 0, 0, 0, 1]   recip=0
  signs [-1, -1, -1]   d=55249040/42497361   tuple=[0, 0, 1, 1, 0, 0, 0]   recip=0

---- d = e*g,  X = 10 ----
  signs [1, 1, 1]   d=55249040/42497361   tuple=[0, 0, 0, 1, 1, 0, 0]   recip=0
  signs [1, 1, -1]   d=-55249040/42497361   tuple=[0, 0, 0, 1, 1, 0, 0]   recip=0
  signs [1, -1, 1]   d=55249040/42497361   tuple=[0, 0, 0, 1, 1, 0, 0]   recip=0
  signs [1, -1, -1]   d=-55249040/42497361   tuple=[0, 0, 0, 1, 1, 0, 0]   recip=0
  signs [-1, 1, 1]   d=-55249040/42497361   tuple=[0, 0, 0, 1, 1, 0, 0]   recip=0
  signs [-1, 1, -1]   d=55249040/42497361   tuple=[0, 0, 0, 1, 1, 0, 0]   recip=0
  signs [-1, -1, 1]   d=-55249040/42497361   tuple=[0, 0, 0, 1, 1, 0, 0]   recip=0
  signs [-1, -1, -1]   d=55249040/42497361   tuple=[0, 0, 0, 1, 1, 0, 0]   recip=0

---- d = e*g,  X = -10 ----
  signs [1, 1, 1]   d=55249040/42497361   tuple=[0, 0, 0, 0, 0, 0, 0]   recip=0
  signs [1, 1, -1]   d=-55249040/42497361   tuple=[1, 0, 0, 0, 0, 0, 1]   recip=0
  signs [1, -1, 1]   d=55249040/42497361   tuple=[0, 0, 0, 0, 0, 0, 0]   recip=0
  signs [1, -1, -1]   d=-55249040/42497361   tuple=[1, 0, 0, 0, 0, 0, 1]   recip=0
  signs [-1, 1, 1]   d=-55249040/42497361   tuple=[1, 0, 0, 0, 0, 0, 1]   recip=0
  signs [-1, 1, -1]   d=55249040/42497361   tuple=[0, 0, 0, 0, 0, 0, 0]   recip=0
  signs [-1, -1, 1]   d=-55249040/42497361   tuple=[1, 0, 0, 0, 0, 0, 1]   recip=0
  signs [-1, -1, -1]   d=55249040/42497361   tuple=[0, 0, 0, 0, 0, 0, 0]   recip=0

---- d = e*g,  X = 15 ----
  signs [1, 1, 1]   d=55249040/42497361   tuple=[0, 1, 0, 0, 0, 0, 0]   recip=0
  signs [1, 1, -1]   d=-55249040/42497361   tuple=[1, 0, 0, 0, 0, 0, 0]   recip=0
  signs [1, -1, 1]   d=55249040/42497361   tuple=[0, 1, 0, 0, 0, 0, 0]   recip=0
  signs [1, -1, -1]   d=-55249040/42497361   tuple=[1, 0, 0, 0, 0, 0, 0]   recip=0
  signs [-1, 1, 1]   d=-55249040/42497361   tuple=[1, 0, 0, 0, 0, 0, 0]   recip=0
  signs [-1, 1, -1]   d=55249040/42497361   tuple=[0, 1, 0, 0, 0, 0, 0]   recip=0
  signs [-1, -1, 1]   d=-55249040/42497361   tuple=[1, 0, 0, 0, 0, 0, 0]   recip=0
  signs [-1, -1, -1]   d=55249040/42497361   tuple=[0, 1, 0, 0, 0, 0, 0]   recip=0

---- d = f*g,  X = -1 ----
  signs [1, 1, 1]   d=8969/6519   tuple=[1, 1, 0, 0, 0, 0, 0]   recip=0
  signs [1, 1, -1]   d=-8969/6519   tuple=[0, 1, 0, 0, 0, 0, 1]   recip=0
  signs [1, -1, 1]   d=-8969/6519   tuple=[0, 1, 0, 0, 0, 0, 1]   recip=0
  signs [1, -1, -1]   d=8969/6519   tuple=[1, 1, 0, 0, 0, 0, 0]   recip=0
  signs [-1, 1, 1]   d=8969/6519   tuple=[1, 1, 0, 0, 0, 0, 0]   recip=0
  signs [-1, 1, -1]   d=-8969/6519   tuple=[0, 1, 0, 0, 0, 0, 1]   recip=0
  signs [-1, -1, 1]   d=-8969/6519   tuple=[0, 1, 0, 0, 0, 0, 1]   recip=0
  signs [-1, -1, -1]   d=8969/6519   tuple=[1, 1, 0, 0, 0, 0, 0]   recip=0

---- d = f*g,  X = 2 ----
  signs [1, 1, 1]   d=8969/6519   tuple=[0, 1, 0, 0, 0, 0, 0]   recip=0
  signs [1, 1, -1]   d=-8969/6519   tuple=[0, 1, 0, 0, 0, 0, 0]   recip=0
  signs [1, -1, 1]   d=-8969/6519   tuple=[0, 1, 0, 0, 0, 0, 0]   recip=0
  signs [1, -1, -1]   d=8969/6519   tuple=[0, 1, 0, 0, 0, 0, 0]   recip=0
  signs [-1, 1, 1]   d=8969/6519   tuple=[0, 1, 0, 0, 0, 0, 0]   recip=0
  signs [-1, 1, -1]   d=-8969/6519   tuple=[0, 1, 0, 0, 0, 0, 0]   recip=0
  signs [-1, -1, 1]   d=-8969/6519   tuple=[0, 1, 0, 0, 0, 0, 0]   recip=0
  signs [-1, -1, -1]   d=8969/6519   tuple=[0, 1, 0, 0, 0, 0, 0]   recip=0

---- d = f*g,  X = -2 ----
  signs [1, 1, 1]   d=8969/6519   tuple=[1, 0, 0, 0, 0, 0, 0]   recip=0
  signs [1, 1, -1]   d=-8969/6519   tuple=[0, 0, 0, 0, 0, 0, 1]   recip=0
  signs [1, -1, 1]   d=-8969/6519   tuple=[0, 0, 0, 0, 0, 0, 1]   recip=0
  signs [1, -1, -1]   d=8969/6519   tuple=[1, 0, 0, 0, 0, 0, 0]   recip=0
  signs [-1, 1, 1]   d=8969/6519   tuple=[1, 0, 0, 0, 0, 0, 0]   recip=0
  signs [-1, 1, -1]   d=-8969/6519   tuple=[0, 0, 0, 0, 0, 0, 1]   recip=0
  signs [-1, -1, 1]   d=-8969/6519   tuple=[0, 0, 0, 0, 0, 0, 1]   recip=0
  signs [-1, -1, -1]   d=8969/6519   tuple=[1, 0, 0, 0, 0, 0, 0]   recip=0

---- d = f*g,  X = 3 ----
  signs [1, 1, 1]   d=8969/6519   tuple=[1, 0, 0, 0, 0, 0, 0]   recip=0
  signs [1, 1, -1]   d=-8969/6519   tuple=[0, 1, 0, 0, 0, 0, 0]   recip=0
  signs [1, -1, 1]   d=-8969/6519   tuple=[0, 1, 0, 0, 0, 0, 0]   recip=0
  signs [1, -1, -1]   d=8969/6519   tuple=[1, 0, 0, 0, 0, 0, 0]   recip=0
  signs [-1, 1, 1]   d=8969/6519   tuple=[1, 0, 0, 0, 0, 0, 0]   recip=0
  signs [-1, 1, -1]   d=-8969/6519   tuple=[0, 1, 0, 0, 0, 0, 0]   recip=0
  signs [-1, -1, 1]   d=-8969/6519   tuple=[0, 1, 0, 0, 0, 0, 0]   recip=0
  signs [-1, -1, -1]   d=8969/6519   tuple=[1, 0, 0, 0, 0, 0, 0]   recip=0

---- d = f*g,  X = -3 ----
  signs [1, 1, 1]   d=8969/6519   tuple=[0, 1, 0, 0, 0, 0, 0]   recip=0
  signs [1, 1, -1]   d=-8969/6519   tuple=[0, 0, 0, 0, 0, 0, 1]   recip=0
  signs [1, -1, 1]   d=-8969/6519   tuple=[0, 0, 0, 0, 0, 0, 1]   recip=0
  signs [1, -1, -1]   d=8969/6519   tuple=[0, 1, 0, 0, 0, 0, 0]   recip=0
  signs [-1, 1, 1]   d=8969/6519   tuple=[0, 1, 0, 0, 0, 0, 0]   recip=0
  signs [-1, 1, -1]   d=-8969/6519   tuple=[0, 0, 0, 0, 0, 0, 1]   recip=0
  signs [-1, -1, 1]   d=-8969/6519   tuple=[0, 0, 0, 0, 0, 0, 1]   recip=0
  signs [-1, -1, -1]   d=8969/6519   tuple=[0, 1, 0, 0, 0, 0, 0]   recip=0

---- d = f*g,  X = 5 ----
  signs [1, 1, 1]   d=8969/6519   tuple=[0, 1, 0, 0, 0, 0, 0]   recip=0
  signs [1, 1, -1]   d=-8969/6519   tuple=[0, 1, 0, 0, 0, 0, 0]   recip=0
  signs [1, -1, 1]   d=-8969/6519   tuple=[0, 1, 0, 0, 0, 0, 0]   recip=0
  signs [1, -1, -1]   d=8969/6519   tuple=[0, 1, 0, 0, 0, 0, 0]   recip=0
  signs [-1, 1, 1]   d=8969/6519   tuple=[0, 1, 0, 0, 0, 0, 0]   recip=0
  signs [-1, 1, -1]   d=-8969/6519   tuple=[0, 1, 0, 0, 0, 0, 0]   recip=0
  signs [-1, -1, 1]   d=-8969/6519   tuple=[0, 1, 0, 0, 0, 0, 0]   recip=0
  signs [-1, -1, -1]   d=8969/6519   tuple=[0, 1, 0, 0, 0, 0, 0]   recip=0

---- d = f*g,  X = -5 ----
  signs [1, 1, 1]   d=8969/6519   tuple=[1, 0, 0, 0, 0, 0, 0]   recip=0
  signs [1, 1, -1]   d=-8969/6519   tuple=[0, 0, 0, 0, 0, 0, 1]   recip=0
  signs [1, -1, 1]   d=-8969/6519   tuple=[0, 0, 0, 0, 0, 0, 1]   recip=0
  signs [1, -1, -1]   d=8969/6519   tuple=[1, 0, 0, 0, 0, 0, 0]   recip=0
  signs [-1, 1, 1]   d=8969/6519   tuple=[1, 0, 0, 0, 0, 0, 0]   recip=0
  signs [-1, 1, -1]   d=-8969/6519   tuple=[0, 0, 0, 0, 0, 0, 1]   recip=0
  signs [-1, -1, 1]   d=-8969/6519   tuple=[0, 0, 0, 0, 0, 0, 1]   recip=0
  signs [-1, -1, -1]   d=8969/6519   tuple=[1, 0, 0, 0, 0, 0, 0]   recip=0

---- d = f*g,  X = 6 ----
  signs [1, 1, 1]   d=8969/6519   tuple=[1, 1, 0, 0, 0, 0, 0]   recip=0
  signs [1, 1, -1]   d=-8969/6519   tuple=[0, 0, 0, 0, 0, 0, 0]   recip=0
  signs [1, -1, 1]   d=-8969/6519   tuple=[0, 0, 0, 0, 0, 0, 0]   recip=0
  signs [1, -1, -1]   d=8969/6519   tuple=[1, 1, 0, 0, 0, 0, 0]   recip=0
  signs [-1, 1, 1]   d=8969/6519   tuple=[1, 1, 0, 0, 0, 0, 0]   recip=0
  signs [-1, 1, -1]   d=-8969/6519   tuple=[0, 0, 0, 0, 0, 0, 0]   recip=0
  signs [-1, -1, 1]   d=-8969/6519   tuple=[0, 0, 0, 0, 0, 0, 0]   recip=0
  signs [-1, -1, -1]   d=8969/6519   tuple=[1, 1, 0, 0, 0, 0, 0]   recip=0

---- d = f*g,  X = -6 ----
  signs [1, 1, 1]   d=8969/6519   tuple=[0, 0, 0, 0, 0, 0, 0]   recip=0
  signs [1, 1, -1]   d=-8969/6519   tuple=[0, 1, 0, 0, 0, 0, 1]   recip=0
  signs [1, -1, 1]   d=-8969/6519   tuple=[0, 1, 0, 0, 0, 0, 1]   recip=0
  signs [1, -1, -1]   d=8969/6519   tuple=[0, 0, 0, 0, 0, 0, 0]   recip=0
  signs [-1, 1, 1]   d=8969/6519   tuple=[0, 0, 0, 0, 0, 0, 0]   recip=0
  signs [-1, 1, -1]   d=-8969/6519   tuple=[0, 1, 0, 0, 0, 0, 1]   recip=0
  signs [-1, -1, 1]   d=-8969/6519   tuple=[0, 1, 0, 0, 0, 0, 1]   recip=0
  signs [-1, -1, -1]   d=8969/6519   tuple=[0, 0, 0, 0, 0, 0, 0]   recip=0

---- d = f*g,  X = 7 ----
  signs [1, 1, 1]   d=8969/6519   tuple=[1, 0, 0, 0, 0, 0, 0]   recip=0
  signs [1, 1, -1]   d=-8969/6519   tuple=[0, 0, 0, 1, 0, 0, 0]   recip=0
  signs [1, -1, 1]   d=-8969/6519   tuple=[0, 0, 0, 1, 0, 0, 0]   recip=0
  signs [1, -1, -1]   d=8969/6519   tuple=[1, 0, 0, 0, 0, 0, 0]   recip=0
  signs [-1, 1, 1]   d=8969/6519   tuple=[1, 0, 0, 0, 0, 0, 0]   recip=0
  signs [-1, 1, -1]   d=-8969/6519   tuple=[0, 0, 0, 1, 0, 0, 0]   recip=0
  signs [-1, -1, 1]   d=-8969/6519   tuple=[0, 0, 0, 1, 0, 0, 0]   recip=0
  signs [-1, -1, -1]   d=8969/6519   tuple=[1, 0, 0, 0, 0, 0, 0]   recip=0

---- d = f*g,  X = -7 ----
  signs [1, 1, 1]   d=8969/6519   tuple=[0, 1, 0, 0, 0, 0, 0]   recip=0
  signs [1, 1, -1]   d=-8969/6519   tuple=[0, 1, 0, 1, 0, 0, 1]   recip=0
  signs [1, -1, 1]   d=-8969/6519   tuple=[0, 1, 0, 1, 0, 0, 1]   recip=0
  signs [1, -1, -1]   d=8969/6519   tuple=[0, 1, 0, 0, 0, 0, 0]   recip=0
  signs [-1, 1, 1]   d=8969/6519   tuple=[0, 1, 0, 0, 0, 0, 0]   recip=0
  signs [-1, 1, -1]   d=-8969/6519   tuple=[0, 1, 0, 1, 0, 0, 1]   recip=0
  signs [-1, -1, 1]   d=-8969/6519   tuple=[0, 1, 0, 1, 0, 0, 1]   recip=0
  signs [-1, -1, -1]   d=8969/6519   tuple=[0, 1, 0, 0, 0, 0, 0]   recip=0

---- d = f*g,  X = 10 ----
  signs [1, 1, 1]   d=8969/6519   tuple=[0, 0, 0, 0, 0, 0, 0]   recip=0
  signs [1, 1, -1]   d=-8969/6519   tuple=[0, 0, 0, 0, 0, 0, 0]   recip=0
  signs [1, -1, 1]   d=-8969/6519   tuple=[0, 0, 0, 0, 0, 0, 0]   recip=0
  signs [1, -1, -1]   d=8969/6519   tuple=[0, 0, 0, 0, 0, 0, 0]   recip=0
  signs [-1, 1, 1]   d=8969/6519   tuple=[0, 0, 0, 0, 0, 0, 0]   recip=0
  signs [-1, 1, -1]   d=-8969/6519   tuple=[0, 0, 0, 0, 0, 0, 0]   recip=0
  signs [-1, -1, 1]   d=-8969/6519   tuple=[0, 0, 0, 0, 0, 0, 0]   recip=0
  signs [-1, -1, -1]   d=8969/6519   tuple=[0, 0, 0, 0, 0, 0, 0]   recip=0

---- d = f*g,  X = -10 ----
  signs [1, 1, 1]   d=8969/6519   tuple=[1, 1, 0, 0, 0, 0, 0]   recip=0
  signs [1, 1, -1]   d=-8969/6519   tuple=[0, 1, 0, 0, 0, 0, 1]   recip=0
  signs [1, -1, 1]   d=-8969/6519   tuple=[0, 1, 0, 0, 0, 0, 1]   recip=0
  signs [1, -1, -1]   d=8969/6519   tuple=[1, 1, 0, 0, 0, 0, 0]   recip=0
  signs [-1, 1, 1]   d=8969/6519   tuple=[1, 1, 0, 0, 0, 0, 0]   recip=0
  signs [-1, 1, -1]   d=-8969/6519   tuple=[0, 1, 0, 0, 0, 0, 1]   recip=0
  signs [-1, -1, 1]   d=-8969/6519   tuple=[0, 1, 0, 0, 0, 0, 1]   recip=0
  signs [-1, -1, -1]   d=8969/6519   tuple=[1, 1, 0, 0, 0, 0, 0]   recip=0

---- d = f*g,  X = 15 ----
  signs [1, 1, 1]   d=8969/6519   tuple=[1, 1, 0, 0, 0, 0, 0]   recip=0
  signs [1, 1, -1]   d=-8969/6519   tuple=[0, 0, 0, 0, 0, 0, 0]   recip=0
  signs [1, -1, 1]   d=-8969/6519   tuple=[0, 0, 0, 0, 0, 0, 0]   recip=0
  signs [1, -1, -1]   d=8969/6519   tuple=[1, 1, 0, 0, 0, 0, 0]   recip=0
  signs [-1, 1, 1]   d=8969/6519   tuple=[1, 1, 0, 0, 0, 0, 0]   recip=0
  signs [-1, 1, -1]   d=-8969/6519   tuple=[0, 0, 0, 0, 0, 0, 0]   recip=0
  signs [-1, -1, 1]   d=-8969/6519   tuple=[0, 0, 0, 0, 0, 0, 0]   recip=0
  signs [-1, -1, -1]   d=8969/6519   tuple=[1, 1, 0, 0, 0, 0, 0]   recip=0

---- d = e*f*g,  X = -1 ----
  signs [1, 1, 1]   d=55249040/42497361   tuple=[0, 0, 0, 1, 1, 0, 0]   recip=0
  signs [1, 1, -1]   d=-55249040/42497361   tuple=[1, 0, 0, 1, 1, 0, 1]   recip=0
  signs [1, -1, 1]   d=-55249040/42497361   tuple=[1, 0, 0, 1, 1, 0, 1]   recip=0
  signs [1, -1, -1]   d=55249040/42497361   tuple=[0, 0, 0, 1, 1, 0, 0]   recip=0
  signs [-1, 1, 1]   d=-55249040/42497361   tuple=[1, 0, 0, 1, 1, 0, 1]   recip=0
  signs [-1, 1, -1]   d=55249040/42497361   tuple=[0, 0, 0, 1, 1, 0, 0]   recip=0
  signs [-1, -1, 1]   d=55249040/42497361   tuple=[0, 0, 0, 1, 1, 0, 0]   recip=0
  signs [-1, -1, -1]   d=-55249040/42497361   tuple=[1, 0, 0, 1, 1, 0, 1]   recip=0

---- d = e*f*g,  X = 2 ----
  signs [1, 1, 1]   d=55249040/42497361   tuple=[0, 0, 1, 0, 1, 0, 0]   recip=0
  signs [1, 1, -1]   d=-55249040/42497361   tuple=[0, 0, 1, 0, 1, 0, 0]   recip=0
  signs [1, -1, 1]   d=-55249040/42497361   tuple=[0, 0, 1, 0, 1, 0, 0]   recip=0
  signs [1, -1, -1]   d=55249040/42497361   tuple=[0, 0, 1, 0, 1, 0, 0]   recip=0
  signs [-1, 1, 1]   d=-55249040/42497361   tuple=[0, 0, 1, 0, 1, 0, 0]   recip=0
  signs [-1, 1, -1]   d=55249040/42497361   tuple=[0, 0, 1, 0, 1, 0, 0]   recip=0
  signs [-1, -1, 1]   d=55249040/42497361   tuple=[0, 0, 1, 0, 1, 0, 0]   recip=0
  signs [-1, -1, -1]   d=-55249040/42497361   tuple=[0, 0, 1, 0, 1, 0, 0]   recip=0

---- d = e*f*g,  X = -2 ----
  signs [1, 1, 1]   d=55249040/42497361   tuple=[0, 0, 1, 1, 0, 0, 0]   recip=0
  signs [1, 1, -1]   d=-55249040/42497361   tuple=[1, 0, 1, 1, 0, 0, 1]   recip=0
  signs [1, -1, 1]   d=-55249040/42497361   tuple=[1, 0, 1, 1, 0, 0, 1]   recip=0
  signs [1, -1, -1]   d=55249040/42497361   tuple=[0, 0, 1, 1, 0, 0, 0]   recip=0
  signs [-1, 1, 1]   d=-55249040/42497361   tuple=[1, 0, 1, 1, 0, 0, 1]   recip=0
  signs [-1, 1, -1]   d=55249040/42497361   tuple=[0, 0, 1, 1, 0, 0, 0]   recip=0
  signs [-1, -1, 1]   d=55249040/42497361   tuple=[0, 0, 1, 1, 0, 0, 0]   recip=0
  signs [-1, -1, -1]   d=-55249040/42497361   tuple=[1, 0, 1, 1, 0, 0, 1]   recip=0

---- d = e*f*g,  X = 3 ----
  signs [1, 1, 1]   d=55249040/42497361   tuple=[0, 1, 1, 1, 0, 0, 0]   recip=0
  signs [1, 1, -1]   d=-55249040/42497361   tuple=[1, 0, 1, 1, 0, 0, 0]   recip=0
  signs [1, -1, 1]   d=-55249040/42497361   tuple=[1, 0, 1, 1, 0, 0, 0]   recip=0
  signs [1, -1, -1]   d=55249040/42497361   tuple=[0, 1, 1, 1, 0, 0, 0]   recip=0
  signs [-1, 1, 1]   d=-55249040/42497361   tuple=[1, 0, 1, 1, 0, 0, 0]   recip=0
  signs [-1, 1, -1]   d=55249040/42497361   tuple=[0, 1, 1, 1, 0, 0, 0]   recip=0
  signs [-1, -1, 1]   d=55249040/42497361   tuple=[0, 1, 1, 1, 0, 0, 0]   recip=0
  signs [-1, -1, -1]   d=-55249040/42497361   tuple=[1, 0, 1, 1, 0, 0, 0]   recip=0

---- d = e*f*g,  X = -3 ----
  signs [1, 1, 1]   d=55249040/42497361   tuple=[0, 1, 1, 0, 1, 0, 0]   recip=0
  signs [1, 1, -1]   d=-55249040/42497361   tuple=[0, 0, 1, 0, 1, 0, 1]   recip=0
  signs [1, -1, 1]   d=-55249040/42497361   tuple=[0, 0, 1, 0, 1, 0, 1]   recip=0
  signs [1, -1, -1]   d=55249040/42497361   tuple=[0, 1, 1, 0, 1, 0, 0]   recip=0
  signs [-1, 1, 1]   d=-55249040/42497361   tuple=[0, 0, 1, 0, 1, 0, 1]   recip=0
  signs [-1, 1, -1]   d=55249040/42497361   tuple=[0, 1, 1, 0, 1, 0, 0]   recip=0
  signs [-1, -1, 1]   d=55249040/42497361   tuple=[0, 1, 1, 0, 1, 0, 0]   recip=0
  signs [-1, -1, -1]   d=-55249040/42497361   tuple=[0, 0, 1, 0, 1, 0, 1]   recip=0

---- d = e*f*g,  X = 5 ----
  signs [1, 1, 1]   d=55249040/42497361   tuple=[0, 0, 1, 1, 0, 0, 0]   recip=0
  signs [1, 1, -1]   d=-55249040/42497361   tuple=[0, 0, 1, 1, 0, 0, 0]   recip=0
  signs [1, -1, 1]   d=-55249040/42497361   tuple=[0, 0, 1, 1, 0, 0, 0]   recip=0
  signs [1, -1, -1]   d=55249040/42497361   tuple=[0, 0, 1, 1, 0, 0, 0]   recip=0
  signs [-1, 1, 1]   d=-55249040/42497361   tuple=[0, 0, 1, 1, 0, 0, 0]   recip=0
  signs [-1, 1, -1]   d=55249040/42497361   tuple=[0, 0, 1, 1, 0, 0, 0]   recip=0
  signs [-1, -1, 1]   d=55249040/42497361   tuple=[0, 0, 1, 1, 0, 0, 0]   recip=0
  signs [-1, -1, -1]   d=-55249040/42497361   tuple=[0, 0, 1, 1, 0, 0, 0]   recip=0

---- d = e*f*g,  X = -5 ----
  signs [1, 1, 1]   d=55249040/42497361   tuple=[0, 0, 1, 0, 1, 0, 0]   recip=0
  signs [1, 1, -1]   d=-55249040/42497361   tuple=[1, 0, 1, 0, 1, 0, 1]   recip=0
  signs [1, -1, 1]   d=-55249040/42497361   tuple=[1, 0, 1, 0, 1, 0, 1]   recip=0
  signs [1, -1, -1]   d=55249040/42497361   tuple=[0, 0, 1, 0, 1, 0, 0]   recip=0
  signs [-1, 1, 1]   d=-55249040/42497361   tuple=[1, 0, 1, 0, 1, 0, 1]   recip=0
  signs [-1, 1, -1]   d=55249040/42497361   tuple=[0, 0, 1, 0, 1, 0, 0]   recip=0
  signs [-1, -1, 1]   d=55249040/42497361   tuple=[0, 0, 1, 0, 1, 0, 0]   recip=0
  signs [-1, -1, -1]   d=-55249040/42497361   tuple=[1, 0, 1, 0, 1, 0, 1]   recip=0

---- d = e*f*g,  X = 6 ----
  signs [1, 1, 1]   d=55249040/42497361   tuple=[0, 1, 0, 1, 1, 0, 0]   recip=0
  signs [1, 1, -1]   d=-55249040/42497361   tuple=[1, 0, 0, 1, 1, 0, 0]   recip=0
  signs [1, -1, 1]   d=-55249040/42497361   tuple=[1, 0, 0, 1, 1, 0, 0]   recip=0
  signs [1, -1, -1]   d=55249040/42497361   tuple=[0, 1, 0, 1, 1, 0, 0]   recip=0
  signs [-1, 1, 1]   d=-55249040/42497361   tuple=[1, 0, 0, 1, 1, 0, 0]   recip=0
  signs [-1, 1, -1]   d=55249040/42497361   tuple=[0, 1, 0, 1, 1, 0, 0]   recip=0
  signs [-1, -1, 1]   d=55249040/42497361   tuple=[0, 1, 0, 1, 1, 0, 0]   recip=0
  signs [-1, -1, -1]   d=-55249040/42497361   tuple=[1, 0, 0, 1, 1, 0, 0]   recip=0

---- d = e*f*g,  X = -6 ----
  signs [1, 1, 1]   d=55249040/42497361   tuple=[0, 1, 0, 0, 0, 0, 0]   recip=0
  signs [1, 1, -1]   d=-55249040/42497361   tuple=[0, 0, 0, 0, 0, 0, 1]   recip=0
  signs [1, -1, 1]   d=-55249040/42497361   tuple=[0, 0, 0, 0, 0, 0, 1]   recip=0
  signs [1, -1, -1]   d=55249040/42497361   tuple=[0, 1, 0, 0, 0, 0, 0]   recip=0
  signs [-1, 1, 1]   d=-55249040/42497361   tuple=[0, 0, 0, 0, 0, 0, 1]   recip=0
  signs [-1, 1, -1]   d=55249040/42497361   tuple=[0, 1, 0, 0, 0, 0, 0]   recip=0
  signs [-1, -1, 1]   d=55249040/42497361   tuple=[0, 1, 0, 0, 0, 0, 0]   recip=0
  signs [-1, -1, -1]   d=-55249040/42497361   tuple=[0, 0, 0, 0, 0, 0, 1]   recip=0

---- d = e*f*g,  X = 7 ----
  signs [1, 1, 1]   d=55249040/42497361   tuple=[0, 0, 1, 0, 1, 0, 0]   recip=0
  signs [1, 1, -1]   d=-55249040/42497361   tuple=[1, 0, 1, 1, 1, 0, 0]   recip=0
  signs [1, -1, 1]   d=-55249040/42497361   tuple=[1, 0, 1, 1, 1, 0, 0]   recip=0
  signs [1, -1, -1]   d=55249040/42497361   tuple=[0, 0, 1, 0, 1, 0, 0]   recip=0
  signs [-1, 1, 1]   d=-55249040/42497361   tuple=[1, 0, 1, 1, 1, 0, 0]   recip=0
  signs [-1, 1, -1]   d=55249040/42497361   tuple=[0, 0, 1, 0, 1, 0, 0]   recip=0
  signs [-1, -1, 1]   d=55249040/42497361   tuple=[0, 0, 1, 0, 1, 0, 0]   recip=0
  signs [-1, -1, -1]   d=-55249040/42497361   tuple=[1, 0, 1, 1, 1, 0, 0]   recip=0

---- d = e*f*g,  X = -7 ----
  signs [1, 1, 1]   d=55249040/42497361   tuple=[0, 0, 1, 1, 0, 0, 0]   recip=0
  signs [1, 1, -1]   d=-55249040/42497361   tuple=[0, 0, 1, 0, 0, 0, 1]   recip=0
  signs [1, -1, 1]   d=-55249040/42497361   tuple=[0, 0, 1, 0, 0, 0, 1]   recip=0
  signs [1, -1, -1]   d=55249040/42497361   tuple=[0, 0, 1, 1, 0, 0, 0]   recip=0
  signs [-1, 1, 1]   d=-55249040/42497361   tuple=[0, 0, 1, 0, 0, 0, 1]   recip=0
  signs [-1, 1, -1]   d=55249040/42497361   tuple=[0, 0, 1, 1, 0, 0, 0]   recip=0
  signs [-1, -1, 1]   d=55249040/42497361   tuple=[0, 0, 1, 1, 0, 0, 0]   recip=0
  signs [-1, -1, -1]   d=-55249040/42497361   tuple=[0, 0, 1, 0, 0, 0, 1]   recip=0

---- d = e*f*g,  X = 10 ----
  signs [1, 1, 1]   d=55249040/42497361   tuple=[0, 0, 0, 1, 1, 0, 0]   recip=0
  signs [1, 1, -1]   d=-55249040/42497361   tuple=[0, 0, 0, 1, 1, 0, 0]   recip=0
  signs [1, -1, 1]   d=-55249040/42497361   tuple=[0, 0, 0, 1, 1, 0, 0]   recip=0
  signs [1, -1, -1]   d=55249040/42497361   tuple=[0, 0, 0, 1, 1, 0, 0]   recip=0
  signs [-1, 1, 1]   d=-55249040/42497361   tuple=[0, 0, 0, 1, 1, 0, 0]   recip=0
  signs [-1, 1, -1]   d=55249040/42497361   tuple=[0, 0, 0, 1, 1, 0, 0]   recip=0
  signs [-1, -1, 1]   d=55249040/42497361   tuple=[0, 0, 0, 1, 1, 0, 0]   recip=0
  signs [-1, -1, -1]   d=-55249040/42497361   tuple=[0, 0, 0, 1, 1, 0, 0]   recip=0

---- d = e*f*g,  X = -10 ----
  signs [1, 1, 1]   d=55249040/42497361   tuple=[0, 0, 0, 0, 0, 0, 0]   recip=0
  signs [1, 1, -1]   d=-55249040/42497361   tuple=[1, 0, 0, 0, 0, 0, 1]   recip=0
  signs [1, -1, 1]   d=-55249040/42497361   tuple=[1, 0, 0, 0, 0, 0, 1]   recip=0
  signs [1, -1, -1]   d=55249040/42497361   tuple=[0, 0, 0, 0, 0, 0, 0]   recip=0
  signs [-1, 1, 1]   d=-55249040/42497361   tuple=[1, 0, 0, 0, 0, 0, 1]   recip=0
  signs [-1, 1, -1]   d=55249040/42497361   tuple=[0, 0, 0, 0, 0, 0, 0]   recip=0
  signs [-1, -1, 1]   d=55249040/42497361   tuple=[0, 0, 0, 0, 0, 0, 0]   recip=0
  signs [-1, -1, -1]   d=-55249040/42497361   tuple=[1, 0, 0, 0, 0, 0, 1]   recip=0

---- d = e*f*g,  X = 15 ----
  signs [1, 1, 1]   d=55249040/42497361   tuple=[0, 1, 0, 0, 0, 0, 0]   recip=0
  signs [1, 1, -1]   d=-55249040/42497361   tuple=[1, 0, 0, 0, 0, 0, 0]   recip=0
  signs [1, -1, 1]   d=-55249040/42497361   tuple=[1, 0, 0, 0, 0, 0, 0]   recip=0
  signs [1, -1, -1]   d=55249040/42497361   tuple=[0, 1, 0, 0, 0, 0, 0]   recip=0
  signs [-1, 1, 1]   d=-55249040/42497361   tuple=[1, 0, 0, 0, 0, 0, 0]   recip=0
  signs [-1, 1, -1]   d=55249040/42497361   tuple=[0, 1, 0, 0, 0, 0, 0]   recip=0
  signs [-1, -1, 1]   d=55249040/42497361   tuple=[0, 1, 0, 0, 0, 0, 0]   recip=0
  signs [-1, -1, -1]   d=-55249040/42497361   tuple=[1, 0, 0, 0, 0, 0, 0]   recip=0

====================================================================
END OF DUMP
====================================================================
