[0;31m  ***   Warning: new stack size = 500000000 (476.837 Mbytes).[0m
Candidate prime panel size: 70

========================================================
=== HARDENED MW SIEVE for fiber (61,38) ===
========================================================
  factor ef torsion gens: [[-17784817/4, 17784817/8], [-3054984, 1527492]]
  factor fg torsion gens: [[-5310326, 0], [-3225190, 0]]
  factor Hp torsion gens: [[-8892408, 0], [-3707679, 0]]
Candidate primes : [11, 13, 17, 19, 23, 29, 31, 37, 41, 43, 47, 53, 59, 61, 67, 71, 73, 79, 83, 89, 97, 101, 103, 107, 109, 113, 127, 131, 137, 139, 149, 151, 157, 163, 167, 173, 179, 181, 191, 193, 197, 199, 211, 223, 227, 229, 233, 239, 241, 251, 257, 263, 269, 271, 277, 281, 283, 293, 307, 311, 313, 317, 331, 337, 347, 349, 353, 359, 367, 373]
Valid (good red.): [13, 17, 29, 37, 41, 43, 47, 53, 59, 67, 71, 73, 79, 83, 89, 97, 101, 103, 107, 109, 113, 127, 131, 137, 139, 149, 151, 157, 163, 167, 173, 179, 181, 191, 193, 197, 199, 211, 227, 229, 233, 239, 241, 251, 257, 263, 269, 271, 277, 281, 283, 293, 307, 311, 313, 317, 331, 347, 349, 353, 359, 367, 373]  (63 primes)
Using 50 primes: [13, 17, 29, 37, 41, 43, 47, 53, 59, 67, 71, 73, 79, 83, 89, 97, 101, 103, 107, 109, 113, 127, 131, 137, 139, 149, 151, 157, 163, 167, 173, 179, 181, 191, 193, 197, 199, 211, 227, 229, 233, 239, 241, 251, 257, 263, 269, 271, 277, 281]

--- p = 13 ---
  E_ef: #E(F_p)=16  orders=[2, 4, 2]  |H|=8  |H|/#E=0.5000000000000000000000000000  tors_inj=1
  E_fg: #E(F_p)=16  orders=[4, 2]  |H|=8  |H|/#E=0.5000000000000000000000000000  tors_inj=1
  E_Hp: #E(F_p)=16  orders=[8, 8, 2]  |H|=16  |H|/#E=1.000000000000000000000000000  tors_inj=1
  -> product over factors: |H_total|=1024  #J(F_p) ~ 4096  density=0.2500000000000000000000000000

--- p = 17 ---
  E_ef: #E(F_p)=24  orders=[6, 6, 6]  |H|=12  |H|/#E=0.5000000000000000000000000000  tors_inj=1
  E_fg: #E(F_p)=16  orders=[-1, 4]  |H|=8  |H|/#E=0.5000000000000000000000000000  tors_inj=1 [some gens reduce to infty]
  E_Hp: #E(F_p)=24  orders=[6, 6, 6]  |H|=12  |H|/#E=0.5000000000000000000000000000  tors_inj=1
  -> product over factors: |H_total|=1152  #J(F_p) ~ 9216  density=0.1250000000000000000000000000

--- p = 29 ---
  E_ef: #E(F_p)=32  orders=[8, 2, 4]  |H|=16  |H|/#E=0.5000000000000000000000000000  tors_inj=1
  E_fg: #E(F_p)=32  orders=[4, 4]  |H|=8  |H|/#E=0.2500000000000000000000000000  tors_inj=1
  E_Hp: #E(F_p)=32  orders=[8, 8, 8]  |H|=32  |H|/#E=1.000000000000000000000000000  tors_inj=1
  -> product over factors: |H_total|=4096  #J(F_p) ~ 32768  density=0.1250000000000000000000000000

--- p = 37 ---
  E_ef: #E(F_p)=40  orders=[10, 10, 10]  |H|=20  |H|/#E=0.5000000000000000000000000000  tors_inj=1
  E_fg: #E(F_p)=32  orders=[4, 4]  |H|=16  |H|/#E=0.5000000000000000000000000000  tors_inj=1
  E_Hp: #E(F_p)=40  orders=[20, 20, 2]  |H|=40  |H|/#E=1.000000000000000000000000000  tors_inj=1
  -> product over factors: |H_total|=12800  #J(F_p) ~ 51200  density=0.2500000000000000000000000000

--- p = 41 ---
  E_ef: #E(F_p)=48  orders=[4, 6, 2]  |H|=24  |H|/#E=0.5000000000000000000000000000  tors_inj=1
  E_fg: #E(F_p)=48  orders=[2, 6]  |H|=12  |H|/#E=0.2500000000000000000000000000  tors_inj=1
  E_Hp: #E(F_p)=48  orders=[6, 4, 12]  |H|=24  |H|/#E=0.5000000000000000000000000000  tors_inj=1
  -> product over factors: |H_total|=6912  #J(F_p) ~ 110592  density=0.06250000000000000000000000000

--- p = 43 ---
  E_ef: #E(F_p)=40  orders=[2, 10, 10]  |H|=20  |H|/#E=0.5000000000000000000000000000  tors_inj=1
  E_fg: #E(F_p)=48  orders=[12, 12]  |H|=24  |H|/#E=0.5000000000000000000000000000  tors_inj=1
  E_Hp: #E(F_p)=48  orders=[24, 8, 2]  |H|=48  |H|/#E=1.000000000000000000000000000  tors_inj=1
  -> product over factors: |H_total|=23040  #J(F_p) ~ 92160  density=0.2500000000000000000000000000

--- p = 47 ---
  E_ef: #E(F_p)=40  orders=[10, 10, 10]  |H|=20  |H|/#E=0.5000000000000000000000000000  tors_inj=1
  E_fg: #E(F_p)=48  orders=[4, 12]  |H|=24  |H|/#E=0.5000000000000000000000000000  tors_inj=1
  E_Hp: #E(F_p)=56  orders=[7, 14, 14]  |H|=28  |H|/#E=0.5000000000000000000000000000  tors_inj=1
  -> product over factors: |H_total|=13440  #J(F_p) ~ 107520  density=0.1250000000000000000000000000

--- p = 53 ---
  E_ef: #E(F_p)=48  orders=[6, 12, 4]  |H|=24  |H|/#E=0.5000000000000000000000000000  tors_inj=1
  E_fg: #E(F_p)=64  orders=[16, 16]  |H|=32  |H|/#E=0.5000000000000000000000000000  tors_inj=1
  E_Hp: #E(F_p)=48  orders=[12, 4, 12]  |H|=48  |H|/#E=1.000000000000000000000000000  tors_inj=1
  -> product over factors: |H_total|=36864  #J(F_p) ~ 147456  density=0.2500000000000000000000000000

--- p = 59 ---
  E_ef: #E(F_p)=48  orders=[4, 12, 12]  |H|=24  |H|/#E=0.5000000000000000000000000000  tors_inj=1
  E_fg: #E(F_p)=48  orders=[3, 3]  |H|=12  |H|/#E=0.2500000000000000000000000000  tors_inj=1
  E_Hp: #E(F_p)=72  orders=[36, 36, 18]  |H|=72  |H|/#E=1.000000000000000000000000000  tors_inj=1
  -> product over factors: |H_total|=20736  #J(F_p) ~ 165888  density=0.1250000000000000000000000000

--- p = 67 ---
  E_ef: #E(F_p)=64  orders=[16, 8, 16]  |H|=32  |H|/#E=0.5000000000000000000000000000  tors_inj=1
  E_fg: #E(F_p)=56  orders=[14, 14]  |H|=28  |H|/#E=0.5000000000000000000000000000  tors_inj=1
  E_Hp: #E(F_p)=72  orders=[12, 12, 6]  |H|=72  |H|/#E=1.000000000000000000000000000  tors_inj=1
  -> product over factors: |H_total|=64512  #J(F_p) ~ 258048  density=0.2500000000000000000000000000

--- p = 71 ---
  E_ef: #E(F_p)=72  orders=[18, 18, 18]  |H|=36  |H|/#E=0.5000000000000000000000000000  tors_inj=1
  E_fg: #E(F_p)=72  orders=[18, 2]  |H|=36  |H|/#E=0.5000000000000000000000000000  tors_inj=1
  E_Hp: #E(F_p)=72  orders=[9, 9, 18]  |H|=36  |H|/#E=0.5000000000000000000000000000  tors_inj=1
  -> product over factors: |H_total|=46656  #J(F_p) ~ 373248  density=0.1250000000000000000000000000

--- p = 73 ---
  E_ef: #E(F_p)=72  orders=[6, 6, 18]  |H|=36  |H|/#E=0.5000000000000000000000000000  tors_inj=1
  E_fg: #E(F_p)=64  orders=[16, 16]  |H|=32  |H|/#E=0.5000000000000000000000000000  tors_inj=1
  E_Hp: #E(F_p)=72  orders=[9, -1, 9]  |H|=36  |H|/#E=0.5000000000000000000000000000  tors_inj=1 [some gens reduce to infty]
  -> product over factors: |H_total|=41472  #J(F_p) ~ 331776  density=0.1250000000000000000000000000

--- p = 79 ---
  E_ef: #E(F_p)=96  orders=[24, 24, 24]  |H|=48  |H|/#E=0.5000000000000000000000000000  tors_inj=1
  E_fg: #E(F_p)=88  orders=[22, 22]  |H|=44  |H|/#E=0.5000000000000000000000000000  tors_inj=1
  E_Hp: #E(F_p)=64  orders=[16, 4, 16]  |H|=32  |H|/#E=0.5000000000000000000000000000  tors_inj=1
  -> product over factors: |H_total|=67584  #J(F_p) ~ 540672  density=0.1250000000000000000000000000

--- p = 83 ---
  E_ef: #E(F_p)=80  orders=[10, 10, 10]  |H|=20  |H|/#E=0.2500000000000000000000000000  tors_inj=1
  E_fg: #E(F_p)=96  orders=[12, 12]  |H|=24  |H|/#E=0.2500000000000000000000000000  tors_inj=1
  E_Hp: #E(F_p)=88  orders=[44, 44, 11]  |H|=88  |H|/#E=1.000000000000000000000000000  tors_inj=1
  -> product over factors: |H_total|=42240  #J(F_p) ~ 675840  density=0.06250000000000000000000000000

--- p = 89 ---
  E_ef: #E(F_p)=104  orders=[13, 26, 26]  |H|=52  |H|/#E=0.5000000000000000000000000000  tors_inj=1
  E_fg: #E(F_p)=80  orders=[20, 20]  |H|=40  |H|/#E=0.5000000000000000000000000000  tors_inj=1
  E_Hp: #E(F_p)=104  orders=[13, 26, 26]  |H|=52  |H|/#E=0.5000000000000000000000000000  tors_inj=1
  -> product over factors: |H_total|=108160  #J(F_p) ~ 865280  density=0.1250000000000000000000000000

--- p = 97 ---
  E_ef: #E(F_p)=112  orders=[28, 7, 28]  |H|=56  |H|/#E=0.5000000000000000000000000000  tors_inj=1
  E_fg: #E(F_p)=112  orders=[28, 28]  |H|=56  |H|/#E=0.5000000000000000000000000000  tors_inj=1
  E_Hp: #E(F_p)=112  orders=[28, 2, 14]  |H|=56  |H|/#E=0.5000000000000000000000000000  tors_inj=1
  -> product over factors: |H_total|=175616  #J(F_p) ~ 1404928  density=0.1250000000000000000000000000

--- p = 101 ---
  E_ef: #E(F_p)=96  orders=[12, 8, 24]  |H|=48  |H|/#E=0.5000000000000000000000000000  tors_inj=1
  E_fg: #E(F_p)=112  orders=[28, 28]  |H|=56  |H|/#E=0.5000000000000000000000000000  tors_inj=1
  E_Hp: #E(F_p)=96  orders=[24, 8, 12]  |H|=96  |H|/#E=1.000000000000000000000000000  tors_inj=1
  -> product over factors: |H_total|=258048  #J(F_p) ~ 1032192  density=0.2500000000000000000000000000

--- p = 103 ---
  E_ef: #E(F_p)=112  orders=[14, 28, 14]  |H|=56  |H|/#E=0.5000000000000000000000000000  tors_inj=1
  E_fg: #E(F_p)=96  orders=[8, 8]  |H|=16  |H|/#E=0.1666666666666666666666666667  tors_inj=1
  E_Hp: #E(F_p)=96  orders=[12, 8, 24]  |H|=48  |H|/#E=0.5000000000000000000000000000  tors_inj=1
  -> product over factors: |H_total|=43008  #J(F_p) ~ 1032192  density=0.04166666666666666666666666667

--- p = 107 ---
  E_ef: #E(F_p)=120  orders=[15, 15, 15]  |H|=60  |H|/#E=0.5000000000000000000000000000  tors_inj=1
  E_fg: #E(F_p)=120  orders=[30, 6]  |H|=60  |H|/#E=0.5000000000000000000000000000  tors_inj=1
  E_Hp: #E(F_p)=96  orders=[48, 48, 4]  |H|=96  |H|/#E=1.000000000000000000000000000  tors_inj=1
  -> product over factors: |H_total|=345600  #J(F_p) ~ 1382400  density=0.2500000000000000000000000000

--- p = 109 ---
  E_ef: #E(F_p)=104  orders=[13, 13, 26]  |H|=52  |H|/#E=0.5000000000000000000000000000  tors_inj=1
  E_fg: #E(F_p)=96  orders=[8, 8]  |H|=16  |H|/#E=0.1666666666666666666666666667  tors_inj=1
  E_Hp: #E(F_p)=104  orders=[52, 52, -1]  |H|=104  |H|/#E=1.000000000000000000000000000  tors_inj=1 [some gens reduce to infty]
  -> product over factors: |H_total|=86528  #J(F_p) ~ 1038336  density=0.08333333333333333333333333333

--- p = 113 ---
  E_ef: #E(F_p)=128  orders=[16, 32, 32]  |H|=64  |H|/#E=0.5000000000000000000000000000  tors_inj=1
  E_fg: #E(F_p)=112  orders=[14, 14]  |H|=28  |H|/#E=0.2500000000000000000000000000  tors_inj=1
  E_Hp: #E(F_p)=128  orders=[32, 16, 16]  |H|=64  |H|/#E=0.5000000000000000000000000000  tors_inj=1
  -> product over factors: |H_total|=114688  #J(F_p) ~ 1835008  density=0.06250000000000000000000000000

--- p = 127 ---
  E_ef: #E(F_p)=128  orders=[16, 32, 16]  |H|=64  |H|/#E=0.5000000000000000000000000000  tors_inj=1
  E_fg: #E(F_p)=120  orders=[10, 10]  |H|=20  |H|/#E=0.1666666666666666666666666667  tors_inj=1
  E_Hp: #E(F_p)=128  orders=[16, 8, 16]  |H|=32  |H|/#E=0.2500000000000000000000000000  tors_inj=1
  -> product over factors: |H_total|=40960  #J(F_p) ~ 1966080  density=0.02083333333333333333333333333

--- p = 131 ---
  E_ef: #E(F_p)=120  orders=[6, 6, 30]  |H|=60  |H|/#E=0.5000000000000000000000000000  tors_inj=1
  E_fg: #E(F_p)=128  orders=[32, 32]  |H|=64  |H|/#E=0.5000000000000000000000000000  tors_inj=1
  E_Hp: #E(F_p)=144  orders=[72, 24, 6]  |H|=144  |H|/#E=1.000000000000000000000000000  tors_inj=1
  -> product over factors: |H_total|=552960  #J(F_p) ~ 2211840  density=0.2500000000000000000000000000

--- p = 137 ---
  E_ef: #E(F_p)=144  orders=[18, 6, 6]  |H|=36  |H|/#E=0.2500000000000000000000000000  tors_inj=1
  E_fg: #E(F_p)=144  orders=[18, 2]  |H|=36  |H|/#E=0.2500000000000000000000000000  tors_inj=1
  E_Hp: #E(F_p)=144  orders=[18, 36, 36]  |H|=72  |H|/#E=0.5000000000000000000000000000  tors_inj=1
  -> product over factors: |H_total|=93312  #J(F_p) ~ 2985984  density=0.03125000000000000000000000000

--- p = 139 ---
  E_ef: #E(F_p)=136  orders=[17, 34, 34]  |H|=68  |H|/#E=0.5000000000000000000000000000  tors_inj=1
  E_fg: #E(F_p)=128  orders=[16, 8]  |H|=32  |H|/#E=0.2500000000000000000000000000  tors_inj=1
  E_Hp: #E(F_p)=144  orders=[24, 24, 12]  |H|=144  |H|/#E=1.000000000000000000000000000  tors_inj=1
  -> product over factors: |H_total|=313344  #J(F_p) ~ 2506752  density=0.1250000000000000000000000000

--- p = 149 ---
  E_ef: #E(F_p)=144  orders=[9, 3, 36]  |H|=72  |H|/#E=0.5000000000000000000000000000  tors_inj=1
  E_fg: #E(F_p)=144  orders=[36, 36]  |H|=72  |H|/#E=0.5000000000000000000000000000  tors_inj=1
  E_Hp: #E(F_p)=144  orders=[72, 72, 36]  |H|=144  |H|/#E=1.000000000000000000000000000  tors_inj=1
  -> product over factors: |H_total|=746496  #J(F_p) ~ 2985984  density=0.2500000000000000000000000000

--- p = 151 ---
  E_ef: #E(F_p)=152  orders=[38, 38, 38]  |H|=76  |H|/#E=0.5000000000000000000000000000  tors_inj=1
  E_fg: #E(F_p)=160  orders=[8, 40]  |H|=80  |H|/#E=0.5000000000000000000000000000  tors_inj=1
  E_Hp: #E(F_p)=152  orders=[38, 38, 38]  |H|=76  |H|/#E=0.5000000000000000000000000000  tors_inj=1
  -> product over factors: |H_total|=462080  #J(F_p) ~ 3696640  density=0.1250000000000000000000000000

--- p = 157 ---
  E_ef: #E(F_p)=144  orders=[18, 36, 9]  |H|=72  |H|/#E=0.5000000000000000000000000000  tors_inj=1
  E_fg: #E(F_p)=144  orders=[18, 36]  |H|=72  |H|/#E=0.5000000000000000000000000000  tors_inj=1
  E_Hp: #E(F_p)=144  orders=[72, 72, 36]  |H|=144  |H|/#E=1.000000000000000000000000000  tors_inj=1
  -> product over factors: |H_total|=746496  #J(F_p) ~ 2985984  density=0.2500000000000000000000000000

--- p = 163 ---
  E_ef: #E(F_p)=168  orders=[14, 42, 42]  |H|=84  |H|/#E=0.5000000000000000000000000000  tors_inj=1
  E_fg: #E(F_p)=160  orders=[20, 20]  |H|=40  |H|/#E=0.2500000000000000000000000000  tors_inj=1
  E_Hp: #E(F_p)=160  orders=[80, 80, 8]  |H|=160  |H|/#E=1.000000000000000000000000000  tors_inj=1
  -> product over factors: |H_total|=537600  #J(F_p) ~ 4300800  density=0.1250000000000000000000000000

--- p = 167 ---
  E_ef: #E(F_p)=176  orders=[11, 2, 22]  |H|=44  |H|/#E=0.2500000000000000000000000000  tors_inj=1
  E_fg: #E(F_p)=152  orders=[38, 38]  |H|=76  |H|/#E=0.5000000000000000000000000000  tors_inj=1
  E_Hp: #E(F_p)=160  orders=[40, 20, 40]  |H|=80  |H|/#E=0.5000000000000000000000000000  tors_inj=1
  -> product over factors: |H_total|=267520  #J(F_p) ~ 4280320  density=0.06250000000000000000000000000

--- p = 173 ---
  E_ef: #E(F_p)=192  orders=[12, 48, 48]  |H|=96  |H|/#E=0.5000000000000000000000000000  tors_inj=1
  E_fg: #E(F_p)=160  orders=[8, 40]  |H|=80  |H|/#E=0.5000000000000000000000000000  tors_inj=1
  E_Hp: #E(F_p)=192  orders=[48, 16, 48]  |H|=192  |H|/#E=1.000000000000000000000000000  tors_inj=1
  -> product over factors: |H_total|=1474560  #J(F_p) ~ 5898240  density=0.2500000000000000000000000000

--- p = 179 ---
  E_ef: #E(F_p)=168  orders=[42, 42, 14]  |H|=84  |H|/#E=0.5000000000000000000000000000  tors_inj=1
  E_fg: #E(F_p)=184  orders=[46, 46]  |H|=92  |H|/#E=0.5000000000000000000000000000  tors_inj=1
  E_Hp: #E(F_p)=192  orders=[96, 96, 48]  |H|=192  |H|/#E=1.000000000000000000000000000  tors_inj=1
  -> product over factors: |H_total|=1483776  #J(F_p) ~ 5935104  density=0.2500000000000000000000000000

--- p = 181 ---
  E_ef: #E(F_p)=192  orders=[24, 16, 24]  |H|=96  |H|/#E=0.5000000000000000000000000000  tors_inj=1
  E_fg: #E(F_p)=192  orders=[4, 8]  |H|=16  |H|/#E=0.08333333333333333333333333333  tors_inj=1
  E_Hp: #E(F_p)=192  orders=[48, 24, 12]  |H|=192  |H|/#E=1.000000000000000000000000000  tors_inj=1
  -> product over factors: |H_total|=294912  #J(F_p) ~ 7077888  density=0.04166666666666666666666666667

--- p = 191 ---
  E_ef: #E(F_p)=192  orders=[8, 16, 48]  |H|=96  |H|/#E=0.5000000000000000000000000000  tors_inj=1
  E_fg: #E(F_p)=192  orders=[16, 48]  |H|=96  |H|/#E=0.5000000000000000000000000000  tors_inj=1
  E_Hp: #E(F_p)=192  orders=[8, 48, 48]  |H|=96  |H|/#E=0.5000000000000000000000000000  tors_inj=1
  -> product over factors: |H_total|=884736  #J(F_p) ~ 7077888  density=0.1250000000000000000000000000

--- p = 193 ---
  E_ef: #E(F_p)=200  orders=[10, 50, 25]  |H|=100  |H|/#E=0.5000000000000000000000000000  tors_inj=1
  E_fg: #E(F_p)=192  orders=[24, 6]  |H|=48  |H|/#E=0.2500000000000000000000000000  tors_inj=1
  E_Hp: #E(F_p)=200  orders=[25, 25, 25]  |H|=100  |H|/#E=0.5000000000000000000000000000  tors_inj=1
  -> product over factors: |H_total|=480000  #J(F_p) ~ 7680000  density=0.06250000000000000000000000000

--- p = 197 ---
  E_ef: #E(F_p)=208  orders=[52, 26, 26]  |H|=104  |H|/#E=0.5000000000000000000000000000  tors_inj=1
  E_fg: #E(F_p)=224  orders=[14, 28]  |H|=56  |H|/#E=0.2500000000000000000000000000  tors_inj=1
  E_Hp: #E(F_p)=208  orders=[52, 4, 52]  |H|=208  |H|/#E=1.000000000000000000000000000  tors_inj=1
  -> product over factors: |H_total|=1211392  #J(F_p) ~ 9691136  density=0.1250000000000000000000000000

--- p = 199 ---
  E_ef: #E(F_p)=224  orders=[14, 14, 14]  |H|=28  |H|/#E=0.1250000000000000000000000000  tors_inj=1
  E_fg: #E(F_p)=216  orders=[2, 18]  |H|=36  |H|/#E=0.1666666666666666666666666667  tors_inj=1
  E_Hp: #E(F_p)=176  orders=[44, 22, 11]  |H|=88  |H|/#E=0.5000000000000000000000000000  tors_inj=1
  -> product over factors: |H_total|=88704  #J(F_p) ~ 8515584  density=0.01041666666666666666666666667

--- p = 211 ---
  E_ef: #E(F_p)=216  orders=[54, 27, 54]  |H|=108  |H|/#E=0.5000000000000000000000000000  tors_inj=1
  E_fg: #E(F_p)=216  orders=[6, 18]  |H|=108  |H|/#E=0.5000000000000000000000000000  tors_inj=1
  E_Hp: #E(F_p)=208  orders=[104, 104, 52]  |H|=208  |H|/#E=1.000000000000000000000000000  tors_inj=1
  -> product over factors: |H_total|=2426112  #J(F_p) ~ 9704448  density=0.2500000000000000000000000000

--- p = 227 ---
  E_ef: #E(F_p)=232  orders=[29, 29, 29]  |H|=116  |H|/#E=0.5000000000000000000000000000  tors_inj=1
  E_fg: #E(F_p)=216  orders=[54, 54]  |H|=108  |H|/#E=0.5000000000000000000000000000  tors_inj=1
  E_Hp: #E(F_p)=224  orders=[112, 112, 56]  |H|=224  |H|/#E=1.000000000000000000000000000  tors_inj=1
  -> product over factors: |H_total|=2806272  #J(F_p) ~ 11225088  density=0.2500000000000000000000000000

--- p = 229 ---
  E_ef: #E(F_p)=248  orders=[31, 62, 62]  |H|=124  |H|/#E=0.5000000000000000000000000000  tors_inj=1
  E_fg: #E(F_p)=224  orders=[4, 28]  |H|=112  |H|/#E=0.5000000000000000000000000000  tors_inj=1
  E_Hp: #E(F_p)=248  orders=[124, 124, 62]  |H|=248  |H|/#E=1.000000000000000000000000000  tors_inj=1
  -> product over factors: |H_total|=3444224  #J(F_p) ~ 13776896  density=0.2500000000000000000000000000

--- p = 233 ---
  E_ef: #E(F_p)=240  orders=[5, 20, 12]  |H|=120  |H|/#E=0.5000000000000000000000000000  tors_inj=1
  E_fg: #E(F_p)=208  orders=[13, 26]  |H|=52  |H|/#E=0.2500000000000000000000000000  tors_inj=1
  E_Hp: #E(F_p)=240  orders=[30, 5, 12]  |H|=120  |H|/#E=0.5000000000000000000000000000  tors_inj=1
  -> product over factors: |H_total|=748800  #J(F_p) ~ 11980800  density=0.06250000000000000000000000000

--- p = 239 ---
  E_ef: #E(F_p)=256  orders=[64, 64, 64]  |H|=128  |H|/#E=0.5000000000000000000000000000  tors_inj=1
  E_fg: #E(F_p)=248  orders=[31, 62]  |H|=124  |H|/#E=0.5000000000000000000000000000  tors_inj=1
  E_Hp: #E(F_p)=224  orders=[56, 14, 28]  |H|=112  |H|/#E=0.5000000000000000000000000000  tors_inj=1
  -> product over factors: |H_total|=1777664  #J(F_p) ~ 14221312  density=0.1250000000000000000000000000

--- p = 241 ---
  E_ef: #E(F_p)=256  orders=[64, 64, 64]  |H|=128  |H|/#E=0.5000000000000000000000000000  tors_inj=1
  E_fg: #E(F_p)=240  orders=[30, 30]  |H|=60  |H|/#E=0.2500000000000000000000000000  tors_inj=1
  E_Hp: #E(F_p)=256  orders=[64, 32, 16]  |H|=128  |H|/#E=0.5000000000000000000000000000  tors_inj=1
  -> product over factors: |H_total|=983040  #J(F_p) ~ 15728640  density=0.06250000000000000000000000000

--- p = 251 ---
  E_ef: #E(F_p)=224  orders=[56, 28, 7]  |H|=112  |H|/#E=0.5000000000000000000000000000  tors_inj=1
  E_fg: #E(F_p)=256  orders=[32, 32]  |H|=64  |H|/#E=0.2500000000000000000000000000  tors_inj=1
  E_Hp: #E(F_p)=280  orders=[140, 140, 70]  |H|=280  |H|/#E=1.000000000000000000000000000  tors_inj=1
  -> product over factors: |H_total|=2007040  #J(F_p) ~ 16056320  density=0.1250000000000000000000000000

--- p = 257 ---
  E_ef: #E(F_p)=272  orders=[17, 17, 68]  |H|=136  |H|/#E=0.5000000000000000000000000000  tors_inj=1
  E_fg: #E(F_p)=256  orders=[16, 32]  |H|=128  |H|/#E=0.5000000000000000000000000000  tors_inj=1
  E_Hp: #E(F_p)=272  orders=[34, 68, 68]  |H|=136  |H|/#E=0.5000000000000000000000000000  tors_inj=1
  -> product over factors: |H_total|=2367488  #J(F_p) ~ 18939904  density=0.1250000000000000000000000000

--- p = 263 ---
  E_ef: #E(F_p)=256  orders=[32, 32, 64]  |H|=128  |H|/#E=0.5000000000000000000000000000  tors_inj=1
  E_fg: #E(F_p)=264  orders=[2, 22]  |H|=44  |H|/#E=0.1666666666666666666666666667  tors_inj=1
  E_Hp: #E(F_p)=272  orders=[68, 68, 34]  |H|=136  |H|/#E=0.5000000000000000000000000000  tors_inj=1
  -> product over factors: |H_total|=765952  #J(F_p) ~ 18382848  density=0.04166666666666666666666666667

--- p = 269 ---
  E_ef: #E(F_p)=272  orders=[17, 17, 68]  |H|=136  |H|/#E=0.5000000000000000000000000000  tors_inj=1
  E_fg: #E(F_p)=256  orders=[64, 16]  |H|=128  |H|/#E=0.5000000000000000000000000000  tors_inj=1
  E_Hp: #E(F_p)=272  orders=[68, 68, 34]  |H|=136  |H|/#E=0.5000000000000000000000000000  tors_inj=1
  -> product over factors: |H_total|=2367488  #J(F_p) ~ 18939904  density=0.1250000000000000000000000000

--- p = 271 ---
  E_ef: #E(F_p)=264  orders=[3, 66, 66]  |H|=132  |H|/#E=0.5000000000000000000000000000  tors_inj=1
  E_fg: #E(F_p)=256  orders=[2, 16]  |H|=32  |H|/#E=0.1250000000000000000000000000  tors_inj=1
  E_Hp: #E(F_p)=280  orders=[70, 5, 35]  |H|=140  |H|/#E=0.5000000000000000000000000000  tors_inj=1
  -> product over factors: |H_total|=591360  #J(F_p) ~ 18923520  density=0.03125000000000000000000000000

--- p = 277 ---
  E_ef: #E(F_p)=304  orders=[76, 38, 76]  |H|=152  |H|/#E=0.5000000000000000000000000000  tors_inj=1
  E_fg: #E(F_p)=256  orders=[32, 32]  |H|=128  |H|/#E=0.5000000000000000000000000000  tors_inj=1
  E_Hp: #E(F_p)=304  orders=[152, 152, 76]  |H|=304  |H|/#E=1.000000000000000000000000000  tors_inj=1
  -> product over factors: |H_total|=5914624  #J(F_p) ~ 23658496  density=0.2500000000000000000000000000

--- p = 281 ---
  E_ef: #E(F_p)=256  orders=[32, 32, 8]  |H|=128  |H|/#E=0.5000000000000000000000000000  tors_inj=1
  E_fg: #E(F_p)=288  orders=[6, 72]  |H|=144  |H|/#E=0.5000000000000000000000000000  tors_inj=1
  E_Hp: #E(F_p)=256  orders=[32, 4, 32]  |H|=64  |H|/#E=0.2500000000000000000000000000  tors_inj=1
  -> product over factors: |H_total|=1179648  #J(F_p) ~ 18874368  density=0.06250000000000000000000000000

=== Fiber (61,38) SUMMARY ===
Primes used               : 50
Sum log10(density_p)      : -47.41516688658719151540352384
Total subgroup-bound prod : 20536413422614603575317793662884895598752466074527159863246130944202110887059682508361340515571363211005853346375152086577563951079389796886678533299667963903537114278646437871141180879967951746357220559965975761029312880802951243857326505984000000000000000000000000
log10(total bound)        : 265.3125245986198027311884202
log10(prod #E_p)          : (informational)
log10(prod #J(F_p))       : 312.7276914852069942465919441
Sieve exclusion (log10)   : 47.41516688658719151540352384

========================================================
=== HARDENED MW SIEVE for fiber (63,38) ===
========================================================
  factor ef torsion gens: [[-19533713/4, 19533713/8], [-3603136, 1801568]]
  factor eg torsion gens: [[-34817009/4, 34817009/8], [-8606596, 4303298]]
  factor Hp torsion gens: [[-9766856, 0], [-3391231, 0]]
Candidate primes : [11, 13, 17, 19, 23, 29, 31, 37, 41, 43, 47, 53, 59, 61, 67, 71, 73, 79, 83, 89, 97, 101, 103, 107, 109, 113, 127, 131, 137, 139, 149, 151, 157, 163, 167, 173, 179, 181, 191, 193, 197, 199, 211, 223, 227, 229, 233, 239, 241, 251, 257, 263, 269, 271, 277, 281, 283, 293, 307, 311, 313, 317, 331, 337, 347, 349, 353, 359, 367, 373]
Valid (good red.): [11, 13, 17, 23, 29, 37, 41, 43, 47, 53, 59, 61, 67, 79, 83, 89, 97, 107, 109, 113, 127, 131, 137, 139, 149, 151, 157, 163, 167, 173, 179, 181, 191, 193, 197, 199, 211, 223, 227, 229, 233, 239, 241, 251, 257, 263, 269, 271, 277, 281, 283, 293, 307, 311, 313, 317, 331, 337, 347, 349, 353, 359, 367, 373]  (64 primes)
Using 50 primes: [11, 13, 17, 23, 29, 37, 41, 43, 47, 53, 59, 61, 67, 79, 83, 89, 97, 107, 109, 113, 127, 131, 137, 139, 149, 151, 157, 163, 167, 173, 179, 181, 191, 193, 197, 199, 211, 223, 227, 229, 233, 239, 241, 251, 257, 263, 269, 271, 277, 281]

--- p = 11 ---
  E_ef: #E(F_p)=8  orders=[2, 2, 2]  |H|=4  |H|/#E=0.5000000000000000000000000000  tors_inj=1
  E_eg: #E(F_p)=16  orders=[4]  |H|=8  |H|/#E=0.5000000000000000000000000000  tors_inj=1
  E_Hp: #E(F_p)=16  orders=[8, 8, 8, 8]  |H|=16  |H|/#E=1.000000000000000000000000000  tors_inj=1
  -> product over factors: |H_total|=512  #J(F_p) ~ 2048  density=0.2500000000000000000000000000

--- p = 13 ---
  E_ef: #E(F_p)=16  orders=[4, 4, -1]  |H|=8  |H|/#E=0.5000000000000000000000000000  tors_inj=1 [some gens reduce to infty]
  E_eg: #E(F_p)=16  orders=[4]  |H|=8  |H|/#E=0.5000000000000000000000000000  tors_inj=1
  E_Hp: #E(F_p)=16  orders=[8, 8, 8, 8]  |H|=16  |H|/#E=1.000000000000000000000000000  tors_inj=1
  -> product over factors: |H_total|=1024  #J(F_p) ~ 4096  density=0.2500000000000000000000000000

--- p = 17 ---
  E_ef: #E(F_p)=24  orders=[6, 3, 6]  |H|=12  |H|/#E=0.5000000000000000000000000000  tors_inj=1
  E_eg: #E(F_p)=16  orders=[2]  |H|=4  |H|/#E=0.2500000000000000000000000000  tors_inj=1
  E_Hp: #E(F_p)=24  orders=[3, 12, 2, 6]  |H|=24  |H|/#E=1.000000000000000000000000000  tors_inj=1
  -> product over factors: |H_total|=1152  #J(F_p) ~ 9216  density=0.1250000000000000000000000000

--- p = 23 ---
  E_ef: #E(F_p)=24  orders=[3, 6, 2]  |H|=12  |H|/#E=0.5000000000000000000000000000  tors_inj=1
  E_eg: #E(F_p)=32  orders=[8]  |H|=16  |H|/#E=0.5000000000000000000000000000  tors_inj=1
  E_Hp: #E(F_p)=24  orders=[3, 12, 6, -1]  |H|=24  |H|/#E=1.000000000000000000000000000  tors_inj=1 [some gens reduce to infty]
  -> product over factors: |H_total|=4608  #J(F_p) ~ 18432  density=0.2500000000000000000000000000

--- p = 29 ---
  E_ef: #E(F_p)=32  orders=[4, 2, 8]  |H|=16  |H|/#E=0.5000000000000000000000000000  tors_inj=1
  E_eg: #E(F_p)=32  orders=[-1]  |H|=4  |H|/#E=0.1250000000000000000000000000  tors_inj=1 [some gens reduce to infty]
  E_Hp: #E(F_p)=32  orders=[8, 8, 8, 8]  |H|=32  |H|/#E=1.000000000000000000000000000  tors_inj=1
  -> product over factors: |H_total|=2048  #J(F_p) ~ 32768  density=0.06250000000000000000000000000

--- p = 37 ---
  E_ef: #E(F_p)=48  orders=[2, 12, 3]  |H|=24  |H|/#E=0.5000000000000000000000000000  tors_inj=1
  E_eg: #E(F_p)=32  orders=[8]  |H|=16  |H|/#E=0.5000000000000000000000000000  tors_inj=1
  E_Hp: #E(F_p)=48  orders=[12, 12, 12, 12]  |H|=48  |H|/#E=1.000000000000000000000000000  tors_inj=1
  -> product over factors: |H_total|=18432  #J(F_p) ~ 73728  density=0.2500000000000000000000000000

--- p = 41 ---
  E_ef: #E(F_p)=40  orders=[5, 10, 10]  |H|=20  |H|/#E=0.5000000000000000000000000000  tors_inj=1
  E_eg: #E(F_p)=32  orders=[4]  |H|=8  |H|/#E=0.2500000000000000000000000000  tors_inj=1
  E_Hp: #E(F_p)=40  orders=[10, 4, 5, 10]  |H|=40  |H|/#E=1.000000000000000000000000000  tors_inj=1
  -> product over factors: |H_total|=6400  #J(F_p) ~ 51200  density=0.1250000000000000000000000000

--- p = 43 ---
  E_ef: #E(F_p)=40  orders=[10, 10, 10]  |H|=20  |H|/#E=0.5000000000000000000000000000  tors_inj=1
  E_eg: #E(F_p)=48  orders=[12]  |H|=24  |H|/#E=0.5000000000000000000000000000  tors_inj=1
  E_Hp: #E(F_p)=48  orders=[24, 24, 8, 24]  |H|=48  |H|/#E=1.000000000000000000000000000  tors_inj=1
  -> product over factors: |H_total|=23040  #J(F_p) ~ 92160  density=0.2500000000000000000000000000

--- p = 47 ---
  E_ef: #E(F_p)=56  orders=[14, 14, 14]  |H|=28  |H|/#E=0.5000000000000000000000000000  tors_inj=1
  E_eg: #E(F_p)=48  orders=[4]  |H|=8  |H|/#E=0.1666666666666666666666666667  tors_inj=1
  E_Hp: #E(F_p)=40  orders=[10, 20, 5, 2]  |H|=40  |H|/#E=1.000000000000000000000000000  tors_inj=1
  -> product over factors: |H_total|=8960  #J(F_p) ~ 107520  density=0.08333333333333333333333333333

--- p = 53 ---
  E_ef: #E(F_p)=64  orders=[16, 4, 16]  |H|=32  |H|/#E=0.5000000000000000000000000000  tors_inj=1
  E_eg: #E(F_p)=48  orders=[6]  |H|=12  |H|/#E=0.2500000000000000000000000000  tors_inj=1
  E_Hp: #E(F_p)=64  orders=[16, 4, 16, 16]  |H|=64  |H|/#E=1.000000000000000000000000000  tors_inj=1
  -> product over factors: |H_total|=24576  #J(F_p) ~ 196608  density=0.1250000000000000000000000000

--- p = 59 ---
  E_ef: #E(F_p)=48  orders=[12, 6, 2]  |H|=24  |H|/#E=0.5000000000000000000000000000  tors_inj=1
  E_eg: #E(F_p)=56  orders=[14]  |H|=28  |H|/#E=0.5000000000000000000000000000  tors_inj=1
  E_Hp: #E(F_p)=72  orders=[12, 36, 4, 12]  |H|=72  |H|/#E=1.000000000000000000000000000  tors_inj=1
  -> product over factors: |H_total|=48384  #J(F_p) ~ 193536  density=0.2500000000000000000000000000

--- p = 61 ---
  E_ef: #E(F_p)=64  orders=[8, 8, 8]  |H|=32  |H|/#E=0.5000000000000000000000000000  tors_inj=1
  E_eg: #E(F_p)=48  orders=[4]  |H|=8  |H|/#E=0.1666666666666666666666666667  tors_inj=1
  E_Hp: #E(F_p)=64  orders=[8, 8, 16, 4]  |H|=64  |H|/#E=1.000000000000000000000000000  tors_inj=1
  -> product over factors: |H_total|=16384  #J(F_p) ~ 196608  density=0.08333333333333333333333333333

--- p = 67 ---
  E_ef: #E(F_p)=72  orders=[18, 18, 6]  |H|=36  |H|/#E=0.5000000000000000000000000000  tors_inj=1
  E_eg: #E(F_p)=72  orders=[18]  |H|=36  |H|/#E=0.5000000000000000000000000000  tors_inj=1
  E_Hp: #E(F_p)=64  orders=[32, 4, 32, 32]  |H|=64  |H|/#E=1.000000000000000000000000000  tors_inj=1
  -> product over factors: |H_total|=82944  #J(F_p) ~ 331776  density=0.2500000000000000000000000000

--- p = 79 ---
  E_ef: #E(F_p)=72  orders=[9, 6, 9]  |H|=36  |H|/#E=0.5000000000000000000000000000  tors_inj=1
  E_eg: #E(F_p)=72  orders=[2]  |H|=4  |H|/#E=0.05555555555555555555555555556  tors_inj=1
  E_Hp: #E(F_p)=88  orders=[11, 22, 22, 22]  |H|=44  |H|/#E=0.5000000000000000000000000000  tors_inj=1
  -> product over factors: |H_total|=6336  #J(F_p) ~ 456192  density=0.01388888888888888888888888889

--- p = 83 ---
  E_ef: #E(F_p)=72  orders=[18, 18, 18]  |H|=36  |H|/#E=0.5000000000000000000000000000  tors_inj=1
  E_eg: #E(F_p)=88  orders=[22]  |H|=44  |H|/#E=0.5000000000000000000000000000  tors_inj=1
  E_Hp: #E(F_p)=96  orders=[16, 8, 48, 48]  |H|=96  |H|/#E=1.000000000000000000000000000  tors_inj=1
  -> product over factors: |H_total|=152064  #J(F_p) ~ 608256  density=0.2500000000000000000000000000

--- p = 89 ---
  E_ef: #E(F_p)=96  orders=[8, 12, 4]  |H|=48  |H|/#E=0.5000000000000000000000000000  tors_inj=1
  E_eg: #E(F_p)=96  orders=[4]  |H|=8  |H|/#E=0.08333333333333333333333333333  tors_inj=1
  E_Hp: #E(F_p)=96  orders=[8, 4, 12, 3]  |H|=96  |H|/#E=1.000000000000000000000000000  tors_inj=1
  -> product over factors: |H_total|=36864  #J(F_p) ~ 884736  density=0.04166666666666666666666666667

--- p = 97 ---
  E_ef: #E(F_p)=112  orders=[28, 4, 14]  |H|=56  |H|/#E=0.5000000000000000000000000000  tors_inj=1
  E_eg: #E(F_p)=96  orders=[24]  |H|=48  |H|/#E=0.5000000000000000000000000000  tors_inj=1
  E_Hp: #E(F_p)=112  orders=[28, 56, 14, 28]  |H|=112  |H|/#E=1.000000000000000000000000000  tors_inj=1
  -> product over factors: |H_total|=301056  #J(F_p) ~ 1204224  density=0.2500000000000000000000000000

--- p = 107 ---
  E_ef: #E(F_p)=120  orders=[5, 30, 10]  |H|=60  |H|/#E=0.5000000000000000000000000000  tors_inj=1
  E_eg: #E(F_p)=104  orders=[26]  |H|=52  |H|/#E=0.5000000000000000000000000000  tors_inj=1
  E_Hp: #E(F_p)=96  orders=[48, 48, 16, 48]  |H|=96  |H|/#E=1.000000000000000000000000000  tors_inj=1
  -> product over factors: |H_total|=299520  #J(F_p) ~ 1198080  density=0.2500000000000000000000000000

--- p = 109 ---
  E_ef: #E(F_p)=112  orders=[28, 28, 7]  |H|=56  |H|/#E=0.5000000000000000000000000000  tors_inj=1
  E_eg: #E(F_p)=96  orders=[8]  |H|=16  |H|/#E=0.1666666666666666666666666667  tors_inj=1
  E_Hp: #E(F_p)=112  orders=[56, 56, 56, 8]  |H|=112  |H|/#E=1.000000000000000000000000000  tors_inj=1
  -> product over factors: |H_total|=100352  #J(F_p) ~ 1204224  density=0.08333333333333333333333333333

--- p = 113 ---
  E_ef: #E(F_p)=112  orders=[4, 14, 28]  |H|=56  |H|/#E=0.5000000000000000000000000000  tors_inj=1
  E_eg: #E(F_p)=112  orders=[14]  |H|=28  |H|/#E=0.2500000000000000000000000000  tors_inj=1
  E_Hp: #E(F_p)=112  orders=[28, 14, 28, 7]  |H|=56  |H|/#E=0.5000000000000000000000000000  tors_inj=1
  -> product over factors: |H_total|=87808  #J(F_p) ~ 1404928  density=0.06250000000000000000000000000

--- p = 127 ---
  E_ef: #E(F_p)=120  orders=[30, 10, 30]  |H|=60  |H|/#E=0.5000000000000000000000000000  tors_inj=1
  E_eg: #E(F_p)=112  orders=[14]  |H|=28  |H|/#E=0.2500000000000000000000000000  tors_inj=1
  E_Hp: #E(F_p)=136  orders=[34, 17, 34, 34]  |H|=68  |H|/#E=0.5000000000000000000000000000  tors_inj=1
  -> product over factors: |H_total|=114240  #J(F_p) ~ 1827840  density=0.06250000000000000000000000000

--- p = 131 ---
  E_ef: #E(F_p)=136  orders=[34, 17, 34]  |H|=68  |H|/#E=0.5000000000000000000000000000  tors_inj=1
  E_eg: #E(F_p)=120  orders=[10]  |H|=20  |H|/#E=0.1666666666666666666666666667  tors_inj=1
  E_Hp: #E(F_p)=128  orders=[64, 32, 64, 64]  |H|=128  |H|/#E=1.000000000000000000000000000  tors_inj=1
  -> product over factors: |H_total|=174080  #J(F_p) ~ 2088960  density=0.08333333333333333333333333333

--- p = 137 ---
  E_ef: #E(F_p)=144  orders=[18, 36, 36]  |H|=72  |H|/#E=0.5000000000000000000000000000  tors_inj=1
  E_eg: #E(F_p)=128  orders=[4]  |H|=8  |H|/#E=0.06250000000000000000000000000  tors_inj=1
  E_Hp: #E(F_p)=144  orders=[36, 36, 3, 36]  |H|=144  |H|/#E=1.000000000000000000000000000  tors_inj=1
  -> product over factors: |H_total|=82944  #J(F_p) ~ 2654208  density=0.03125000000000000000000000000

--- p = 139 ---
  E_ef: #E(F_p)=128  orders=[16, 32, 16]  |H|=64  |H|/#E=0.5000000000000000000000000000  tors_inj=1
  E_eg: #E(F_p)=144  orders=[36]  |H|=72  |H|/#E=0.5000000000000000000000000000  tors_inj=1
  E_Hp: #E(F_p)=152  orders=[76, 76, 76, 76]  |H|=152  |H|/#E=1.000000000000000000000000000  tors_inj=1
  -> product over factors: |H_total|=700416  #J(F_p) ~ 2801664  density=0.2500000000000000000000000000

--- p = 149 ---
  E_ef: #E(F_p)=152  orders=[19, 19, 38]  |H|=76  |H|/#E=0.5000000000000000000000000000  tors_inj=1
  E_eg: #E(F_p)=160  orders=[20]  |H|=40  |H|/#E=0.2500000000000000000000000000  tors_inj=1
  E_Hp: #E(F_p)=152  orders=[76, 76, 76, 76]  |H|=152  |H|/#E=1.000000000000000000000000000  tors_inj=1
  -> product over factors: |H_total|=462080  #J(F_p) ~ 3696640  density=0.1250000000000000000000000000

--- p = 151 ---
  E_ef: #E(F_p)=144  orders=[12, 36, 12]  |H|=72  |H|/#E=0.5000000000000000000000000000  tors_inj=1
  E_eg: #E(F_p)=144  orders=[36]  |H|=72  |H|/#E=0.5000000000000000000000000000  tors_inj=1
  E_Hp: #E(F_p)=160  orders=[20, 80, 40, 10]  |H|=160  |H|/#E=1.000000000000000000000000000  tors_inj=1
  -> product over factors: |H_total|=829440  #J(F_p) ~ 3317760  density=0.2500000000000000000000000000

--- p = 157 ---
  E_ef: #E(F_p)=176  orders=[44, 44, 44]  |H|=88  |H|/#E=0.5000000000000000000000000000  tors_inj=1
  E_eg: #E(F_p)=160  orders=[40]  |H|=80  |H|/#E=0.5000000000000000000000000000  tors_inj=1
  E_Hp: #E(F_p)=176  orders=[44, 44, 44, 44]  |H|=88  |H|/#E=0.5000000000000000000000000000  tors_inj=1
  -> product over factors: |H_total|=619520  #J(F_p) ~ 4956160  density=0.1250000000000000000000000000

--- p = 163 ---
  E_ef: #E(F_p)=176  orders=[11, 22, 22]  |H|=44  |H|/#E=0.2500000000000000000000000000  tors_inj=1
  E_eg: #E(F_p)=176  orders=[22]  |H|=44  |H|/#E=0.2500000000000000000000000000  tors_inj=1
  E_Hp: #E(F_p)=152  orders=[76, 38, 76, 76]  |H|=152  |H|/#E=1.000000000000000000000000000  tors_inj=1
  -> product over factors: |H_total|=294272  #J(F_p) ~ 4708352  density=0.06250000000000000000000000000

--- p = 167 ---
  E_ef: #E(F_p)=184  orders=[46, 46, 46]  |H|=92  |H|/#E=0.5000000000000000000000000000  tors_inj=1
  E_eg: #E(F_p)=184  orders=[46]  |H|=92  |H|/#E=0.5000000000000000000000000000  tors_inj=1
  E_Hp: #E(F_p)=152  orders=[38, 38, 19, 19]  |H|=76  |H|/#E=0.5000000000000000000000000000  tors_inj=1
  -> product over factors: |H_total|=643264  #J(F_p) ~ 5146112  density=0.1250000000000000000000000000

--- p = 173 ---
  E_ef: #E(F_p)=192  orders=[24, 16, 24]  |H|=96  |H|/#E=0.5000000000000000000000000000  tors_inj=1
  E_eg: #E(F_p)=160  orders=[40]  |H|=80  |H|/#E=0.5000000000000000000000000000  tors_inj=1
  E_Hp: #E(F_p)=192  orders=[48, 48, 16, 12]  |H|=192  |H|/#E=1.000000000000000000000000000  tors_inj=1
  -> product over factors: |H_total|=1474560  #J(F_p) ~ 5898240  density=0.2500000000000000000000000000

--- p = 179 ---
  E_ef: #E(F_p)=160  orders=[40, 40, 40]  |H|=80  |H|/#E=0.5000000000000000000000000000  tors_inj=1
  E_eg: #E(F_p)=176  orders=[22]  |H|=44  |H|/#E=0.2500000000000000000000000000  tors_inj=1
  E_Hp: #E(F_p)=200  orders=[100, 10, 100, 100]  |H|=200  |H|/#E=1.000000000000000000000000000  tors_inj=1
  -> product over factors: |H_total|=704000  #J(F_p) ~ 5632000  density=0.1250000000000000000000000000

--- p = 181 ---
  E_ef: #E(F_p)=192  orders=[24, 48, 12]  |H|=96  |H|/#E=0.5000000000000000000000000000  tors_inj=1
  E_eg: #E(F_p)=176  orders=[22]  |H|=44  |H|/#E=0.2500000000000000000000000000  tors_inj=1
  E_Hp: #E(F_p)=192  orders=[96, 16, 96, 96]  |H|=192  |H|/#E=1.000000000000000000000000000  tors_inj=1
  -> product over factors: |H_total|=811008  #J(F_p) ~ 6488064  density=0.1250000000000000000000000000

--- p = 191 ---
  E_ef: #E(F_p)=208  orders=[26, 52, 52]  |H|=104  |H|/#E=0.5000000000000000000000000000  tors_inj=1
  E_eg: #E(F_p)=192  orders=[48]  |H|=96  |H|/#E=0.5000000000000000000000000000  tors_inj=1
  E_Hp: #E(F_p)=176  orders=[22, 88, 44, 22]  |H|=176  |H|/#E=1.000000000000000000000000000  tors_inj=1
  -> product over factors: |H_total|=1757184  #J(F_p) ~ 7028736  density=0.2500000000000000000000000000

--- p = 193 ---
  E_ef: #E(F_p)=200  orders=[50, 50, 25]  |H|=100  |H|/#E=0.5000000000000000000000000000  tors_inj=1
  E_eg: #E(F_p)=192  orders=[16]  |H|=32  |H|/#E=0.1666666666666666666666666667  tors_inj=1
  E_Hp: #E(F_p)=200  orders=[50, 100, 50, 50]  |H|=200  |H|/#E=1.000000000000000000000000000  tors_inj=1
  -> product over factors: |H_total|=640000  #J(F_p) ~ 7680000  density=0.08333333333333333333333333333

--- p = 197 ---
  E_ef: #E(F_p)=192  orders=[8, 12, 12]  |H|=96  |H|/#E=0.5000000000000000000000000000  tors_inj=1
  E_eg: #E(F_p)=208  orders=[26]  |H|=52  |H|/#E=0.2500000000000000000000000000  tors_inj=1
  E_Hp: #E(F_p)=192  orders=[12, 48, 16, 12]  |H|=192  |H|/#E=1.000000000000000000000000000  tors_inj=1
  -> product over factors: |H_total|=958464  #J(F_p) ~ 7667712  density=0.1250000000000000000000000000

--- p = 199 ---
  E_ef: #E(F_p)=224  orders=[8, 28, 56]  |H|=112  |H|/#E=0.5000000000000000000000000000  tors_inj=1
  E_eg: #E(F_p)=192  orders=[48]  |H|=96  |H|/#E=0.5000000000000000000000000000  tors_inj=1
  E_Hp: #E(F_p)=176  orders=[44, 88, 11, 11]  |H|=176  |H|/#E=1.000000000000000000000000000  tors_inj=1
  -> product over factors: |H_total|=1892352  #J(F_p) ~ 7569408  density=0.2500000000000000000000000000

--- p = 211 ---
  E_ef: #E(F_p)=224  orders=[8, 56, 56]  |H|=112  |H|/#E=0.5000000000000000000000000000  tors_inj=1
  E_eg: #E(F_p)=232  orders=[58]  |H|=116  |H|/#E=0.5000000000000000000000000000  tors_inj=1
  E_Hp: #E(F_p)=200  orders=[100, 10, 100, 100]  |H|=200  |H|/#E=1.000000000000000000000000000  tors_inj=1
  -> product over factors: |H_total|=2598400  #J(F_p) ~ 10393600  density=0.2500000000000000000000000000

--- p = 223 ---
  E_ef: #E(F_p)=240  orders=[30, 30, 10]  |H|=60  |H|/#E=0.2500000000000000000000000000  tors_inj=1
  E_eg: #E(F_p)=200  orders=[5]  |H|=20  |H|/#E=0.1000000000000000000000000000  tors_inj=1
  E_Hp: #E(F_p)=208  orders=[26, 104, 4, 26]  |H|=208  |H|/#E=1.000000000000000000000000000  tors_inj=1
  -> product over factors: |H_total|=249600  #J(F_p) ~ 9984000  density=0.02500000000000000000000000000

--- p = 227 ---
  E_ef: #E(F_p)=240  orders=[6, 60, 12]  |H|=120  |H|/#E=0.5000000000000000000000000000  tors_inj=1
  E_eg: #E(F_p)=208  orders=[52]  |H|=104  |H|/#E=0.5000000000000000000000000000  tors_inj=1
  E_Hp: #E(F_p)=216  orders=[108, 108, 108, 36]  |H|=216  |H|/#E=1.000000000000000000000000000  tors_inj=1
  -> product over factors: |H_total|=2695680  #J(F_p) ~ 10782720  density=0.2500000000000000000000000000

--- p = 229 ---
  E_ef: #E(F_p)=256  orders=[64, 4, 32]  |H|=128  |H|/#E=0.5000000000000000000000000000  tors_inj=1
  E_eg: #E(F_p)=240  orders=[12]  |H|=24  |H|/#E=0.1000000000000000000000000000  tors_inj=1
  E_Hp: #E(F_p)=256  orders=[64, 64, 64, 64]  |H|=256  |H|/#E=1.000000000000000000000000000  tors_inj=1
  -> product over factors: |H_total|=786432  #J(F_p) ~ 15728640  density=0.05000000000000000000000000000

--- p = 233 ---
  E_ef: #E(F_p)=240  orders=[10, 60, 60]  |H|=120  |H|/#E=0.5000000000000000000000000000  tors_inj=1
  E_eg: #E(F_p)=224  orders=[28]  |H|=56  |H|/#E=0.2500000000000000000000000000  tors_inj=1
  E_Hp: #E(F_p)=240  orders=[20, 20, 60, 60]  |H|=240  |H|/#E=1.000000000000000000000000000  tors_inj=1
  -> product over factors: |H_total|=1612800  #J(F_p) ~ 12902400  density=0.1250000000000000000000000000

--- p = 239 ---
  E_ef: #E(F_p)=248  orders=[62, 62, 62]  |H|=124  |H|/#E=0.5000000000000000000000000000  tors_inj=1
  E_eg: #E(F_p)=256  orders=[4]  |H|=8  |H|/#E=0.03125000000000000000000000000  tors_inj=1
  E_Hp: #E(F_p)=232  orders=[58, 29, 58, 58]  |H|=116  |H|/#E=0.5000000000000000000000000000  tors_inj=1
  -> product over factors: |H_total|=115072  #J(F_p) ~ 14729216  density=0.007812500000000000000000000000

--- p = 241 ---
  E_ef: #E(F_p)=256  orders=[32, 64, 32]  |H|=128  |H|/#E=0.5000000000000000000000000000  tors_inj=1
  E_eg: #E(F_p)=272  orders=[4]  |H|=8  |H|/#E=0.02941176470588235294117647059  tors_inj=1
  E_Hp: #E(F_p)=256  orders=[16, 32, 64, 8]  |H|=256  |H|/#E=1.000000000000000000000000000  tors_inj=1
  -> product over factors: |H_total|=262144  #J(F_p) ~ 17825792  density=0.01470588235294117647058823529

--- p = 251 ---
  E_ef: #E(F_p)=232  orders=[58, 58, 58]  |H|=116  |H|/#E=0.5000000000000000000000000000  tors_inj=1
  E_eg: #E(F_p)=272  orders=[17]  |H|=68  |H|/#E=0.2500000000000000000000000000  tors_inj=1
  E_Hp: #E(F_p)=272  orders=[136, 34, 136, 136]  |H|=272  |H|/#E=1.000000000000000000000000000  tors_inj=1
  -> product over factors: |H_total|=2145536  #J(F_p) ~ 17164288  density=0.1250000000000000000000000000

--- p = 257 ---
  E_ef: #E(F_p)=272  orders=[34, 68, 34]  |H|=136  |H|/#E=0.5000000000000000000000000000  tors_inj=1
  E_eg: #E(F_p)=256  orders=[32]  |H|=64  |H|/#E=0.2500000000000000000000000000  tors_inj=1
  E_Hp: #E(F_p)=272  orders=[17, 68, 17, 4]  |H|=136  |H|/#E=0.5000000000000000000000000000  tors_inj=1
  -> product over factors: |H_total|=1183744  #J(F_p) ~ 18939904  density=0.06250000000000000000000000000

--- p = 263 ---
  E_ef: #E(F_p)=280  orders=[70, 35, 10]  |H|=140  |H|/#E=0.5000000000000000000000000000  tors_inj=1
  E_eg: #E(F_p)=240  orders=[5]  |H|=20  |H|/#E=0.08333333333333333333333333333  tors_inj=1
  E_Hp: #E(F_p)=248  orders=[62, 62, 62, 31]  |H|=124  |H|/#E=0.5000000000000000000000000000  tors_inj=1
  -> product over factors: |H_total|=347200  #J(F_p) ~ 16665600  density=0.02083333333333333333333333333

--- p = 269 ---
  E_ef: #E(F_p)=240  orders=[10, 60, 60]  |H|=120  |H|/#E=0.5000000000000000000000000000  tors_inj=1
  E_eg: #E(F_p)=288  orders=[9]  |H|=36  |H|/#E=0.1250000000000000000000000000  tors_inj=1
  E_Hp: #E(F_p)=240  orders=[20, 60, 60, 60]  |H|=240  |H|/#E=1.000000000000000000000000000  tors_inj=1
  -> product over factors: |H_total|=1036800  #J(F_p) ~ 16588800  density=0.06250000000000000000000000000

--- p = 271 ---
  E_ef: #E(F_p)=288  orders=[24, 3, 24]  |H|=48  |H|/#E=0.1666666666666666666666666667  tors_inj=1
  E_eg: #E(F_p)=264  orders=[33]  |H|=132  |H|/#E=0.5000000000000000000000000000  tors_inj=1
  E_Hp: #E(F_p)=256  orders=[16, 128, 64, 64]  |H|=256  |H|/#E=1.000000000000000000000000000  tors_inj=1
  -> product over factors: |H_total|=1622016  #J(F_p) ~ 19464192  density=0.08333333333333333333333333333

--- p = 277 ---
  E_ef: #E(F_p)=280  orders=[70, 70, 70]  |H|=140  |H|/#E=0.5000000000000000000000000000  tors_inj=1
  E_eg: #E(F_p)=288  orders=[12]  |H|=24  |H|/#E=0.08333333333333333333333333333  tors_inj=1
  E_Hp: #E(F_p)=280  orders=[140, 70, 140, 140]  |H|=280  |H|/#E=1.000000000000000000000000000  tors_inj=1
  -> product over factors: |H_total|=940800  #J(F_p) ~ 22579200  density=0.04166666666666666666666666667

--- p = 281 ---
  E_ef: #E(F_p)=264  orders=[22, 66, 66]  |H|=132  |H|/#E=0.5000000000000000000000000000  tors_inj=1
  E_eg: #E(F_p)=272  orders=[34]  |H|=68  |H|/#E=0.2500000000000000000000000000  tors_inj=1
  E_Hp: #E(F_p)=264  orders=[6, 66, 66, 66]  |H|=132  |H|/#E=0.5000000000000000000000000000  tors_inj=1
  -> product over factors: |H_total|=1184832  #J(F_p) ~ 18957312  density=0.06250000000000000000000000000

=== Fiber (63,38) SUMMARY ===
Primes used               : 50
Sum log10(density_p)      : -49.71989212925998448306770541
Total subgroup-bound prod : 62415085722751872125230385061061039598631812490226033051142497775415870848505465896843233287992242283356186451966607881599614123185764199137575313779144839045517319706604731927691564801672435704706577233769740848019238841965608960000000000000000000000000000000
log10(total bound)        : 259.7952895713221132164599554
log10(prod #E_p)          : (informational)
log10(prod #J(F_p))       : 309.5151817005820976995276608
Sieve exclusion (log10)   : 49.71989212925998448306770541

========================================================
=== HARDENED MW SIEVE for fiber (73,24) ===
========================================================
  factor ef torsion gens: [[-23246017/4, 23246017/8], [-5421504, 2710752]]
  factor eg torsion gens: [[-31431361/4, 31431361/8], [-6416640, 3208320]]
  factor Hp torsion gens: [[-11623008, 0], [655008, 0]]
Candidate primes : [11, 13, 17, 19, 23, 29, 31, 37, 41, 43, 47, 53, 59, 61, 67, 71, 73, 79, 83, 89, 97, 101, 103, 107, 109, 113, 127, 131, 137, 139, 149, 151, 157, 163, 167, 173, 179, 181, 191, 193, 197, 199, 211, 223, 227, 229, 233, 239, 241, 251, 257, 263, 269, 271, 277, 281, 283, 293, 307, 311, 313, 317, 331, 337, 347, 349, 353, 359, 367, 373]
Valid (good red.): [11, 13, 17, 19, 29, 31, 37, 41, 43, 47, 53, 59, 61, 67, 71, 79, 83, 89, 101, 103, 107, 109, 113, 127, 131, 137, 139, 149, 151, 157, 163, 167, 173, 179, 181, 191, 193, 197, 199, 211, 223, 227, 229, 233, 239, 241, 251, 257, 263, 269, 271, 277, 281, 283, 293, 307, 311, 313, 317, 331, 337, 347, 349, 353, 367, 373]  (66 primes)
Using 50 primes: [11, 13, 17, 19, 29, 31, 37, 41, 43, 47, 53, 59, 61, 67, 71, 79, 83, 89, 101, 103, 107, 109, 113, 127, 131, 137, 139, 149, 151, 157, 163, 167, 173, 179, 181, 191, 193, 197, 199, 211, 223, 227, 229, 233, 239, 241, 251, 257, 263, 269]

--- p = 11 ---
  E_ef: #E(F_p)=8  orders=[-1, 2, 2]  |H|=4  |H|/#E=0.5000000000000000000000000000  tors_inj=1 [some gens reduce to infty]
  E_eg: #E(F_p)=16  orders=[2]  |H|=4  |H|/#E=0.2500000000000000000000000000  tors_inj=1
  E_Hp: #E(F_p)=16  orders=[8, 2]  |H|=16  |H|/#E=1.000000000000000000000000000  tors_inj=1
  -> product over factors: |H_total|=256  #J(F_p) ~ 2048  density=0.1250000000000000000000000000

--- p = 13 ---
  E_ef: #E(F_p)=16  orders=[4, 4, 4]  |H|=8  |H|/#E=0.5000000000000000000000000000  tors_inj=1
  E_eg: #E(F_p)=16  orders=[2]  |H|=4  |H|/#E=0.2500000000000000000000000000  tors_inj=1
  E_Hp: #E(F_p)=16  orders=[8, 4]  |H|=16  |H|/#E=1.000000000000000000000000000  tors_inj=1
  -> product over factors: |H_total|=512  #J(F_p) ~ 4096  density=0.1250000000000000000000000000

--- p = 17 ---
  E_ef: #E(F_p)=24  orders=[-1, 6, -1]  |H|=12  |H|/#E=0.5000000000000000000000000000  tors_inj=1 [some gens reduce to infty]
  E_eg: #E(F_p)=16  orders=[4]  |H|=8  |H|/#E=0.5000000000000000000000000000  tors_inj=1
  E_Hp: #E(F_p)=24  orders=[6, 12]  |H|=24  |H|/#E=1.000000000000000000000000000  tors_inj=1
  -> product over factors: |H_total|=2304  #J(F_p) ~ 9216  density=0.2500000000000000000000000000

--- p = 19 ---
  E_ef: #E(F_p)=24  orders=[-1, 6, 6]  |H|=12  |H|/#E=0.5000000000000000000000000000  tors_inj=1 [some gens reduce to infty]
  E_eg: #E(F_p)=24  orders=[2]  |H|=4  |H|/#E=0.1666666666666666666666666667  tors_inj=1
  E_Hp: #E(F_p)=16  orders=[8, 8]  |H|=16  |H|/#E=1.000000000000000000000000000  tors_inj=1
  -> product over factors: |H_total|=768  #J(F_p) ~ 9216  density=0.08333333333333333333333333333

--- p = 29 ---
  E_ef: #E(F_p)=32  orders=[8, 8, 2]  |H|=16  |H|/#E=0.5000000000000000000000000000  tors_inj=1
  E_eg: #E(F_p)=32  orders=[4]  |H|=8  |H|/#E=0.2500000000000000000000000000  tors_inj=1
  E_Hp: #E(F_p)=32  orders=[8, 8]  |H|=32  |H|/#E=1.000000000000000000000000000  tors_inj=1
  -> product over factors: |H_total|=4096  #J(F_p) ~ 32768  density=0.1250000000000000000000000000

--- p = 31 ---
  E_ef: #E(F_p)=40  orders=[10, 10, 5]  |H|=20  |H|/#E=0.5000000000000000000000000000  tors_inj=1
  E_eg: #E(F_p)=24  orders=[6]  |H|=12  |H|/#E=0.5000000000000000000000000000  tors_inj=1
  E_Hp: #E(F_p)=24  orders=[6, 4]  |H|=24  |H|/#E=1.000000000000000000000000000  tors_inj=1
  -> product over factors: |H_total|=5760  #J(F_p) ~ 23040  density=0.2500000000000000000000000000

--- p = 37 ---
  E_ef: #E(F_p)=40  orders=[5, 5, 5]  |H|=20  |H|/#E=0.5000000000000000000000000000  tors_inj=1
  E_eg: #E(F_p)=32  orders=[8]  |H|=16  |H|/#E=0.5000000000000000000000000000  tors_inj=1
  E_Hp: #E(F_p)=40  orders=[20, 20]  |H|=40  |H|/#E=1.000000000000000000000000000  tors_inj=1
  -> product over factors: |H_total|=12800  #J(F_p) ~ 51200  density=0.2500000000000000000000000000

--- p = 41 ---
  E_ef: #E(F_p)=48  orders=[12, 2, 12]  |H|=24  |H|/#E=0.5000000000000000000000000000  tors_inj=1
  E_eg: #E(F_p)=48  orders=[2]  |H|=4  |H|/#E=0.08333333333333333333333333333  tors_inj=1
  E_Hp: #E(F_p)=48  orders=[3, 12]  |H|=24  |H|/#E=0.5000000000000000000000000000  tors_inj=1
  -> product over factors: |H_total|=2304  #J(F_p) ~ 110592  density=0.02083333333333333333333333333

--- p = 43 ---
  E_ef: #E(F_p)=48  orders=[12, 6, 6]  |H|=24  |H|/#E=0.5000000000000000000000000000  tors_inj=1
  E_eg: #E(F_p)=32  orders=[2]  |H|=4  |H|/#E=0.1250000000000000000000000000  tors_inj=1
  E_Hp: #E(F_p)=40  orders=[20, 5]  |H|=40  |H|/#E=1.000000000000000000000000000  tors_inj=1
  -> product over factors: |H_total|=3840  #J(F_p) ~ 61440  density=0.06250000000000000000000000000

--- p = 47 ---
  E_ef: #E(F_p)=48  orders=[6, 6, 6]  |H|=12  |H|/#E=0.2500000000000000000000000000  tors_inj=1
  E_eg: #E(F_p)=40  orders=[10]  |H|=20  |H|/#E=0.5000000000000000000000000000  tors_inj=1
  E_Hp: #E(F_p)=48  orders=[12, 24]  |H|=48  |H|/#E=1.000000000000000000000000000  tors_inj=1
  -> product over factors: |H_total|=11520  #J(F_p) ~ 92160  density=0.1250000000000000000000000000

--- p = 53 ---
  E_ef: #E(F_p)=64  orders=[4, 16, 8]  |H|=32  |H|/#E=0.5000000000000000000000000000  tors_inj=1
  E_eg: #E(F_p)=48  orders=[6]  |H|=12  |H|/#E=0.2500000000000000000000000000  tors_inj=1
  E_Hp: #E(F_p)=64  orders=[32, 16]  |H|=64  |H|/#E=1.000000000000000000000000000  tors_inj=1
  -> product over factors: |H_total|=24576  #J(F_p) ~ 196608  density=0.1250000000000000000000000000

--- p = 59 ---
  E_ef: #E(F_p)=64  orders=[16, 16, 2]  |H|=32  |H|/#E=0.5000000000000000000000000000  tors_inj=1
  E_eg: #E(F_p)=48  orders=[6]  |H|=12  |H|/#E=0.2500000000000000000000000000  tors_inj=1
  E_Hp: #E(F_p)=56  orders=[28, 14]  |H|=56  |H|/#E=1.000000000000000000000000000  tors_inj=1
  -> product over factors: |H_total|=21504  #J(F_p) ~ 172032  density=0.1250000000000000000000000000

--- p = 61 ---
  E_ef: #E(F_p)=64  orders=[16, 4, 8]  |H|=32  |H|/#E=0.5000000000000000000000000000  tors_inj=1
  E_eg: #E(F_p)=64  orders=[4]  |H|=8  |H|/#E=0.1250000000000000000000000000  tors_inj=1
  E_Hp: #E(F_p)=64  orders=[32, 32]  |H|=64  |H|/#E=1.000000000000000000000000000  tors_inj=1
  -> product over factors: |H_total|=16384  #J(F_p) ~ 262144  density=0.06250000000000000000000000000

--- p = 67 ---
  E_ef: #E(F_p)=72  orders=[9, 6, 18]  |H|=36  |H|/#E=0.5000000000000000000000000000  tors_inj=1
  E_eg: #E(F_p)=64  orders=[8]  |H|=16  |H|/#E=0.2500000000000000000000000000  tors_inj=1
  E_Hp: #E(F_p)=64  orders=[32, 32]  |H|=64  |H|/#E=1.000000000000000000000000000  tors_inj=1
  -> product over factors: |H_total|=36864  #J(F_p) ~ 294912  density=0.1250000000000000000000000000

--- p = 71 ---
  E_ef: #E(F_p)=80  orders=[4, 20, 5]  |H|=40  |H|/#E=0.5000000000000000000000000000  tors_inj=1
  E_eg: #E(F_p)=64  orders=[8]  |H|=16  |H|/#E=0.2500000000000000000000000000  tors_inj=1
  E_Hp: #E(F_p)=64  orders=[8, 16]  |H|=32  |H|/#E=0.5000000000000000000000000000  tors_inj=1
  -> product over factors: |H_total|=20480  #J(F_p) ~ 327680  density=0.06250000000000000000000000000

--- p = 79 ---
  E_ef: #E(F_p)=80  orders=[20, 5, 20]  |H|=40  |H|/#E=0.5000000000000000000000000000  tors_inj=1
  E_eg: #E(F_p)=72  orders=[18]  |H|=36  |H|/#E=0.5000000000000000000000000000  tors_inj=1
  E_Hp: #E(F_p)=80  orders=[10, 4]  |H|=40  |H|/#E=0.5000000000000000000000000000  tors_inj=1
  -> product over factors: |H_total|=57600  #J(F_p) ~ 460800  density=0.1250000000000000000000000000

--- p = 83 ---
  E_ef: #E(F_p)=88  orders=[22, 22, 22]  |H|=44  |H|/#E=0.5000000000000000000000000000  tors_inj=1
  E_eg: #E(F_p)=96  orders=[6]  |H|=12  |H|/#E=0.1250000000000000000000000000  tors_inj=1
  E_Hp: #E(F_p)=80  orders=[40, 10]  |H|=80  |H|/#E=1.000000000000000000000000000  tors_inj=1
  -> product over factors: |H_total|=42240  #J(F_p) ~ 675840  density=0.06250000000000000000000000000

--- p = 89 ---
  E_ef: #E(F_p)=104  orders=[26, 26, 2]  |H|=52  |H|/#E=0.5000000000000000000000000000  tors_inj=1
  E_eg: #E(F_p)=80  orders=[20]  |H|=40  |H|/#E=0.5000000000000000000000000000  tors_inj=1
  E_Hp: #E(F_p)=104  orders=[26, 26]  |H|=52  |H|/#E=0.5000000000000000000000000000  tors_inj=1
  -> product over factors: |H_total|=108160  #J(F_p) ~ 865280  density=0.1250000000000000000000000000

--- p = 101 ---
  E_ef: #E(F_p)=96  orders=[6, 12, 3]  |H|=24  |H|/#E=0.2500000000000000000000000000  tors_inj=1
  E_eg: #E(F_p)=96  orders=[6]  |H|=12  |H|/#E=0.1250000000000000000000000000  tors_inj=1
  E_Hp: #E(F_p)=96  orders=[24, 6]  |H|=48  |H|/#E=0.5000000000000000000000000000  tors_inj=1
  -> product over factors: |H_total|=13824  #J(F_p) ~ 884736  density=0.01562500000000000000000000000

--- p = 103 ---
  E_ef: #E(F_p)=112  orders=[2, 14, 7]  |H|=28  |H|/#E=0.2500000000000000000000000000  tors_inj=1
  E_eg: #E(F_p)=96  orders=[2]  |H|=4  |H|/#E=0.04166666666666666666666666667  tors_inj=1
  E_Hp: #E(F_p)=96  orders=[6, 48]  |H|=96  |H|/#E=1.000000000000000000000000000  tors_inj=1
  -> product over factors: |H_total|=10752  #J(F_p) ~ 1032192  density=0.01041666666666666666666666667

--- p = 107 ---
  E_ef: #E(F_p)=96  orders=[24, 24, 12]  |H|=48  |H|/#E=0.5000000000000000000000000000  tors_inj=1
  E_eg: #E(F_p)=120  orders=[6]  |H|=12  |H|/#E=0.1000000000000000000000000000  tors_inj=1
  E_Hp: #E(F_p)=120  orders=[60, 30]  |H|=120  |H|/#E=1.000000000000000000000000000  tors_inj=1
  -> product over factors: |H_total|=69120  #J(F_p) ~ 1382400  density=0.05000000000000000000000000000

--- p = 109 ---
  E_ef: #E(F_p)=112  orders=[28, 14, 14]  |H|=56  |H|/#E=0.5000000000000000000000000000  tors_inj=1
  E_eg: #E(F_p)=112  orders=[28]  |H|=56  |H|/#E=0.5000000000000000000000000000  tors_inj=1
  E_Hp: #E(F_p)=112  orders=[8, 56]  |H|=112  |H|/#E=1.000000000000000000000000000  tors_inj=1
  -> product over factors: |H_total|=351232  #J(F_p) ~ 1404928  density=0.2500000000000000000000000000

--- p = 113 ---
  E_ef: #E(F_p)=128  orders=[32, 32, 16]  |H|=64  |H|/#E=0.5000000000000000000000000000  tors_inj=1
  E_eg: #E(F_p)=128  orders=[32]  |H|=64  |H|/#E=0.5000000000000000000000000000  tors_inj=1
  E_Hp: #E(F_p)=128  orders=[32, 64]  |H|=128  |H|/#E=1.000000000000000000000000000  tors_inj=1
  -> product over factors: |H_total|=524288  #J(F_p) ~ 2097152  density=0.2500000000000000000000000000

--- p = 127 ---
  E_ef: #E(F_p)=120  orders=[30, 30, 6]  |H|=60  |H|/#E=0.5000000000000000000000000000  tors_inj=1
  E_eg: #E(F_p)=120  orders=[6]  |H|=12  |H|/#E=0.1000000000000000000000000000  tors_inj=1
  E_Hp: #E(F_p)=136  orders=[34, 34]  |H|=68  |H|/#E=0.5000000000000000000000000000  tors_inj=1
  -> product over factors: |H_total|=48960  #J(F_p) ~ 1958400  density=0.02500000000000000000000000000

--- p = 131 ---
  E_ef: #E(F_p)=120  orders=[10, 10, 30]  |H|=60  |H|/#E=0.5000000000000000000000000000  tors_inj=1
  E_eg: #E(F_p)=136  orders=[34]  |H|=68  |H|/#E=0.5000000000000000000000000000  tors_inj=1
  E_Hp: #E(F_p)=144  orders=[72, 36]  |H|=144  |H|/#E=1.000000000000000000000000000  tors_inj=1
  -> product over factors: |H_total|=587520  #J(F_p) ~ 2350080  density=0.2500000000000000000000000000

--- p = 137 ---
  E_ef: #E(F_p)=144  orders=[36, 2, 36]  |H|=72  |H|/#E=0.5000000000000000000000000000  tors_inj=1
  E_eg: #E(F_p)=144  orders=[18]  |H|=36  |H|/#E=0.2500000000000000000000000000  tors_inj=1
  E_Hp: #E(F_p)=144  orders=[6, 18]  |H|=36  |H|/#E=0.2500000000000000000000000000  tors_inj=1
  -> product over factors: |H_total|=93312  #J(F_p) ~ 2985984  density=0.03125000000000000000000000000

--- p = 139 ---
  E_ef: #E(F_p)=136  orders=[34, 34, 17]  |H|=68  |H|/#E=0.5000000000000000000000000000  tors_inj=1
  E_eg: #E(F_p)=144  orders=[6]  |H|=12  |H|/#E=0.08333333333333333333333333333  tors_inj=1
  E_Hp: #E(F_p)=144  orders=[24, 12]  |H|=48  |H|/#E=0.3333333333333333333333333333  tors_inj=1
  -> product over factors: |H_total|=39168  #J(F_p) ~ 2820096  density=0.01388888888888888888888888889

--- p = 149 ---
  E_ef: #E(F_p)=160  orders=[20, 20, 20]  |H|=80  |H|/#E=0.5000000000000000000000000000  tors_inj=1
  E_eg: #E(F_p)=160  orders=[4]  |H|=8  |H|/#E=0.05000000000000000000000000000  tors_inj=1
  E_Hp: #E(F_p)=160  orders=[20, 20]  |H|=80  |H|/#E=0.5000000000000000000000000000  tors_inj=1
  -> product over factors: |H_total|=51200  #J(F_p) ~ 4096000  density=0.01250000000000000000000000000

--- p = 151 ---
  E_ef: #E(F_p)=144  orders=[18, 18, 9]  |H|=36  |H|/#E=0.2500000000000000000000000000  tors_inj=1
  E_eg: #E(F_p)=128  orders=[8]  |H|=16  |H|/#E=0.1250000000000000000000000000  tors_inj=1
  E_Hp: #E(F_p)=160  orders=[20, 80]  |H|=160  |H|/#E=1.000000000000000000000000000  tors_inj=1
  -> product over factors: |H_total|=92160  #J(F_p) ~ 2949120  density=0.03125000000000000000000000000

--- p = 157 ---
  E_ef: #E(F_p)=144  orders=[36, 36, 12]  |H|=72  |H|/#E=0.5000000000000000000000000000  tors_inj=1
  E_eg: #E(F_p)=160  orders=[8]  |H|=16  |H|/#E=0.1000000000000000000000000000  tors_inj=1
  E_Hp: #E(F_p)=144  orders=[72, 36]  |H|=144  |H|/#E=1.000000000000000000000000000  tors_inj=1
  -> product over factors: |H_total|=165888  #J(F_p) ~ 3317760  density=0.05000000000000000000000000000

--- p = 163 ---
  E_ef: #E(F_p)=168  orders=[21, 42, 7]  |H|=84  |H|/#E=0.5000000000000000000000000000  tors_inj=1
  E_eg: #E(F_p)=168  orders=[42]  |H|=84  |H|/#E=0.5000000000000000000000000000  tors_inj=1
  E_Hp: #E(F_p)=160  orders=[80, 40]  |H|=160  |H|/#E=1.000000000000000000000000000  tors_inj=1
  -> product over factors: |H_total|=1128960  #J(F_p) ~ 4515840  density=0.2500000000000000000000000000

--- p = 167 ---
  E_ef: #E(F_p)=184  orders=[46, 46, 46]  |H|=92  |H|/#E=0.5000000000000000000000000000  tors_inj=1
  E_eg: #E(F_p)=184  orders=[46]  |H|=92  |H|/#E=0.5000000000000000000000000000  tors_inj=1
  E_Hp: #E(F_p)=152  orders=[38, 76]  |H|=152  |H|/#E=1.000000000000000000000000000  tors_inj=1
  -> product over factors: |H_total|=1286528  #J(F_p) ~ 5146112  density=0.2500000000000000000000000000

--- p = 173 ---
  E_ef: #E(F_p)=160  orders=[10, 20, 40]  |H|=80  |H|/#E=0.5000000000000000000000000000  tors_inj=1
  E_eg: #E(F_p)=176  orders=[22]  |H|=44  |H|/#E=0.2500000000000000000000000000  tors_inj=1
  E_Hp: #E(F_p)=160  orders=[40, 40]  |H|=80  |H|/#E=0.5000000000000000000000000000  tors_inj=1
  -> product over factors: |H_total|=281600  #J(F_p) ~ 4505600  density=0.06250000000000000000000000000

--- p = 179 ---
  E_ef: #E(F_p)=192  orders=[48, 48, 8]  |H|=96  |H|/#E=0.5000000000000000000000000000  tors_inj=1
  E_eg: #E(F_p)=176  orders=[22]  |H|=44  |H|/#E=0.2500000000000000000000000000  tors_inj=1
  E_Hp: #E(F_p)=168  orders=[84, 14]  |H|=168  |H|/#E=1.000000000000000000000000000  tors_inj=1
  -> product over factors: |H_total|=709632  #J(F_p) ~ 5677056  density=0.1250000000000000000000000000

--- p = 181 ---
  E_ef: #E(F_p)=160  orders=[40, 40, 20]  |H|=80  |H|/#E=0.5000000000000000000000000000  tors_inj=1
  E_eg: #E(F_p)=160  orders=[40]  |H|=80  |H|/#E=0.5000000000000000000000000000  tors_inj=1
  E_Hp: #E(F_p)=160  orders=[8, 8]  |H|=16  |H|/#E=0.1000000000000000000000000000  tors_inj=1
  -> product over factors: |H_total|=102400  #J(F_p) ~ 4096000  density=0.02500000000000000000000000000

--- p = 191 ---
  E_ef: #E(F_p)=192  orders=[8, 48, 48]  |H|=96  |H|/#E=0.5000000000000000000000000000  tors_inj=1
  E_eg: #E(F_p)=184  orders=[46]  |H|=92  |H|/#E=0.5000000000000000000000000000  tors_inj=1
  E_Hp: #E(F_p)=192  orders=[16, 96]  |H|=192  |H|/#E=1.000000000000000000000000000  tors_inj=1
  -> product over factors: |H_total|=1695744  #J(F_p) ~ 6782976  density=0.2500000000000000000000000000

--- p = 193 ---
  E_ef: #E(F_p)=216  orders=[54, 54, 6]  |H|=108  |H|/#E=0.5000000000000000000000000000  tors_inj=1
  E_eg: #E(F_p)=208  orders=[26]  |H|=52  |H|/#E=0.2500000000000000000000000000  tors_inj=1
  E_Hp: #E(F_p)=216  orders=[54, 108]  |H|=216  |H|/#E=1.000000000000000000000000000  tors_inj=1
  -> product over factors: |H_total|=1213056  #J(F_p) ~ 9704448  density=0.1250000000000000000000000000

--- p = 197 ---
  E_ef: #E(F_p)=224  orders=[28, 56, 28]  |H|=112  |H|/#E=0.5000000000000000000000000000  tors_inj=1
  E_eg: #E(F_p)=208  orders=[26]  |H|=52  |H|/#E=0.2500000000000000000000000000  tors_inj=1
  E_Hp: #E(F_p)=224  orders=[56, 28]  |H|=224  |H|/#E=1.000000000000000000000000000  tors_inj=1
  -> product over factors: |H_total|=1304576  #J(F_p) ~ 10436608  density=0.1250000000000000000000000000

--- p = 199 ---
  E_ef: #E(F_p)=192  orders=[24, 8, 4]  |H|=48  |H|/#E=0.2500000000000000000000000000  tors_inj=1
  E_eg: #E(F_p)=200  orders=[50]  |H|=100  |H|/#E=0.5000000000000000000000000000  tors_inj=1
  E_Hp: #E(F_p)=208  orders=[52, 104]  |H|=208  |H|/#E=1.000000000000000000000000000  tors_inj=1
  -> product over factors: |H_total|=998400  #J(F_p) ~ 7987200  density=0.1250000000000000000000000000

--- p = 211 ---
  E_ef: #E(F_p)=224  orders=[28, 28, 56]  |H|=112  |H|/#E=0.5000000000000000000000000000  tors_inj=1
  E_eg: #E(F_p)=208  orders=[13]  |H|=52  |H|/#E=0.2500000000000000000000000000  tors_inj=1
  E_Hp: #E(F_p)=200  orders=[20, 20]  |H|=200  |H|/#E=1.000000000000000000000000000  tors_inj=1
  -> product over factors: |H_total|=1164800  #J(F_p) ~ 9318400  density=0.1250000000000000000000000000

--- p = 223 ---
  E_ef: #E(F_p)=224  orders=[56, 56, 28]  |H|=112  |H|/#E=0.5000000000000000000000000000  tors_inj=1
  E_eg: #E(F_p)=232  orders=[58]  |H|=116  |H|/#E=0.5000000000000000000000000000  tors_inj=1
  E_Hp: #E(F_p)=224  orders=[14, 56]  |H|=112  |H|/#E=0.5000000000000000000000000000  tors_inj=1
  -> product over factors: |H_total|=1455104  #J(F_p) ~ 11640832  density=0.1250000000000000000000000000

--- p = 227 ---
  E_ef: #E(F_p)=208  orders=[26, 52, 26]  |H|=104  |H|/#E=0.5000000000000000000000000000  tors_inj=1
  E_eg: #E(F_p)=240  orders=[10]  |H|=20  |H|/#E=0.08333333333333333333333333333  tors_inj=1
  E_Hp: #E(F_p)=248  orders=[124, 124]  |H|=248  |H|/#E=1.000000000000000000000000000  tors_inj=1
  -> product over factors: |H_total|=515840  #J(F_p) ~ 12380160  density=0.04166666666666666666666666667

--- p = 229 ---
  E_ef: #E(F_p)=232  orders=[58, 58, 58]  |H|=116  |H|/#E=0.5000000000000000000000000000  tors_inj=1
  E_eg: #E(F_p)=256  orders=[16]  |H|=32  |H|/#E=0.1250000000000000000000000000  tors_inj=1
  E_Hp: #E(F_p)=232  orders=[116, 58]  |H|=232  |H|/#E=1.000000000000000000000000000  tors_inj=1
  -> product over factors: |H_total|=861184  #J(F_p) ~ 13778944  density=0.06250000000000000000000000000

--- p = 233 ---
  E_ef: #E(F_p)=248  orders=[31, 62, 31]  |H|=124  |H|/#E=0.5000000000000000000000000000  tors_inj=1
  E_eg: #E(F_p)=208  orders=[52]  |H|=104  |H|/#E=0.5000000000000000000000000000  tors_inj=1
  E_Hp: #E(F_p)=248  orders=[62, 124]  |H|=248  |H|/#E=1.000000000000000000000000000  tors_inj=1
  -> product over factors: |H_total|=3198208  #J(F_p) ~ 12792832  density=0.2500000000000000000000000000

--- p = 239 ---
  E_ef: #E(F_p)=224  orders=[14, 56, 56]  |H|=112  |H|/#E=0.5000000000000000000000000000  tors_inj=1
  E_eg: #E(F_p)=240  orders=[15]  |H|=60  |H|/#E=0.2500000000000000000000000000  tors_inj=1
  E_Hp: #E(F_p)=256  orders=[64, 128]  |H|=256  |H|/#E=1.000000000000000000000000000  tors_inj=1
  -> product over factors: |H_total|=1720320  #J(F_p) ~ 13762560  density=0.1250000000000000000000000000

--- p = 241 ---
  E_ef: #E(F_p)=224  orders=[56, 28, 56]  |H|=112  |H|/#E=0.5000000000000000000000000000  tors_inj=1
  E_eg: #E(F_p)=256  orders=[16]  |H|=32  |H|/#E=0.1250000000000000000000000000  tors_inj=1
  E_Hp: #E(F_p)=224  orders=[56, 28]  |H|=224  |H|/#E=1.000000000000000000000000000  tors_inj=1
  -> product over factors: |H_total|=802816  #J(F_p) ~ 12845056  density=0.06250000000000000000000000000

--- p = 251 ---
  E_ef: #E(F_p)=280  orders=[70, 7, 7]  |H|=140  |H|/#E=0.5000000000000000000000000000  tors_inj=1
  E_eg: #E(F_p)=248  orders=[62]  |H|=124  |H|/#E=0.5000000000000000000000000000  tors_inj=1
  E_Hp: #E(F_p)=224  orders=[112, 112]  |H|=224  |H|/#E=1.000000000000000000000000000  tors_inj=1
  -> product over factors: |H_total|=3888640  #J(F_p) ~ 15554560  density=0.2500000000000000000000000000

--- p = 257 ---
  E_ef: #E(F_p)=288  orders=[72, 36, 72]  |H|=144  |H|/#E=0.5000000000000000000000000000  tors_inj=1
  E_eg: #E(F_p)=240  orders=[12]  |H|=24  |H|/#E=0.1000000000000000000000000000  tors_inj=1
  E_Hp: #E(F_p)=288  orders=[36, 6]  |H|=72  |H|/#E=0.2500000000000000000000000000  tors_inj=1
  -> product over factors: |H_total|=248832  #J(F_p) ~ 19906560  density=0.01250000000000000000000000000

--- p = 263 ---
  E_ef: #E(F_p)=264  orders=[11, 66, 22]  |H|=132  |H|/#E=0.5000000000000000000000000000  tors_inj=1
  E_eg: #E(F_p)=248  orders=[62]  |H|=124  |H|/#E=0.5000000000000000000000000000  tors_inj=1
  E_Hp: #E(F_p)=264  orders=[66, 44]  |H|=264  |H|/#E=1.000000000000000000000000000  tors_inj=1
  -> product over factors: |H_total|=4321152  #J(F_p) ~ 17284608  density=0.2500000000000000000000000000

--- p = 269 ---
  E_ef: #E(F_p)=264  orders=[66, 33, 66]  |H|=132  |H|/#E=0.5000000000000000000000000000  tors_inj=1
  E_eg: #E(F_p)=288  orders=[18]  |H|=36  |H|/#E=0.1250000000000000000000000000  tors_inj=1
  E_Hp: #E(F_p)=264  orders=[132, 44]  |H|=264  |H|/#E=1.000000000000000000000000000  tors_inj=1
  -> product over factors: |H_total|=1254528  #J(F_p) ~ 20072448  density=0.06250000000000000000000000000

=== Fiber (73,24) SUMMARY ===
Primes used               : 50
Sum log10(density_p)      : -53.71619688225117271061726273
Total subgroup-bound prod : 2655889629909368764633615426163654241438021343217328896770384751977250931711640041965651458802561368768254259214062316076059088663772508188091483156922591394256762566215441123378516106370125210213527220069531908002556149760000000000000000000000000000
log10(total bound)        : 249.4242100232120617989149246
log10(prod #E_p)          : (informational)
log10(prod #J(F_p))       : 303.1404069054632345095321874
Sieve exclusion (log10)   : 53.71619688225117271061726273

========================================================
=== HARDENED MW SIEVE for fiber (88,35) ===
========================================================
  factor ef torsion gens: [[-53628641/4, 53628641/8], [-13374940, 6687470]]
  factor eg torsion gens: [[-78925709/4, 78925705/8], [-17758807, 8879403]]
  factor Hp torsion gens: [[-26814320, 0], [11131280, 0]]
Candidate primes : [11, 13, 17, 19, 23, 29, 31, 37, 41, 43, 47, 53, 59, 61, 67, 71, 73, 79, 83, 89, 97, 101, 103, 107, 109, 113, 127, 131, 137, 139, 149, 151, 157, 163, 167, 173, 179, 181, 191, 193, 197, 199, 211, 223, 227, 229, 233, 239, 241, 251, 257, 263, 269, 271, 277, 281, 283, 293, 307, 311, 313, 317, 331, 337, 347, 349, 353, 359, 367, 373]
Valid (good red.): [13, 17, 19, 23, 29, 37, 43, 47, 59, 61, 67, 71, 73, 79, 83, 89, 97, 101, 103, 107, 109, 113, 127, 131, 137, 139, 149, 151, 157, 163, 167, 173, 179, 181, 191, 193, 197, 199, 211, 223, 227, 229, 233, 239, 241, 251, 257, 263, 269, 271, 277, 281, 283, 293, 307, 311, 313, 317, 331, 337, 347, 349, 353, 367, 373]  (65 primes)
Using 50 primes: [13, 17, 19, 23, 29, 37, 43, 47, 59, 61, 67, 71, 73, 79, 83, 89, 97, 101, 103, 107, 109, 113, 127, 131, 137, 139, 149, 151, 157, 163, 167, 173, 179, 181, 191, 193, 197, 199, 211, 223, 227, 229, 233, 239, 241, 251, 257, 263, 269, 271]

--- p = 13 ---
  E_ef: #E(F_p)=16  orders=[4, 4, 4]  |H|=8  |H|/#E=0.5000000000000000000000000000  tors_inj=1
  E_eg: #E(F_p)=16  orders=[2, -1]  |H|=4  |H|/#E=0.2500000000000000000000000000  tors_inj=1 [some gens reduce to infty]
  E_Hp: #E(F_p)=16  orders=[8, 8, -1, 8]  |H|=16  |H|/#E=1.000000000000000000000000000  tors_inj=1 [some gens reduce to infty]
  -> product over factors: |H_total|=512  #J(F_p) ~ 4096  density=0.1250000000000000000000000000

--- p = 17 ---
  E_ef: #E(F_p)=24  orders=[-1, 6, 2]  |H|=12  |H|/#E=0.5000000000000000000000000000  tors_inj=1 [some gens reduce to infty]
  E_eg: #E(F_p)=16  orders=[4, -1]  |H|=8  |H|/#E=0.5000000000000000000000000000  tors_inj=1 [some gens reduce to infty]
  E_Hp: #E(F_p)=24  orders=[6, 4, 6, 6]  |H|=24  |H|/#E=1.000000000000000000000000000  tors_inj=1
  -> product over factors: |H_total|=2304  #J(F_p) ~ 9216  density=0.2500000000000000000000000000

--- p = 19 ---
  E_ef: #E(F_p)=24  orders=[6, 6, 6]  |H|=12  |H|/#E=0.5000000000000000000000000000  tors_inj=1
  E_eg: #E(F_p)=16  orders=[2, 2]  |H|=4  |H|/#E=0.2500000000000000000000000000  tors_inj=1
  E_Hp: #E(F_p)=16  orders=[8, 2, 8, 4]  |H|=16  |H|/#E=1.000000000000000000000000000  tors_inj=1
  -> product over factors: |H_total|=768  #J(F_p) ~ 6144  density=0.1250000000000000000000000000

--- p = 23 ---
  E_ef: #E(F_p)=24  orders=[6, 2, 3]  |H|=12  |H|/#E=0.5000000000000000000000000000  tors_inj=1
  E_eg: #E(F_p)=24  orders=[6, 3]  |H|=12  |H|/#E=0.5000000000000000000000000000  tors_inj=1
  E_Hp: #E(F_p)=24  orders=[6, 12, 4, 4]  |H|=24  |H|/#E=1.000000000000000000000000000  tors_inj=1
  -> product over factors: |H_total|=3456  #J(F_p) ~ 13824  density=0.2500000000000000000000000000

--- p = 29 ---
  E_ef: #E(F_p)=24  orders=[6, 2, 6]  |H|=12  |H|/#E=0.5000000000000000000000000000  tors_inj=1
  E_eg: #E(F_p)=32  orders=[8, 8]  |H|=16  |H|/#E=0.5000000000000000000000000000  tors_inj=1
  E_Hp: #E(F_p)=24  orders=[12, 6, 4, 3]  |H|=24  |H|/#E=1.000000000000000000000000000  tors_inj=1
  -> product over factors: |H_total|=4608  #J(F_p) ~ 18432  density=0.2500000000000000000000000000

--- p = 37 ---
  E_ef: #E(F_p)=48  orders=[12, 12, 12]  |H|=24  |H|/#E=0.5000000000000000000000000000  tors_inj=1
  E_eg: #E(F_p)=32  orders=[-1, 4]  |H|=8  |H|/#E=0.2500000000000000000000000000  tors_inj=1 [some gens reduce to infty]
  E_Hp: #E(F_p)=48  orders=[12, 12, 12, 12]  |H|=48  |H|/#E=1.000000000000000000000000000  tors_inj=1
  -> product over factors: |H_total|=9216  #J(F_p) ~ 73728  density=0.1250000000000000000000000000

--- p = 43 ---
  E_ef: #E(F_p)=40  orders=[10, 10, 10]  |H|=20  |H|/#E=0.5000000000000000000000000000  tors_inj=1
  E_eg: #E(F_p)=48  orders=[2, 6]  |H|=12  |H|/#E=0.2500000000000000000000000000  tors_inj=1
  E_Hp: #E(F_p)=48  orders=[24, 24, 8, 2]  |H|=48  |H|/#E=1.000000000000000000000000000  tors_inj=1
  -> product over factors: |H_total|=11520  #J(F_p) ~ 92160  density=0.1250000000000000000000000000

--- p = 47 ---
  E_ef: #E(F_p)=48  orders=[6, 12, 4]  |H|=24  |H|/#E=0.5000000000000000000000000000  tors_inj=1
  E_eg: #E(F_p)=40  orders=[2, 2]  |H|=4  |H|/#E=0.1000000000000000000000000000  tors_inj=1
  E_Hp: #E(F_p)=48  orders=[6, 24, 12, 6]  |H|=48  |H|/#E=1.000000000000000000000000000  tors_inj=1
  -> product over factors: |H_total|=4608  #J(F_p) ~ 92160  density=0.05000000000000000000000000000

--- p = 59 ---
  E_ef: #E(F_p)=64  orders=[16, 16, 16]  |H|=32  |H|/#E=0.5000000000000000000000000000  tors_inj=1
  E_eg: #E(F_p)=64  orders=[8, 8]  |H|=16  |H|/#E=0.2500000000000000000000000000  tors_inj=1
  E_Hp: #E(F_p)=56  orders=[28, 7, 14, 28]  |H|=56  |H|/#E=1.000000000000000000000000000  tors_inj=1
  -> product over factors: |H_total|=28672  #J(F_p) ~ 229376  density=0.1250000000000000000000000000

--- p = 61 ---
  E_ef: #E(F_p)=56  orders=[14, 7, 14]  |H|=28  |H|/#E=0.5000000000000000000000000000  tors_inj=1
  E_eg: #E(F_p)=64  orders=[16, 8]  |H|=32  |H|/#E=0.5000000000000000000000000000  tors_inj=1
  E_Hp: #E(F_p)=56  orders=[28, 14, 14, 28]  |H|=56  |H|/#E=1.000000000000000000000000000  tors_inj=1
  -> product over factors: |H_total|=50176  #J(F_p) ~ 200704  density=0.2500000000000000000000000000

--- p = 67 ---
  E_ef: #E(F_p)=72  orders=[3, 18, 18]  |H|=36  |H|/#E=0.5000000000000000000000000000  tors_inj=1
  E_eg: #E(F_p)=72  orders=[9, 9]  |H|=36  |H|/#E=0.5000000000000000000000000000  tors_inj=1
  E_Hp: #E(F_p)=64  orders=[32, 32, 8, 32]  |H|=64  |H|/#E=1.000000000000000000000000000  tors_inj=1
  -> product over factors: |H_total|=82944  #J(F_p) ~ 331776  density=0.2500000000000000000000000000

--- p = 71 ---
  E_ef: #E(F_p)=56  orders=[7, 14, 14]  |H|=28  |H|/#E=0.5000000000000000000000000000  tors_inj=1
  E_eg: #E(F_p)=72  orders=[9, 3]  |H|=36  |H|/#E=0.5000000000000000000000000000  tors_inj=1
  E_Hp: #E(F_p)=88  orders=[22, 22, 44, 44]  |H|=88  |H|/#E=1.000000000000000000000000000  tors_inj=1
  -> product over factors: |H_total|=88704  #J(F_p) ~ 354816  density=0.2500000000000000000000000000

--- p = 73 ---
  E_ef: #E(F_p)=80  orders=[20, 10, 10]  |H|=40  |H|/#E=0.5000000000000000000000000000  tors_inj=1
  E_eg: #E(F_p)=80  orders=[20, 10]  |H|=40  |H|/#E=0.5000000000000000000000000000  tors_inj=1
  E_Hp: #E(F_p)=80  orders=[10, 4, 20, 20]  |H|=80  |H|/#E=1.000000000000000000000000000  tors_inj=1
  -> product over factors: |H_total|=128000  #J(F_p) ~ 512000  density=0.2500000000000000000000000000

--- p = 79 ---
  E_ef: #E(F_p)=96  orders=[6, 12, 4]  |H|=24  |H|/#E=0.2500000000000000000000000000  tors_inj=1
  E_eg: #E(F_p)=80  orders=[10, 10]  |H|=20  |H|/#E=0.2500000000000000000000000000  tors_inj=1
  E_Hp: #E(F_p)=64  orders=[16, 16, 32, 32]  |H|=64  |H|/#E=1.000000000000000000000000000  tors_inj=1
  -> product over factors: |H_total|=30720  #J(F_p) ~ 491520  density=0.06250000000000000000000000000

--- p = 83 ---
  E_ef: #E(F_p)=88  orders=[22, 11, 11]  |H|=44  |H|/#E=0.5000000000000000000000000000  tors_inj=1
  E_eg: #E(F_p)=72  orders=[3, 3]  |H|=12  |H|/#E=0.1666666666666666666666666667  tors_inj=1
  E_Hp: #E(F_p)=80  orders=[40, 8, 40, 20]  |H|=80  |H|/#E=1.000000000000000000000000000  tors_inj=1
  -> product over factors: |H_total|=42240  #J(F_p) ~ 506880  density=0.08333333333333333333333333333

--- p = 89 ---
  E_ef: #E(F_p)=96  orders=[6, 24, 6]  |H|=48  |H|/#E=0.5000000000000000000000000000  tors_inj=1
  E_eg: #E(F_p)=96  orders=[6, 12]  |H|=24  |H|/#E=0.2500000000000000000000000000  tors_inj=1
  E_Hp: #E(F_p)=96  orders=[8, 24, 24, 12]  |H|=96  |H|/#E=1.000000000000000000000000000  tors_inj=1
  -> product over factors: |H_total|=110592  #J(F_p) ~ 884736  density=0.1250000000000000000000000000

--- p = 97 ---
  E_ef: #E(F_p)=112  orders=[14, 7, 14]  |H|=28  |H|/#E=0.2500000000000000000000000000  tors_inj=1
  E_eg: #E(F_p)=80  orders=[20, 20]  |H|=40  |H|/#E=0.5000000000000000000000000000  tors_inj=1
  E_Hp: #E(F_p)=112  orders=[28, 4, 14, 14]  |H|=112  |H|/#E=1.000000000000000000000000000  tors_inj=1
  -> product over factors: |H_total|=125440  #J(F_p) ~ 1003520  density=0.1250000000000000000000000000

--- p = 101 ---
  E_ef: #E(F_p)=112  orders=[28, 14, 14]  |H|=56  |H|/#E=0.5000000000000000000000000000  tors_inj=1
  E_eg: #E(F_p)=96  orders=[12, 3]  |H|=24  |H|/#E=0.2500000000000000000000000000  tors_inj=1
  E_Hp: #E(F_p)=112  orders=[28, 14, 28, 4]  |H|=112  |H|/#E=1.000000000000000000000000000  tors_inj=1
  -> product over factors: |H_total|=150528  #J(F_p) ~ 1204224  density=0.1250000000000000000000000000

--- p = 103 ---
  E_ef: #E(F_p)=104  orders=[2, 26, 13]  |H|=52  |H|/#E=0.5000000000000000000000000000  tors_inj=1
  E_eg: #E(F_p)=96  orders=[12, 12]  |H|=24  |H|/#E=0.2500000000000000000000000000  tors_inj=1
  E_Hp: #E(F_p)=104  orders=[26, 52, 52, 52]  |H|=104  |H|/#E=1.000000000000000000000000000  tors_inj=1
  -> product over factors: |H_total|=129792  #J(F_p) ~ 1038336  density=0.1250000000000000000000000000

--- p = 107 ---
  E_ef: #E(F_p)=112  orders=[28, 28, 28]  |H|=56  |H|/#E=0.5000000000000000000000000000  tors_inj=1
  E_eg: #E(F_p)=104  orders=[13, 26]  |H|=52  |H|/#E=0.5000000000000000000000000000  tors_inj=1
  E_Hp: #E(F_p)=104  orders=[52, 52, 52, 26]  |H|=104  |H|/#E=1.000000000000000000000000000  tors_inj=1
  -> product over factors: |H_total|=302848  #J(F_p) ~ 1211392  density=0.2500000000000000000000000000

--- p = 109 ---
  E_ef: #E(F_p)=120  orders=[15, 5, 30]  |H|=60  |H|/#E=0.5000000000000000000000000000  tors_inj=1
  E_eg: #E(F_p)=96  orders=[12, 6]  |H|=24  |H|/#E=0.2500000000000000000000000000  tors_inj=1
  E_Hp: #E(F_p)=120  orders=[60, 10, 12, 30]  |H|=120  |H|/#E=1.000000000000000000000000000  tors_inj=1
  -> product over factors: |H_total|=172800  #J(F_p) ~ 1382400  density=0.1250000000000000000000000000

--- p = 113 ---
  E_ef: #E(F_p)=96  orders=[12, 12, 12]  |H|=48  |H|/#E=0.5000000000000000000000000000  tors_inj=1
  E_eg: #E(F_p)=112  orders=[28, 14]  |H|=56  |H|/#E=0.5000000000000000000000000000  tors_inj=1
  E_Hp: #E(F_p)=96  orders=[12, 8, 8, 8]  |H|=96  |H|/#E=1.000000000000000000000000000  tors_inj=1
  -> product over factors: |H_total|=258048  #J(F_p) ~ 1032192  density=0.2500000000000000000000000000

--- p = 127 ---
  E_ef: #E(F_p)=136  orders=[34, 34, 34]  |H|=68  |H|/#E=0.5000000000000000000000000000  tors_inj=1
  E_eg: #E(F_p)=128  orders=[16, 4]  |H|=32  |H|/#E=0.2500000000000000000000000000  tors_inj=1
  E_Hp: #E(F_p)=120  orders=[30, 60, 20, 20]  |H|=120  |H|/#E=1.000000000000000000000000000  tors_inj=1
  -> product over factors: |H_total|=261120  #J(F_p) ~ 2088960  density=0.1250000000000000000000000000

--- p = 131 ---
  E_ef: #E(F_p)=120  orders=[15, 15, 5]  |H|=60  |H|/#E=0.5000000000000000000000000000  tors_inj=1
  E_eg: #E(F_p)=128  orders=[16, 4]  |H|=32  |H|/#E=0.2500000000000000000000000000  tors_inj=1
  E_Hp: #E(F_p)=144  orders=[72, 18, 12, 72]  |H|=144  |H|/#E=1.000000000000000000000000000  tors_inj=1
  -> product over factors: |H_total|=276480  #J(F_p) ~ 2211840  density=0.1250000000000000000000000000

--- p = 137 ---
  E_ef: #E(F_p)=128  orders=[8, 16, 16]  |H|=64  |H|/#E=0.5000000000000000000000000000  tors_inj=1
  E_eg: #E(F_p)=144  orders=[6, 18]  |H|=36  |H|/#E=0.2500000000000000000000000000  tors_inj=1
  E_Hp: #E(F_p)=128  orders=[16, 32, 16, 16]  |H|=128  |H|/#E=1.000000000000000000000000000  tors_inj=1
  -> product over factors: |H_total|=294912  #J(F_p) ~ 2359296  density=0.1250000000000000000000000000

--- p = 139 ---
  E_ef: #E(F_p)=128  orders=[16, 16, 16]  |H|=32  |H|/#E=0.2500000000000000000000000000  tors_inj=1
  E_eg: #E(F_p)=136  orders=[34, 17]  |H|=68  |H|/#E=0.5000000000000000000000000000  tors_inj=1
  E_Hp: #E(F_p)=152  orders=[76, 38, 19, 76]  |H|=152  |H|/#E=1.000000000000000000000000000  tors_inj=1
  -> product over factors: |H_total|=330752  #J(F_p) ~ 2646016  density=0.1250000000000000000000000000

--- p = 149 ---
  E_ef: #E(F_p)=168  orders=[42, 14, 42]  |H|=84  |H|/#E=0.5000000000000000000000000000  tors_inj=1
  E_eg: #E(F_p)=128  orders=[8, 4]  |H|=16  |H|/#E=0.1250000000000000000000000000  tors_inj=1
  E_Hp: #E(F_p)=168  orders=[28, 21, 84, 3]  |H|=168  |H|/#E=1.000000000000000000000000000  tors_inj=1
  -> product over factors: |H_total|=225792  #J(F_p) ~ 3612672  density=0.06250000000000000000000000000

--- p = 151 ---
  E_ef: #E(F_p)=160  orders=[5, 10, 20]  |H|=40  |H|/#E=0.2500000000000000000000000000  tors_inj=1
  E_eg: #E(F_p)=168  orders=[7, 42]  |H|=84  |H|/#E=0.5000000000000000000000000000  tors_inj=1
  E_Hp: #E(F_p)=144  orders=[18, 18, 72, 72]  |H|=144  |H|/#E=1.000000000000000000000000000  tors_inj=1
  -> product over factors: |H_total|=483840  #J(F_p) ~ 3870720  density=0.1250000000000000000000000000

--- p = 157 ---
  E_ef: #E(F_p)=160  orders=[40, 5, 8]  |H|=80  |H|/#E=0.5000000000000000000000000000  tors_inj=1
  E_eg: #E(F_p)=176  orders=[11, 44]  |H|=88  |H|/#E=0.5000000000000000000000000000  tors_inj=1
  E_Hp: #E(F_p)=160  orders=[40, 40, 10, 8]  |H|=160  |H|/#E=1.000000000000000000000000000  tors_inj=1
  -> product over factors: |H_total|=1126400  #J(F_p) ~ 4505600  density=0.2500000000000000000000000000

--- p = 163 ---
  E_ef: #E(F_p)=144  orders=[6, 12, 3]  |H|=72  |H|/#E=0.5000000000000000000000000000  tors_inj=1
  E_eg: #E(F_p)=160  orders=[20, 5]  |H|=40  |H|/#E=0.2500000000000000000000000000  tors_inj=1
  E_Hp: #E(F_p)=184  orders=[92, 92, 4, 23]  |H|=184  |H|/#E=1.000000000000000000000000000  tors_inj=1
  -> product over factors: |H_total|=529920  #J(F_p) ~ 4239360  density=0.1250000000000000000000000000

--- p = 167 ---
  E_ef: #E(F_p)=192  orders=[16, 48, 48]  |H|=96  |H|/#E=0.5000000000000000000000000000  tors_inj=1
  E_eg: #E(F_p)=152  orders=[38, 19]  |H|=76  |H|/#E=0.5000000000000000000000000000  tors_inj=1
  E_Hp: #E(F_p)=144  orders=[9, 72, 18, 36]  |H|=144  |H|/#E=1.000000000000000000000000000  tors_inj=1
  -> product over factors: |H_total|=1050624  #J(F_p) ~ 4202496  density=0.2500000000000000000000000000

--- p = 173 ---
  E_ef: #E(F_p)=168  orders=[21, 21, 6]  |H|=84  |H|/#E=0.5000000000000000000000000000  tors_inj=1
  E_eg: #E(F_p)=160  orders=[5, 5]  |H|=20  |H|/#E=0.1250000000000000000000000000  tors_inj=1
  E_Hp: #E(F_p)=168  orders=[84, 84, 84, 42]  |H|=168  |H|/#E=1.000000000000000000000000000  tors_inj=1
  -> product over factors: |H_total|=282240  #J(F_p) ~ 4515840  density=0.06250000000000000000000000000

--- p = 179 ---
  E_ef: #E(F_p)=160  orders=[40, 40, 40]  |H|=80  |H|/#E=0.5000000000000000000000000000  tors_inj=1
  E_eg: #E(F_p)=176  orders=[22, 22]  |H|=44  |H|/#E=0.2500000000000000000000000000  tors_inj=1
  E_Hp: #E(F_p)=200  orders=[100, 50, 100, 50]  |H|=200  |H|/#E=1.000000000000000000000000000  tors_inj=1
  -> product over factors: |H_total|=704000  #J(F_p) ~ 5632000  density=0.1250000000000000000000000000

--- p = 181 ---
  E_ef: #E(F_p)=176  orders=[22, 11, 22]  |H|=44  |H|/#E=0.2500000000000000000000000000  tors_inj=1
  E_eg: #E(F_p)=192  orders=[8, 24]  |H|=48  |H|/#E=0.2500000000000000000000000000  tors_inj=1
  E_Hp: #E(F_p)=176  orders=[44, 11, 4, 22]  |H|=176  |H|/#E=1.000000000000000000000000000  tors_inj=1
  -> product over factors: |H_total|=371712  #J(F_p) ~ 5947392  density=0.06250000000000000000000000000

--- p = 191 ---
  E_ef: #E(F_p)=184  orders=[46, 46, 46]  |H|=92  |H|/#E=0.5000000000000000000000000000  tors_inj=1
  E_eg: #E(F_p)=200  orders=[25, -1]  |H|=100  |H|/#E=0.5000000000000000000000000000  tors_inj=1 [some gens reduce to infty]
  E_Hp: #E(F_p)=200  orders=[10, 10, 20, 20]  |H|=200  |H|/#E=1.000000000000000000000000000  tors_inj=1
  -> product over factors: |H_total|=1840000  #J(F_p) ~ 7360000  density=0.2500000000000000000000000000

--- p = 193 ---
  E_ef: #E(F_p)=192  orders=[12, 12, 24]  |H|=96  |H|/#E=0.5000000000000000000000000000  tors_inj=1
  E_eg: #E(F_p)=192  orders=[48, 48]  |H|=96  |H|/#E=0.5000000000000000000000000000  tors_inj=1
  E_Hp: #E(F_p)=192  orders=[12, 8, 24, 24]  |H|=192  |H|/#E=1.000000000000000000000000000  tors_inj=1
  -> product over factors: |H_total|=1769472  #J(F_p) ~ 7077888  density=0.2500000000000000000000000000

--- p = 197 ---
  E_ef: #E(F_p)=208  orders=[26, 26, 13]  |H|=52  |H|/#E=0.2500000000000000000000000000  tors_inj=1
  E_eg: #E(F_p)=224  orders=[14, 28]  |H|=56  |H|/#E=0.2500000000000000000000000000  tors_inj=1
  E_Hp: #E(F_p)=208  orders=[52, 52, 52, 13]  |H|=104  |H|/#E=0.5000000000000000000000000000  tors_inj=1
  -> product over factors: |H_total|=302848  #J(F_p) ~ 9691136  density=0.03125000000000000000000000000

--- p = 199 ---
  E_ef: #E(F_p)=192  orders=[16, 48, 48]  |H|=96  |H|/#E=0.5000000000000000000000000000  tors_inj=1
  E_eg: #E(F_p)=208  orders=[13, 26]  |H|=52  |H|/#E=0.2500000000000000000000000000  tors_inj=1
  E_Hp: #E(F_p)=208  orders=[13, 13, 104, 104]  |H|=208  |H|/#E=1.000000000000000000000000000  tors_inj=1
  -> product over factors: |H_total|=1038336  #J(F_p) ~ 8306688  density=0.1250000000000000000000000000

--- p = 211 ---
  E_ef: #E(F_p)=208  orders=[26, 26, 26]  |H|=52  |H|/#E=0.2500000000000000000000000000  tors_inj=1
  E_eg: #E(F_p)=192  orders=[24, 2]  |H|=48  |H|/#E=0.2500000000000000000000000000  tors_inj=1
  E_Hp: #E(F_p)=216  orders=[12, 18, 36, 18]  |H|=216  |H|/#E=1.000000000000000000000000000  tors_inj=1
  -> product over factors: |H_total|=539136  #J(F_p) ~ 8626176  density=0.06250000000000000000000000000

--- p = 223 ---
  E_ef: #E(F_p)=232  orders=[29, 58, 58]  |H|=116  |H|/#E=0.5000000000000000000000000000  tors_inj=1
  E_eg: #E(F_p)=240  orders=[6, 10]  |H|=60  |H|/#E=0.2500000000000000000000000000  tors_inj=1
  E_Hp: #E(F_p)=216  orders=[54, 108, 108, 108]  |H|=216  |H|/#E=1.000000000000000000000000000  tors_inj=1
  -> product over factors: |H_total|=1503360  #J(F_p) ~ 12026880  density=0.1250000000000000000000000000

--- p = 227 ---
  E_ef: #E(F_p)=208  orders=[26, 52, 26]  |H|=104  |H|/#E=0.5000000000000000000000000000  tors_inj=1
  E_eg: #E(F_p)=240  orders=[30, 30]  |H|=60  |H|/#E=0.2500000000000000000000000000  tors_inj=1
  E_Hp: #E(F_p)=248  orders=[124, 124, 62, 124]  |H|=248  |H|/#E=1.000000000000000000000000000  tors_inj=1
  -> product over factors: |H_total|=1547520  #J(F_p) ~ 12380160  density=0.1250000000000000000000000000

--- p = 229 ---
  E_ef: #E(F_p)=240  orders=[10, 3, 60]  |H|=120  |H|/#E=0.5000000000000000000000000000  tors_inj=1
  E_eg: #E(F_p)=224  orders=[56, 56]  |H|=112  |H|/#E=0.5000000000000000000000000000  tors_inj=1
  E_Hp: #E(F_p)=240  orders=[120, 20, 120, 30]  |H|=240  |H|/#E=1.000000000000000000000000000  tors_inj=1
  -> product over factors: |H_total|=3225600  #J(F_p) ~ 12902400  density=0.2500000000000000000000000000

--- p = 233 ---
  E_ef: #E(F_p)=216  orders=[18, 6, 54]  |H|=108  |H|/#E=0.5000000000000000000000000000  tors_inj=1
  E_eg: #E(F_p)=240  orders=[12, 60]  |H|=120  |H|/#E=0.5000000000000000000000000000  tors_inj=1
  E_Hp: #E(F_p)=216  orders=[6, 108, 18, 54]  |H|=216  |H|/#E=1.000000000000000000000000000  tors_inj=1
  -> product over factors: |H_total|=2799360  #J(F_p) ~ 11197440  density=0.2500000000000000000000000000

--- p = 239 ---
  E_ef: #E(F_p)=256  orders=[64, 64, 64]  |H|=128  |H|/#E=0.5000000000000000000000000000  tors_inj=1
  E_eg: #E(F_p)=232  orders=[29, 58]  |H|=116  |H|/#E=0.5000000000000000000000000000  tors_inj=1
  E_Hp: #E(F_p)=224  orders=[56, 56, 112, 112]  |H|=224  |H|/#E=1.000000000000000000000000000  tors_inj=1
  -> product over factors: |H_total|=3325952  #J(F_p) ~ 13303808  density=0.2500000000000000000000000000

--- p = 241 ---
  E_ef: #E(F_p)=256  orders=[32, 32, 32]  |H|=64  |H|/#E=0.2500000000000000000000000000  tors_inj=1
  E_eg: #E(F_p)=224  orders=[14, 28]  |H|=56  |H|/#E=0.2500000000000000000000000000  tors_inj=1
  E_Hp: #E(F_p)=256  orders=[16, 8, 8, 32]  |H|=128  |H|/#E=0.5000000000000000000000000000  tors_inj=1
  -> product over factors: |H_total|=458752  #J(F_p) ~ 14680064  density=0.03125000000000000000000000000

--- p = 251 ---
  E_ef: #E(F_p)=224  orders=[14, 56, 8]  |H|=112  |H|/#E=0.5000000000000000000000000000  tors_inj=1
  E_eg: #E(F_p)=280  orders=[70, 70]  |H|=140  |H|/#E=0.5000000000000000000000000000  tors_inj=1
  E_Hp: #E(F_p)=280  orders=[140, 70, 7, 140]  |H|=280  |H|/#E=1.000000000000000000000000000  tors_inj=1
  -> product over factors: |H_total|=4390400  #J(F_p) ~ 17561600  density=0.2500000000000000000000000000

--- p = 257 ---
  E_ef: #E(F_p)=272  orders=[34, 34, 2]  |H|=68  |H|/#E=0.2500000000000000000000000000  tors_inj=1
  E_eg: #E(F_p)=288  orders=[36, 4]  |H|=72  |H|/#E=0.2500000000000000000000000000  tors_inj=1
  E_Hp: #E(F_p)=272  orders=[68, 68, 34, 2]  |H|=272  |H|/#E=1.000000000000000000000000000  tors_inj=1
  -> product over factors: |H_total|=1331712  #J(F_p) ~ 21307392  density=0.06250000000000000000000000000

--- p = 263 ---
  E_ef: #E(F_p)=264  orders=[66, 22, 66]  |H|=132  |H|/#E=0.5000000000000000000000000000  tors_inj=1
  E_eg: #E(F_p)=240  orders=[30, 30]  |H|=60  |H|/#E=0.2500000000000000000000000000  tors_inj=1
  E_Hp: #E(F_p)=264  orders=[33, 132, 66, 66]  |H|=264  |H|/#E=1.000000000000000000000000000  tors_inj=1
  -> product over factors: |H_total|=2090880  #J(F_p) ~ 16727040  density=0.1250000000000000000000000000

--- p = 269 ---
  E_ef: #E(F_p)=288  orders=[24, 72, 18]  |H|=144  |H|/#E=0.5000000000000000000000000000  tors_inj=1
  E_eg: #E(F_p)=272  orders=[34, 34]  |H|=68  |H|/#E=0.2500000000000000000000000000  tors_inj=1
  E_Hp: #E(F_p)=288  orders=[16, 36, 8, 48]  |H|=288  |H|/#E=1.000000000000000000000000000  tors_inj=1
  -> product over factors: |H_total|=2820096  #J(F_p) ~ 22560768  density=0.1250000000000000000000000000

--- p = 271 ---
  E_ef: #E(F_p)=248  orders=[62, 31, 31]  |H|=124  |H|/#E=0.5000000000000000000000000000  tors_inj=1
  E_eg: #E(F_p)=296  orders=[37, 37]  |H|=148  |H|/#E=0.5000000000000000000000000000  tors_inj=1
  E_Hp: #E(F_p)=296  orders=[37, 74, 74, 74]  |H|=148  |H|/#E=0.5000000000000000000000000000  tors_inj=1
  -> product over factors: |H_total|=2716096  #J(F_p) ~ 21728768  density=0.1250000000000000000000000000

=== Fiber (88,35) SUMMARY ===
Primes used               : 50
Sum log10(density_p)      : -43.62132064767702976721847316
Total subgroup-bound prod : 2681224187560693965102865142753231063779060176051392115442647641373989069553859754116241528223363097669869679023538723362313691876661508801474388169696042261139094975054367804173150570303442790949035576806406609447518227392620228771840000000000000000000000000000000
log10(total bound)        : 264.4283331285483180444490124
log10(prod #E_p)          : (informational)
log10(prod #J(F_p))       : 308.0496537762253478116674855
Sieve exclusion (log10)   : 43.62132064767702976721847316

========================================================
=== HARDENED MW SIEVE for fiber (99,28) ===
========================================================
  factor ef torsion gens: [[-74694817/4, 74694817/8], [-15658272, 7829136]]
  factor eg torsion gens: [[-95185441/4, 95185441/8], [-17443440, 8721720]]
  factor fg torsion gens: [[-32224752, 0], [-31610096, 0]]
  factor Hp torsion gens: [[-37347408, 0], [-6611472, 0]]
Candidate primes : [11, 13, 17, 19, 23, 29, 31, 37, 41, 43, 47, 53, 59, 61, 67, 71, 73, 79, 83, 89, 97, 101, 103, 107, 109, 113, 127, 131, 137, 139, 149, 151, 157, 163, 167, 173, 179, 181, 191, 193, 197, 199, 211, 223, 227, 229, 233, 239, 241, 251, 257, 263, 269, 271, 277, 281, 283, 293, 307, 311, 313, 317, 331, 337, 347, 349, 353, 359, 367, 373]
Valid (good red.): [13, 17, 19, 31, 37, 41, 43, 47, 53, 59, 61, 67, 79, 83, 89, 97, 101, 103, 107, 109, 113, 131, 137, 139, 149, 157, 163, 167, 173, 179, 181, 191, 193, 197, 199, 211, 223, 227, 229, 233, 239, 241, 251, 257, 263, 269, 271, 277, 281, 283, 293, 307, 311, 313, 317, 331, 337, 347, 349, 353, 359, 367, 373]  (63 primes)
Using 50 primes: [13, 17, 19, 31, 37, 41, 43, 47, 53, 59, 61, 67, 79, 83, 89, 97, 101, 103, 107, 109, 113, 131, 137, 139, 149, 157, 163, 167, 173, 179, 181, 191, 193, 197, 199, 211, 223, 227, 229, 233, 239, 241, 251, 257, 263, 269, 271, 277, 281, 283]

--- p = 13 ---
  E_ef: #E(F_p)=16  orders=[4, 2, 2, 2]  |H|=8  |H|/#E=0.5000000000000000000000000000  tors_inj=1
  E_eg: #E(F_p)=16  orders=[2, 2]  |H|=4  |H|/#E=0.2500000000000000000000000000  tors_inj=1
  E_fg: #E(F_p)=16  orders=[4]  |H|=8  |H|/#E=0.5000000000000000000000000000  tors_inj=1
  E_Hp: #E(F_p)=16  orders=[8]  |H|=16  |H|/#E=1.000000000000000000000000000  tors_inj=1
  -> product over factors: |H_total|=4096  #J(F_p) ~ 65536  density=0.06250000000000000000000000000

--- p = 17 ---
  E_ef: #E(F_p)=24  orders=[6, 6, 2, 3]  |H|=12  |H|/#E=0.5000000000000000000000000000  tors_inj=1
  E_eg: #E(F_p)=16  orders=[4, 2]  |H|=8  |H|/#E=0.5000000000000000000000000000  tors_inj=1
  E_fg: #E(F_p)=16  orders=[2]  |H|=4  |H|/#E=0.2500000000000000000000000000  tors_inj=1
  E_Hp: #E(F_p)=24  orders=[3]  |H|=12  |H|/#E=0.5000000000000000000000000000  tors_inj=1
  -> product over factors: |H_total|=4608  #J(F_p) ~ 147456  density=0.03125000000000000000000000000

--- p = 19 ---
  E_ef: #E(F_p)=24  orders=[6, 2, 3, 2]  |H|=12  |H|/#E=0.5000000000000000000000000000  tors_inj=1
  E_eg: #E(F_p)=24  orders=[6, -1]  |H|=12  |H|/#E=0.5000000000000000000000000000  tors_inj=1 [some gens reduce to infty]
  E_fg: #E(F_p)=16  orders=[2]  |H|=4  |H|/#E=0.2500000000000000000000000000  tors_inj=1
  E_Hp: #E(F_p)=16  orders=[8]  |H|=16  |H|/#E=1.000000000000000000000000000  tors_inj=1
  -> product over factors: |H_total|=9216  #J(F_p) ~ 147456  density=0.06250000000000000000000000000

--- p = 31 ---
  E_ef: #E(F_p)=32  orders=[8, 8, 4, 8]  |H|=16  |H|/#E=0.5000000000000000000000000000  tors_inj=1
  E_eg: #E(F_p)=32  orders=[4, 2]  |H|=8  |H|/#E=0.2500000000000000000000000000  tors_inj=1
  E_fg: #E(F_p)=32  orders=[8]  |H|=16  |H|/#E=0.5000000000000000000000000000  tors_inj=1
  E_Hp: #E(F_p)=32  orders=[8]  |H|=16  |H|/#E=0.5000000000000000000000000000  tors_inj=1
  -> product over factors: |H_total|=32768  #J(F_p) ~ 1048576  density=0.03125000000000000000000000000

--- p = 37 ---
  E_ef: #E(F_p)=48  orders=[6, 12, 6, 12]  |H|=24  |H|/#E=0.5000000000000000000000000000  tors_inj=1
  E_eg: #E(F_p)=32  orders=[4, 4]  |H|=8  |H|/#E=0.2500000000000000000000000000  tors_inj=1
  E_fg: #E(F_p)=32  orders=[2]  |H|=4  |H|/#E=0.1250000000000000000000000000  tors_inj=1
  E_Hp: #E(F_p)=48  orders=[12]  |H|=24  |H|/#E=0.5000000000000000000000000000  tors_inj=1
  -> product over factors: |H_total|=18432  #J(F_p) ~ 2359296  density=0.007812500000000000000000000000

--- p = 41 ---
  E_ef: #E(F_p)=48  orders=[12, 12, 4, 4]  |H|=24  |H|/#E=0.5000000000000000000000000000  tors_inj=1
  E_eg: #E(F_p)=48  orders=[12, 6]  |H|=24  |H|/#E=0.5000000000000000000000000000  tors_inj=1
  E_fg: #E(F_p)=48  orders=[4]  |H|=8  |H|/#E=0.1666666666666666666666666667  tors_inj=1
  E_Hp: #E(F_p)=48  orders=[12]  |H|=24  |H|/#E=0.5000000000000000000000000000  tors_inj=1
  -> product over factors: |H_total|=110592  #J(F_p) ~ 5308416  density=0.02083333333333333333333333333

--- p = 43 ---
  E_ef: #E(F_p)=48  orders=[4, 4, 12, 12]  |H|=24  |H|/#E=0.5000000000000000000000000000  tors_inj=1
  E_eg: #E(F_p)=40  orders=[10, 10]  |H|=20  |H|/#E=0.5000000000000000000000000000  tors_inj=1
  E_fg: #E(F_p)=48  orders=[12]  |H|=24  |H|/#E=0.5000000000000000000000000000  tors_inj=1
  E_Hp: #E(F_p)=40  orders=[20]  |H|=40  |H|/#E=1.000000000000000000000000000  tors_inj=1
  -> product over factors: |H_total|=460800  #J(F_p) ~ 3686400  density=0.1250000000000000000000000000

--- p = 47 ---
  E_ef: #E(F_p)=48  orders=[12, 6, 4, 12]  |H|=24  |H|/#E=0.5000000000000000000000000000  tors_inj=1
  E_eg: #E(F_p)=56  orders=[14, 7]  |H|=28  |H|/#E=0.5000000000000000000000000000  tors_inj=1
  E_fg: #E(F_p)=40  orders=[10]  |H|=20  |H|/#E=0.5000000000000000000000000000  tors_inj=1
  E_Hp: #E(F_p)=48  orders=[12]  |H|=24  |H|/#E=0.5000000000000000000000000000  tors_inj=1
  -> product over factors: |H_total|=322560  #J(F_p) ~ 5160960  density=0.06250000000000000000000000000

--- p = 53 ---
  E_ef: #E(F_p)=56  orders=[14, 7, 7, 14]  |H|=28  |H|/#E=0.5000000000000000000000000000  tors_inj=1
  E_eg: #E(F_p)=64  orders=[8, 8]  |H|=16  |H|/#E=0.2500000000000000000000000000  tors_inj=1
  E_fg: #E(F_p)=64  orders=[2]  |H|=4  |H|/#E=0.06250000000000000000000000000  tors_inj=1
  E_Hp: #E(F_p)=56  orders=[28]  |H|=56  |H|/#E=1.000000000000000000000000000  tors_inj=1
  -> product over factors: |H_total|=100352  #J(F_p) ~ 12845056  density=0.007812500000000000000000000000

--- p = 59 ---
  E_ef: #E(F_p)=72  orders=[6, 18, 6, 2]  |H|=36  |H|/#E=0.5000000000000000000000000000  tors_inj=1
  E_eg: #E(F_p)=72  orders=[18, 18]  |H|=36  |H|/#E=0.5000000000000000000000000000  tors_inj=1
  E_fg: #E(F_p)=48  orders=[4]  |H|=8  |H|/#E=0.1666666666666666666666666667  tors_inj=1
  E_Hp: #E(F_p)=48  orders=[8]  |H|=16  |H|/#E=0.3333333333333333333333333333  tors_inj=1
  -> product over factors: |H_total|=165888  #J(F_p) ~ 11943936  density=0.01388888888888888888888888889

--- p = 61 ---
  E_ef: #E(F_p)=64  orders=[16, 8, 8, 4]  |H|=32  |H|/#E=0.5000000000000000000000000000  tors_inj=1
  E_eg: #E(F_p)=64  orders=[16, 16]  |H|=32  |H|/#E=0.5000000000000000000000000000  tors_inj=1
  E_fg: #E(F_p)=64  orders=[4]  |H|=8  |H|/#E=0.1250000000000000000000000000  tors_inj=1
  E_Hp: #E(F_p)=64  orders=[32]  |H|=64  |H|/#E=1.000000000000000000000000000  tors_inj=1
  -> product over factors: |H_total|=524288  #J(F_p) ~ 16777216  density=0.03125000000000000000000000000

--- p = 67 ---
  E_ef: #E(F_p)=64  orders=[8, 8, 2, 8]  |H|=16  |H|/#E=0.2500000000000000000000000000  tors_inj=1
  E_eg: #E(F_p)=56  orders=[14, 7]  |H|=28  |H|/#E=0.5000000000000000000000000000  tors_inj=1
  E_fg: #E(F_p)=80  orders=[10]  |H|=20  |H|/#E=0.2500000000000000000000000000  tors_inj=1
  E_Hp: #E(F_p)=72  orders=[12]  |H|=24  |H|/#E=0.3333333333333333333333333333  tors_inj=1
  -> product over factors: |H_total|=215040  #J(F_p) ~ 20643840  density=0.01041666666666666666666666667

--- p = 79 ---
  E_ef: #E(F_p)=96  orders=[24, 8, 8, 24]  |H|=48  |H|/#E=0.5000000000000000000000000000  tors_inj=1
  E_eg: #E(F_p)=72  orders=[6, 3]  |H|=12  |H|/#E=0.1666666666666666666666666667  tors_inj=1
  E_fg: #E(F_p)=88  orders=[11]  |H|=44  |H|/#E=0.5000000000000000000000000000  tors_inj=1
  E_Hp: #E(F_p)=64  orders=[16]  |H|=32  |H|/#E=0.5000000000000000000000000000  tors_inj=1
  -> product over factors: |H_total|=811008  #J(F_p) ~ 38928384  density=0.02083333333333333333333333333

--- p = 83 ---
  E_ef: #E(F_p)=88  orders=[11, 22, 11, 2]  |H|=44  |H|/#E=0.5000000000000000000000000000  tors_inj=1
  E_eg: #E(F_p)=96  orders=[3, 12]  |H|=24  |H|/#E=0.2500000000000000000000000000  tors_inj=1
  E_fg: #E(F_p)=72  orders=[6]  |H|=12  |H|/#E=0.1666666666666666666666666667  tors_inj=1
  E_Hp: #E(F_p)=80  orders=[40]  |H|=80  |H|/#E=1.000000000000000000000000000  tors_inj=1
  -> product over factors: |H_total|=1013760  #J(F_p) ~ 48660480  density=0.02083333333333333333333333333

--- p = 89 ---
  E_ef: #E(F_p)=80  orders=[4, 20, 5, 20]  |H|=40  |H|/#E=0.5000000000000000000000000000  tors_inj=1
  E_eg: #E(F_p)=80  orders=[20, 20]  |H|=40  |H|/#E=0.5000000000000000000000000000  tors_inj=1
  E_fg: #E(F_p)=80  orders=[5]  |H|=20  |H|/#E=0.2500000000000000000000000000  tors_inj=1
  E_Hp: #E(F_p)=80  orders=[20]  |H|=40  |H|/#E=0.5000000000000000000000000000  tors_inj=1
  -> product over factors: |H_total|=1280000  #J(F_p) ~ 40960000  density=0.03125000000000000000000000000

--- p = 97 ---
  E_ef: #E(F_p)=104  orders=[26, 26, 26, 13]  |H|=52  |H|/#E=0.5000000000000000000000000000  tors_inj=1
  E_eg: #E(F_p)=96  orders=[6, 6]  |H|=12  |H|/#E=0.1250000000000000000000000000  tors_inj=1
  E_fg: #E(F_p)=96  orders=[4]  |H|=8  |H|/#E=0.08333333333333333333333333333  tors_inj=1
  E_Hp: #E(F_p)=104  orders=[13]  |H|=52  |H|/#E=0.5000000000000000000000000000  tors_inj=1
  -> product over factors: |H_total|=259584  #J(F_p) ~ 99680256  density=0.002604166666666666666666666667

--- p = 101 ---
  E_ef: #E(F_p)=96  orders=[6, 3, 12, 24]  |H|=48  |H|/#E=0.5000000000000000000000000000  tors_inj=1
  E_eg: #E(F_p)=112  orders=[14, 2]  |H|=28  |H|/#E=0.2500000000000000000000000000  tors_inj=1
  E_fg: #E(F_p)=112  orders=[14]  |H|=28  |H|/#E=0.2500000000000000000000000000  tors_inj=1
  E_Hp: #E(F_p)=96  orders=[16]  |H|=32  |H|/#E=0.3333333333333333333333333333  tors_inj=1
  -> product over factors: |H_total|=1204224  #J(F_p) ~ 115605504  density=0.01041666666666666666666666667

--- p = 103 ---
  E_ef: #E(F_p)=120  orders=[10, 30, 15, 30]  |H|=60  |H|/#E=0.5000000000000000000000000000  tors_inj=1
  E_eg: #E(F_p)=96  orders=[12, 3]  |H|=24  |H|/#E=0.2500000000000000000000000000  tors_inj=1
  E_fg: #E(F_p)=112  orders=[28]  |H|=56  |H|/#E=0.5000000000000000000000000000  tors_inj=1
  E_Hp: #E(F_p)=88  orders=[22]  |H|=44  |H|/#E=0.5000000000000000000000000000  tors_inj=1
  -> product over factors: |H_total|=3548160  #J(F_p) ~ 113541120  density=0.03125000000000000000000000000

--- p = 107 ---
  E_ef: #E(F_p)=96  orders=[8, 24, 8, 24]  |H|=48  |H|/#E=0.5000000000000000000000000000  tors_inj=1
  E_eg: #E(F_p)=112  orders=[14, 14]  |H|=28  |H|/#E=0.2500000000000000000000000000  tors_inj=1
  E_fg: #E(F_p)=104  orders=[26]  |H|=52  |H|/#E=0.5000000000000000000000000000  tors_inj=1
  E_Hp: #E(F_p)=120  orders=[60]  |H|=120  |H|/#E=1.000000000000000000000000000  tors_inj=1
  -> product over factors: |H_total|=8386560  #J(F_p) ~ 134184960  density=0.06250000000000000000000000000

--- p = 109 ---
  E_ef: #E(F_p)=112  orders=[14, 14, 28, 28]  |H|=56  |H|/#E=0.5000000000000000000000000000  tors_inj=1
  E_eg: #E(F_p)=96  orders=[12, 6]  |H|=24  |H|/#E=0.2500000000000000000000000000  tors_inj=1
  E_fg: #E(F_p)=96  orders=[4]  |H|=8  |H|/#E=0.08333333333333333333333333333  tors_inj=1
  E_Hp: #E(F_p)=112  orders=[28]  |H|=56  |H|/#E=0.5000000000000000000000000000  tors_inj=1
  -> product over factors: |H_total|=602112  #J(F_p) ~ 115605504  density=0.005208333333333333333333333333

--- p = 113 ---
  E_ef: #E(F_p)=128  orders=[32, 16, 16, 32]  |H|=64  |H|/#E=0.5000000000000000000000000000  tors_inj=1
  E_eg: #E(F_p)=112  orders=[28, 7]  |H|=56  |H|/#E=0.5000000000000000000000000000  tors_inj=1
  E_fg: #E(F_p)=112  orders=[14]  |H|=28  |H|/#E=0.2500000000000000000000000000  tors_inj=1
  E_Hp: #E(F_p)=128  orders=[16]  |H|=32  |H|/#E=0.2500000000000000000000000000  tors_inj=1
  -> product over factors: |H_total|=3211264  #J(F_p) ~ 205520896  density=0.01562500000000000000000000000

--- p = 131 ---
  E_ef: #E(F_p)=120  orders=[30, 30, 30, 30]  |H|=60  |H|/#E=0.5000000000000000000000000000  tors_inj=1
  E_eg: #E(F_p)=144  orders=[9, 9]  |H|=36  |H|/#E=0.2500000000000000000000000000  tors_inj=1
  E_fg: #E(F_p)=120  orders=[30]  |H|=60  |H|/#E=0.5000000000000000000000000000  tors_inj=1
  E_Hp: #E(F_p)=144  orders=[24]  |H|=48  |H|/#E=0.3333333333333333333333333333  tors_inj=1
  -> product over factors: |H_total|=6220800  #J(F_p) ~ 298598400  density=0.02083333333333333333333333333

--- p = 137 ---
  E_ef: #E(F_p)=144  orders=[36, 9, 18, 36]  |H|=72  |H|/#E=0.5000000000000000000000000000  tors_inj=1
  E_eg: #E(F_p)=128  orders=[4, 2]  |H|=8  |H|/#E=0.06250000000000000000000000000  tors_inj=1
  E_fg: #E(F_p)=128  orders=[16]  |H|=32  |H|/#E=0.2500000000000000000000000000  tors_inj=1
  E_Hp: #E(F_p)=144  orders=[9]  |H|=36  |H|/#E=0.2500000000000000000000000000  tors_inj=1
  -> product over factors: |H_total|=663552  #J(F_p) ~ 339738624  density=0.001953125000000000000000000000

--- p = 139 ---
  E_ef: #E(F_p)=144  orders=[3, 6, 6, 12]  |H|=72  |H|/#E=0.5000000000000000000000000000  tors_inj=1
  E_eg: #E(F_p)=136  orders=[34, 17]  |H|=68  |H|/#E=0.5000000000000000000000000000  tors_inj=1
  E_fg: #E(F_p)=144  orders=[36]  |H|=72  |H|/#E=0.5000000000000000000000000000  tors_inj=1
  E_Hp: #E(F_p)=136  orders=[68]  |H|=136  |H|/#E=1.000000000000000000000000000  tors_inj=1
  -> product over factors: |H_total|=47941632  #J(F_p) ~ 383533056  density=0.1250000000000000000000000000

--- p = 149 ---
  E_ef: #E(F_p)=152  orders=[38, 38, 38, 38]  |H|=76  |H|/#E=0.5000000000000000000000000000  tors_inj=1
  E_eg: #E(F_p)=160  orders=[10, -1]  |H|=20  |H|/#E=0.1250000000000000000000000000  tors_inj=1 [some gens reduce to infty]
  E_fg: #E(F_p)=160  orders=[40]  |H|=80  |H|/#E=0.5000000000000000000000000000  tors_inj=1
  E_Hp: #E(F_p)=152  orders=[76]  |H|=152  |H|/#E=1.000000000000000000000000000  tors_inj=1
  -> product over factors: |H_total|=18483200  #J(F_p) ~ 591462400  density=0.03125000000000000000000000000

--- p = 157 ---
  E_ef: #E(F_p)=160  orders=[4, 20, 20, 20]  |H|=80  |H|/#E=0.5000000000000000000000000000  tors_inj=1
  E_eg: #E(F_p)=176  orders=[44, 22]  |H|=88  |H|/#E=0.5000000000000000000000000000  tors_inj=1
  E_fg: #E(F_p)=176  orders=[44]  |H|=88  |H|/#E=0.5000000000000000000000000000  tors_inj=1
  E_Hp: #E(F_p)=160  orders=[40]  |H|=80  |H|/#E=0.5000000000000000000000000000  tors_inj=1
  -> product over factors: |H_total|=49561600  #J(F_p) ~ 792985600  density=0.06250000000000000000000000000

--- p = 163 ---
  E_ef: #E(F_p)=184  orders=[23, 46, 2, 46]  |H|=92  |H|/#E=0.5000000000000000000000000000  tors_inj=1
  E_eg: #E(F_p)=168  orders=[42, 21]  |H|=84  |H|/#E=0.5000000000000000000000000000  tors_inj=1
  E_fg: #E(F_p)=160  orders=[40]  |H|=80  |H|/#E=0.5000000000000000000000000000  tors_inj=1
  E_Hp: #E(F_p)=144  orders=[72]  |H|=144  |H|/#E=1.000000000000000000000000000  tors_inj=1
  -> product over factors: |H_total|=89026560  #J(F_p) ~ 712212480  density=0.1250000000000000000000000000

--- p = 167 ---
  E_ef: #E(F_p)=168  orders=[42, 42, 42, 42]  |H|=84  |H|/#E=0.5000000000000000000000000000  tors_inj=1
  E_eg: #E(F_p)=160  orders=[20, 10]  |H|=40  |H|/#E=0.2500000000000000000000000000  tors_inj=1
  E_fg: #E(F_p)=176  orders=[44]  |H|=88  |H|/#E=0.5000000000000000000000000000  tors_inj=1
  E_Hp: #E(F_p)=168  orders=[14]  |H|=28  |H|/#E=0.1666666666666666666666666667  tors_inj=1
  -> product over factors: |H_total|=8279040  #J(F_p) ~ 794787840  density=0.01041666666666666666666666667

--- p = 173 ---
  E_ef: #E(F_p)=176  orders=[44, 44, 44, 44]  |H|=88  |H|/#E=0.5000000000000000000000000000  tors_inj=1
  E_eg: #E(F_p)=192  orders=[24, 48]  |H|=96  |H|/#E=0.5000000000000000000000000000  tors_inj=1
  E_fg: #E(F_p)=192  orders=[6]  |H|=12  |H|/#E=0.06250000000000000000000000000  tors_inj=1
  E_Hp: #E(F_p)=176  orders=[44]  |H|=88  |H|/#E=0.5000000000000000000000000000  tors_inj=1
  -> product over factors: |H_total|=8921088  #J(F_p) ~ 1141899264  density=0.007812500000000000000000000000

--- p = 179 ---
  E_ef: #E(F_p)=184  orders=[46, 23, 46, 23]  |H|=92  |H|/#E=0.5000000000000000000000000000  tors_inj=1
  E_eg: #E(F_p)=184  orders=[46, 23]  |H|=92  |H|/#E=0.5000000000000000000000000000  tors_inj=1
  E_fg: #E(F_p)=176  orders=[44]  |H|=88  |H|/#E=0.5000000000000000000000000000  tors_inj=1
  E_Hp: #E(F_p)=176  orders=[88]  |H|=176  |H|/#E=1.000000000000000000000000000  tors_inj=1
  -> product over factors: |H_total|=131090432  #J(F_p) ~ 1048723456  density=0.1250000000000000000000000000

--- p = 181 ---
  E_ef: #E(F_p)=160  orders=[20, 20, 4, 10]  |H|=40  |H|/#E=0.2500000000000000000000000000  tors_inj=1
  E_eg: #E(F_p)=192  orders=[12, 12]  |H|=48  |H|/#E=0.2500000000000000000000000000  tors_inj=1
  E_fg: #E(F_p)=192  orders=[48]  |H|=96  |H|/#E=0.5000000000000000000000000000  tors_inj=1
  E_Hp: #E(F_p)=160  orders=[20]  |H|=40  |H|/#E=0.2500000000000000000000000000  tors_inj=1
  -> product over factors: |H_total|=7372800  #J(F_p) ~ 943718400  density=0.007812500000000000000000000000

--- p = 191 ---
  E_ef: #E(F_p)=192  orders=[48, 16, 48, 16]  |H|=96  |H|/#E=0.5000000000000000000000000000  tors_inj=1
  E_eg: #E(F_p)=192  orders=[24, 24]  |H|=48  |H|/#E=0.2500000000000000000000000000  tors_inj=1
  E_fg: #E(F_p)=192  orders=[48]  |H|=96  |H|/#E=0.5000000000000000000000000000  tors_inj=1
  E_Hp: #E(F_p)=192  orders=[24]  |H|=48  |H|/#E=0.2500000000000000000000000000  tors_inj=1
  -> product over factors: |H_total|=21233664  #J(F_p) ~ 1358954496  density=0.01562500000000000000000000000

--- p = 193 ---
  E_ef: #E(F_p)=208  orders=[52, 52, 52, 52]  |H|=104  |H|/#E=0.5000000000000000000000000000  tors_inj=1
  E_eg: #E(F_p)=176  orders=[22, 44]  |H|=88  |H|/#E=0.5000000000000000000000000000  tors_inj=1
  E_fg: #E(F_p)=176  orders=[44]  |H|=88  |H|/#E=0.5000000000000000000000000000  tors_inj=1
  E_Hp: #E(F_p)=208  orders=[26]  |H|=52  |H|/#E=0.2500000000000000000000000000  tors_inj=1
  -> product over factors: |H_total|=41879552  #J(F_p) ~ 1340145664  density=0.03125000000000000000000000000

--- p = 197 ---
  E_ef: #E(F_p)=208  orders=[52, 52, 52, 52]  |H|=104  |H|/#E=0.5000000000000000000000000000  tors_inj=1
  E_eg: #E(F_p)=192  orders=[12, 3]  |H|=24  |H|/#E=0.1250000000000000000000000000  tors_inj=1
  E_fg: #E(F_p)=192  orders=[48]  |H|=96  |H|/#E=0.5000000000000000000000000000  tors_inj=1
  E_Hp: #E(F_p)=208  orders=[52]  |H|=104  |H|/#E=0.5000000000000000000000000000  tors_inj=1
  -> product over factors: |H_total|=24920064  #J(F_p) ~ 1594884096  density=0.01562500000000000000000000000

--- p = 199 ---
  E_ef: #E(F_p)=224  orders=[4, 14, 56, 14]  |H|=112  |H|/#E=0.5000000000000000000000000000  tors_inj=1
  E_eg: #E(F_p)=184  orders=[46, 23]  |H|=92  |H|/#E=0.5000000000000000000000000000  tors_inj=1
  E_fg: #E(F_p)=216  orders=[18]  |H|=36  |H|/#E=0.1666666666666666666666666667  tors_inj=1
  E_Hp: #E(F_p)=176  orders=[44]  |H|=88  |H|/#E=0.5000000000000000000000000000  tors_inj=1
  -> product over factors: |H_total|=32643072  #J(F_p) ~ 1566867456  density=0.02083333333333333333333333333

--- p = 211 ---
  E_ef: #E(F_p)=208  orders=[52, 52, 52, 52]  |H|=104  |H|/#E=0.5000000000000000000000000000  tors_inj=1
  E_eg: #E(F_p)=200  orders=[50, 50]  |H|=100  |H|/#E=0.5000000000000000000000000000  tors_inj=1
  E_fg: #E(F_p)=224  orders=[28]  |H|=56  |H|/#E=0.2500000000000000000000000000  tors_inj=1
  E_Hp: #E(F_p)=216  orders=[108]  |H|=216  |H|/#E=1.000000000000000000000000000  tors_inj=1
  -> product over factors: |H_total|=125798400  #J(F_p) ~ 2012774400  density=0.06250000000000000000000000000

--- p = 223 ---
  E_ef: #E(F_p)=232  orders=[58, 58, 58, 58]  |H|=116  |H|/#E=0.5000000000000000000000000000  tors_inj=1
  E_eg: #E(F_p)=248  orders=[62, 31]  |H|=124  |H|/#E=0.5000000000000000000000000000  tors_inj=1
  E_fg: #E(F_p)=200  orders=[5]  |H|=20  |H|/#E=0.1000000000000000000000000000  tors_inj=1
  E_Hp: #E(F_p)=216  orders=[18]  |H|=36  |H|/#E=0.1666666666666666666666666667  tors_inj=1
  -> product over factors: |H_total|=10356480  #J(F_p) ~ 2485555200  density=0.004166666666666666666666666667

--- p = 227 ---
  E_ef: #E(F_p)=232  orders=[58, 29, 58, 29]  |H|=116  |H|/#E=0.5000000000000000000000000000  tors_inj=1
  E_eg: #E(F_p)=216  orders=[54, 27]  |H|=108  |H|/#E=0.5000000000000000000000000000  tors_inj=1
  E_fg: #E(F_p)=240  orders=[6]  |H|=12  |H|/#E=0.05000000000000000000000000000  tors_inj=1
  E_Hp: #E(F_p)=224  orders=[112]  |H|=224  |H|/#E=1.000000000000000000000000000  tors_inj=1
  -> product over factors: |H_total|=33675264  #J(F_p) ~ 2694021120  density=0.01250000000000000000000000000

--- p = 229 ---
  E_ef: #E(F_p)=232  orders=[2, 58, 58, 58]  |H|=116  |H|/#E=0.5000000000000000000000000000  tors_inj=1
  E_eg: #E(F_p)=256  orders=[32, 8]  |H|=64  |H|/#E=0.2500000000000000000000000000  tors_inj=1
  E_fg: #E(F_p)=256  orders=[32]  |H|=64  |H|/#E=0.2500000000000000000000000000  tors_inj=1
  E_Hp: #E(F_p)=232  orders=[116]  |H|=232  |H|/#E=1.000000000000000000000000000  tors_inj=1
  -> product over factors: |H_total|=110231552  #J(F_p) ~ 3527409664  density=0.03125000000000000000000000000

--- p = 233 ---
  E_ef: #E(F_p)=256  orders=[16, 2, 8, 16]  |H|=32  |H|/#E=0.1250000000000000000000000000  tors_inj=1
  E_eg: #E(F_p)=240  orders=[5, 30]  |H|=60  |H|/#E=0.2500000000000000000000000000  tors_inj=1
  E_fg: #E(F_p)=240  orders=[60]  |H|=120  |H|/#E=0.5000000000000000000000000000  tors_inj=1
  E_Hp: #E(F_p)=256  orders=[32]  |H|=64  |H|/#E=0.2500000000000000000000000000  tors_inj=1
  -> product over factors: |H_total|=14745600  #J(F_p) ~ 3774873600  density=0.003906250000000000000000000000

--- p = 239 ---
  E_ef: #E(F_p)=240  orders=[15, 12, 20, 30]  |H|=120  |H|/#E=0.5000000000000000000000000000  tors_inj=1
  E_eg: #E(F_p)=216  orders=[54, 27]  |H|=108  |H|/#E=0.5000000000000000000000000000  tors_inj=1
  E_fg: #E(F_p)=264  orders=[66]  |H|=132  |H|/#E=0.5000000000000000000000000000  tors_inj=1
  E_Hp: #E(F_p)=240  orders=[30]  |H|=60  |H|/#E=0.2500000000000000000000000000  tors_inj=1
  -> product over factors: |H_total|=102643200  #J(F_p) ~ 3284582400  density=0.03125000000000000000000000000

--- p = 241 ---
  E_ef: #E(F_p)=240  orders=[30, 10, 60, 10]  |H|=120  |H|/#E=0.5000000000000000000000000000  tors_inj=1
  E_eg: #E(F_p)=256  orders=[16, 32]  |H|=64  |H|/#E=0.2500000000000000000000000000  tors_inj=1
  E_fg: #E(F_p)=256  orders=[64]  |H|=128  |H|/#E=0.5000000000000000000000000000  tors_inj=1
  E_Hp: #E(F_p)=240  orders=[60]  |H|=120  |H|/#E=0.5000000000000000000000000000  tors_inj=1
  -> product over factors: |H_total|=117964800  #J(F_p) ~ 3774873600  density=0.03125000000000000000000000000

--- p = 251 ---
  E_ef: #E(F_p)=240  orders=[20, 4, 60, 10]  |H|=120  |H|/#E=0.5000000000000000000000000000  tors_inj=1
  E_eg: #E(F_p)=280  orders=[70, 70]  |H|=140  |H|/#E=0.5000000000000000000000000000  tors_inj=1
  E_fg: #E(F_p)=224  orders=[7]  |H|=28  |H|/#E=0.1250000000000000000000000000  tors_inj=1
  E_Hp: #E(F_p)=264  orders=[44]  |H|=88  |H|/#E=0.3333333333333333333333333333  tors_inj=1
  -> product over factors: |H_total|=41395200  #J(F_p) ~ 3973939200  density=0.01041666666666666666666666667

--- p = 257 ---
  E_ef: #E(F_p)=248  orders=[62, 62, 31, 62]  |H|=124  |H|/#E=0.5000000000000000000000000000  tors_inj=1
  E_eg: #E(F_p)=240  orders=[4, 60]  |H|=120  |H|/#E=0.5000000000000000000000000000  tors_inj=1
  E_fg: #E(F_p)=240  orders=[60]  |H|=120  |H|/#E=0.5000000000000000000000000000  tors_inj=1
  E_Hp: #E(F_p)=248  orders=[31]  |H|=124  |H|/#E=0.5000000000000000000000000000  tors_inj=1
  -> product over factors: |H_total|=221414400  #J(F_p) ~ 3542630400  density=0.06250000000000000000000000000

--- p = 263 ---
  E_ef: #E(F_p)=272  orders=[68, 68, 68, 68]  |H|=136  |H|/#E=0.5000000000000000000000000000  tors_inj=1
  E_eg: #E(F_p)=264  orders=[66, 11]  |H|=132  |H|/#E=0.5000000000000000000000000000  tors_inj=1
  E_fg: #E(F_p)=264  orders=[22]  |H|=44  |H|/#E=0.1666666666666666666666666667  tors_inj=1
  E_Hp: #E(F_p)=256  orders=[32]  |H|=64  |H|/#E=0.2500000000000000000000000000  tors_inj=1
  -> product over factors: |H_total|=50552832  #J(F_p) ~ 4853071872  density=0.01041666666666666666666666667

--- p = 269 ---
  E_ef: #E(F_p)=264  orders=[22, 66, 66, 6]  |H|=132  |H|/#E=0.5000000000000000000000000000  tors_inj=1
  E_eg: #E(F_p)=256  orders=[8, 32]  |H|=64  |H|/#E=0.2500000000000000000000000000  tors_inj=1
  E_fg: #E(F_p)=256  orders=[32]  |H|=64  |H|/#E=0.2500000000000000000000000000  tors_inj=1
  E_Hp: #E(F_p)=264  orders=[132]  |H|=264  |H|/#E=1.000000000000000000000000000  tors_inj=1
  -> product over factors: |H_total|=142737408  #J(F_p) ~ 4567597056  density=0.03125000000000000000000000000

--- p = 271 ---
  E_ef: #E(F_p)=288  orders=[72, 12, 72, 8]  |H|=144  |H|/#E=0.5000000000000000000000000000  tors_inj=1
  E_eg: #E(F_p)=272  orders=[34, 34]  |H|=68  |H|/#E=0.2500000000000000000000000000  tors_inj=1
  E_fg: #E(F_p)=272  orders=[68]  |H|=136  |H|/#E=0.5000000000000000000000000000  tors_inj=1
  E_Hp: #E(F_p)=256  orders=[64]  |H|=128  |H|/#E=0.5000000000000000000000000000  tors_inj=1
  -> product over factors: |H_total|=170459136  #J(F_p) ~ 5454692352  density=0.03125000000000000000000000000

--- p = 277 ---
  E_ef: #E(F_p)=280  orders=[14, 70, 70, 35]  |H|=140  |H|/#E=0.5000000000000000000000000000  tors_inj=1
  E_eg: #E(F_p)=256  orders=[32, 16]  |H|=64  |H|/#E=0.2500000000000000000000000000  tors_inj=1
  E_fg: #E(F_p)=256  orders=[8]  |H|=16  |H|/#E=0.06250000000000000000000000000  tors_inj=1
  E_Hp: #E(F_p)=280  orders=[140]  |H|=280  |H|/#E=1.000000000000000000000000000  tors_inj=1
  -> product over factors: |H_total|=40140800  #J(F_p) ~ 5138022400  density=0.007812500000000000000000000000

--- p = 281 ---
  E_ef: #E(F_p)=280  orders=[70, 70, 5, 70]  |H|=140  |H|/#E=0.5000000000000000000000000000  tors_inj=1
  E_eg: #E(F_p)=272  orders=[68, 68]  |H|=136  |H|/#E=0.5000000000000000000000000000  tors_inj=1
  E_fg: #E(F_p)=272  orders=[68]  |H|=136  |H|/#E=0.5000000000000000000000000000  tors_inj=1
  E_Hp: #E(F_p)=280  orders=[70]  |H|=140  |H|/#E=0.5000000000000000000000000000  tors_inj=1
  -> product over factors: |H_total|=362521600  #J(F_p) ~ 5800345600  density=0.06250000000000000000000000000

--- p = 283 ---
  E_ef: #E(F_p)=304  orders=[76, 76, 76, 19]  |H|=152  |H|/#E=0.5000000000000000000000000000  tors_inj=1
  E_eg: #E(F_p)=264  orders=[66, 33]  |H|=132  |H|/#E=0.5000000000000000000000000000  tors_inj=1
  E_fg: #E(F_p)=304  orders=[38]  |H|=76  |H|/#E=0.2500000000000000000000000000  tors_inj=1
  E_Hp: #E(F_p)=264  orders=[12]  |H|=24  |H|/#E=0.09090909090909090909090909091  tors_inj=1
  -> product over factors: |H_total|=36596736  #J(F_p) ~ 6441025536  density=0.005681818181818181818181818182

=== Fiber (99,28) SUMMARY ===
Primes used               : 50
Sum log10(density_p)      : -83.95056044362855442754164773
Total subgroup-bound prod : 265048539611208893186136715449692783678673341279292987827227631592239519707515573498549220962612964730891256441834149837927893483667317639000540170825304535119845154173863650954508296146700436475610444173199372987447808051105969212655396191204647591102679825926276190454571240359741978494736793600000000000000000000000000000000000000
log10(total bound)        : 332.4233254156534066432593928
log10(prod #E_p)          : (informational)
log10(prod #J(F_p))       : 416.3738858592819610708010405
Sieve exclusion (log10)   : 83.95056044362855442754164773


======================================================
==     FINAL SUMMARY (50-prime hardened sieve)      ==
======================================================
Fiber (61,38)  sum log10(density) = -47.41516688658719151540352384  total bound prod = 20536413422614603575317793662884895598752466074527159863246130944202110887059682508361340515571363211005853346375152086577563951079389796886678533299667963903537114278646437871141180879967951746357220559965975761029312880802951243857326505984000000000000000000000000
Fiber (63,38)  sum log10(density) = -49.71989212925998448306770541  total bound prod = 62415085722751872125230385061061039598631812490226033051142497775415870848505465896843233287992242283356186451966607881599614123185764199137575313779144839045517319706604731927691564801672435704706577233769740848019238841965608960000000000000000000000000000000
Fiber (73,24)  sum log10(density) = -53.71619688225117271061726273  total bound prod = 2655889629909368764633615426163654241438021343217328896770384751977250931711640041965651458802561368768254259214062316076059088663772508188091483156922591394256762566215441123378516106370125210213527220069531908002556149760000000000000000000000000000
Fiber (88,35)  sum log10(density) = -43.62132064767702976721847316  total bound prod = 2681224187560693965102865142753231063779060176051392115442647641373989069553859754116241528223363097669869679023538723362313691876661508801474388169696042261139094975054367804173150570303442790949035576806406609447518227392620228771840000000000000000000000000000000
Fiber (99,28)  sum log10(density) = -83.95056044362855442754164773  total bound prod = 265048539611208893186136715449692783678673341279292987827227631592239519707515573498549220962612964730891256441834149837927893483667317639000540170825304535119845154173863650954508296146700436475610444173199372987447808051105969212655396191204647591102679825926276190454571240359741978494736793600000000000000000000000000000000000000

=== DONE HARDENED MW SIEVE 50 ===
