[0;31m  ***   Warning: new stack size = 600000000 (572.205 Mbytes).[0m
[0;31m  ***   Warning: new maximum stack size = 1000001536 (953.676 Mbytes).[0m
FIBERS=2930
Dmin == Delta_0 / 2^12 for ALL fibers? mismatches=0 (0 = YES)
v_2(Dmin) == 4*v_2(b)-8 for ALL? YES

=> Delta_min = (16 a^4 b^4 (a^2-b^2)^2) / 2^12 = a^4 b^4 (a^2-b^2)^2 / 256.
   Since b=2mn, b^4=16 m^4 n^4, so Delta_min = a^4 (16 m^4 n^4)(a^2-b^2)^2/256
                                            = a^4 m^4 n^4 (a^2-b^2)^2 / 16.
Odd-part of Delta unchanged by minimalization (v_p(Dmin)=v_p(D0) all odd p)? YES

N != rad(ab(a^2-b^2)) at (2,1): 21 vs -42
N != rad(ab(a^2-b^2)) at (3,2): 1785 vs -3570
N != rad(ab(a^2-b^2)) at (4,3): 22134 vs -22134
N != rad(ab(a^2-b^2)) at (5,2): 4305 vs 8610
N != rad(ab(a^2-b^2)) at (5,4): 6510 vs -6510
N != rad(ab(a^2-b^2)) at (6,1): 113505 vs 227010
N != rad(ab(a^2-b^2)) at (6,5): 82005 vs -164010
N != rad(ab(a^2-b^2)) at (7,2): 130305 vs 260610
N != rad(ab(a^2-b^2)) at (7,4): 945714 vs -945714
N != rad(ab(a^2-b^2)) at (7,6): 1880151 vs -3760302
N != rad(ab(a^2-b^2)) at (8,5): 1902810 vs -1902810
N != rad(ab(a^2-b^2)) at (8,7): 2586990 vs -2586990
N != rad(ab(a^2-b^2)) at (9,2): 1070223 vs 2140446
N != rad(ab(a^2-b^2)) at (9,4): 374010 vs -374010
N != rad(ab(a^2-b^2)) at (9,8): 2085594 vs -2085594
N != rad(ab(a^2-b^2)) at (10,1): 1551165 vs 3102330
N != rad(ab(a^2-b^2)) at (10,3): 6389565 vs 12779130
N != rad(ab(a^2-b^2)) at (10,7): 30343215 vs -60686430
N != rad(ab(a^2-b^2)) at (10,9): 9131115 vs -18262230
N != rad(ab(a^2-b^2)) at (11,2): 5042037 vs 10084074
N != rad(ab(a^2-b^2)) at (11,6): 28608195 vs -57216390
N != rad(ab(a^2-b^2)) at (11,8): 34769658 vs -34769658
N != rad(ab(a^2-b^2)) at (11,10): 55392645 vs -110785290
N != rad(ab(a^2-b^2)) at (12,5): 853230 vs -853230
N != rad(ab(a^2-b^2)) at (12,7): 76604010 vs -76604010
N != rad(ab(a^2-b^2)) at (12,11): 104995506 vs -104995506
N != rad(ab(a^2-b^2)) at (13,2): 52597545 vs 105195090
N != rad(ab(a^2-b^2)) at (13,6): 2028117 vs -4056234
N != rad(ab(a^2-b^2)) at (13,8): 88012470 vs -88012470
N != rad(ab(a^2-b^2)) at (13,10): 281832915 vs -563665830
N != rad(ab(a^2-b^2)) at (13,12): 37720410 vs -37720410
N != rad(ab(a^2-b^2)) at (14,1): 50833965 vs 101667930
N != rad(ab(a^2-b^2)) at (14,3): 109614351 vs 219228702
N != rad(ab(a^2-b^2)) at (14,5): 19233795 vs 38467590
N != rad(ab(a^2-b^2)) at (14,9): 121423785 vs -242847570
N != rad(ab(a^2-b^2)) at (14,11): 103071045 vs -206142090
N != rad(ab(a^2-b^2)) at (14,13): 35972391 vs -71944782
N != rad(ab(a^2-b^2)) at (15,2): 149973915 vs 299947830
N != rad(ab(a^2-b^2)) at (15,8): 153009570 vs -153009570
N != rad(ab(a^2-b^2)) at (15,14): 534577155 vs -1069154310
N != rad(ab(a^2-b^2)) at (16,7): 7077882 vs -7077882
N != rad(ab(a^2-b^2)) at (16,9): 10986990 vs -10986990
N != rad(ab(a^2-b^2)) at (16,11): 34874070 vs -34874070
N != rad(ab(a^2-b^2)) at (16,13): 374331594 vs -374331594
N != rad(ab(a^2-b^2)) at (16,15): 213378270 vs -213378270
N != rad(ab(a^2-b^2)) at (17,2): 371131845 vs 742263690
N != rad(ab(a^2-b^2)) at (17,6): 41276697 vs 82553394
N != rad(ab(a^2-b^2)) at (17,8): 11913090 vs -11913090
N != rad(ab(a^2-b^2)) at (17,10): 6199305 vs -12398610
N != rad(ab(a^2-b^2)) at (17,12): 2151042810 vs -2151042810
N != rad(ab(a^2-b^2)) at (17,14): 2411798109 vs -4823596218
N != rad(ab(a^2-b^2)) at (17,16): 330818334 vs -330818334
N != rad(ab(a^2-b^2)) at (18,1): 99838977 vs 199677954
N != rad(ab(a^2-b^2)) at (18,5): 255649485 vs 511298970
N != rad(ab(a^2-b^2)) at (18,7): 13999755 vs 27999510
N != rad(ab(a^2-b^2)) at (18,11): 774451293 vs -1548902586
N != rad(ab(a^2-b^2)) at (18,13): 1178768955 vs -2357537910
N != rad(ab(a^2-b^2)) at (18,17): 666374415 vs -1332748830
N != rad(ab(a^2-b^2)) at (19,2): 825307959 vs 1650615918
N != rad(ab(a^2-b^2)) at (19,6): 198739905 vs 397479810
N != rad(ab(a^2-b^2)) at (19,8): 5275578 vs -5275578
N != rad(ab(a^2-b^2)) at (19,10): 630445935 vs -1260891870
N != rad(ab(a^2-b^2)) at (19,12): 3979033086 vs -3979033086
N != rad(ab(a^2-b^2)) at (19,14): 5613509055 vs -11227018110
N != rad(ab(a^2-b^2)) at (19,16): 1430969610 vs -1430969610
N != rad(ab(a^2-b^2)) at (19,18): 983821083 vs -1967642166
N != rad(ab(a^2-b^2)) at (20,9): 266419230 vs -266419230
N != rad(ab(a^2-b^2)) at (20,11): 1184214570 vs -1184214570
N != rad(ab(a^2-b^2)) at (20,13): 383393010 vs -383393010
N != rad(ab(a^2-b^2)) at (20,17): 8492990730 vs -8492990730
N != rad(ab(a^2-b^2)) at (20,19): 4268745390 vs -4268745390
N != rad(ab(a^2-b^2)) at (21,2): 1687769601 vs 3375539202
N != rad(ab(a^2-b^2)) at (21,10): 2152560795 vs -4305121590
N != rad(ab(a^2-b^2)) at (21,16): 3242879430 vs -3242879430
N != rad(ab(a^2-b^2)) at (21,20): 6060742590 vs -6060742590
N != rad(ab(a^2-b^2)) at (22,1): 1229178489 vs 2458356978
N != rad(ab(a^2-b^2)) at (22,3): 13320615 vs 26641230
N != rad(ab(a^2-b^2)) at (22,5): 455198205 vs 910396410
N != rad(ab(a^2-b^2)) at (22,7): 3160621695 vs 6321243390
N != rad(ab(a^2-b^2)) at (22,9): 74381307 vs 148762614
N != rad(ab(a^2-b^2)) at (22,13): 3422804385 vs -6845608770
N != rad(ab(a^2-b^2)) at (22,15): 15748659465 vs -31497318930
N != rad(ab(a^2-b^2)) at (22,17): 19015731735 vs -38031463470
N != rad(ab(a^2-b^2)) at (22,19): 17577598269 vs -35155196538
N != rad(ab(a^2-b^2)) at (22,21): 8462190891 vs -16924381782
N != rad(ab(a^2-b^2)) at (23,2): 645193815 vs 1290387630
N != rad(ab(a^2-b^2)) at (23,6): 5676518841 vs 11353037682
N != rad(ab(a^2-b^2)) at (23,10): 1359623265 vs -2719246530
N != rad(ab(a^2-b^2)) at (23,12): 8313729270 vs -8313729270
N != rad(ab(a^2-b^2)) at (23,14): 5430049737 vs -10860099474
N != rad(ab(a^2-b^2)) at (23,16): 5866683186 vs -5866683186
N != rad(ab(a^2-b^2)) at (23,18): 9103142055 vs -18206284110
N != rad(ab(a^2-b^2)) at (23,20): 24618949530 vs -24618949530
N != rad(ab(a^2-b^2)) at (23,22): 3878941605 vs -7757883210
N != rad(ab(a^2-b^2)) at (24,11): 2154922770 vs -2154922770
N != rad(ab(a^2-b^2)) at (24,13): 7102437342 vs -7102437342
N != rad(ab(a^2-b^2)) at (24,17): 742652106 vs -742652106
N != rad(ab(a^2-b^2)) at (24,19): 2750438670 vs -2750438670
N != rad(ab(a^2-b^2)) at (24,23): 7890913002 vs -7890913002
N != rad(ab(a^2-b^2)) at (25,2): 129596145 vs 259192290
N != rad(ab(a^2-b^2)) at (25,6): 133523355 vs 267046710
N != rad(ab(a^2-b^2)) at (25,12): 1856260770 vs -1856260770
N != rad(ab(a^2-b^2)) at (25,14): 4593974385 vs -9187948770
N != rad(ab(a^2-b^2)) at (25,16): 619721970 vs -619721970
N != rad(ab(a^2-b^2)) at (25,18): 3248086485 vs -6496172970
N != rad(ab(a^2-b^2)) at (25,22): 9229372845 vs -18458745690
N != rad(ab(a^2-b^2)) at (25,24): 301895790 vs -301895790
N != rad(ab(a^2-b^2)) at (26,1): 88319595 vs 176639190
N != rad(ab(a^2-b^2)) at (26,3): 10939845189 vs 21879690378
N != rad(ab(a^2-b^2)) at (26,5): 15072645315 vs 30145290630
N != rad(ab(a^2-b^2)) at (26,7): 14870937081 vs 29741874162
N != rad(ab(a^2-b^2)) at (26,9): 3132698205 vs 6265396410
N != rad(ab(a^2-b^2)) at (26,11): 217222005 vs -434444010
N != rad(ab(a^2-b^2)) at (26,15): 35617637055 vs -71235274110
N != rad(ab(a^2-b^2)) at (26,17): 18008764683 vs -36017529366
N != rad(ab(a^2-b^2)) at (26,19): 22742894265 vs -45485788530
N != rad(ab(a^2-b^2)) at (26,21): 72959568045 vs -145919136090
N != rad(ab(a^2-b^2)) at (26,23): 8845899153 vs -17691798306
N != rad(ab(a^2-b^2)) at (26,25): 5593727685 vs -11187455370
N != rad(ab(a^2-b^2)) at (27,2): 31939005 vs 63878010
N != rad(ab(a^2-b^2)) at (27,10): 981626835 vs 1963253670
N != rad(ab(a^2-b^2)) at (27,14): 3217394271 vs -6434788542
N != rad(ab(a^2-b^2)) at (27,16): 1483612746 vs -1483612746
N != rad(ab(a^2-b^2)) at (27,20): 10444029330 vs -10444029330
N != rad(ab(a^2-b^2)) at (27,22): 1560773445 vs -3121546890
N != rad(ab(a^2-b^2)) at (27,26): 4068697269 vs -8137394538
N != rad(ab(a^2-b^2)) at (28,13): 16986384870 vs -16986384870
N != rad(ab(a^2-b^2)) at (28,15): 46148239410 vs -46148239410
N != rad(ab(a^2-b^2)) at (28,17): 25968426330 vs -25968426330
N != rad(ab(a^2-b^2)) at (28,19): 35749481502 vs -35749481502
N != rad(ab(a^2-b^2)) at (28,23): 130876689090 vs -130876689090
N != rad(ab(a^2-b^2)) at (28,25): 21533422470 vs -21533422470
N != rad(ab(a^2-b^2)) at (28,27): 5274004890 vs -5274004890
N != rad(ab(a^2-b^2)) at (29,2): 1853143761 vs 3706287522
N != rad(ab(a^2-b^2)) at (29,6): 36902912235 vs 73805824470
N != rad(ab(a^2-b^2)) at (29,10): 22851510045 vs 45703020090
N != rad(ab(a^2-b^2)) at (29,14): 31858973265 vs -63717946530
N != rad(ab(a^2-b^2)) at (29,16): 119784210 vs -119784210
N != rad(ab(a^2-b^2)) at (29,18): 37001839413 vs -74003678826
N != rad(ab(a^2-b^2)) at (29,20): 7010314710 vs -7010314710
N != rad(ab(a^2-b^2)) at (29,22): 170907292941 vs -341814585882
N != rad(ab(a^2-b^2)) at (29,24): 12301087470 vs -12301087470
N != rad(ab(a^2-b^2)) at (29,26): 139764619995 vs -279529239990
N != rad(ab(a^2-b^2)) at (29,28): 1486804074 vs -1486804074
N != rad(ab(a^2-b^2)) at (30,1): 10850044485 vs 21700088970
N != rad(ab(a^2-b^2)) at (30,7): 48948758355 vs 97897516710
N != rad(ab(a^2-b^2)) at (30,11): 22010461935 vs 44020923870
N != rad(ab(a^2-b^2)) at (30,13): 1507698465 vs -3015396930
N != rad(ab(a^2-b^2)) at (30,17): 103934243595 vs -207868487190
N != rad(ab(a^2-b^2)) at (30,19): 22144238655 vs -44288477310
N != rad(ab(a^2-b^2)) at (30,23): 226136318205 vs -452272636410
N != rad(ab(a^2-b^2)) at (30,29): 1893024735 vs -3786049470
N != rad(ab(a^2-b^2)) at (31,2): 3816333213 vs 7632666426
N != rad(ab(a^2-b^2)) at (31,6): 12340131405 vs 24680262810
N != rad(ab(a^2-b^2)) at (31,10): 47632892055 vs 95265784110
N != rad(ab(a^2-b^2)) at (31,14): 9307291665 vs -18614583330
N != rad(ab(a^2-b^2)) at (31,16): 21288474690 vs -21288474690
N != rad(ab(a^2-b^2)) at (31,18): 7106271081 vs -14212542162
N != rad(ab(a^2-b^2)) at (31,20): 212670886890 vs -212670886890
N != rad(ab(a^2-b^2)) at (31,22): 88537837773 vs -177075675546
N != rad(ab(a^2-b^2)) at (31,24): 147940459590 vs -147940459590
N != rad(ab(a^2-b^2)) at (31,26): 289126673745 vs -578253347490
N != rad(ab(a^2-b^2)) at (31,28): 229099468206 vs -229099468206
N != rad(ab(a^2-b^2)) at (31,30): 98026007835 vs -196052015670
N != rad(ab(a^2-b^2)) at (32,15): 6788280030 vs -6788280030
N != rad(ab(a^2-b^2)) at (32,17): 2297362830 vs -2297362830
N != rad(ab(a^2-b^2)) at (32,19): 26178757878 vs -26178757878
N != rad(ab(a^2-b^2)) at (32,21): 35907421242 vs -35907421242
N != rad(ab(a^2-b^2)) at (32,23): 14586150810 vs -14586150810
N != rad(ab(a^2-b^2)) at (32,25): 9579188010 vs -9579188010
N != rad(ab(a^2-b^2)) at (32,27): 301832790 vs -301832790
N != rad(ab(a^2-b^2)) at (32,29): 36206975658 vs -36206975658
N != rad(ab(a^2-b^2)) at (32,31): 5119837674 vs -5119837674
N != rad(ab(a^2-b^2)) at (33,2): 41526674805 vs 83053349610
N != rad(ab(a^2-b^2)) at (33,10): 88531289385 vs 177062578770
N != rad(ab(a^2-b^2)) at (33,14): 11619302541 vs -23238605082
N != rad(ab(a^2-b^2)) at (33,16): 3308473938 vs -3308473938
N != rad(ab(a^2-b^2)) at (33,20): 41176024890 vs -41176024890
N != rad(ab(a^2-b^2)) at (33,26): 491504412399 vs -983008824798
N != rad(ab(a^2-b^2)) at (33,28): 468114151890 vs -468114151890
N != rad(ab(a^2-b^2)) at (33,32): 19117608510 vs -19117608510
N != rad(ab(a^2-b^2)) at (34,1): 26102788635 vs 52205577270
N != rad(ab(a^2-b^2)) at (34,3): 74524768521 vs 149049537042
N != rad(ab(a^2-b^2)) at (34,5): 111858936735 vs 223717873470
N != rad(ab(a^2-b^2)) at (34,7): 14620504101 vs 29241008202
N != rad(ab(a^2-b^2)) at (34,9): 8564553165 vs 17129106330
N != rad(ab(a^2-b^2)) at (34,11): 33013680315 vs 66027360630
N != rad(ab(a^2-b^2)) at (34,13): 42035908551 vs 84071817102
N != rad(ab(a^2-b^2)) at (34,15): 5888966685 vs -11777933370
N != rad(ab(a^2-b^2)) at (34,19): 266347416615 vs -532694833230
N != rad(ab(a^2-b^2)) at (34,21): 390019174545 vs -780038349090
N != rad(ab(a^2-b^2)) at (34,23): 503299230819 vs -1006598461638
N != rad(ab(a^2-b^2)) at (34,25): 39237946755 vs -78475893510
N != rad(ab(a^2-b^2)) at (34,27): 69437423559 vs -138874847118
N != rad(ab(a^2-b^2)) at (34,29): 196166521635 vs -392333043270
N != rad(ab(a^2-b^2)) at (34,31): 64677927405 vs -129355854810
N != rad(ab(a^2-b^2)) at (34,33): 189101963589 vs -378203927178
N != rad(ab(a^2-b^2)) at (35,2): 62873484135 vs 125746968270
N != rad(ab(a^2-b^2)) at (35,6): 154473340245 vs 308946680490
N != rad(ab(a^2-b^2)) at (35,16): 21396227370 vs -21396227370
N != rad(ab(a^2-b^2)) at (35,18): 73394464395 vs -146788928790
N != rad(ab(a^2-b^2)) at (35,22): 519937332915 vs -1039874665830
N != rad(ab(a^2-b^2)) at (35,24): 327259411710 vs -327259411710
N != rad(ab(a^2-b^2)) at (35,26): 250710831735 vs -501421663470
N != rad(ab(a^2-b^2)) at (35,32): 70029189930 vs -70029189930
N != rad(ab(a^2-b^2)) at (35,34): 232356479145 vs -464712958290
N != rad(ab(a^2-b^2)) at (36,17): 49726620678 vs -49726620678
N != rad(ab(a^2-b^2)) at (36,19): 15184491630 vs -15184491630
N != rad(ab(a^2-b^2)) at (36,23): 227997258762 vs -227997258762
N != rad(ab(a^2-b^2)) at (36,25): 56157848670 vs -56157848670
N != rad(ab(a^2-b^2)) at (36,29): 328770763230 vs -328770763230
N != rad(ab(a^2-b^2)) at (36,31): 303424713690 vs -303424713690
N != rad(ab(a^2-b^2)) at (36,35): 94609302690 vs -94609302690
N != rad(ab(a^2-b^2)) at (37,2): 92995917105 vs 185991834210
N != rad(ab(a^2-b^2)) at (37,6): 233744993139 vs 467489986278
N != rad(ab(a^2-b^2)) at (37,10): 172187085 vs 344374170
N != rad(ab(a^2-b^2)) at (37,14): 1956213273 vs 3912426546
N != rad(ab(a^2-b^2)) at (37,16): 13432171494 vs -13432171494
N != rad(ab(a^2-b^2)) at (37,18): 79131673005 vs -158263346010
N != rad(ab(a^2-b^2)) at (37,20): 448678424670 vs -448678424670
N != rad(ab(a^2-b^2)) at (37,22): 672541336005 vs -1345082672010
N != rad(ab(a^2-b^2)) at (37,24): 444573717042 vs -444573717042
N != rad(ab(a^2-b^2)) at (37,26): 357947086497 vs -715894172994
N != rad(ab(a^2-b^2)) at (37,28): 399086368590 vs -399086368590
N != rad(ab(a^2-b^2)) at (37,30): 1225583129505 vs -2451166259010
N != rad(ab(a^2-b^2)) at (37,32): 8242283910 vs -8242283910
N != rad(ab(a^2-b^2)) at (37,34): 120290043657 vs -240580087314
N != rad(ab(a^2-b^2)) at (37,36): 114925934802 vs -114925934802
N != rad(ab(a^2-b^2)) at (38,1): 8132951463 vs 16265902926
N != rad(ab(a^2-b^2)) at (38,3): 164182277595 vs 328364555190
N != rad(ab(a^2-b^2)) at (38,5): 251972248605 vs 503944497210
N != rad(ab(a^2-b^2)) at (38,7): 102848296845 vs 205696593690
N != rad(ab(a^2-b^2)) at (38,9): 107983730883 vs 215967461766
N != rad(ab(a^2-b^2)) at (38,11): 4614739437 vs 9229478874
N != rad(ab(a^2-b^2)) at (38,13): 40907560785 vs 81815121570
N != rad(ab(a^2-b^2)) at (38,15): 64744606815 vs 129489213630
N != rad(ab(a^2-b^2)) at (38,17): 125065937535 vs -250131875070
N != rad(ab(a^2-b^2)) at (38,21): 616786417779 vs -1233572835558
N != rad(ab(a^2-b^2)) at (38,23): 126712849935 vs -253425699870
N != rad(ab(a^2-b^2)) at (38,25): 76229163465 vs -152458326930
N != rad(ab(a^2-b^2)) at (38,27): 150772266645 vs -301544533290
N != rad(ab(a^2-b^2)) at (38,29): 497715769257 vs -995431538514
N != rad(ab(a^2-b^2)) at (38,31): 1512744544689 vs -3025489089378
N != rad(ab(a^2-b^2)) at (38,33): 1372022620815 vs -2744045241630
N != rad(ab(a^2-b^2)) at (38,35): 1023470205765 vs -2046940411530
N != rad(ab(a^2-b^2)) at (38,37): 83323626855 vs -166647253710
N != rad(ab(a^2-b^2)) at (39,2): 134711370339 vs 269422740678
N != rad(ab(a^2-b^2)) at (39,10): 55848140985 vs 111696281970
N != rad(ab(a^2-b^2)) at (39,14): 40741882545 vs 81483765090
N != rad(ab(a^2-b^2)) at (39,20): 514554705210 vs -514554705210
N != rad(ab(a^2-b^2)) at (39,22): 831595315551 vs -1663190631102
N != rad(ab(a^2-b^2)) at (39,28): 1700827302174 vs -1700827302174
N != rad(ab(a^2-b^2)) at (39,32): 231937249362 vs -231937249362
N != rad(ab(a^2-b^2)) at (39,34): 1669736218605 vs -3339472437210
N != rad(ab(a^2-b^2)) at (39,38): 500924342919 vs -1001848685838
N != rad(ab(a^2-b^2)) at (40,17): 4167000390 vs -4167000390
N != rad(ab(a^2-b^2)) at (40,19): 182508429390 vs -182508429390
N != rad(ab(a^2-b^2)) at (40,21): 360002773410 vs -360002773410
N != rad(ab(a^2-b^2)) at (40,23): 183808079490 vs -183808079490
N != rad(ab(a^2-b^2)) at (40,27): 102088838670 vs -102088838670
N != rad(ab(a^2-b^2)) at (40,29): 1057918875090 vs -1057918875090
N != rad(ab(a^2-b^2)) at (40,31): 379149476370 vs -379149476370
N != rad(ab(a^2-b^2)) at (40,33): 1131250813770 vs -1131250813770
N != rad(ab(a^2-b^2)) at (40,37): 744293187330 vs -744293187330
N != rad(ab(a^2-b^2)) at (40,39): 299724578790 vs -299724578790
N != rad(ab(a^2-b^2)) at (41,2): 191518016781 vs 383036033562
N != rad(ab(a^2-b^2)) at (41,6): 498545548935 vs 997091097870
N != rad(ab(a^2-b^2)) at (41,10): 1726507335 vs 3453014670
N != rad(ab(a^2-b^2)) at (41,14): 42019085955 vs 84038171910
N != rad(ab(a^2-b^2)) at (41,18): 56270204697 vs -112540409394
N != rad(ab(a^2-b^2)) at (41,20): 550755689190 vs -550755689190
N != rad(ab(a^2-b^2)) at (41,22): 327796358043 vs -655592716086
N != rad(ab(a^2-b^2)) at (41,24): 720892888170 vs -720892888170
N != rad(ab(a^2-b^2)) at (41,26): 270541357905 vs -541082715810
N != rad(ab(a^2-b^2)) at (41,28): 2299963630146 vs -2299963630146
N != rad(ab(a^2-b^2)) at (41,30): 2613700836285 vs -5227401672570
N != rad(ab(a^2-b^2)) at (41,32): 115896029466 vs -115896029466
N != rad(ab(a^2-b^2)) at (41,34): 548691291015 vs -1097382582030
N != rad(ab(a^2-b^2)) at (41,36): 811293342090 vs -811293342090
N != rad(ab(a^2-b^2)) at (41,38): 1782218805801 vs -3564437611602
N != rad(ab(a^2-b^2)) at (41,40): 13224761970 vs -13224761970
N != rad(ab(a^2-b^2)) at (42,1): 114812506599 vs 229625013198
N != rad(ab(a^2-b^2)) at (42,5): 519979615995 vs 1039959231990
N != rad(ab(a^2-b^2)) at (42,11): 700493810709 vs 1400987621418
N != rad(ab(a^2-b^2)) at (42,13): 588516964035 vs 1177033928070
N != rad(ab(a^2-b^2)) at (42,17): 14369283915 vs 28738567830
N != rad(ab(a^2-b^2)) at (42,19): 324014422179 vs -648028844358
N != rad(ab(a^2-b^2)) at (42,23): 1316724540495 vs -2633449080990
N != rad(ab(a^2-b^2)) at (42,25): 12008414355 vs -24016828710
N != rad(ab(a^2-b^2)) at (42,29): 2856721645869 vs -5713443291738
N != rad(ab(a^2-b^2)) at (42,31): 3207616067271 vs -6415232134542
N != rad(ab(a^2-b^2)) at (42,37): 2916809363685 vs -5833618727370
N != rad(ab(a^2-b^2)) at (42,41): 847140053361 vs -1694280106722
N != rad(ab(a^2-b^2)) at (43,2): 89237092245 vs 178474184490
N != rad(ab(a^2-b^2)) at (43,6): 100925042043 vs 201850084086
N != rad(ab(a^2-b^2)) at (43,10): 872175955035 vs 1744351910070
N != rad(ab(a^2-b^2)) at (43,14): 638257505529 vs 1276515011058
N != rad(ab(a^2-b^2)) at (43,18): 2780865255 vs -5561730510
N != rad(ab(a^2-b^2)) at (43,20): 178363964310 vs -178363964310
N != rad(ab(a^2-b^2)) at (43,22): 1108210258155 vs -2216420516310
N != rad(ab(a^2-b^2)) at (43,24): 866923548078 vs -866923548078
N != rad(ab(a^2-b^2)) at (43,26): 2376129388269 vs -4752258776538
N != rad(ab(a^2-b^2)) at (43,28): 2990383550070 vs -2990383550070
N != rad(ab(a^2-b^2)) at (43,30): 3523153346895 vs -7046306693790
N != rad(ab(a^2-b^2)) at (43,32): 13972850430 vs -13972850430
N != rad(ab(a^2-b^2)) at (43,34): 1362628398747 vs -2725256797494
N != rad(ab(a^2-b^2)) at (43,36): 1323930114318 vs -1323930114318
N != rad(ab(a^2-b^2)) at (43,38): 128871116745 vs -257742233490
N != rad(ab(a^2-b^2)) at (43,40): 1260385104930 vs -1260385104930
N != rad(ab(a^2-b^2)) at (43,42): 1000832929845 vs -2001665859690
N != rad(ab(a^2-b^2)) at (44,19): 13823550510 vs -13823550510
N != rad(ab(a^2-b^2)) at (44,21): 815068764510 vs -815068764510
N != rad(ab(a^2-b^2)) at (44,23): 1507129242234 vs -1507129242234
N != rad(ab(a^2-b^2)) at (44,25): 450119644590 vs -450119644590
N != rad(ab(a^2-b^2)) at (44,27): 333666437874 vs -333666437874
N != rad(ab(a^2-b^2)) at (44,29): 3712189286190 vs -3712189286190
N != rad(ab(a^2-b^2)) at (44,31): 37534166670 vs -37534166670
N != rad(ab(a^2-b^2)) at (44,35): 1638920608710 vs -1638920608710
N != rad(ab(a^2-b^2)) at (44,37): 175727123418 vs -175727123418
N != rad(ab(a^2-b^2)) at (44,39): 4132690491930 vs -4132690491930
N != rad(ab(a^2-b^2)) at (44,41): 2979236496390 vs -2979236496390
N != rad(ab(a^2-b^2)) at (44,43): 168261583182 vs -168261583182
N != rad(ab(a^2-b^2)) at (45,2): 122837622915 vs 245675245830
N != rad(ab(a^2-b^2)) at (45,14): 337546165845 vs 675092331690
N != rad(ab(a^2-b^2)) at (45,22): 393022241535 vs -786044483070
N != rad(ab(a^2-b^2)) at (45,26): 961676205945 vs -1923352411890
N != rad(ab(a^2-b^2)) at (45,28): 1253617234590 vs -1253617234590
N != rad(ab(a^2-b^2)) at (45,32): 218990741970 vs -218990741970
N != rad(ab(a^2-b^2)) at (45,34): 1907587040205 vs -3815174080410
N != rad(ab(a^2-b^2)) at (45,38): 1880853355815 vs -3761706711630
N != rad(ab(a^2-b^2)) at (45,44): 65762278890 vs -65762278890
N != rad(ab(a^2-b^2)) at (46,1): 4258594095 vs 8517188190
N != rad(ab(a^2-b^2)) at (46,3): 90620816937 vs 181241633874
N != rad(ab(a^2-b^2)) at (46,5): 1000498156665 vs 2000996313330
N != rad(ab(a^2-b^2)) at (46,7): 1283810047611 vs 2567620095222
N != rad(ab(a^2-b^2)) at (46,9): 485223831015 vs 970447662030
N != rad(ab(a^2-b^2)) at (46,11): 1491936596535 vs 2983873193070
N != rad(ab(a^2-b^2)) at (46,13): 1374109866129 vs 2748219732258
N != rad(ab(a^2-b^2)) at (46,15): 1090465846995 vs 2180931693990
N != rad(ab(a^2-b^2)) at (46,17): 212362382127 vs 424724764254
N != rad(ab(a^2-b^2)) at (46,19): 2089557015 vs 4179114030
N != rad(ab(a^2-b^2)) at (46,21): 149993073195 vs -299986146390
N != rad(ab(a^2-b^2)) at (46,25): 525869266335 vs -1051738532670
N != rad(ab(a^2-b^2)) at (46,27): 58057363623 vs -116114727246
N != rad(ab(a^2-b^2)) at (46,29): 934208700915 vs -1868417401830
N != rad(ab(a^2-b^2)) at (46,31): 5599802354685 vs -11199604709370
N != rad(ab(a^2-b^2)) at (46,33): 908951976933 vs -1817903953866
N != rad(ab(a^2-b^2)) at (46,35): 254347097235 vs -508694194470
N != rad(ab(a^2-b^2)) at (46,37): 2337077934093 vs -4674155868186
N != rad(ab(a^2-b^2)) at (46,39): 6681961826085 vs -13363923652170
N != rad(ab(a^2-b^2)) at (46,41): 5758769135595 vs -11517538271190
N != rad(ab(a^2-b^2)) at (46,43): 4113744262761 vs -8227488525522
N != rad(ab(a^2-b^2)) at (46,45): 537837760005 vs -1075675520010
N != rad(ab(a^2-b^2)) at (47,2): 23819670735 vs 47639341470
N != rad(ab(a^2-b^2)) at (47,6): 1349303604369 vs 2698607208738
N != rad(ab(a^2-b^2)) at (47,10): 1766511127815 vs 3533022255630
N != rad(ab(a^2-b^2)) at (47,14): 1536689932701 vs 3073379865402
N != rad(ab(a^2-b^2)) at (47,18): 26212514055 vs 52425028110
N != rad(ab(a^2-b^2)) at (47,20): 24743487930 vs -24743487930
N != rad(ab(a^2-b^2)) at (47,22): 4735769115 vs -9471538230
N != rad(ab(a^2-b^2)) at (47,24): 1115735580582 vs -1115735580582
N != rad(ab(a^2-b^2)) at (47,26): 3393574072161 vs -6787148144322
N != rad(ab(a^2-b^2)) at (47,28): 918296716470 vs -918296716470
N != rad(ab(a^2-b^2)) at (47,30): 5757555204555 vs -11515110409110
N != rad(ab(a^2-b^2)) at (47,32): 851447226210 vs -851447226210
N != rad(ab(a^2-b^2)) at (47,34): 283739819727 vs -567479639454
N != rad(ab(a^2-b^2)) at (47,36): 2733744894342 vs -2733744894342
N != rad(ab(a^2-b^2)) at (47,38): 2772193073685 vs -5544386147370
N != rad(ab(a^2-b^2)) at (47,40): 3940447979370 vs -3940447979370
N != rad(ab(a^2-b^2)) at (47,42): 6758938646985 vs -13517877293970
N != rad(ab(a^2-b^2)) at (47,44): 4807817708694 vs -4807817708694
N != rad(ab(a^2-b^2)) at (47,46): 1878793578291 vs -3757587156582
N != rad(ab(a^2-b^2)) at (48,23): 84490064610 vs -84490064610
N != rad(ab(a^2-b^2)) at (48,25): 148136104830 vs -148136104830
N != rad(ab(a^2-b^2)) at (48,29): 1428165879294 vs -1428165879294
N != rad(ab(a^2-b^2)) at (48,31): 1761807058746 vs -1761807058746
N != rad(ab(a^2-b^2)) at (48,35): 2294305095810 vs -2294305095810
N != rad(ab(a^2-b^2)) at (48,37): 2437386366030 vs -2437386366030
N != rad(ab(a^2-b^2)) at (48,41): 2314803774486 vs -2314803774486
N != rad(ab(a^2-b^2)) at (48,43): 1976068013010 vs -1976068013010
N != rad(ab(a^2-b^2)) at (48,47): 545152898010 vs -545152898010
N != rad(ab(a^2-b^2)) at (49,2): 95760991347 vs 191521982694
N != rad(ab(a^2-b^2)) at (49,6): 260616143865 vs 521232287730
N != rad(ab(a^2-b^2)) at (49,10): 349054877535 vs 698109755070
N != rad(ab(a^2-b^2)) at (49,18): 52437796761 vs 104875593522
N != rad(ab(a^2-b^2)) at (49,22): 15965504247 vs -31931008494
N != rad(ab(a^2-b^2)) at (49,24): 33745607070 vs -33745607070
N != rad(ab(a^2-b^2)) at (49,26): 110406137205 vs -220812274410
N != rad(ab(a^2-b^2)) at (49,30): 1007190355395 vs -2014380710790
N != rad(ab(a^2-b^2)) at (49,32): 5667994038 vs -5667994038
N != rad(ab(a^2-b^2)) at (49,34): 1415206042845 vs -2830412085690
N != rad(ab(a^2-b^2)) at (49,36): 520987475190 vs -520987475190
N != rad(ab(a^2-b^2)) at (49,38): 1648585132887 vs -3297170265774
N != rad(ab(a^2-b^2)) at (49,40): 275206493310 vs -275206493310
N != rad(ab(a^2-b^2)) at (49,44): 1315985491590 vs -1315985491590
N != rad(ab(a^2-b^2)) at (49,46): 928750897515 vs -1857501795030
N != rad(ab(a^2-b^2)) at (49,48): 90109575318 vs -90109575318
N != rad(ab(a^2-b^2)) at (50,1): 11129476785 vs 22258953570
N != rad(ab(a^2-b^2)) at (50,3): 228490001565 vs 456980003130
N != rad(ab(a^2-b^2)) at (50,7): 473310244785 vs 946620489570
N != rad(ab(a^2-b^2)) at (50,9): 26133291555 vs 52266583110
N != rad(ab(a^2-b^2)) at (50,11): 83173325235 vs 166346650470
N != rad(ab(a^2-b^2)) at (50,13): 189068548305 vs 378137096610
N != rad(ab(a^2-b^2)) at (50,17): 375592044135 vs 751184088270
N != rad(ab(a^2-b^2)) at (50,19): 196158053805 vs 392316107610
N != rad(ab(a^2-b^2)) at (50,21): 36865355205 vs -73730710410
N != rad(ab(a^2-b^2)) at (50,23): 35388929415 vs -70777858830
N != rad(ab(a^2-b^2)) at (50,27): 110339294835 vs -220678589670
N != rad(ab(a^2-b^2)) at (50,29): 1360992594045 vs -2721985188090
N != rad(ab(a^2-b^2)) at (50,31): 63978466965 vs -127956933930
N != rad(ab(a^2-b^2)) at (50,33): 2071839077385 vs -4143678154770
N != rad(ab(a^2-b^2)) at (50,37): 2596781898165 vs -5193563796330
N != rad(ab(a^2-b^2)) at (50,39): 2720693870895 vs -5441387741790
N != rad(ab(a^2-b^2)) at (50,41): 903232510635 vs -1806465021270
N != rad(ab(a^2-b^2)) at (50,43): 2528635543035 vs -5057271086070
N != rad(ab(a^2-b^2)) at (50,47): 1504833739815 vs -3009667479630
N != rad(ab(a^2-b^2)) at (50,49): 27720229845 vs -55440459690
N != rad(ab(a^2-b^2)) at (51,2): 126823546353 vs 253647092706
N != rad(ab(a^2-b^2)) at (51,10): 3325637860755 vs 6651275721510
N != rad(ab(a^2-b^2)) at (51,14): 3215264309985 vs 6430528619970
N != rad(ab(a^2-b^2)) at (51,22): 93967027077 vs -187934054154
N != rad(ab(a^2-b^2)) at (51,26): 849355652145 vs -1698711304290
N != rad(ab(a^2-b^2)) at (51,28): 6298896432486 vs -6298896432486
N != rad(ab(a^2-b^2)) at (51,32): 1313657139018 vs -1313657139018
N != rad(ab(a^2-b^2)) at (51,38): 15342399035691 vs -30684798071382
N != rad(ab(a^2-b^2)) at (51,40): 7986622133490 vs -7986622133490
N != rad(ab(a^2-b^2)) at (51,44): 14698700563470 vs -14698700563470
N != rad(ab(a^2-b^2)) at (51,46): 12390545525295 vs -24781091050590
N != rad(ab(a^2-b^2)) at (51,50): 669624823245 vs -1339249646490
N != rad(ab(a^2-b^2)) at (52,23): 257798975070 vs -257798975070
N != rad(ab(a^2-b^2)) at (52,25): 73205902770 vs -73205902770
N != rad(ab(a^2-b^2)) at (52,27): 17536343370 vs -17536343370
N != rad(ab(a^2-b^2)) at (52,29): 292671586662 vs -292671586662
N != rad(ab(a^2-b^2)) at (52,31): 10334313864966 vs -10334313864966
N != rad(ab(a^2-b^2)) at (52,33): 1815306683190 vs -1815306683190
N != rad(ab(a^2-b^2)) at (52,35): 14888449176510 vs -14888449176510
N != rad(ab(a^2-b^2)) at (52,37): 16727461353330 vs -16727461353330
N != rad(ab(a^2-b^2)) at (52,41): 18686208046506 vs -18686208046506
N != rad(ab(a^2-b^2)) at (52,43): 6139286050170 vs -6139286050170
N != rad(ab(a^2-b^2)) at (52,45): 5677886276790 vs -5677886276790
N != rad(ab(a^2-b^2)) at (52,47): 4768049255970 vs -4768049255970
N != rad(ab(a^2-b^2)) at (52,49): 1427035486422 vs -1427035486422
N != rad(ab(a^2-b^2)) at (52,51): 3840820156446 vs -3840820156446
N != rad(ab(a^2-b^2)) at (53,2): 1163018336865 vs 2326036673730
N != rad(ab(a^2-b^2)) at (53,6): 3212022044931 vs 6424044089862
N != rad(ab(a^2-b^2)) at (53,10): 1487237807895 vs 2974475615790
N != rad(ab(a^2-b^2)) at (53,14): 4484078688999 vs 8968157377998
N != rad(ab(a^2-b^2)) at (53,18): 1001522092515 vs 2003044185030
N != rad(ab(a^2-b^2)) at (53,22): 8837425905 vs -17674851810
N != rad(ab(a^2-b^2)) at (53,24): 1054949020818 vs -1054949020818
N != rad(ab(a^2-b^2)) at (53,26): 497365494171 vs -994730988342
N != rad(ab(a^2-b^2)) at (53,28): 52404480870 vs -52404480870
N != rad(ab(a^2-b^2)) at (53,30): 9816373140945 vs -19632746281890
N != rad(ab(a^2-b^2)) at (53,32): 1574121053190 vs -1574121053190
N != rad(ab(a^2-b^2)) at (53,34): 15275410534671 vs -30550821069342
N != rad(ab(a^2-b^2)) at (53,36): 11555395278 vs -11555395278
N != rad(ab(a^2-b^2)) at (53,38): 19740752731245 vs -39481505462490
N != rad(ab(a^2-b^2)) at (53,40): 10582905417630 vs -10582905417630
N != rad(ab(a^2-b^2)) at (53,42): 21782580380715 vs -43565160761430
N != rad(ab(a^2-b^2)) at (53,44): 1017470455386 vs -1017470455386
N != rad(ab(a^2-b^2)) at (53,46): 6559651516803 vs -13119303033606
N != rad(ab(a^2-b^2)) at (53,48): 4116358344210 vs -4116358344210
N != rad(ab(a^2-b^2)) at (53,50): 2292331188315 vs -4584662376630
N != rad(ab(a^2-b^2)) at (53,52): 4394397208110 vs -4394397208110
N != rad(ab(a^2-b^2)) at (54,1): 74206230945 vs 148412461890
N != rad(ab(a^2-b^2)) at (54,5): 49970610795 vs 99941221590
N != rad(ab(a^2-b^2)) at (54,7): 460472347671 vs 920944695342
N != rad(ab(a^2-b^2)) at (54,11): 590366812035 vs 1180733624070
N != rad(ab(a^2-b^2)) at (54,13): 597244298469 vs 1194488596938
N != rad(ab(a^2-b^2)) at (54,17): 472970026641 vs 945940053282
N != rad(ab(a^2-b^2)) at (54,19): 337483043835 vs 674966087670
N != rad(ab(a^2-b^2)) at (54,23): 77820026361 vs -155640052722
N != rad(ab(a^2-b^2)) at (54,25): 70149927435 vs -140299854870
N != rad(ab(a^2-b^2)) at (54,29): 198714662895 vs -397429325790
N != rad(ab(a^2-b^2)) at (54,31): 1343081768385 vs -2686163536770
N != rad(ab(a^2-b^2)) at (54,35): 2029261713045 vs -4058523426090
N != rad(ab(a^2-b^2)) at (54,37): 2331025133619 vs -4662050267238
N != rad(ab(a^2-b^2)) at (54,41): 2746739981895 vs -5493479963790
N != rad(ab(a^2-b^2)) at (54,43): 401686457403 vs -803372914806
N != rad(ab(a^2-b^2)) at (54,47): 2518684464849 vs -5037368929698
N != rad(ab(a^2-b^2)) at (54,49): 300008521785 vs -600017043570
N != rad(ab(a^2-b^2)) at (54,53): 11371880499 vs -22743760998
N != rad(ab(a^2-b^2)) at (55,2): 1508361902355 vs 3016723804710
N != rad(ab(a^2-b^2)) at (55,6): 598763297055 vs 1197526594110
N != rad(ab(a^2-b^2)) at (55,14): 6133786269765 vs 12267572539530
N != rad(ab(a^2-b^2)) at (55,18): 1504119820665 vs 3008239641330
N != rad(ab(a^2-b^2)) at (55,24): 785540431830 vs -785540431830
N != rad(ab(a^2-b^2)) at (55,26): 165577206795 vs -331154413590
N != rad(ab(a^2-b^2)) at (55,28): 855943881870 vs -855943881870
N != rad(ab(a^2-b^2)) at (55,32): 263704326270 vs -263704326270
N != rad(ab(a^2-b^2)) at (55,34): 18339189569085 vs -36678379138170
N != rad(ab(a^2-b^2)) at (55,36): 7241765160630 vs -7241765160630
N != rad(ab(a^2-b^2)) at (55,38): 24737301089655 vs -49474602179310
N != rad(ab(a^2-b^2)) at (55,42): 28771218420945 vs -57542436841890
N != rad(ab(a^2-b^2)) at (55,46): 9497022486105 vs -18994044972210
N != rad(ab(a^2-b^2)) at (55,48): 6509421942870 vs -6509421942870
N != rad(ab(a^2-b^2)) at (55,52): 14971428241770 vs -14971428241770
N != rad(ab(a^2-b^2)) at (55,54): 12946160535 vs -25892321070
N != rad(ab(a^2-b^2)) at (56,25): 587768370 vs -587768370
N != rad(ab(a^2-b^2)) at (56,27): 338758614138 vs -338758614138
N != rad(ab(a^2-b^2)) at (56,29): 546895050870 vs -546895050870
N != rad(ab(a^2-b^2)) at (56,31): 1382727977610 vs -1382727977610
N != rad(ab(a^2-b^2)) at (56,33): 8956107342798 vs -8956107342798
N != rad(ab(a^2-b^2)) at (56,37): 12860458441782 vs -12860458441782
N != rad(ab(a^2-b^2)) at (56,39): 14524138566210 vs -14524138566210
N != rad(ab(a^2-b^2)) at (56,41): 15842706369630 vs -15842706369630
N != rad(ab(a^2-b^2)) at (56,43): 5562228317646 vs -5562228317646
N != rad(ab(a^2-b^2)) at (56,45): 5638467863490 vs -5638467863490
N != rad(ab(a^2-b^2)) at (56,47): 5459270319174 vs -5459270319174
N != rad(ab(a^2-b^2)) at (56,51): 12353831250810 vs -12353831250810
N != rad(ab(a^2-b^2)) at (56,53): 8523530305878 vs -8523530305878
N != rad(ab(a^2-b^2)) at (56,55): 3242157356130 vs -3242157356130
N != rad(ab(a^2-b^2)) at (57,2): 1938070853565 vs 3876141707130
N != rad(ab(a^2-b^2)) at (57,10): 1104728259495 vs 2209456518990
N != rad(ab(a^2-b^2)) at (57,14): 8251231992171 vs 16502463984342
N != rad(ab(a^2-b^2)) at (57,22): 2349381643455 vs 4698763286910
N != rad(ab(a^2-b^2)) at (57,26): 589672989633 vs -1179345979266
N != rad(ab(a^2-b^2)) at (57,28): 8089848797730 vs -8089848797730
N != rad(ab(a^2-b^2)) at (57,32): 423964763670 vs -423964763670
N != rad(ab(a^2-b^2)) at (57,34): 21584695555059 vs -43169391110118
N != rad(ab(a^2-b^2)) at (57,40): 16988669852070 vs -16988669852070
N != rad(ab(a^2-b^2)) at (57,44): 1677734496438 vs -1677734496438
N != rad(ab(a^2-b^2)) at (57,46): 38940049147461 vs -77880098294922
N != rad(ab(a^2-b^2)) at (57,50): 6815723771535 vs -13631447543070
N != rad(ab(a^2-b^2)) at (57,52): 28143278782710 vs -28143278782710
N != rad(ab(a^2-b^2)) at (57,56): 3673931057538 vs -3673931057538
N != rad(ab(a^2-b^2)) at (58,1): 157385073993 vs 314770147986
N != rad(ab(a^2-b^2)) at (58,3): 141309409395 vs 282618818790
N != rad(ab(a^2-b^2)) at (58,5): 1744978701585 vs 3489957403170
N != rad(ab(a^2-b^2)) at (58,7): 6951441769545 vs 13902883539090
N != rad(ab(a^2-b^2)) at (58,9): 395305706859 vs 790611413718
N != rad(ab(a^2-b^2)) at (58,11): 9195690229341 vs 18391380458682
N != rad(ab(a^2-b^2)) at (58,13): 3185525011305 vs 6371050022610
N != rad(ab(a^2-b^2)) at (58,15): 9320283125265 vs 18640566250530
N != rad(ab(a^2-b^2)) at (58,17): 241119765285 vs 482239530570
N != rad(ab(a^2-b^2)) at (58,19): 6884006758629 vs 13768013517258
N != rad(ab(a^2-b^2)) at (58,21): 4645781992131 vs 9291563984262
N != rad(ab(a^2-b^2)) at (58,23): 64362235035 vs 128724470070
N != rad(ab(a^2-b^2)) at (58,25): 360568684245 vs -721137368490
N != rad(ab(a^2-b^2)) at (58,27): 657061789755 vs -1314123579510
N != rad(ab(a^2-b^2)) at (58,31): 1717869854631 vs -3435739709262
N != rad(ab(a^2-b^2)) at (58,33): 4127035077165 vs -8254070154330
N != rad(ab(a^2-b^2)) at (58,35): 25853885912715 vs -51707771825430
N != rad(ab(a^2-b^2)) at (58,37): 30913421646765 vs -61826843293530
N != rad(ab(a^2-b^2)) at (58,39): 35581119146391 vs -71162238292782
N != rad(ab(a^2-b^2)) at (58,41): 13198534173363 vs -26397068346726
N != rad(ab(a^2-b^2)) at (58,43): 42667541899395 vs -85335083798790
N != rad(ab(a^2-b^2)) at (58,45): 14826925575735 vs -29653851151470
N != rad(ab(a^2-b^2)) at (58,47): 44693822569935 vs -89387645139870
N != rad(ab(a^2-b^2)) at (58,49): 120285098493 vs -240570196986
N != rad(ab(a^2-b^2)) at (58,51): 38838665391099 vs -77677330782198
N != rad(ab(a^2-b^2)) at (58,53): 31980178932765 vs -63960357865530
N != rad(ab(a^2-b^2)) at (58,55): 21946934242695 vs -43893868485390
N != rad(ab(a^2-b^2)) at (58,57): 268005245655 vs -536010491310
N != rad(ab(a^2-b^2)) at (59,2): 2468656603119 vs 4937313206238
N != rad(ab(a^2-b^2)) at (59,6): 6931053021165 vs 13862106042330
N != rad(ab(a^2-b^2)) at (59,10): 1430372861085 vs 2860745722170
N != rad(ab(a^2-b^2)) at (59,14): 3645973290435 vs 7291946580870
N != rad(ab(a^2-b^2)) at (59,18): 3048346544397 vs 6096693088794
N != rad(ab(a^2-b^2)) at (59,22): 161568564927 vs 323137129854
N != rad(ab(a^2-b^2)) at (59,26): 3323104349565 vs -6646208699130
N != rad(ab(a^2-b^2)) at (59,28): 8114715751254 vs -8114715751254
N != rad(ab(a^2-b^2)) at (59,30): 13408255033215 vs -26816510066430
N != rad(ab(a^2-b^2)) at (59,32): 264841827978 vs -264841827978
N != rad(ab(a^2-b^2)) at (59,34): 4986004609005 vs -9972009218010
N != rad(ab(a^2-b^2)) at (59,36): 10265201593710 vs -10265201593710
N != rad(ab(a^2-b^2)) at (59,38): 36437184456099 vs -72874368912198
N != rad(ab(a^2-b^2)) at (59,40): 6932576613270 vs -6932576613270
N != rad(ab(a^2-b^2)) at (59,42): 45980498395461 vs -91960996790922
N != rad(ab(a^2-b^2)) at (59,44): 49272600828990 vs -49272600828990
N != rad(ab(a^2-b^2)) at (59,46): 51123542055495 vs -102247084110990
N != rad(ab(a^2-b^2)) at (59,48): 12789553555086 vs -12789553555086
N != rad(ab(a^2-b^2)) at (59,50): 3265112496135 vs -6530224992270
N != rad(ab(a^2-b^2)) at (59,52): 44156708429106 vs -44156708429106
N != rad(ab(a^2-b^2)) at (59,54): 4028517315795 vs -8057034631590
N != rad(ab(a^2-b^2)) at (59,56): 12409485715830 vs -12409485715830
N != rad(ab(a^2-b^2)) at (59,58): 100796623473 vs -201593246946
N != rad(ab(a^2-b^2)) at (60,29): 10797450045270 vs -10797450045270
N != rad(ab(a^2-b^2)) at (60,31): 16870845867330 vs -16870845867330
N != rad(ab(a^2-b^2)) at (60,37): 776446162170 vs -776446162170
N != rad(ab(a^2-b^2)) at (60,41): 48443853860430 vs -48443853860430
N != rad(ab(a^2-b^2)) at (60,43): 53216186625210 vs -53216186625210
N != rad(ab(a^2-b^2)) at (60,47): 58593585121890 vs -58593585121890
N != rad(ab(a^2-b^2)) at (60,49): 8343514620210 vs -8343514620210
N != rad(ab(a^2-b^2)) at (60,53): 50086144687110 vs -50086144687110
N != rad(ab(a^2-b^2)) at (60,59): 10555140900570 vs -10555140900570
N != rad(ab(a^2-b^2)) at (61,2): 1039706519187 vs 2079413038374
N != rad(ab(a^2-b^2)) at (61,6): 8795882681355 vs 17591765362710
N != rad(ab(a^2-b^2)) at (61,10): 37424972235 vs 74849944470
N != rad(ab(a^2-b^2)) at (61,14): 2862349453635 vs 5724698907270
N != rad(ab(a^2-b^2)) at (61,18): 4175749745643 vs 8351499491286
N != rad(ab(a^2-b^2)) at (61,22): 7111896242451 vs 14223792484902
N != rad(ab(a^2-b^2)) at (61,26): 1906536273915 vs -3813072547830
N != rad(ab(a^2-b^2)) at (61,28): 7632664727226 vs -7632664727226
N != rad(ab(a^2-b^2)) at (61,30): 14035508854185 vs -28071017708370
N != rad(ab(a^2-b^2)) at (61,32): 2621547794838 vs -2621547794838
N != rad(ab(a^2-b^2)) at (61,34): 448665977865 vs -897331955730
N != rad(ab(a^2-b^2)) at (61,36): 2380238512890 vs -2380238512890
N != rad(ab(a^2-b^2)) at (61,38): 14345632782327 vs -28691265564654
N != rad(ab(a^2-b^2)) at (61,40): 24990922151790 vs -24990922151790
N != rad(ab(a^2-b^2)) at (61,42): 56218934870259 vs -112437869740518
N != rad(ab(a^2-b^2)) at (61,44): 61393977328530 vs -61393977328530
N != rad(ab(a^2-b^2)) at (61,46): 65119154861985 vs -130238309723970
N != rad(ab(a^2-b^2)) at (61,48): 16743631920834 vs -16743631920834
N != rad(ab(a^2-b^2)) at (61,50): 13301993407395 vs -26603986814790
N != rad(ab(a^2-b^2)) at (61,52): 21082513917738 vs -21082513917738
N != rad(ab(a^2-b^2)) at (61,54): 6298264114485 vs -12596528228970
N != rad(ab(a^2-b^2)) at (61,56): 7716000853470 vs -7716000853470
N != rad(ab(a^2-b^2)) at (61,58): 31540227597291 vs -63080455194582
N != rad(ab(a^2-b^2)) at (61,60): 1078318988670 vs -1078318988670
N != rad(ab(a^2-b^2)) at (62,1): 585867224103 vs 1171734448206
N != rad(ab(a^2-b^2)) at (62,3): 5196049986855 vs 10392099973710
N != rad(ab(a^2-b^2)) at (62,5): 8405832692145 vs 16811665384290
N != rad(ab(a^2-b^2)) at (62,7): 11239827652515 vs 22479655305030
N != rad(ab(a^2-b^2)) at (62,9): 4519620046767 vs 9039240093534
N != rad(ab(a^2-b^2)) at (62,11): 15234811803519 vs 30469623607038
N != rad(ab(a^2-b^2)) at (62,13): 461533132515 vs 923066265030
N != rad(ab(a^2-b^2)) at (62,15): 16218424965435 vs 32436849930870
N != rad(ab(a^2-b^2)) at (62,17): 5117337472695 vs 10234674945390
N != rad(ab(a^2-b^2)) at (62,19): 71428142499 vs 142856284998
N != rad(ab(a^2-b^2)) at (62,21): 10632792751329 vs 21265585502658
N != rad(ab(a^2-b^2)) at (62,23): 6748822438995 vs 13497644877990
N != rad(ab(a^2-b^2)) at (62,25): 375187181145 vs 750374362290
N != rad(ab(a^2-b^2)) at (62,27): 436245616905 vs -872491233810
N != rad(ab(a^2-b^2)) at (62,29): 10564473198279 vs -21128946396558
N != rad(ab(a^2-b^2)) at (62,33): 25800550472235 vs -51601100944470
N != rad(ab(a^2-b^2)) at (62,35): 3781380967665 vs -7562761935330
N != rad(ab(a^2-b^2)) at (62,37): 2824464141345 vs -5648928282690
N != rad(ab(a^2-b^2)) at (62,39): 50526633353469 vs -101053266706938
N != rad(ab(a^2-b^2)) at (62,41): 58195832911251 vs -116391665822502
N != rad(ab(a^2-b^2)) at (62,43): 65021269957665 vs -130042539915330
N != rad(ab(a^2-b^2)) at (62,45): 3362513004795 vs -6725026009590
N != rad(ab(a^2-b^2)) at (62,47): 74544501148005 vs -149089002296010
N != rad(ab(a^2-b^2)) at (62,49): 10908083405037 vs -21816166810074
N != rad(ab(a^2-b^2)) at (62,51): 75557212525641 vs -151114425051282
N != rad(ab(a^2-b^2)) at (62,53): 3410723851395 vs -6821447702790
N != rad(ab(a^2-b^2)) at (62,55): 21337678497135 vs -42675356994270
N != rad(ab(a^2-b^2)) at (62,57): 52150436497635 vs -104300872995270
N != rad(ab(a^2-b^2)) at (62,59): 3222586195059 vs -6445172390118
N != rad(ab(a^2-b^2)) at (62,61): 13304079331431 vs -26608158662862
N != rad(ab(a^2-b^2)) at (63,2): 1303740139065 vs 2607480278130
N != rad(ab(a^2-b^2)) at (63,10): 5436192248445 vs 10872384496890
N != rad(ab(a^2-b^2)) at (63,22): 3591455148435 vs 7182910296870
N != rad(ab(a^2-b^2)) at (63,26): 100392798597 vs 200785597194
N != rad(ab(a^2-b^2)) at (63,32): 938064836310 vs -938064836310
N != rad(ab(a^2-b^2)) at (63,34): 10483961712567 vs -20967923425134
N != rad(ab(a^2-b^2)) at (63,38): 3334605031905 vs -6669210063810
N != rad(ab(a^2-b^2)) at (63,40): 9845048008110 vs -9845048008110
N != rad(ab(a^2-b^2)) at (63,44): 24986617633362 vs -24986617633362
N != rad(ab(a^2-b^2)) at (63,46): 26993176104993 vs -53986352209986
N != rad(ab(a^2-b^2)) at (63,50): 5789129355555 vs -11578258711110
N != rad(ab(a^2-b^2)) at (63,52): 28545167160510 vs -28545167160510
N != rad(ab(a^2-b^2)) at (63,58): 1776602902305 vs -3553205804610
N != rad(ab(a^2-b^2)) at (63,62): 198593145345 vs -397186290690
N != rad(ab(a^2-b^2)) at (64,27): 12267603894 vs -12267603894
N != rad(ab(a^2-b^2)) at (64,29): 601092068010 vs -601092068010
N != rad(ab(a^2-b^2)) at (64,31): 164292603090 vs -164292603090
N != rad(ab(a^2-b^2)) at (64,33): 1746490804674 vs -1746490804674
N != rad(ab(a^2-b^2)) at (64,35): 792341575410 vs -792341575410
N != rad(ab(a^2-b^2)) at (64,37): 48025255782 vs -48025255782
N != rad(ab(a^2-b^2)) at (64,39): 734686764630 vs -734686764630
N != rad(ab(a^2-b^2)) at (64,41): 4299088520370 vs -4299088520370
N != rad(ab(a^2-b^2)) at (64,43): 4878395642694 vs -4878395642694
N != rad(ab(a^2-b^2)) at (64,45): 1794846170670 vs -1794846170670
N != rad(ab(a^2-b^2)) at (64,47): 5788107901086 vs -5788107901086
N != rad(ab(a^2-b^2)) at (64,49): 865313477070 vs -865313477070
N != rad(ab(a^2-b^2)) at (64,51): 6157509449910 vs -6157509449910
N != rad(ab(a^2-b^2)) at (64,53): 2017512535038 vs -2017512535038
N != rad(ab(a^2-b^2)) at (64,55): 1901239731930 vs -1901239731930
N != rad(ab(a^2-b^2)) at (64,57): 460969709046 vs -460969709046
N != rad(ab(a^2-b^2)) at (64,59): 4111415541030 vs -4111415541030
N != rad(ab(a^2-b^2)) at (64,61): 15901193910 vs -15901193910
N != rad(ab(a^2-b^2)) at (64,63): 346773831978 vs -346773831978
N != rad(ab(a^2-b^2)) at (65,2): 1623256835655 vs 3246513671310
N != rad(ab(a^2-b^2)) at (65,6): 13836969055455 vs 27673938110910
N != rad(ab(a^2-b^2)) at (65,14): 503950805085 vs 1007901610170
N != rad(ab(a^2-b^2)) at (65,18): 93808146705 vs 187616293410
N != rad(ab(a^2-b^2)) at (65,22): 15555335811015 vs 31110671622030
N != rad(ab(a^2-b^2)) at (65,28): 4412388415890 vs -4412388415890
N != rad(ab(a^2-b^2)) at (65,32): 2937544479870 vs -2937544479870
N != rad(ab(a^2-b^2)) at (65,34): 11437130890185 vs -22874261780370
N != rad(ab(a^2-b^2)) at (65,36): 15219406219290 vs -15219406219290
N != rad(ab(a^2-b^2)) at (65,38): 6361384286985 vs -12722768573970
N != rad(ab(a^2-b^2)) at (65,42): 896624780415 vs -1793249560830
N != rad(ab(a^2-b^2)) at (65,44): 89945790264330 vs -89945790264330
N != rad(ab(a^2-b^2)) at (65,46): 14103851906235 vs -28207703812470
N != rad(ab(a^2-b^2)) at (65,48): 26406968889210 vs -26406968889210
N != rad(ab(a^2-b^2)) at (65,54): 12141693909345 vs -24283387818690
N != rad(ab(a^2-b^2)) at (65,56): 1555928744370 vs -1555928744370
N != rad(ab(a^2-b^2)) at (65,58): 91066141162815 vs -182132282325630
N != rad(ab(a^2-b^2)) at (65,62): 49762087896885 vs -99524175793770
N != rad(ab(a^2-b^2)) at (65,64): 1160580578430 vs -1160580578430
N != rad(ab(a^2-b^2)) at (66,1): 2723198192715 vs 5446396385430
N != rad(ab(a^2-b^2)) at (66,5): 13093148160015 vs 26186296320030
N != rad(ab(a^2-b^2)) at (66,7): 17606521827741 vs 35213043655482
N != rad(ab(a^2-b^2)) at (66,13): 26200270895799 vs 52400541791598
N != rad(ab(a^2-b^2)) at (66,17): 3749935885773 vs 7499871771546
N != rad(ab(a^2-b^2)) at (66,19): 24221946860265 vs 48443893720530
N != rad(ab(a^2-b^2)) at (66,23): 15768512274669 vs 31537024549338
N != rad(ab(a^2-b^2)) at (66,25): 1865535687015 vs 3731071374030
N != rad(ab(a^2-b^2)) at (66,29): 7731346413945 vs -15462692827890
N != rad(ab(a^2-b^2)) at (66,31): 18124082214315 vs -36248164428630
N != rad(ab(a^2-b^2)) at (66,35): 41736640301895 vs -83473280603790
N != rad(ab(a^2-b^2)) at (66,37): 54456299962449 vs -108912599924898
N != rad(ab(a^2-b^2)) at (66,41): 16021892708745 vs -32043785417490
N != rad(ab(a^2-b^2)) at (66,43): 13178727551913 vs -26357455103826
N != rad(ab(a^2-b^2)) at (66,47): 112820321669979 vs -225640643339958
N != rad(ab(a^2-b^2)) at (66,49): 17166860413395 vs -34333720826790
N != rad(ab(a^2-b^2)) at (66,53): 125952658152321 vs -251905316304642
N != rad(ab(a^2-b^2)) at (66,59): 4081021353255 vs -8162042706510
N != rad(ab(a^2-b^2)) at (66,61): 82359860189145 vs -164719720378290
N != rad(ab(a^2-b^2)) at (66,65): 20681018162805 vs -41362036325610
N != rad(ab(a^2-b^2)) at (67,2): 860420254785 vs 1720840509570
N != rad(ab(a^2-b^2)) at (67,6): 17169616423029 vs 34339232846058
N != rad(ab(a^2-b^2)) at (67,10): 25683052202115 vs 51366104404230
N != rad(ab(a^2-b^2)) at (67,14): 1111888882083 vs 2223777764166
N != rad(ab(a^2-b^2)) at (67,18): 1378868280195 vs 2757736560390
N != rad(ab(a^2-b^2)) at (67,22): 7230960185295 vs 14461920370590
N != rad(ab(a^2-b^2)) at (67,26): 7973063160699 vs 15946126321398
N != rad(ab(a^2-b^2)) at (67,28): 1218016163910 vs -1218016163910
N != rad(ab(a^2-b^2)) at (67,30): 11828900381655 vs -23657800763310
N != rad(ab(a^2-b^2)) at (67,32): 987543879630 vs -987543879630
N != rad(ab(a^2-b^2)) at (67,34): 747500299161 vs -1495000598322
N != rad(ab(a^2-b^2)) at (67,36): 16783820117022 vs -16783820117022
N != rad(ab(a^2-b^2)) at (67,38): 64565104649115 vs -129130209298230
N != rad(ab(a^2-b^2)) at (67,40): 4383831814530 vs -4383831814530
N != rad(ab(a^2-b^2)) at (67,42): 18594312132585 vs -37188624265170
N != rad(ab(a^2-b^2)) at (67,44): 106289407231854 vs -106289407231854
N != rad(ab(a^2-b^2)) at (67,46): 118347596619231 vs -236695193238462
N != rad(ab(a^2-b^2)) at (67,48): 32145178989630 vs -32145178989630
N != rad(ab(a^2-b^2)) at (67,50): 9091619195295 vs -18183238390590
N != rad(ab(a^2-b^2)) at (67,52): 141066700486530 vs -141066700486530
N != rad(ab(a^2-b^2)) at (67,54): 1433855103681 vs -2867710207362
N != rad(ab(a^2-b^2)) at (67,56): 69140578135398 vs -69140578135398
N != rad(ab(a^2-b^2)) at (67,58): 101387498415 vs -202774996830
N != rad(ab(a^2-b^2)) at (67,60): 114095211932310 vs -114095211932310
N != rad(ab(a^2-b^2)) at (67,62): 91910180968935 vs -183820361937870
N != rad(ab(a^2-b^2)) at (67,64): 552148483782 vs -552148483782
N != rad(ab(a^2-b^2)) at (67,66): 22995328732761 vs -45990657465522
N != rad(ab(a^2-b^2)) at (68,29): 4640342583786 vs -4640342583786
N != rad(ab(a^2-b^2)) at (68,31): 5607283401258 vs -5607283401258
N != rad(ab(a^2-b^2)) at (68,33): 30325779152130 vs -30325779152130
N != rad(ab(a^2-b^2)) at (68,35): 44915184119190 vs -44915184119190
N != rad(ab(a^2-b^2)) at (68,37): 60299873445210 vs -60299873445210
N != rad(ab(a^2-b^2)) at (68,39): 76135357198446 vs -76135357198446
N != rad(ab(a^2-b^2)) at (68,41): 10224686566626 vs -10224686566626
N != rad(ab(a^2-b^2)) at (68,43): 21501130845390 vs -21501130845390
N != rad(ab(a^2-b^2)) at (68,45): 40692011478510 vs -40692011478510
N != rad(ab(a^2-b^2)) at (68,47): 135169123425630 vs -135169123425630
N != rad(ab(a^2-b^2)) at (68,49): 6960350637786 vs -6960350637786
N != rad(ab(a^2-b^2)) at (68,53): 14468386725870 vs -14468386725870
N != rad(ab(a^2-b^2)) at (68,55): 159653802177870 vs -159653802177870
N != rad(ab(a^2-b^2)) at (68,57): 6203844872610 vs -6203844872610
N != rad(ab(a^2-b^2)) at (68,59): 48209729372322 vs -48209729372322
N != rad(ab(a^2-b^2)) at (68,61): 127367266250154 vs -127367266250154
N != rad(ab(a^2-b^2)) at (68,63): 34131304404330 vs -34131304404330
N != rad(ab(a^2-b^2)) at (68,65): 68767626774210 vs -68767626774210
N != rad(ab(a^2-b^2)) at (68,67): 2836462600230 vs -2836462600230
N != rad(ab(a^2-b^2)) at (69,2): 7402597163409 vs 14805194326818
N != rad(ab(a^2-b^2)) at (69,10): 31872289691445 vs 63744579382890
N != rad(ab(a^2-b^2)) at (69,14): 37718259011895 vs 75436518023790
N != rad(ab(a^2-b^2)) at (69,22): 29461060848219 vs 58922121696438
N != rad(ab(a^2-b^2)) at (69,26): 13973528686845 vs 27947057373690
N != rad(ab(a^2-b^2)) at (69,32): 2854890141222 vs -2854890141222
N != rad(ab(a^2-b^2)) at (69,34): 38137648819935 vs -76275297639870
N != rad(ab(a^2-b^2)) at (69,38): 71738844122589 vs -143477688245178
N != rad(ab(a^2-b^2)) at (69,40): 44665405762110 vs -44665405762110
N != rad(ab(a^2-b^2)) at (69,44): 24776850397530 vs -24776850397530
N != rad(ab(a^2-b^2)) at (69,50): 33150258024555 vs -66300516049110
N != rad(ab(a^2-b^2)) at (69,52): 15855940606506 vs -15855940606506
N != rad(ab(a^2-b^2)) at (69,56): 3584138531610 vs -3584138531610
N != rad(ab(a^2-b^2)) at (69,58): 173628836190579 vs -347257672381158
N != rad(ab(a^2-b^2)) at (69,62): 141939793013361 vs -283879586026722
N != rad(ab(a^2-b^2)) at (69,64): 7117864648230 vs -7117864648230
N != rad(ab(a^2-b^2)) at (69,68): 28296452883174 vs -28296452883174
N != rad(ab(a^2-b^2)) at (70,1): 4111833750465 vs 8223667500930
N != rad(ab(a^2-b^2)) at (70,3): 12194610494955 vs 24389220989910
N != rad(ab(a^2-b^2)) at (70,9): 10947283290195 vs 21894566580390
N != rad(ab(a^2-b^2)) at (70,11): 1394740137945 vs 2789480275890
N != rad(ab(a^2-b^2)) at (70,13): 41050093398405 vs 82100186796810
N != rad(ab(a^2-b^2)) at (70,17): 42790854624945 vs 85581709249890
N != rad(ab(a^2-b^2)) at (70,19): 40830131788635 vs 81660263577270
N != rad(ab(a^2-b^2)) at (70,23): 30743336730855 vs 61486673461710
N != rad(ab(a^2-b^2)) at (70,27): 1361532460155 vs 2723064920310
N != rad(ab(a^2-b^2)) at (70,29): 11149782105 vs -22299564210
N != rad(ab(a^2-b^2)) at (70,31): 14188548668385 vs -28377097336770
N != rad(ab(a^2-b^2)) at (70,33): 30022616857695 vs -60045233715390
N != rad(ab(a^2-b^2)) at (70,37): 65683480171155 vs -131366960342310
N != rad(ab(a^2-b^2)) at (70,39): 84839100884265 vs -169678201768530
N != rad(ab(a^2-b^2)) at (70,41): 6137003043255 vs -12274006086510
N != rad(ab(a^2-b^2)) at (70,43): 13740469190805 vs -27480938381610
N != rad(ab(a^2-b^2)) at (70,47): 53201376554235 vs -106402753108470
N != rad(ab(a^2-b^2)) at (70,51): 17046906349935 vs -34093812699870
N != rad(ab(a^2-b^2)) at (70,53): 2693065947915 vs -5386131895830
N != rad(ab(a^2-b^2)) at (70,57): 200768905683255 vs -401537811366510
N != rad(ab(a^2-b^2)) at (70,59): 194022694569165 vs -388045389138330
N != rad(ab(a^2-b^2)) at (70,61): 60027302786745 vs -120054605573490
N != rad(ab(a^2-b^2)) at (70,67): 84636119582805 vs -169272239165610
N != rad(ab(a^2-b^2)) at (70,69): 31318161416115 vs -62636322832230
N != rad(ab(a^2-b^2)) at (71,2): 1292091688293 vs 2584183376586
N != rad(ab(a^2-b^2)) at (71,6): 25931094053865 vs 51862188107730
N != rad(ab(a^2-b^2)) at (71,10): 1455026367165 vs 2910052734330
N != rad(ab(a^2-b^2)) at (71,14): 47008006182165 vs 94016012364330
N != rad(ab(a^2-b^2)) at (71,18): 15791152735113 vs 31582305470226
N != rad(ab(a^2-b^2)) at (71,22): 5596235446263 vs 11192470892526
N != rad(ab(a^2-b^2)) at (71,26): 7282041040365 vs 14564082080730
N != rad(ab(a^2-b^2)) at (71,30): 4408925743635 vs -8817851487270
N != rad(ab(a^2-b^2)) at (71,32): 2573506611858 vs -2573506611858
N != rad(ab(a^2-b^2)) at (71,34): 38528109541005 vs -77056219082010
N != rad(ab(a^2-b^2)) at (71,36): 19315972587030 vs -19315972587030
N != rad(ab(a^2-b^2)) at (71,38): 3413188771377 vs -6826377542754
N != rad(ab(a^2-b^2)) at (71,40): 49892994528090 vs -49892994528090
N != rad(ab(a^2-b^2)) at (71,42): 121322324175969 vs -242644648351938
N != rad(ab(a^2-b^2)) at (71,44): 15841468568310 vs -15841468568310
N != rad(ab(a^2-b^2)) at (71,46): 1551751905795 vs -3103503811590
N != rad(ab(a^2-b^2)) at (71,48): 45433676307894 vs -45433676307894
N != rad(ab(a^2-b^2)) at (71,50): 3604391924595 vs -7208783849190
N != rad(ab(a^2-b^2)) at (71,52): 30236854975782 vs -30236854975782
N != rad(ab(a^2-b^2)) at (71,54): 982786454895 vs -1965572909790
N != rad(ab(a^2-b^2)) at (71,56): 112866768156030 vs -112866768156030
N != rad(ab(a^2-b^2)) at (71,58): 224508168147081 vs -449016336294162
N != rad(ab(a^2-b^2)) at (71,60): 216430487004270 vs -216430487004270
N != rad(ab(a^2-b^2)) at (71,62): 66811278389793 vs -133622556779586
N != rad(ab(a^2-b^2)) at (71,64): 1218127900290 vs -1218127900290
N != rad(ab(a^2-b^2)) at (71,66): 140217148762845 vs -280434297525690
N != rad(ab(a^2-b^2)) at (71,68): 93682208799186 vs -93682208799186
N != rad(ab(a^2-b^2)) at (71,70): 34612333381815 vs -69224666763630
N != rad(ab(a^2-b^2)) at (72,31): 1644450820026 vs -1644450820026
N != rad(ab(a^2-b^2)) at (72,35): 8087694577410 vs -8087694577410
N != rad(ab(a^2-b^2)) at (72,37): 11715886737870 vs -11715886737870
N != rad(ab(a^2-b^2)) at (72,41): 56744585562 vs -56744585562
N != rad(ab(a^2-b^2)) at (72,43): 23419733554770 vs -23419733554770
N != rad(ab(a^2-b^2)) at (72,47): 6200712840210 vs -6200712840210
N != rad(ab(a^2-b^2)) at (72,49): 446738791422 vs -446738791422
N != rad(ab(a^2-b^2)) at (72,53): 1589251397790 vs -1589251397790
N != rad(ab(a^2-b^2)) at (72,55): 41369655333930 vs -41369655333930
N != rad(ab(a^2-b^2)) at (72,59): 41767368731634 vs -41767368731634
N != rad(ab(a^2-b^2)) at (72,61): 40169141920446 vs -40169141920446
N != rad(ab(a^2-b^2)) at (72,65): 32422896605190 vs -32422896605190
N != rad(ab(a^2-b^2)) at (72,67): 25871759583810 vs -25871759583810
N != rad(ab(a^2-b^2)) at (72,71): 6366523549386 vs -6366523549386
N != rad(ab(a^2-b^2)) at (73,2): 2197879215945 vs 4395758431890
N != rad(ab(a^2-b^2)) at (73,6): 31585530701991 vs 63171061403982
N != rad(ab(a^2-b^2)) at (73,10): 16039010989995 vs 32078021979990
N != rad(ab(a^2-b^2)) at (73,14): 58150441838139 vs 116300883676278
N != rad(ab(a^2-b^2)) at (73,18): 19887154181895 vs 39774308363790
N != rad(ab(a^2-b^2)) at (73,22): 51188084128335 vs 102376168256670
N != rad(ab(a^2-b^2)) at (73,26): 10657715975907 vs 21315431951814
N != rad(ab(a^2-b^2)) at (73,30): 299050442565 vs 598100885130
N != rad(ab(a^2-b^2)) at (73,32): 2070729168270 vs -2070729168270
N != rad(ab(a^2-b^2)) at (73,34): 37428314891331 vs -74856629782662
N != rad(ab(a^2-b^2)) at (73,36): 20067707044938 vs -20067707044938
N != rad(ab(a^2-b^2)) at (73,38): 84529746756105 vs -169059493512210
N != rad(ab(a^2-b^2)) at (73,40): 54988266825030 vs -54988266825030
N != rad(ab(a^2-b^2)) at (73,42): 136039476903855 vs -272078953807710
N != rad(ab(a^2-b^2)) at (73,44): 54047159388222 vs -54047159388222
N != rad(ab(a^2-b^2)) at (73,46): 20848007771661 vs -41696015543322
N != rad(ab(a^2-b^2)) at (73,48): 962671065510 vs -962671065510
N != rad(ab(a^2-b^2)) at (73,50): 46762428042015 vs -93524856084030
N != rad(ab(a^2-b^2)) at (73,52): 10113536834310 vs -10113536834310
N != rad(ab(a^2-b^2)) at (73,54): 29770002030489 vs -59540004060978
N != rad(ab(a^2-b^2)) at (73,56): 139041807487842 vs -139041807487842
N != rad(ab(a^2-b^2)) at (73,58): 282232078489095 vs -564464156978190
N != rad(ab(a^2-b^2)) at (73,60): 279248141535090 vs -279248141535090
N != rad(ab(a^2-b^2)) at (73,62): 29772082391205 vs -59544164782410
N != rad(ab(a^2-b^2)) at (73,64): 5147917560282 vs -5147917560282
N != rad(ab(a^2-b^2)) at (73,66): 2091487047573 vs -4182974095146
N != rad(ab(a^2-b^2)) at (73,68): 3502053985710 vs -3502053985710
N != rad(ab(a^2-b^2)) at (73,70): 114283642578105 vs -228567285156210
N != rad(ab(a^2-b^2)) at (73,72): 7016655867690 vs -7016655867690
N != rad(ab(a^2-b^2)) at (74,1): 1213575006315 vs 2427150012630
N != rad(ab(a^2-b^2)) at (74,3): 18017568845661 vs 36035137691322
N != rad(ab(a^2-b^2)) at (74,5): 29411814531435 vs 58823629062870
N != rad(ab(a^2-b^2)) at (74,7): 1477384078947 vs 2954768157894
N != rad(ab(a^2-b^2)) at (74,9): 527984269995 vs 1055968539990
N != rad(ab(a^2-b^2)) at (74,11): 18907498058295 vs 37814996116590
N != rad(ab(a^2-b^2)) at (74,13): 62444547565491 vs 124889095130982
N != rad(ab(a^2-b^2)) at (74,15): 65993273917305 vs 131986547834610
N != rad(ab(a^2-b^2)) at (74,17): 67127531852199 vs 134255063704398
N != rad(ab(a^2-b^2)) at (74,19): 9377902630635 vs 18755805261270
N != rad(ab(a^2-b^2)) at (74,21): 61388446486395 vs 122776892972790
N != rad(ab(a^2-b^2)) at (74,23): 54247019313921 vs 108494038627842
N != rad(ab(a^2-b^2)) at (74,25): 420606459735 vs 841212919470
N != rad(ab(a^2-b^2)) at (74,27): 3459733333581 vs 6919466667162
N != rad(ab(a^2-b^2)) at (74,29): 103593326865 vs 207186653730
N != rad(ab(a^2-b^2)) at (74,31): 3441347867895 vs -6882695735790
N != rad(ab(a^2-b^2)) at (74,33): 24681199823049 vs -49362399646098
N != rad(ab(a^2-b^2)) at (74,35): 48231895757955 vs -96463791515910
N != rad(ab(a^2-b^2)) at (74,39): 100866432820335 vs -201732865640670
N != rad(ab(a^2-b^2)) at (74,41): 129064210721985 vs -258128421443970
N != rad(ab(a^2-b^2)) at (74,43): 52599332986473 vs -105198665972946
N != rad(ab(a^2-b^2)) at (74,45): 62144367175695 vs -124288734351390
N != rad(ab(a^2-b^2)) at (74,47): 2164215673389 vs -4328431346778
N != rad(ab(a^2-b^2)) at (74,49): 6870898486515 vs -13741796973030
N != rad(ab(a^2-b^2)) at (74,51): 10569592876395 vs -21139185752790
N != rad(ab(a^2-b^2)) at (74,53): 284592080409189 vs -569184160818378
N != rad(ab(a^2-b^2)) at (74,55): 300525014389215 vs -601050028778430
N != rad(ab(a^2-b^2)) at (74,57): 310955230111281 vs -621910460222562
N != rad(ab(a^2-b^2)) at (74,59): 314732407407915 vs -629464814815830
N != rad(ab(a^2-b^2)) at (74,61): 34515912807285 vs -69031825614570
N != rad(ab(a^2-b^2)) at (74,63): 99138635895453 vs -198277271790906
N != rad(ab(a^2-b^2)) at (74,65): 91241874566115 vs -182483749132230
N != rad(ab(a^2-b^2)) at (74,67): 238200415383651 vs -476400830767302
N != rad(ab(a^2-b^2)) at (74,69): 27061146827715 vs -54122293655430
N != rad(ab(a^2-b^2)) at (74,71): 125963454623055 vs -251926909246110
N != rad(ab(a^2-b^2)) at (74,73): 6619613357847 vs -13239226715694
N != rad(ab(a^2-b^2)) at (75,2): 2656398120915 vs 5312796241830
N != rad(ab(a^2-b^2)) at (75,14): 14287631251845 vs 28575262503690
N != rad(ab(a^2-b^2)) at (75,22): 13181937156465 vs 26363874312930
N != rad(ab(a^2-b^2)) at (75,26): 1279745786865 vs 2559491573730
N != rad(ab(a^2-b^2)) at (75,32): 258226385970 vs -258226385970
N != rad(ab(a^2-b^2)) at (75,34): 6880919054205 vs -13761838108410
N != rad(ab(a^2-b^2)) at (75,38): 2554969150545 vs -5109938301090
N != rad(ab(a^2-b^2)) at (75,44): 36461788516230 vs -36461788516230
N != rad(ab(a^2-b^2)) at (75,46): 3884602420545 vs -7769204841090
N != rad(ab(a^2-b^2)) at (75,52): 59588475975210 vs -59588475975210
N != rad(ab(a^2-b^2)) at (75,56): 33642878604510 vs -33642878604510
N != rad(ab(a^2-b^2)) at (75,58): 69415814222265 vs -138831628444530
N != rad(ab(a^2-b^2)) at (75,62): 69001083768435 vs -138002167536870
N != rad(ab(a^2-b^2)) at (75,64): 4120142433330 vs -4120142433330
N != rad(ab(a^2-b^2)) at (75,68): 52601928869490 vs -52601928869490
N != rad(ab(a^2-b^2)) at (75,74): 10187015038305 vs -20374030076610
N != rad(ab(a^2-b^2)) at (76,33): 18762660457926 vs -18762660457926
N != rad(ab(a^2-b^2)) at (76,35): 45945815911170 vs -45945815911170
N != rad(ab(a^2-b^2)) at (76,37): 75642030761934 vs -75642030761934
N != rad(ab(a^2-b^2)) at (76,39): 107428485399690 vs -107428485399690
N != rad(ab(a^2-b^2)) at (76,41): 46933052769330 vs -46933052769330
N != rad(ab(a^2-b^2)) at (76,43): 175163356212306 vs -175163356212306
N != rad(ab(a^2-b^2)) at (76,45): 6358930977630 vs -6358930977630
N != rad(ab(a^2-b^2)) at (76,47): 34868678108502 vs -34868678108502
N != rad(ab(a^2-b^2)) at (76,49): 175887495210 vs -175887495210
N != rad(ab(a^2-b^2)) at (76,51): 8792478469110 vs -8792478469110
N != rad(ab(a^2-b^2)) at (76,53): 335204060498286 vs -335204060498286
N != rad(ab(a^2-b^2)) at (76,55): 358323642394410 vs -358323642394410
N != rad(ab(a^2-b^2)) at (76,59): 42968579608290 vs -42968579608290
N != rad(ab(a^2-b^2)) at (76,61): 389400821726910 vs -389400821726910
N != rad(ab(a^2-b^2)) at (76,63): 127521349850622 vs -127521349850622
N != rad(ab(a^2-b^2)) at (76,65): 364742052705030 vs -364742052705030
N != rad(ab(a^2-b^2)) at (76,67): 111470657255958 vs -111470657255958
N != rad(ab(a^2-b^2)) at (76,69): 289999591872270 vs -289999591872270
N != rad(ab(a^2-b^2)) at (76,71): 32840970878310 vs -32840970878310
N != rad(ab(a^2-b^2)) at (76,73): 152419840409046 vs -152419840409046
N != rad(ab(a^2-b^2)) at (76,75): 11183694717930 vs -11183694717930
N != rad(ab(a^2-b^2)) at (77,2): 3194556887445 vs 6389113774890
N != rad(ab(a^2-b^2)) at (77,6): 46111655202459 vs 92223310404918
N != rad(ab(a^2-b^2)) at (77,10): 70928273334765 vs 141856546669530
N != rad(ab(a^2-b^2)) at (77,18): 30727178744955 vs 61454357489910
N != rad(ab(a^2-b^2)) at (77,26): 60795884378229 vs 121591768756458
N != rad(ab(a^2-b^2)) at (77,30): 22922882816295 vs 45845765632590
N != rad(ab(a^2-b^2)) at (77,32): 56944574610 vs -56944574610
N != rad(ab(a^2-b^2)) at (77,34): 28953612730119 vs -57907225460238
N != rad(ab(a^2-b^2)) at (77,36): 19844603556162 vs -19844603556162
N != rad(ab(a^2-b^2)) at (77,38): 92719227445845 vs -185438454891690
N != rad(ab(a^2-b^2)) at (77,40): 21339266438490 vs -21339266438490
N != rad(ab(a^2-b^2)) at (77,46): 240698210507601 vs -481396421015202
N != rad(ab(a^2-b^2)) at (77,48): 2780154602610 vs -2780154602610
N != rad(ab(a^2-b^2)) at (77,50): 6972225405915 vs -13944450811830
N != rad(ab(a^2-b^2)) at (77,52): 69377704706310 vs -69377704706310
N != rad(ab(a^2-b^2)) at (77,54): 41814250385061 vs -83628500770122
N != rad(ab(a^2-b^2)) at (77,58): 46585736330595 vs -93171472661190
N != rad(ab(a^2-b^2)) at (77,60): 430148271886410 vs -430148271886410
N != rad(ab(a^2-b^2)) at (77,62): 432079486389705 vs -864158972779410
N != rad(ab(a^2-b^2)) at (77,64): 26472645052854 vs -26472645052854
N != rad(ab(a^2-b^2)) at (77,68): 122947812341970 vs -122947812341970
N != rad(ab(a^2-b^2)) at (77,72): 42124973192610 vs -42124973192610
N != rad(ab(a^2-b^2)) at (77,74): 9843733070787 vs -19687466141574
N != rad(ab(a^2-b^2)) at (77,76): 20438023849782 vs -20438023849782
N != rad(ab(a^2-b^2)) at (78,1): 8772680978061 vs 17545361956122
N != rad(ab(a^2-b^2)) at (78,5): 42655970716905 vs 85311941433810
N != rad(ab(a^2-b^2)) at (78,7): 58041321329355 vs 116082642658710
N != rad(ab(a^2-b^2)) at (78,11): 83427461668551 vs 166854923337102
N != rad(ab(a^2-b^2)) at (78,17): 102003211140285 vs 204006422280570
N != rad(ab(a^2-b^2)) at (78,19): 101639723722719 vs 203279447445438
N != rad(ab(a^2-b^2)) at (78,23): 89612704816635 vs 179225409633270
N != rad(ab(a^2-b^2)) at (78,25): 2218836125415 vs 4437672250830
N != rad(ab(a^2-b^2)) at (78,29): 5948870305287 vs 11897740610574
N != rad(ab(a^2-b^2)) at (78,31): 17703057739731 vs 35406115479462
N != rad(ab(a^2-b^2)) at (78,35): 41133118327665 vs -82266236655330
N != rad(ab(a^2-b^2)) at (78,37): 75417873622455 vs -150835747244910
N != rad(ab(a^2-b^2)) at (78,41): 151526289675579 vs -303052579351158
N != rad(ab(a^2-b^2)) at (78,43): 17472470170155 vs -34944940340310
N != rad(ab(a^2-b^2)) at (78,47): 11007353514885 vs -22014707029770
N != rad(ab(a^2-b^2)) at (78,49): 45111171842373 vs -90222343684746
N != rad(ab(a^2-b^2)) at (78,53): 78030077513115 vs -156060155026230
N != rad(ab(a^2-b^2)) at (78,55): 421638431259045 vs -843276862518090
N != rad(ab(a^2-b^2)) at (78,59): 466809926740521 vs -933619853481042
N != rad(ab(a^2-b^2)) at (78,61): 477668135397999 vs -955336270795998
N != rad(ab(a^2-b^2)) at (78,67): 444698487298065 vs -889396974596130
N != rad(ab(a^2-b^2)) at (78,71): 351159855701109 vs -702319711402218
N != rad(ab(a^2-b^2)) at (78,73): 5663959609035 vs -11327919218070
N != rad(ab(a^2-b^2)) at (78,77): 126937425615 vs -253874851230
N != rad(ab(a^2-b^2)) at (79,2): 708066911937 vs 1416133823874
N != rad(ab(a^2-b^2)) at (79,6): 55298879812785 vs 110597759625570
N != rad(ab(a^2-b^2)) at (79,10): 85422016184295 vs 170844032368590
N != rad(ab(a^2-b^2)) at (79,14): 105799238138685 vs 211598476277370
N != rad(ab(a^2-b^2)) at (79,18): 37754276825937 vs 75508553651874
N != rad(ab(a^2-b^2)) at (79,22): 105362029320009 vs 210724058640018
N != rad(ab(a^2-b^2)) at (79,26): 80548294973055 vs 161096589946110
N != rad(ab(a^2-b^2)) at (79,30): 5477986719555 vs 10955973439110
N != rad(ab(a^2-b^2)) at (79,34): 6831793330215 vs -13663586660430
N != rad(ab(a^2-b^2)) at (79,36): 377914177830 vs -377914177830
N != rad(ab(a^2-b^2)) at (79,38): 31289627443893 vs -62579254887786
N != rad(ab(a^2-b^2)) at (79,40): 67474478026410 vs -67474478026410
N != rad(ab(a^2-b^2)) at (79,42): 16200363226971 vs -32400726453942
N != rad(ab(a^2-b^2)) at (79,44): 222945923233110 vs -222945923233110
N != rad(ab(a^2-b^2)) at (79,46): 10735477101195 vs -21470954202390
N != rad(ab(a^2-b^2)) at (79,48): 78409682700006 vs -78409682700006
N != rad(ab(a^2-b^2)) at (79,50): 71542483731705 vs -143084967463410
N != rad(ab(a^2-b^2)) at (79,52): 44390983896714 vs -44390983896714
N != rad(ab(a^2-b^2)) at (79,54): 9730437979395 vs -19460875958790
N != rad(ab(a^2-b^2)) at (79,56): 26193284364030 vs -26193284364030
N != rad(ab(a^2-b^2)) at (79,58): 498966016562769 vs -997932033125538
N != rad(ab(a^2-b^2)) at (79,60): 518857145659230 vs -518857145659230
N != rad(ab(a^2-b^2)) at (79,62): 75655826534253 vs -151311653068506
N != rad(ab(a^2-b^2)) at (79,64): 33095076304290 vs -33095076304290
N != rad(ab(a^2-b^2)) at (79,66): 516923970568005 vs -1033847941136010
N != rad(ab(a^2-b^2)) at (79,68): 70000258722702 vs -70000258722702
N != rad(ab(a^2-b^2)) at (79,70): 148963870644645 vs -297927741289290
N != rad(ab(a^2-b^2)) at (79,72): 64278668957286 vs -64278668957286
N != rad(ab(a^2-b^2)) at (79,74): 14493903427605 vs -28987806855210
N != rad(ab(a^2-b^2)) at (79,76): 200980192935270 vs -200980192935270
N != rad(ab(a^2-b^2)) at (79,78): 138857253171 vs -277714506342
N != rad(ab(a^2-b^2)) at (80,37): 6040742545110 vs -6040742545110
N != rad(ab(a^2-b^2)) at (80,39): 28795145714790 vs -28795145714790
N != rad(ab(a^2-b^2)) at (80,41): 3652292353710 vs -3652292353710
N != rad(ab(a^2-b^2)) at (80,43): 52098954047070 vs -52098954047070
N != rad(ab(a^2-b^2)) at (80,47): 10970470524090 vs -10970470524090
N != rad(ab(a^2-b^2)) at (80,49): 12729424568070 vs -12729424568070
N != rad(ab(a^2-b^2)) at (80,51): 14435185932930 vs -14435185932930
N != rad(ab(a^2-b^2)) at (80,53): 12479927214930 vs -12479927214930
N != rad(ab(a^2-b^2)) at (80,57): 131554222995930 vs -131554222995930
N != rad(ab(a^2-b^2)) at (80,59): 138798137696190 vs -138798137696190
N != rad(ab(a^2-b^2)) at (80,61): 143940368712210 vs -143940368712210
N != rad(ab(a^2-b^2)) at (80,63): 48854091175890 vs -48854091175890
N != rad(ab(a^2-b^2)) at (80,67): 20351751673890 vs -20351751673890
N != rad(ab(a^2-b^2)) at (80,69): 134799132973890 vs -134799132973890
N != rad(ab(a^2-b^2)) at (80,71): 40912210511970 vs -40912210511970
N != rad(ab(a^2-b^2)) at (80,73): 342272925330 vs -342272925330
N != rad(ab(a^2-b^2)) at (80,77): 3233321643090 vs -3233321643090
N != rad(ab(a^2-b^2)) at (80,79): 20065483909590 vs -20065483909590
N != rad(ab(a^2-b^2)) at (81,2): 843674889183 vs 1687349778366
N != rad(ab(a^2-b^2)) at (81,10): 3791326526715 vs 7582653053430
N != rad(ab(a^2-b^2)) at (81,14): 4727650984665 vs 9455301969330
N != rad(ab(a^2-b^2)) at (81,22): 4858673857653 vs 9717347715306
N != rad(ab(a^2-b^2)) at (81,26): 3877031873715 vs 7754063747430
N != rad(ab(a^2-b^2)) at (81,34): 309846970545 vs -619693941090
N != rad(ab(a^2-b^2)) at (81,38): 3416216037843 vs -6832432075686
N != rad(ab(a^2-b^2)) at (81,40): 33590890410 vs -33590890410
N != rad(ab(a^2-b^2)) at (81,44): 359190837390 vs -359190837390
N != rad(ab(a^2-b^2)) at (81,46): 10972150240695 vs -21944300481390
N != rad(ab(a^2-b^2)) at (81,50): 2992039965285 vs -5984079930570
N != rad(ab(a^2-b^2)) at (81,52): 16873647978642 vs -16873647978642
N != rad(ab(a^2-b^2)) at (81,56): 2030314982430 vs -2030314982430
N != rad(ab(a^2-b^2)) at (81,58): 3101806406139 vs -6203612812278
N != rad(ab(a^2-b^2)) at (81,62): 23625634839807 vs -47251269679614
N != rad(ab(a^2-b^2)) at (81,64): 1499989953210 vs -1499989953210
N != rad(ab(a^2-b^2)) at (81,68): 23234759103738 vs -23234759103738
N != rad(ab(a^2-b^2)) at (81,70): 21946546000995 vs -43893092001990
N != rad(ab(a^2-b^2)) at (81,74): 17166192969765 vs -34332385939530
N != rad(ab(a^2-b^2)) at (81,76): 13510226459310 vs -13510226459310
N != rad(ab(a^2-b^2)) at (81,80): 811129329570 vs -811129329570
N != rad(ab(a^2-b^2)) at (82,1): 461159243097 vs 922318486194
N != rad(ab(a^2-b^2)) at (82,3): 5291848611735 vs 10583697223470
N != rad(ab(a^2-b^2)) at (82,5): 60705408212295 vs 121410816424590
N != rad(ab(a^2-b^2)) at (82,7): 16566316612545 vs 33132633225090
N != rad(ab(a^2-b^2)) at (82,9): 34277596868697 vs 68555193737394
N != rad(ab(a^2-b^2)) at (82,11): 120146088529929 vs 240292177059858
N != rad(ab(a^2-b^2)) at (82,13): 134241459712815 vs 268482919425630
N != rad(ab(a^2-b^2)) at (82,15): 8507581557405 vs 17015163114810
N != rad(ab(a^2-b^2)) at (82,17): 50288426453265 vs 100576852906530
N != rad(ab(a^2-b^2)) at (82,19): 50853744659067 vs 101707489318134
N != rad(ab(a^2-b^2)) at (82,21): 149387589490839 vs 298775178981678
N != rad(ab(a^2-b^2)) at (82,23): 141081762267285 vs 282163524534570
N != rad(ab(a^2-b^2)) at (82,25): 25490765651295 vs 50981531302590
N != rad(ab(a^2-b^2)) at (82,27): 12043591960785 vs 24087183921570
N != rad(ab(a^2-b^2)) at (82,29): 11981395049673 vs 23962790099346
N != rad(ab(a^2-b^2)) at (82,31): 53947780844349 vs 107895561688698
N != rad(ab(a^2-b^2)) at (82,33): 2683137283365 vs 5366274566730
N != rad(ab(a^2-b^2)) at (82,35): 7124576922645 vs -14249153845290
N != rad(ab(a^2-b^2)) at (82,37): 22054311679155 vs -44108623358310
N != rad(ab(a^2-b^2)) at (82,39): 10465755789489 vs -20931511578978
N != rad(ab(a^2-b^2)) at (82,43): 8926404684015 vs -17852809368030
N != rad(ab(a^2-b^2)) at (82,45): 93585454973115 vs -187170909946230
N != rad(ab(a^2-b^2)) at (82,47): 339559745655795 vs -679119491311590
N != rad(ab(a^2-b^2)) at (82,49): 56934487245867 vs -113868974491734
N != rad(ab(a^2-b^2)) at (82,51): 456555681678831 vs -913111363357662
N != rad(ab(a^2-b^2)) at (82,53): 56926695882945 vs -113853391765890
N != rad(ab(a^2-b^2)) at (82,55): 62724122502195 vs -125448245004390
N != rad(ab(a^2-b^2)) at (82,57): 122318785433985 vs -244637570867970
N != rad(ab(a^2-b^2)) at (82,59): 651966478564359 vs -1303932957128718
N != rad(ab(a^2-b^2)) at (82,61): 683921476759521 vs -1367842953519042
N != rad(ab(a^2-b^2)) at (82,63): 235213445838945 vs -470426891677890
N != rad(ab(a^2-b^2)) at (82,65): 102171952841595 vs -204343905683190
N != rad(ab(a^2-b^2)) at (82,67): 710596580541855 vs -1421193161083710
N != rad(ab(a^2-b^2)) at (82,69): 98530687316607 vs -197061374633214
N != rad(ab(a^2-b^2)) at (82,71): 216790578618537 vs -433581157237074
N != rad(ab(a^2-b^2)) at (82,73): 196768747924455 vs -393537495848910
N != rad(ab(a^2-b^2)) at (82,75): 101438307071115 vs -202876614142230
N != rad(ab(a^2-b^2)) at (82,77): 398644856733585 vs -797289713467170
N != rad(ab(a^2-b^2)) at (82,79): 262238199878739 vs -524476399757478
N != rad(ab(a^2-b^2)) at (82,81): 3537407206263 vs -7074814412526
N != rad(ab(a^2-b^2)) at (83,2): 1000956366165 vs 2001912732330
N != rad(ab(a^2-b^2)) at (83,6): 78445788380421 vs 156891576760842
N != rad(ab(a^2-b^2)) at (83,10): 122093323147635 vs 244186646295270
N != rad(ab(a^2-b^2)) at (83,14): 153193758631809 vs 306387517263618
N != rad(ab(a^2-b^2)) at (83,18): 7979850506355 vs 15959701012710
N != rad(ab(a^2-b^2)) at (83,22): 161906607581565 vs 323813215163130
N != rad(ab(a^2-b^2)) at (83,26): 133898975734251 vs 267797951468502
N != rad(ab(a^2-b^2)) at (83,30): 82524303430905 vs 165048606861810
N != rad(ab(a^2-b^2)) at (83,34): 390038453259 vs 780076906518
N != rad(ab(a^2-b^2)) at (83,36): 12341523006078 vs -12341523006078
N != rad(ab(a^2-b^2)) at (83,38): 2639217421995 vs -5278434843990
N != rad(ab(a^2-b^2)) at (83,40): 70747491719730 vs -70747491719730
N != rad(ab(a^2-b^2)) at (83,42): 7983545858085 vs -15967091716170
N != rad(ab(a^2-b^2)) at (83,44): 260618905392846 vs -260618905392846
N != rad(ab(a^2-b^2)) at (83,46): 323709537554319 vs -647419075108638
N != rad(ab(a^2-b^2)) at (83,48): 96965716160670 vs -96965716160670
N != rad(ab(a^2-b^2)) at (83,50): 90391770064365 vs -180783540128730
N != rad(ab(a^2-b^2)) at (83,52): 57194979280530 vs -57194979280530
N != rad(ab(a^2-b^2)) at (83,54): 63876198256059 vs -127752396512118
N != rad(ab(a^2-b^2)) at (83,56): 35048084944278 vs -35048084944278
N != rad(ab(a^2-b^2)) at (83,58): 136217654293665 vs -272435308587330
N != rad(ab(a^2-b^2)) at (83,60): 723831137219190 vs -723831137219190
N != rad(ab(a^2-b^2)) at (83,62): 757257347118615 vs -1514514694237230
N != rad(ab(a^2-b^2)) at (83,64): 6959108817318 vs -6959108817318
N != rad(ab(a^2-b^2)) at (83,66): 788267783669289 vs -1576535567338578
N != rad(ab(a^2-b^2)) at (83,68): 781648702765770 vs -781648702765770
N != rad(ab(a^2-b^2)) at (83,70): 252439471378185 vs -504878942756370
N != rad(ab(a^2-b^2)) at (83,72): 118824438766110 vs -118824438766110
N != rad(ab(a^2-b^2)) at (83,74): 215375190740367 vs -430750381480734
N != rad(ab(a^2-b^2)) at (83,76): 554379137094174 vs -554379137094174
N != rad(ab(a^2-b^2)) at (83,78): 435173075898015 vs -870346151796030
N != rad(ab(a^2-b^2)) at (83,80): 10211647395390 vs -10211647395390
N != rad(ab(a^2-b^2)) at (83,82): 104022181321905 vs -208044362643810
N != rad(ab(a^2-b^2)) at (84,37): 219950942442 vs -219950942442
N != rad(ab(a^2-b^2)) at (84,41): 6869217431370 vs -6869217431370
N != rad(ab(a^2-b^2)) at (84,43): 235785605522334 vs -235785605522334
N != rad(ab(a^2-b^2)) at (84,47): 371748543401046 vs -371748543401046
N != rad(ab(a^2-b^2)) at (84,53): 578991831509154 vs -578991831509154
N != rad(ab(a^2-b^2)) at (84,55): 643698926198790 vs -643698926198790
N != rad(ab(a^2-b^2)) at (84,59): 151428077430630 vs -151428077430630
N != rad(ab(a^2-b^2)) at (84,61): 47194164269490 vs -47194164269490
N != rad(ab(a^2-b^2)) at (84,65): 859669727850570 vs -859669727850570
N != rad(ab(a^2-b^2)) at (84,67): 867605041610286 vs -867605041610286
N != rad(ab(a^2-b^2)) at (84,71): 830508388052070 vs -830508388052070
N != rad(ab(a^2-b^2)) at (84,73): 780603015647994 vs -780603015647994
N != rad(ab(a^2-b^2)) at (84,79): 474532508235030 vs -474532508235030
N != rad(ab(a^2-b^2)) at (84,83): 113176511728014 vs -113176511728014
N != rad(ab(a^2-b^2)) at (85,2): 31933540117185 vs 63867080234370
N != rad(ab(a^2-b^2)) at (85,6): 92835416450595 vs 185670832901190
N != rad(ab(a^2-b^2)) at (85,14): 628666813005 vs 1257333626010
N != rad(ab(a^2-b^2)) at (85,18): 67328580010755 vs 134657160021510
N != rad(ab(a^2-b^2)) at (85,22): 66082033639545 vs 132164067279090
N != rad(ab(a^2-b^2)) at (85,26): 168997377921645 vs 337994755843290
N != rad(ab(a^2-b^2)) at (85,36): 90374367930 vs -90374367930
N != rad(ab(a^2-b^2)) at (85,38): 77600079870285 vs -155200159740570
N != rad(ab(a^2-b^2)) at (85,42): 206236773027915 vs -412473546055830
N != rad(ab(a^2-b^2)) at (85,44): 2448702330690 vs -2448702330690
N != rad(ab(a^2-b^2)) at (85,46): 350087913571305 vs -700175827142610
N != rad(ab(a^2-b^2)) at (85,48): 106334803975890 vs -106334803975890
N != rad(ab(a^2-b^2)) at (85,52): 576565894094190 vs -576565894094190
N != rad(ab(a^2-b^2)) at (85,54): 72196236472605 vs -144392472945210
N != rad(ab(a^2-b^2)) at (85,56): 359641738870890 vs -359641738870890
N != rad(ab(a^2-b^2)) at (85,58): 87044000358315 vs -174088000716630
N != rad(ab(a^2-b^2)) at (85,62): 126838339017495 vs -253676678034990
N != rad(ab(a^2-b^2)) at (85,64): 57758958924870 vs -57758958924870
N != rad(ab(a^2-b^2)) at (85,66): 946851925428255 vs -1893703850856510
N != rad(ab(a^2-b^2)) at (85,72): 151610539006290 vs -151610539006290
N != rad(ab(a^2-b^2)) at (85,74): 853679588926395 vs -1707359177852790
N != rad(ab(a^2-b^2)) at (85,76): 257144640851910 vs -257144640851910
N != rad(ab(a^2-b^2)) at (85,78): 660128697431385 vs -1320257394862770
N != rad(ab(a^2-b^2)) at (85,82): 338847846765015 vs -677695693530030
N != rad(ab(a^2-b^2)) at (85,84): 9462527427990 vs -9462527427990
N != rad(ab(a^2-b^2)) at (86,1): 17379928391385 vs 34759856782770
N != rad(ab(a^2-b^2)) at (86,3): 51745160672499 vs 103490321344998
N != rad(ab(a^2-b^2)) at (86,5): 3145584846495 vs 6291169692990
N != rad(ab(a^2-b^2)) at (86,7): 116164641693471 vs 232329283386942
N != rad(ab(a^2-b^2)) at (86,9): 48231941207835 vs 96463882415670
N != rad(ab(a^2-b^2)) at (86,11): 33960630549615 vs 67921261099230
N != rad(ab(a^2-b^2)) at (86,13): 63601157242623 vs 127202314485246
N != rad(ab(a^2-b^2)) at (86,15): 29579977977585 vs 59159955955170
N != rad(ab(a^2-b^2)) at (86,17): 217989606484041 vs 435979212968082
N != rad(ab(a^2-b^2)) at (86,19): 223072214330595 vs 446144428661190
N != rad(ab(a^2-b^2)) at (86,21): 221856914480565 vs 443713828961130
N != rad(ab(a^2-b^2)) at (86,23): 71323385262213 vs 142646770524426
N != rad(ab(a^2-b^2)) at (86,25): 39824549332365 vs 79649098664730
N != rad(ab(a^2-b^2)) at (86,27): 1157625618387 vs 2315251236774
N != rad(ab(a^2-b^2)) at (86,29): 147851876763885 vs 295703753527770
N != rad(ab(a^2-b^2)) at (86,31): 905138118885 vs 1810276237770
N != rad(ab(a^2-b^2)) at (86,33): 67670618362809 vs 135341236725618
N != rad(ab(a^2-b^2)) at (86,35): 1554231260505 vs 3108462521010
N != rad(ab(a^2-b^2)) at (86,37): 5720178600717 vs -11440357201434
N != rad(ab(a^2-b^2)) at (86,39): 590108788815 vs -1180217577630
N != rad(ab(a^2-b^2)) at (86,41): 57328101263685 vs -114656202527370
N != rad(ab(a^2-b^2)) at (86,45): 107600860663905 vs -215201721327810
N != rad(ab(a^2-b^2)) at (86,47): 403027523456649 vs -806055046913298
N != rad(ab(a^2-b^2)) at (86,49): 7698088016745 vs -15396176033490
N != rad(ab(a^2-b^2)) at (86,51): 567370379727165 vs -1134740759454330
N != rad(ab(a^2-b^2)) at (86,53): 648770424876651 vs -1297540849753302
N != rad(ab(a^2-b^2)) at (86,55): 727608868355985 vs -1455217736711970
N != rad(ab(a^2-b^2)) at (86,57): 802174521827679 vs -1604349043655358
N != rad(ab(a^2-b^2)) at (86,59): 1974189091245 vs -3948378182490
N != rad(ab(a^2-b^2)) at (86,61): 26598599947185 vs -53197199894370
N != rad(ab(a^2-b^2)) at (86,63): 327018507221427 vs -654037014442854
N != rad(ab(a^2-b^2)) at (86,65): 1018681718673255 vs -2037363437346510
N != rad(ab(a^2-b^2)) at (86,67): 347151906734703 vs -694303813469406
N != rad(ab(a^2-b^2)) at (86,69): 1046884689560955 vs -2093769379121910
N != rad(ab(a^2-b^2)) at (86,71): 1032363384029985 vs -2064726768059970
N != rad(ab(a^2-b^2)) at (86,73): 995181645878511 vs -1990363291757022
N != rad(ab(a^2-b^2)) at (86,75): 186506570077905 vs -373013140155810
N != rad(ab(a^2-b^2)) at (86,77): 280507779557313 vs -561015559114626
N != rad(ab(a^2-b^2)) at (86,79): 719182862986665 vs -1438365725973330
N != rad(ab(a^2-b^2)) at (86,81): 20832447123285 vs -41664894246570
N != rad(ab(a^2-b^2)) at (86,83): 4047418307751 vs -8094836615502
N != rad(ab(a^2-b^2)) at (86,85): 44524347650265 vs -89048695300530
N != rad(ab(a^2-b^2)) at (87,2): 37585995376755 vs 75171990753510
N != rad(ab(a^2-b^2)) at (87,10): 171412706264415 vs 342825412528830
N != rad(ab(a^2-b^2)) at (87,14): 217444981214181 vs 434889962428362
N != rad(ab(a^2-b^2)) at (87,22): 240998148536145 vs 481996297072290
N != rad(ab(a^2-b^2)) at (87,26): 30122423158737 vs 60244846317474
N != rad(ab(a^2-b^2)) at (87,34): 5283490976841 vs 10566981953682
N != rad(ab(a^2-b^2)) at (87,38): 358869878745 vs -717739757490
N != rad(ab(a^2-b^2)) at (87,40): 66536418706170 vs -66536418706170
N != rad(ab(a^2-b^2)) at (87,44): 17049865112742 vs -17049865112742
N != rad(ab(a^2-b^2)) at (87,46): 374577164126571 vs -749154328253142
N != rad(ab(a^2-b^2)) at (87,50): 15748607417655 vs -31497214835310
N != rad(ab(a^2-b^2)) at (87,52): 640448326105770 vs -640448326105770
N != rad(ab(a^2-b^2)) at (87,56): 406542225607518 vs -406542225607518
N != rad(ab(a^2-b^2)) at (87,62): 205960349780535 vs -411920699561070
N != rad(ab(a^2-b^2)) at (87,64): 67650863795634 vs -67650863795634
N != rad(ab(a^2-b^2)) at (87,68): 1143997096680690 vs -1143997096680690
N != rad(ab(a^2-b^2)) at (87,70): 1147781603581095 vs -2295563207162190
N != rad(ab(a^2-b^2)) at (87,74): 1087483305535809 vs -2174966611071618
N != rad(ab(a^2-b^2)) at (87,76): 1017537782966166 vs -1017537782966166
N != rad(ab(a^2-b^2)) at (87,80): 195676408258170 vs -195676408258170
N != rad(ab(a^2-b^2)) at (87,82): 47034522407145 vs -94069044814290
N != rad(ab(a^2-b^2)) at (87,86): 144900925482831 vs -289801850965662
N != rad(ab(a^2-b^2)) at (88,37): 52352682690 vs -52352682690
N != rad(ab(a^2-b^2)) at (88,39): 6398632694454 vs -6398632694454
N != rad(ab(a^2-b^2)) at (88,41): 11961640449066 vs -11961640449066
N != rad(ab(a^2-b^2)) at (88,43): 41868892945110 vs -41868892945110
N != rad(ab(a^2-b^2)) at (88,45): 56654786641530 vs -56654786641530
N != rad(ab(a^2-b^2)) at (88,47): 24030885645690 vs -24030885645690
N != rad(ab(a^2-b^2)) at (88,49): 37706416341594 vs -37706416341594
N != rad(ab(a^2-b^2)) at (88,51): 312285729474642 vs -312285729474642
N != rad(ab(a^2-b^2)) at (88,53): 360543601731390 vs -360543601731390
N != rad(ab(a^2-b^2)) at (88,57): 64770858377610 vs -64770858377610
N != rad(ab(a^2-b^2)) at (88,59): 70870100096334 vs -70870100096334
N != rad(ab(a^2-b^2)) at (88,61): 8490545210994 vs -8490545210994
N != rad(ab(a^2-b^2)) at (88,63): 37913246838390 vs -37913246838390
N != rad(ab(a^2-b^2)) at (88,65): 2233194853890 vs -2233194853890
N != rad(ab(a^2-b^2)) at (88,67): 616316335410930 vs -616316335410930
N != rad(ab(a^2-b^2)) at (88,69): 627510092234718 vs -627510092234718
N != rad(ab(a^2-b^2)) at (88,71): 628431353721402 vs -628431353721402
N != rad(ab(a^2-b^2)) at (88,73): 617606399812710 vs -617606399812710
N != rad(ab(a^2-b^2)) at (88,75): 118700969917530 vs -118700969917530
N != rad(ab(a^2-b^2)) at (88,79): 166365123998766 vs -166365123998766
N != rad(ab(a^2-b^2)) at (88,81): 1212215286282 vs -1212215286282
N != rad(ab(a^2-b^2)) at (88,83): 2354718382170 vs -2354718382170
N != rad(ab(a^2-b^2)) at (88,85): 216944743916670 vs -216944743916670
N != rad(ab(a^2-b^2)) at (88,87): 15704245905810 vs -15704245905810
N != rad(ab(a^2-b^2)) at (89,2): 44075060181789 vs 88150120363578
N != rad(ab(a^2-b^2)) at (89,6): 128491629722295 vs 256983259444590
N != rad(ab(a^2-b^2)) at (89,10): 67286253518715 vs 134572507037430
N != rad(ab(a^2-b^2)) at (89,14): 51462473757135 vs 102924947514270
N != rad(ab(a^2-b^2)) at (89,18): 96245084272407 vs 192490168544814
N != rad(ab(a^2-b^2)) at (89,22): 291042985170399 vs 582085970340798
N != rad(ab(a^2-b^2)) at (89,26): 86818981058355 vs 173637962116710
N != rad(ab(a^2-b^2)) at (89,30): 4750263511035 vs 9500527022070
N != rad(ab(a^2-b^2)) at (89,34): 93536829076845 vs 187073658153690
N != rad(ab(a^2-b^2)) at (89,38): 41621735685369 vs -83243471370738
N != rad(ab(a^2-b^2)) at (89,40): 8630900647530 vs -8630900647530
N != rad(ab(a^2-b^2)) at (89,42): 206925820163391 vs -413851640326782
N != rad(ab(a^2-b^2)) at (89,44): 99686475293790 vs -99686475293790
N != rad(ab(a^2-b^2)) at (89,46): 44026324855485 vs -88052649710970
N != rad(ab(a^2-b^2)) at (89,48): 1044757180614 vs -1044757180614
N != rad(ab(a^2-b^2)) at (89,50): 17169954794265 vs -34339909588530
N != rad(ab(a^2-b^2)) at (89,52): 705694295173686 vs -705694295173686
N != rad(ab(a^2-b^2)) at (89,54): 89989492457865 vs -179978984915730
N != rad(ab(a^2-b^2)) at (89,56): 455891542765890 vs -455891542765890
N != rad(ab(a^2-b^2)) at (89,58): 144195285485937 vs -288390570971874
N != rad(ab(a^2-b^2)) at (89,60): 1100536786178130 vs -1100536786178130
N != rad(ab(a^2-b^2)) at (89,62): 131446014103509 vs -262892028207018
N != rad(ab(a^2-b^2)) at (89,64): 5226524100210 vs -5226524100210
N != rad(ab(a^2-b^2)) at (89,66): 187429641453285 vs -374859282906570
N != rad(ab(a^2-b^2)) at (89,68): 1353208721062254 vs -1353208721062254
N != rad(ab(a^2-b^2)) at (89,70): 1375098388130985 vs -2750196776261970
N != rad(ab(a^2-b^2)) at (89,72): 229111913054346 vs -229111913054346
N != rad(ab(a^2-b^2)) at (89,74): 1348796670079215 vs -2697593340158430
N != rad(ab(a^2-b^2)) at (89,76): 1294224954032010 vs -1294224954032010
N != rad(ab(a^2-b^2)) at (89,78): 1207599287243349 vs -2415198574486698
N != rad(ab(a^2-b^2)) at (89,80): 6958110958890 vs -6958110958890
N != rad(ab(a^2-b^2)) at (89,82): 308094383682057 vs -616188767364114
N != rad(ab(a^2-b^2)) at (89,84): 720440358616230 vs -720440358616230
N != rad(ab(a^2-b^2)) at (89,86): 94053194303565 vs -188106388607130
N != rad(ab(a^2-b^2)) at (89,88): 85022886716922 vs -85022886716922
N != rad(ab(a^2-b^2)) at (90,1): 7964726800485 vs 15929453600970
N != rad(ab(a^2-b^2)) at (90,7): 53452642850355 vs 106905285700710
N != rad(ab(a^2-b^2)) at (90,11): 78655121017935 vs 157310242035870
N != rad(ab(a^2-b^2)) at (90,13): 88810595618745 vs 177621191237490
N != rad(ab(a^2-b^2)) at (90,17): 102872985648405 vs 205745971296810
N != rad(ab(a^2-b^2)) at (90,19): 106301205173415 vs 212602410346830
N != rad(ab(a^2-b^2)) at (90,23): 14993015855685 vs 29986031711370
N != rad(ab(a^2-b^2)) at (90,29): 80345778629865 vs 160691557259730
N != rad(ab(a^2-b^2)) at (90,31): 5984070923985 vs 11968141847970
N != rad(ab(a^2-b^2)) at (90,37): 3551762621505 vs 7103525243010
N != rad(ab(a^2-b^2)) at (90,41): 241242466395 vs -482484932790
N != rad(ab(a^2-b^2)) at (90,43): 83994851745105 vs -167989703490210
N != rad(ab(a^2-b^2)) at (90,47): 153117351503445 vs -306234703006890
N != rad(ab(a^2-b^2)) at (90,49): 27115550752605 vs -54231101505210
N != rad(ab(a^2-b^2)) at (90,53): 265070902151055 vs -530141804302110
N != rad(ab(a^2-b^2)) at (90,59): 53403938703255 vs -106807877406510
N != rad(ab(a^2-b^2)) at (90,61): 406226931589815 vs -812453863179630
N != rad(ab(a^2-b^2)) at (90,67): 480502410726345 vs -961004821452690
N != rad(ab(a^2-b^2)) at (90,71): 501611848900365 vs -1003223697800730
N != rad(ab(a^2-b^2)) at (90,73): 500593256789955 vs -1001186513579910
N != rad(ab(a^2-b^2)) at (90,77): 469872232124295 vs -939744464248590
N != rad(ab(a^2-b^2)) at (90,79): 33679608107145 vs -67359216214290
N != rad(ab(a^2-b^2)) at (90,83): 334311885322905 vs -668623770645810
N != rad(ab(a^2-b^2)) at (90,89): 61320416508435 vs -122640833016870
N != rad(ab(a^2-b^2)) at (91,2): 51501457329231 vs 103002914658462
N != rad(ab(a^2-b^2)) at (91,6): 150331119241485 vs 300662238482970
N != rad(ab(a^2-b^2)) at (91,10): 8770469609265 vs 17540939218530
N != rad(ab(a^2-b^2)) at (91,18): 114221117572653 vs 228442235145306
N != rad(ab(a^2-b^2)) at (91,22): 349352024842821 vs 698704049685642
N != rad(ab(a^2-b^2)) at (91,30): 22593389133315 vs 45186778266630
N != rad(ab(a^2-b^2)) at (91,34): 5499848121495 vs 10999696242990
N != rad(ab(a^2-b^2)) at (91,38): 12843550789251 vs -25687101578502
N != rad(ab(a^2-b^2)) at (91,40): 50842419954690 vs -50842419954690
N != rad(ab(a^2-b^2)) at (91,44): 33689000334990 vs -33689000334990
N != rad(ab(a^2-b^2)) at (91,46): 137993356422285 vs -275986712844570
N != rad(ab(a^2-b^2)) at (91,48): 132473446100814 vs -132473446100814
N != rad(ab(a^2-b^2)) at (91,50): 129913336033845 vs -259826672067690
N != rad(ab(a^2-b^2)) at (91,54): 99312244677555 vs -198624489355110
N != rad(ab(a^2-b^2)) at (91,58): 1132181928738861 vs -2264363857477722
N != rad(ab(a^2-b^2)) at (91,60): 1243852005284070 vs -1243852005284070
N != rad(ab(a^2-b^2)) at (91,62): 449108997360933 vs -898217994721866
N != rad(ab(a^2-b^2)) at (91,64): 10000022893770 vs -10000022893770
N != rad(ab(a^2-b^2)) at (91,66): 303821850577245 vs -607643701154490
N != rad(ab(a^2-b^2)) at (91,68): 1581709561407066 vs -1581709561407066
N != rad(ab(a^2-b^2)) at (91,72): 274144520547534 vs -274144520547534
N != rad(ab(a^2-b^2)) at (91,74): 1638788907320565 vs -3277577814641130
N != rad(ab(a^2-b^2)) at (91,76): 51708058903410 vs -51708058903410
N != rad(ab(a^2-b^2)) at (91,80): 118938419830230 vs -118938419830230
N != rad(ab(a^2-b^2)) at (91,82): 426589453566003 vs -853178907132006
N != rad(ab(a^2-b^2)) at (91,86): 845672327986395 vs -1691344655972790
N != rad(ab(a^2-b^2)) at (91,88): 275459639092638 vs -275459639092638
N != rad(ab(a^2-b^2)) at (91,90): 66280532489535 vs -132561064979070
N != rad(ab(a^2-b^2)) at (92,39): 40975990762434 vs -40975990762434
N != rad(ab(a^2-b^2)) at (92,41): 139477265125086 vs -139477265125086
N != rad(ab(a^2-b^2)) at (92,43): 3913195081110 vs -3913195081110
N != rad(ab(a^2-b^2)) at (92,45): 120392549005890 vs -120392549005890
N != rad(ab(a^2-b^2)) at (92,47): 160760056069830 vs -160760056069830
N != rad(ab(a^2-b^2)) at (92,49): 86931951314082 vs -86931951314082
N != rad(ab(a^2-b^2)) at (92,51): 738411288440826 vs -738411288440826
N != rad(ab(a^2-b^2)) at (92,53): 870262674500310 vs -870262674500310
N != rad(ab(a^2-b^2)) at (92,55): 143173242894990 vs -143173242894990
N != rad(ab(a^2-b^2)) at (92,57): 1132211083887870 vs -1132211083887870
N != rad(ab(a^2-b^2)) at (92,59): 1258022736130314 vs -1258022736130314
N != rad(ab(a^2-b^2)) at (92,61): 459076311260322 vs -459076311260322
N != rad(ab(a^2-b^2)) at (92,63): 495743112942630 vs -495743112942630
N != rad(ab(a^2-b^2)) at (92,65): 176138321450910 vs -176138321450910
N != rad(ab(a^2-b^2)) at (92,67): 333664323552210 vs -333664323552210
N != rad(ab(a^2-b^2)) at (92,71): 1776997432597506 vs -1776997432597506
N != rad(ab(a^2-b^2)) at (92,73): 1795861425104670 vs -1795861425104670
N != rad(ab(a^2-b^2)) at (92,75): 357266160553890 vs -357266160553890
N != rad(ab(a^2-b^2)) at (92,77): 134205210449310 vs -134205210449310
N != rad(ab(a^2-b^2)) at (92,79): 555667647096198 vs -555667647096198
N != rad(ab(a^2-b^2)) at (92,81): 23899712298 vs -23899712298
N != rad(ab(a^2-b^2)) at (92,83): 92506714089510 vs -92506714089510
N != rad(ab(a^2-b^2)) at (92,85): 1177571882770710 vs -1177571882770710
N != rad(ab(a^2-b^2)) at (92,87): 914986304139810 vs -914986304139810
N != rad(ab(a^2-b^2)) at (92,89): 595505216419134 vs -595505216419134
N != rad(ab(a^2-b^2)) at (92,91): 214741936467786 vs -214741936467786
N != rad(ab(a^2-b^2)) at (93,2): 59975384399385 vs 119950768798770
N != rad(ab(a^2-b^2)) at (93,10): 276782402328285 vs 553564804656570
N != rad(ab(a^2-b^2)) at (93,14): 355885905456879 vs 711771810913758
N != rad(ab(a^2-b^2)) at (93,22): 416994588466995 vs 833989176933990
N != rad(ab(a^2-b^2)) at (93,26): 387327033201381 vs 774654066402762
N != rad(ab(a^2-b^2)) at (93,34): 191344450605609 vs 382688901211218
N != rad(ab(a^2-b^2)) at (93,38): 24894669650235 vs 49789339300470
N != rad(ab(a^2-b^2)) at (93,40): 37138608608430 vs -37138608608430
N != rad(ab(a^2-b^2)) at (93,44): 42996759631518 vs -42996759631518
N != rad(ab(a^2-b^2)) at (93,46): 25091744850417 vs -50183489700834
N != rad(ab(a^2-b^2)) at (93,50): 139189419083715 vs -278378838167430
N != rad(ab(a^2-b^2)) at (93,52): 836691117670590 vs -836691117670590
N != rad(ab(a^2-b^2)) at (93,56): 560595209494362 vs -560595209494362
N != rad(ab(a^2-b^2)) at (93,58): 1260730894975755 vs -2521461789951510
N != rad(ab(a^2-b^2)) at (93,64): 102448991221206 vs -102448991221206
N != rad(ab(a^2-b^2)) at (93,68): 365956851279390 vs -365956851279390
N != rad(ab(a^2-b^2)) at (93,70): 1897143486670005 vs -3794286973340010
N != rad(ab(a^2-b^2)) at (93,74): 1958520854377731 vs -3917041708755462
N != rad(ab(a^2-b^2)) at (93,76): 149620700640138 vs -149620700640138
N != rad(ab(a^2-b^2)) at (93,80): 452524553456430 vs -452524553456430
N != rad(ab(a^2-b^2)) at (93,82): 336052590961395 vs -672105181922790
N != rad(ab(a^2-b^2)) at (93,86): 1274243018669229 vs -2548486037338458
N != rad(ab(a^2-b^2)) at (93,88): 10522474441710 vs -10522474441710
N != rad(ab(a^2-b^2)) at (93,92): 33102839492310 vs -33102839492310
N != rad(ab(a^2-b^2)) at (94,1): 32398195975845 vs 64796391951690
N != rad(ab(a^2-b^2)) at (94,3): 96578806136631 vs 193157612273262
N != rad(ab(a^2-b^2)) at (94,5): 7567507109085 vs 15135014218170
N != rad(ab(a^2-b^2)) at (94,7): 218205460160499 vs 436410920320998
N != rad(ab(a^2-b^2)) at (94,9): 91086929832255 vs 182173859664510
N != rad(ab(a^2-b^2)) at (94,11): 18996530845215 vs 37993061690430
N != rad(ab(a^2-b^2)) at (94,13): 1937319059949 vs 3874638119898
N != rad(ab(a^2-b^2)) at (94,15): 401865289145355 vs 803730578290710
N != rad(ab(a^2-b^2)) at (94,17): 429115789747029 vs 858231579494058
N != rad(ab(a^2-b^2)) at (94,19): 89405032423035 vs 178810064846070
N != rad(ab(a^2-b^2)) at (94,21): 454805503747665 vs 909611007495330
N != rad(ab(a^2-b^2)) at (94,23): 150590193468897 vs 301180386937794
N != rad(ab(a^2-b^2)) at (94,25): 87469093363785 vs 174938186727570
N != rad(ab(a^2-b^2)) at (94,27): 4152281505141 vs 8304563010282
N != rad(ab(a^2-b^2)) at (94,29): 372637097945385 vs 745274195890770
N != rad(ab(a^2-b^2)) at (94,31): 4291235522385 vs 8582471044770
N != rad(ab(a^2-b^2)) at (94,33): 258652463151621 vs 517304926303242
N != rad(ab(a^2-b^2)) at (94,35): 183180520857495 vs 366361041714990
N != rad(ab(a^2-b^2)) at (94,37): 95702269532289 vs 191404539064578
N != rad(ab(a^2-b^2)) at (94,39): 3338676946605 vs -6677353893210
N != rad(ab(a^2-b^2)) at (94,41): 12591586474635 vs -25183172949270
N != rad(ab(a^2-b^2)) at (94,43): 233456383848849 vs -466912767697698
N != rad(ab(a^2-b^2)) at (94,45): 17273887628235 vs -34547775256470
N != rad(ab(a^2-b^2)) at (94,49): 30664095356895 vs -61328190713790
N != rad(ab(a^2-b^2)) at (94,51): 792915437538105 vs -1585830875076210
N != rad(ab(a^2-b^2)) at (94,53): 135026160029817 vs -270052320059634
N != rad(ab(a^2-b^2)) at (94,55): 1098786109786365 vs -2197572219572730
N != rad(ab(a^2-b^2)) at (94,57): 1251559821292851 vs -2503119642585702
N != rad(ab(a^2-b^2)) at (94,59): 467045973544395 vs -934091947088790
N != rad(ab(a^2-b^2)) at (94,61): 1544953053554295 vs -3089906107108590
N != rad(ab(a^2-b^2)) at (94,63): 560079479580663 vs -1120158959161326
N != rad(ab(a^2-b^2)) at (94,65): 1804030355376795 vs -3608060710753590
N != rad(ab(a^2-b^2)) at (94,67): 212574617274369 vs -425149234548738
N != rad(ab(a^2-b^2)) at (94,69): 400863126259155 vs -801726252518310
N != rad(ab(a^2-b^2)) at (94,71): 2073932368254285 vs -4147864736508570
N != rad(ab(a^2-b^2)) at (94,73): 2118314113462659 vs -4236628226925318
N != rad(ab(a^2-b^2)) at (94,75): 32824356775665 vs -65648713551330
N != rad(ab(a^2-b^2)) at (94,77): 705233463346797 vs -1410466926693594
N != rad(ab(a^2-b^2)) at (94,79): 2060474568416565 vs -4120949136833130
N != rad(ab(a^2-b^2)) at (94,81): 14544988011645 vs -29089976023290
N != rad(ab(a^2-b^2)) at (94,83): 1820535187584729 vs -3641070375169458
N != rad(ab(a^2-b^2)) at (94,85): 77465816493555 vs -154931632987110
N != rad(ab(a^2-b^2)) at (94,87): 1377634547420061 vs -2755269094840122
N != rad(ab(a^2-b^2)) at (94,89): 1068326395929555 vs -2136652791859110
N != rad(ab(a^2-b^2)) at (94,91): 694022287441665 vs -1388044574883330
N != rad(ab(a^2-b^2)) at (94,93): 35690800217457 vs -71381600434914
N != rad(ab(a^2-b^2)) at (95,2): 69617166966795 vs 139234333933590
N != rad(ab(a^2-b^2)) at (95,6): 203674725961665 vs 407349451923330
N != rad(ab(a^2-b^2)) at (95,14): 15412262513655 vs 30824525027310
N != rad(ab(a^2-b^2)) at (95,18): 158733520114785 vs 317467040229570
N != rad(ab(a^2-b^2)) at (95,22): 23578330821045 vs 47156661642090
N != rad(ab(a^2-b^2)) at (95,26): 42464697640365 vs 84929395280730
N != rad(ab(a^2-b^2)) at (95,34): 256577723647035 vs 513155447294070
N != rad(ab(a^2-b^2)) at (95,42): 158738287318905 vs -317476574637810
N != rad(ab(a^2-b^2)) at (95,44): 290922416420790 vs -290922416420790
N != rad(ab(a^2-b^2)) at (95,46): 61793604488805 vs -123587208977610
N != rad(ab(a^2-b^2)) at (95,48): 145586663452230 vs -145586663452230
N != rad(ab(a^2-b^2)) at (95,52): 128604010907190 vs -128604010907190
N != rad(ab(a^2-b^2)) at (95,54): 118301395380735 vs -236602790761470
N != rad(ab(a^2-b^2)) at (95,56): 615070368961230 vs -615070368961230
N != rad(ab(a^2-b^2)) at (95,58): 464728538375115 vs -929457076750230
N != rad(ab(a^2-b^2)) at (95,62): 1707766436515755 vs -3415532873031510
N != rad(ab(a^2-b^2)) at (95,64): 115725064209090 vs -115725064209090
N != rad(ab(a^2-b^2)) at (95,66): 1982654162235285 vs -3965308324470570
N != rad(ab(a^2-b^2)) at (95,68): 233062800892530 vs -233062800892530
N != rad(ab(a^2-b^2)) at (95,72): 377423565465030 vs -377423565465030
N != rad(ab(a^2-b^2)) at (95,74): 177609710319405 vs -355219420638810
N != rad(ab(a^2-b^2)) at (95,78): 2298955333506195 vs -4597910667012390
N != rad(ab(a^2-b^2)) at (95,82): 304006741735515 vs -608013483471030
N != rad(ab(a^2-b^2)) at (95,84): 1970713245822090 vs -1970713245822090
N != rad(ab(a^2-b^2)) at (95,86): 586351438065645 vs -1172702876131290
N != rad(ab(a^2-b^2)) at (95,88): 744065580260310 vs -744065580260310
N != rad(ab(a^2-b^2)) at (95,92): 748306633566030 vs -748306633566030
N != rad(ab(a^2-b^2)) at (95,94): 29905772814435 vs -59811545628870
N != rad(ab(a^2-b^2)) at (96,41): 9624237843990 vs -9624237843990
N != rad(ab(a^2-b^2)) at (96,43): 26398337049042 vs -26398337049042
N != rad(ab(a^2-b^2)) at (96,47): 9127454950614 vs -9127454950614
N != rad(ab(a^2-b^2)) at (96,49): 12040619588970 vs -12040619588970
N != rad(ab(a^2-b^2)) at (96,53): 127341828664302 vs -127341828664302
N != rad(ab(a^2-b^2)) at (96,55): 149519393670570 vs -149519393670570
N != rad(ab(a^2-b^2)) at (96,59): 193747851108210 vs -193747851108210
N != rad(ab(a^2-b^2)) at (96,61): 215146759015230 vs -215146759015230
N != rad(ab(a^2-b^2)) at (96,65): 254679372530310 vs -254679372530310
N != rad(ab(a^2-b^2)) at (96,67): 38856927763374 vs -38856927763374
N != rad(ab(a^2-b^2)) at (96,71): 8557406887470 vs -8557406887470
N != rad(ab(a^2-b^2)) at (96,73): 23748581896494 vs -23748581896494
N != rad(ab(a^2-b^2)) at (96,77): 315506562464478 vs -315506562464478
N != rad(ab(a^2-b^2)) at (96,79): 62389999445970 vs -62389999445970
N != rad(ab(a^2-b^2)) at (96,83): 288020937213282 vs -288020937213282
N != rad(ab(a^2-b^2)) at (96,85): 266421568895790 vs -266421568895790
N != rad(ab(a^2-b^2)) at (96,89): 200766869870070 vs -200766869870070
N != rad(ab(a^2-b^2)) at (96,91): 155397487335090 vs -155397487335090
N != rad(ab(a^2-b^2)) at (96,95): 36216816025530 vs -36216816025530
N != rad(ab(a^2-b^2)) at (97,2): 26852647054695 vs 53705294109390
N != rad(ab(a^2-b^2)) at (97,6): 235927649931519 vs 471855299863038
N != rad(ab(a^2-b^2)) at (97,10): 374254682041065 vs 748509364082130
N != rad(ab(a^2-b^2)) at (97,14): 484828064016051 vs 969656128032102
N != rad(ab(a^2-b^2)) at (97,18): 185968676746335 vs 371937353492670
N != rad(ab(a^2-b^2)) at (97,22): 117017937785595 vs 234035875571190
N != rad(ab(a^2-b^2)) at (97,26): 559682670945489 vs 1119365341890978
N != rad(ab(a^2-b^2)) at (97,30): 477032756535195 vs 954065513070390
N != rad(ab(a^2-b^2)) at (97,34): 111617158360407 vs 223234316720814
N != rad(ab(a^2-b^2)) at (97,38): 2119169412465 vs 4238338824930
N != rad(ab(a^2-b^2)) at (97,42): 123708955243335 vs -247417910486670
N != rad(ab(a^2-b^2)) at (97,44): 271385641659594 vs -271385641659594
N != rad(ab(a^2-b^2)) at (97,46): 430358377590141 vs -860716755180282
N != rad(ab(a^2-b^2)) at (97,48): 21403517802870 vs -21403517802870
N != rad(ab(a^2-b^2)) at (97,50): 22190250906705 vs -44380501813410
N != rad(ab(a^2-b^2)) at (97,52): 320223275465730 vs -320223275465730
N != rad(ab(a^2-b^2)) at (97,54): 127704131528001 vs -255408263056002
N != rad(ab(a^2-b^2)) at (97,56): 223406545021926 vs -223406545021926
N != rad(ab(a^2-b^2)) at (97,58): 218789441888745 vs -437578883777490
N != rad(ab(a^2-b^2)) at (97,60): 35100384145890 vs -35100384145890
N != rad(ab(a^2-b^2)) at (97,62): 1902710239645845 vs -3805420479291690
N != rad(ab(a^2-b^2)) at (97,64): 129797880410814 vs -129797880410814
N != rad(ab(a^2-b^2)) at (97,66): 2238727365091371 vs -4477454730182742
N != rad(ab(a^2-b^2)) at (97,68): 2385013596774270 vs -2385013596774270
N != rad(ab(a^2-b^2)) at (97,70): 279091898660505 vs -558183797321010
N != rad(ab(a^2-b^2)) at (97,72): 6705533914170 vs -6705533914170
N != rad(ab(a^2-b^2)) at (97,74): 896930614233213 vs -1793861228466426
N != rad(ab(a^2-b^2)) at (97,76): 2734314664646586 vs -2734314664646586
N != rad(ab(a^2-b^2)) at (97,78): 548224780135305 vs -1096449560270610
N != rad(ab(a^2-b^2)) at (97,80): 676609244754870 vs -676609244754870
N != rad(ab(a^2-b^2)) at (97,82): 2625302476575555 vs -5250604953151110
N != rad(ab(a^2-b^2)) at (97,84): 2492612267908854 vs -2492612267908854
N != rad(ab(a^2-b^2)) at (97,86): 2303114925774201 vs -4606229851548402
N != rad(ab(a^2-b^2)) at (97,88): 341905067410830 vs -341905067410830
N != rad(ab(a^2-b^2)) at (97,90): 4214272596765 vs -8428545193530
N != rad(ab(a^2-b^2)) at (97,92): 148825986592290 vs -148825986592290
N != rad(ab(a^2-b^2)) at (97,94): 867869427177669 vs -1735738854355338
N != rad(ab(a^2-b^2)) at (97,96): 38956468281402 vs -38956468281402
N != rad(ab(a^2-b^2)) at (98,1): 2065459177551 vs 4130918355102
N != rad(ab(a^2-b^2)) at (98,3): 18480775030095 vs 36961550060190
N != rad(ab(a^2-b^2)) at (98,5): 30441002897865 vs 60882005795730
N != rad(ab(a^2-b^2)) at (98,9): 17513677810839 vs 35027355621678
N != rad(ab(a^2-b^2)) at (98,11): 62269923970023 vs 124539847940046
N != rad(ab(a^2-b^2)) at (98,13): 70856376466785 vs 141712752933570
N != rad(ab(a^2-b^2)) at (98,15): 78115949366595 vs 156231898733190
N != rad(ab(a^2-b^2)) at (98,17): 3106508726055 vs 6213017452110
N != rad(ab(a^2-b^2)) at (98,19): 29325352703829 vs 58650705407658
N != rad(ab(a^2-b^2)) at (98,23): 96936561645 vs 193873123290
N != rad(ab(a^2-b^2)) at (98,25): 17791308770865 vs 35582617541730
N != rad(ab(a^2-b^2)) at (98,27): 378418491255 vs 756836982510
N != rad(ab(a^2-b^2)) at (98,29): 79129097290257 vs 158258194580514
N != rad(ab(a^2-b^2)) at (98,31): 70864450005363 vs 141728900010726
N != rad(ab(a^2-b^2)) at (98,33): 60327211909965 vs 120654423819930
N != rad(ab(a^2-b^2)) at (98,37): 3607793521185 vs 7215587042370
N != rad(ab(a^2-b^2)) at (98,39): 15235111354827 vs 30470222709654
N != rad(ab(a^2-b^2)) at (98,41): 4100678024667 vs -8201356049334
N != rad(ab(a^2-b^2)) at (98,43): 25422742351545 vs -50845484703090
N != rad(ab(a^2-b^2)) at (98,45): 704145677235 vs -1408291354470
N != rad(ab(a^2-b^2)) at (98,47): 73414220055645 vs -146828440111290
N != rad(ab(a^2-b^2)) at (98,51): 127198629838497 vs -254397259676994
N != rad(ab(a^2-b^2)) at (98,53): 51879803593485 vs -103759607186970
N != rad(ab(a^2-b^2)) at (98,55): 61571076369495 vs -123142152738990
N != rad(ab(a^2-b^2)) at (98,57): 214078317840555 vs -428156635681110
N != rad(ab(a^2-b^2)) at (98,59): 243358888314633 vs -486717776629266
N != rad(ab(a^2-b^2)) at (98,61): 272145094250127 vs -544290188500254
N != rad(ab(a^2-b^2)) at (98,65): 326425429084755 vs -652850858169510
N != rad(ab(a^2-b^2)) at (98,67): 350931082798065 vs -701862165596130
N != rad(ab(a^2-b^2)) at (98,69): 372966291276663 vs -745932582553326
N != rad(ab(a^2-b^2)) at (98,71): 3350043108321 vs -6700086216642
N != rad(ab(a^2-b^2)) at (98,73): 27152661111765 vs -54305322223530
N != rad(ab(a^2-b^2)) at (98,75): 83666606862405 vs -167333213724810
N != rad(ab(a^2-b^2)) at (98,79): 424847121808893 vs -849694243617786
N != rad(ab(a^2-b^2)) at (98,81): 15514851337881 vs -31029702675762
N != rad(ab(a^2-b^2)) at (98,83): 405831966411585 vs -811663932823170
N != rad(ab(a^2-b^2)) at (98,85): 384870089444295 vs -769740178888590
N != rad(ab(a^2-b^2)) at (98,87): 355224212766885 vs -710448425533770
N != rad(ab(a^2-b^2)) at (98,89): 105361400508441 vs -210722801016882
N != rad(ab(a^2-b^2)) at (98,93): 206000682850095 vs -412001365700190
N != rad(ab(a^2-b^2)) at (98,95): 133364249135565 vs -266728498271130
N != rad(ab(a^2-b^2)) at (98,97): 47853566046195 vs -95707132092390
N != rad(ab(a^2-b^2)) at (99,2): 30980122081293 vs 61960244162586
N != rad(ab(a^2-b^2)) at (99,10): 144362377285665 vs 288724754571330
N != rad(ab(a^2-b^2)) at (99,14): 187644638828955 vs 375289277657910
N != rad(ab(a^2-b^2)) at (99,26): 8888347252785 vs 17776694505570
N != rad(ab(a^2-b^2)) at (99,34): 142664015338845 vs 285328030677690
N != rad(ab(a^2-b^2)) at (99,38): 9902452095921 vs 19804904191842
N != rad(ab(a^2-b^2)) at (99,46): 139385897489685 vs -278771794979370
N != rad(ab(a^2-b^2)) at (99,50): 7693575640905 vs -15387151281810
N != rad(ab(a^2-b^2)) at (99,52): 338805795109782 vs -338805795109782
N != rad(ab(a^2-b^2)) at (99,56): 241785816950370 vs -241785816950370
N != rad(ab(a^2-b^2)) at (99,58): 79596313057569 vs -159192626115138
N != rad(ab(a^2-b^2)) at (99,62): 702117376095597 vs -1404234752191194
N != rad(ab(a^2-b^2)) at (99,64): 48208099440270 vs -48208099440270
N != rad(ab(a^2-b^2)) at (99,68): 897299792248398 vs -897299792248398
N != rad(ab(a^2-b^2)) at (99,70): 4305166310445 vs -8610332620890
N != rad(ab(a^2-b^2)) at (99,74): 206982441778035 vs -413964883556070
N != rad(ab(a^2-b^2)) at (99,76): 212232667700130 vs -212232667700130
N != rad(ab(a^2-b^2)) at (99,80): 268617114281670 vs -268617114281670
N != rad(ab(a^2-b^2)) at (99,82): 1058029849318827 vs -2116059698637654
N != rad(ab(a^2-b^2)) at (99,86): 969781302995505 vs -1939562605991010
N != rad(ab(a^2-b^2)) at (99,92): 669827991382242 vs -669827991382242
N != rad(ab(a^2-b^2)) at (99,94): 517078092077085 vs -1034156184154170
N == rad(a*b*(a^2-b^2)) for ALL fibers (m<=100)? NO  (2040 fibers)
