# m n gcd s d s%2 s%3 s%4 s%6 s%12 s%24 m*n m^2+n^2 m^2-n^2 sp m%2 n%2 m%3 n%3 m%4 n%4 om_m om_n big_m big_n tag
2 1 1 3 1 1 0 3 3 3 3 2 5 3 1 0 1 2 1 2 1 1 0 1 0 R0
3 2 1 5 1 1 2 1 5 5 5 6 13 5 1 1 0 0 2 3 2 1 1 1 1 R0
4 1 1 5 3 1 2 1 5 5 5 4 17 15 1 0 1 1 1 0 1 1 0 2 0 R0
5 4 1 9 1 1 0 1 3 9 9 20 41 9 0 1 0 2 1 1 0 1 1 1 2 R0
6 1 1 7 5 1 1 3 1 7 7 6 37 35 1 0 1 0 1 2 1 2 0 2 0 R0
7 2 1 9 5 1 0 1 3 9 9 14 53 45 0 1 0 1 2 3 2 1 1 1 1 R0
7 4 1 11 3 1 2 3 5 11 11 28 65 33 1 1 0 1 1 3 0 1 1 1 2 R0
8 1 1 9 7 1 0 1 3 9 9 8 65 63 0 0 1 2 1 0 1 1 0 3 0 R0
8 7 1 15 1 1 0 3 3 3 15 56 113 15 0 0 1 2 1 0 3 1 1 3 1 R0
9 2 1 11 7 1 2 3 5 11 11 18 85 77 1 1 0 0 2 1 2 1 1 2 1 R0
9 4 1 13 5 1 1 1 1 1 13 36 97 65 1 1 0 0 1 1 0 1 1 2 2 R0
10 7 1 17 3 1 2 1 5 5 17 70 149 51 1 0 1 1 1 2 3 2 1 2 1 R0
10 9 1 19 1 1 1 3 1 7 19 90 181 19 1 0 1 1 0 2 1 2 1 2 2 R0
11 4 1 15 7 1 0 3 3 3 15 44 137 105 0 1 0 2 1 3 0 1 1 1 2 R0
11 10 1 21 1 1 0 1 3 9 21 110 221 21 0 1 0 2 1 3 2 1 2 1 2 R0
12 1 1 13 11 1 1 1 1 1 13 12 145 143 1 0 1 0 1 0 1 2 0 3 0 R0
12 5 1 17 7 1 2 1 5 5 17 60 169 119 1 0 1 0 2 0 1 2 1 3 1 R0
13 6 1 19 7 1 1 3 1 7 19 78 205 133 1 1 0 1 0 1 2 1 2 1 2 R0
14 9 1 23 5 1 2 3 5 11 23 126 277 115 1 0 1 2 0 2 1 2 1 2 2 R0
14 11 1 25 3 1 1 1 1 1 1 154 317 75 0 0 1 2 2 2 3 2 1 2 1 R0
15 2 1 17 13 1 2 1 5 5 17 30 229 221 1 1 0 0 2 3 2 2 1 2 1 R0
16 1 1 17 15 1 2 1 5 5 17 16 257 255 1 0 1 1 1 0 1 1 0 4 0 R0
16 7 1 23 9 1 2 3 5 11 23 112 305 207 1 0 1 1 1 0 3 1 1 4 1 R0
16 9 1 25 7 1 1 1 1 1 1 144 337 175 0 0 1 1 0 0 1 1 1 4 2 R0
17 2 1 19 15 1 1 3 1 7 19 34 293 285 1 1 0 2 2 1 2 1 1 1 1 R0
17 4 1 21 13 1 0 1 3 9 21 68 305 273 0 1 0 2 1 1 0 1 1 1 2 R0
17 6 1 23 11 1 2 3 5 11 23 102 325 253 1 1 0 2 0 1 2 1 2 1 2 R0
17 12 1 29 5 1 2 1 5 5 5 204 433 145 1 1 0 2 0 1 0 1 2 1 3 R0
17 14 1 31 3 1 1 3 1 7 7 238 485 93 1 1 0 2 2 1 2 1 2 1 2 R0
18 5 1 23 13 1 2 3 5 11 23 90 349 299 1 0 1 0 2 2 1 2 1 3 1 R0
18 11 1 29 7 1 2 1 5 5 5 198 445 203 1 0 1 0 2 2 3 2 1 3 1 R0
18 17 1 35 1 1 2 3 5 11 11 306 613 35 0 0 1 0 2 2 1 2 1 3 1 R0
19 6 1 25 13 1 1 1 1 1 1 114 397 325 0 1 0 1 0 3 2 1 2 1 2 R0
19 8 1 27 11 1 0 3 3 3 3 152 425 297 0 1 0 1 2 3 0 1 1 1 3 R0
19 14 1 33 5 1 0 1 3 9 9 266 557 165 0 1 0 1 2 3 2 1 2 1 2 R0
19 18 1 37 1 1 1 1 1 1 13 342 685 37 1 1 0 1 0 3 2 1 2 1 3 R0
20 1 1 21 19 1 0 1 3 9 21 20 401 399 0 0 1 2 1 0 1 2 0 3 0 R0
20 9 1 29 11 1 2 1 5 5 5 180 481 319 1 0 1 2 0 0 1 2 1 3 2 R0
20 11 1 31 9 1 1 3 1 7 7 220 521 279 1 0 1 2 2 0 3 2 1 3 1 R0
20 13 1 33 7 1 0 1 3 9 9 260 569 231 0 0 1 2 1 0 1 2 1 3 1 R0
20 17 1 37 3 1 1 1 1 1 13 340 689 111 1 0 1 2 2 0 1 2 1 3 1 R0
21 4 1 25 17 1 1 1 1 1 1 84 457 425 0 1 0 0 1 1 0 2 1 2 2 R0
21 20 1 41 1 1 2 1 5 5 17 420 841 41 1 1 0 0 2 1 0 2 2 2 3 R0
22 5 1 27 17 1 0 3 3 3 3 110 509 459 0 0 1 1 2 2 1 2 1 2 1 R0
22 7 1 29 15 1 2 1 5 5 5 154 533 435 1 0 1 1 1 2 3 2 1 2 1 R0
22 9 1 31 13 1 1 3 1 7 7 198 565 403 1 0 1 1 0 2 1 2 1 2 2 R0
22 19 1 41 3 1 2 1 5 5 17 418 845 123 1 0 1 1 1 2 3 2 1 2 1 R0
23 6 1 29 17 1 2 1 5 5 5 138 565 493 1 1 0 2 0 3 2 1 2 1 2 R0
23 8 1 31 15 1 1 3 1 7 7 184 593 465 1 1 0 2 2 3 0 1 1 1 3 R0
23 10 1 33 13 1 0 1 3 9 9 230 629 429 0 1 0 2 1 3 2 1 2 1 2 R0
23 12 1 35 11 1 2 3 5 11 11 276 673 385 0 1 0 2 0 3 0 1 2 1 3 R0
23 20 1 43 3 1 1 3 1 7 19 460 929 129 1 1 0 2 2 3 0 1 2 1 3 R0
24 11 1 35 13 1 2 3 5 11 11 264 697 455 0 0 1 0 2 0 3 2 1 4 1 R0
24 19 1 43 5 1 1 3 1 7 19 456 937 215 1 0 1 0 1 0 3 2 1 4 1 R0
25 6 1 31 19 1 1 3 1 7 7 150 661 589 1 1 0 1 0 1 2 1 2 2 2 R0
25 8 1 33 17 1 0 1 3 9 9 200 689 561 0 1 0 1 2 1 0 1 1 2 3 R0
25 18 1 43 7 1 1 3 1 7 19 450 949 301 1 1 0 1 0 1 2 1 2 2 3 R0
25 22 1 47 3 1 2 3 5 11 23 550 1109 141 1 1 0 1 1 1 2 1 2 2 2 R0
25 24 1 49 1 1 1 1 1 1 1 600 1201 49 0 1 0 1 0 1 0 1 2 2 4 R0
26 3 1 29 23 1 2 1 5 5 5 78 685 667 1 0 1 2 0 2 3 2 1 2 1 R0
26 7 1 33 19 1 0 1 3 9 9 182 725 627 0 0 1 2 1 2 3 2 1 2 1 R0
26 9 1 35 17 1 2 3 5 11 11 234 757 595 0 0 1 2 0 2 1 2 1 2 2 R0
26 15 1 41 11 1 2 1 5 5 17 390 901 451 1 0 1 2 0 2 3 2 2 2 2 R0
26 17 1 43 9 1 1 3 1 7 19 442 965 387 1 0 1 2 2 2 1 2 1 2 1 R0
27 8 1 35 19 1 2 3 5 11 11 216 793 665 0 1 0 0 2 3 0 1 1 3 3 R0
27 10 1 37 17 1 1 1 1 1 13 270 829 629 1 1 0 0 1 3 2 1 2 3 2 R0
27 14 1 41 13 1 2 1 5 5 17 378 925 533 1 1 0 0 2 3 2 1 2 3 2 R0
27 16 1 43 11 1 1 3 1 7 19 432 985 473 1 1 0 0 1 3 0 1 1 3 4 R0
28 15 1 43 13 1 1 3 1 7 19 420 1009 559 1 0 1 1 0 0 3 2 2 3 2 R0
28 23 1 51 5 1 0 3 3 3 3 644 1313 255 0 0 1 1 2 0 3 2 1 3 1 R0
28 25 1 53 3 1 2 1 5 5 5 700 1409 159 1 0 1 1 1 0 1 2 1 3 2 R0
29 12 1 41 17 1 2 1 5 5 17 348 985 697 1 1 0 2 0 1 0 1 2 1 3 R0
29 16 1 45 13 1 0 1 3 9 21 464 1097 585 0 1 0 2 1 1 0 1 1 1 4 R0
30 1 1 31 29 1 1 3 1 7 7 30 901 899 1 0 1 0 1 2 1 3 0 3 0 R0
30 13 1 43 17 1 1 3 1 7 19 390 1069 731 1 0 1 0 1 2 1 3 1 3 1 R0
30 19 1 49 11 1 1 1 1 1 1 570 1261 539 0 0 1 0 1 2 3 3 1 3 1 R0
30 23 1 53 7 1 2 1 5 5 5 690 1429 371 1 0 1 0 2 2 3 3 1 3 1 R0
31 2 1 33 29 1 0 1 3 9 9 62 965 957 0 1 0 1 2 3 2 1 1 1 1 R0
31 6 1 37 25 1 1 1 1 1 13 186 997 925 1 1 0 1 0 3 2 1 2 1 2 R0
31 14 1 45 17 1 0 1 3 9 21 434 1157 765 0 1 0 1 2 3 2 1 2 1 2 R0
31 16 1 47 15 1 2 3 5 11 23 496 1217 705 1 1 0 1 1 3 0 1 1 1 4 R0
31 18 1 49 13 1 1 1 1 1 1 558 1285 637 0 1 0 1 0 3 2 1 2 1 3 R0
31 24 1 55 7 1 1 3 1 7 7 744 1537 385 0 1 0 1 0 3 0 1 2 1 4 R0
32 1 1 33 31 1 0 1 3 9 9 32 1025 1023 0 0 1 2 1 0 1 1 0 5 0 R0
32 5 1 37 27 1 1 1 1 1 13 160 1049 999 1 0 1 2 2 0 1 1 1 5 1 R0
32 11 1 43 21 1 1 3 1 7 19 352 1145 903 1 0 1 2 2 0 3 1 1 5 1 R0
32 19 1 51 13 1 0 3 3 3 3 608 1385 663 0 0 1 2 1 0 3 1 1 5 1 R0
32 23 1 55 9 1 1 3 1 7 7 736 1553 495 0 0 1 2 2 0 3 1 1 5 1 R0
33 2 1 35 31 1 2 3 5 11 11 66 1093 1085 0 1 0 0 2 1 2 2 1 2 1 R0
33 14 1 47 19 1 2 3 5 11 23 462 1285 893 1 1 0 0 2 1 2 2 2 2 2 R0
34 1 1 35 33 1 2 3 5 11 11 34 1157 1155 0 0 1 1 1 2 1 2 0 2 0 R0
34 9 1 43 25 1 1 3 1 7 19 306 1237 1075 1 0 1 1 0 2 1 2 1 2 2 R0
34 13 1 47 21 1 2 3 5 11 23 442 1325 987 1 0 1 1 1 2 1 2 1 2 1 R0
34 19 1 53 15 1 2 1 5 5 5 646 1517 795 1 0 1 1 1 2 3 2 1 2 1 R0
35 6 1 41 29 1 2 1 5 5 17 210 1261 1189 1 1 0 2 0 3 2 2 2 2 2 R0
35 12 1 47 23 1 2 3 5 11 23 420 1369 1081 1 1 0 2 0 3 0 2 2 2 3 R0
35 16 1 51 19 1 0 3 3 3 3 560 1481 969 0 1 0 2 1 3 0 2 1 2 4 R0
35 34 1 69 1 1 0 1 3 9 21 1190 2381 69 0 1 0 2 1 3 2 2 2 2 2 R0
36 1 1 37 35 1 1 1 1 1 13 36 1297 1295 1 0 1 0 1 0 1 2 0 4 0 R0
36 13 1 49 23 1 1 1 1 1 1 468 1465 1127 0 0 1 0 1 0 1 2 1 4 1 R0
36 19 1 55 17 1 1 3 1 7 7 684 1657 935 0 0 1 0 1 0 3 2 1 4 1 R0
36 23 1 59 13 1 2 3 5 11 11 828 1825 767 1 0 1 0 2 0 3 2 1 4 1 R0
36 35 1 71 1 1 2 3 5 11 23 1260 2521 71 1 0 1 0 2 0 3 2 2 4 2 R0
37 6 1 43 31 1 1 3 1 7 19 222 1405 1333 1 1 0 1 0 1 2 1 2 1 2 R0
37 8 1 45 29 1 0 1 3 9 21 296 1433 1305 0 1 0 1 2 1 0 1 1 1 3 R0
37 10 1 47 27 1 2 3 5 11 23 370 1469 1269 1 1 0 1 1 1 2 1 2 1 2 R0
37 12 1 49 25 1 1 1 1 1 1 444 1513 1225 0 1 0 1 0 1 0 1 2 1 3 R0
37 20 1 57 17 1 0 1 3 9 9 740 1769 969 0 1 0 1 2 1 0 1 2 1 3 R0
37 22 1 59 15 1 2 3 5 11 11 814 1853 885 1 1 0 1 1 1 2 1 2 1 2 R0
37 30 1 67 7 1 1 3 1 7 19 1110 2269 469 1 1 0 1 0 1 2 1 3 1 3 R0
37 32 1 69 5 1 0 1 3 9 21 1184 2393 345 0 1 0 1 2 1 0 1 1 1 5 R0
37 36 1 73 1 1 1 1 1 1 1 1332 2665 73 1 1 0 1 0 1 0 1 2 1 4 R0
38 11 1 49 27 1 1 1 1 1 1 418 1565 1323 0 0 1 2 2 2 3 2 1 2 1 R0
38 13 1 51 25 1 0 3 3 3 3 494 1613 1275 0 0 1 2 1 2 1 2 1 2 1 R0
38 21 1 59 17 1 2 3 5 11 11 798 1885 1003 1 0 1 2 0 2 1 2 2 2 2 R0
38 31 1 69 7 1 0 1 3 9 21 1178 2405 483 0 0 1 2 1 2 3 2 1 2 1 R0
38 33 1 71 5 1 2 3 5 11 23 1254 2533 355 1 0 1 2 0 2 1 2 2 2 2 R0
38 37 1 75 1 1 0 3 3 3 3 1406 2813 75 0 0 1 2 1 2 1 2 1 2 1 R0
39 2 1 41 37 1 2 1 5 5 17 78 1525 1517 1 1 0 0 2 3 2 2 1 2 1 R0
39 4 1 43 35 1 1 3 1 7 19 156 1537 1505 1 1 0 0 1 3 0 2 1 2 2 R0
39 8 1 47 31 1 2 3 5 11 23 312 1585 1457 1 1 0 0 2 3 0 2 1 2 3 R0
39 14 1 53 25 1 2 1 5 5 5 546 1717 1325 1 1 0 0 2 3 2 2 2 2 2 R0
39 16 1 55 23 1 1 3 1 7 7 624 1777 1265 0 1 0 0 1 3 0 2 1 2 4 R0
39 22 1 61 17 1 1 1 1 1 13 858 2005 1037 1 1 0 0 1 3 2 2 2 2 2 R0
39 32 1 71 7 1 2 3 5 11 23 1248 2545 497 1 1 0 0 2 3 0 2 1 2 5 R0
39 34 1 73 5 1 1 1 1 1 1 1326 2677 365 1 1 0 0 1 3 2 2 2 2 2 R0
40 13 1 53 27 1 2 1 5 5 5 520 1769 1431 1 0 1 1 1 0 1 2 1 4 1 R0
40 27 1 67 13 1 1 3 1 7 19 1080 2329 871 1 0 1 1 0 0 3 2 1 4 3 R0
40 31 1 71 9 1 2 3 5 11 23 1240 2561 639 1 0 1 1 1 0 3 2 1 4 1 R0
40 37 1 77 3 1 2 1 5 5 5 1480 2969 231 0 0 1 1 1 0 1 2 1 4 1 R0
40 39 1 79 1 1 1 3 1 7 7 1560 3121 79 1 0 1 1 0 0 3 2 2 4 2 R0
41 6 1 47 35 1 2 3 5 11 23 246 1717 1645 1 1 0 2 0 1 2 1 2 1 2 R0
41 34 1 75 7 1 0 3 3 3 3 1394 2837 525 0 1 0 2 1 1 2 1 2 1 2 R0
41 36 1 77 5 1 2 1 5 5 5 1476 2977 385 0 1 0 2 0 1 0 1 2 1 4 R0
42 1 1 43 41 1 1 3 1 7 19 42 1765 1763 1 0 1 0 1 2 1 3 0 3 0 R0
42 17 1 59 25 1 2 3 5 11 11 714 2053 1475 1 0 1 0 2 2 1 3 1 3 1 R0
42 37 1 79 5 1 1 3 1 7 7 1554 3133 395 1 0 1 0 1 2 1 3 1 3 1 R0
43 2 1 45 41 1 0 1 3 9 21 86 1853 1845 0 1 0 1 2 3 2 1 1 1 1 R0
43 6 1 49 37 1 1 1 1 1 1 258 1885 1813 0 1 0 1 0 3 2 1 2 1 2 R0
43 16 1 59 27 1 2 3 5 11 11 688 2105 1593 1 1 0 1 1 3 0 1 1 1 4 R0
43 20 1 63 23 1 0 3 3 3 15 860 2249 1449 0 1 0 1 2 3 0 1 2 1 3 R0
43 28 1 71 15 1 2 3 5 11 23 1204 2633 1065 1 1 0 1 1 3 0 1 2 1 3 R0
43 30 1 73 13 1 1 1 1 1 1 1290 2749 949 1 1 0 1 0 3 2 1 3 1 3 R0
43 32 1 75 11 1 0 3 3 3 3 1376 2873 825 0 1 0 1 2 3 0 1 1 1 5 R0
43 34 1 77 9 1 2 1 5 5 5 1462 3005 693 0 1 0 1 1 3 2 1 2 1 2 R0
44 7 1 51 37 1 0 3 3 3 3 308 1985 1887 0 0 1 2 1 0 3 2 1 3 1 R0
44 31 1 75 13 1 0 3 3 3 3 1364 2897 975 0 0 1 2 1 0 3 2 1 3 1 R0
45 4 1 49 41 1 1 1 1 1 1 180 2041 2009 0 1 0 0 1 1 0 2 1 3 2 R0
45 8 1 53 37 1 2 1 5 5 5 360 2089 1961 1 1 0 0 2 1 0 2 1 3 3 R0
45 14 1 59 31 1 2 3 5 11 11 630 2221 1829 1 1 0 0 2 1 2 2 2 3 2 R0
45 22 1 67 23 1 1 3 1 7 19 990 2509 1541 1 1 0 0 1 1 2 2 2 3 2 R0
45 28 1 73 17 1 1 1 1 1 1 1260 2809 1241 1 1 0 0 1 1 0 2 2 3 3 R0
45 32 1 77 13 1 2 1 5 5 5 1440 3049 1001 0 1 0 0 2 1 0 2 1 3 5 R0
45 34 1 79 11 1 1 3 1 7 7 1530 3181 869 1 1 0 0 1 1 2 2 2 3 2 R0
45 38 1 83 7 1 2 3 5 11 11 1710 3469 581 1 1 0 0 2 1 2 2 2 3 2 R0
46 1 1 47 45 1 2 3 5 11 23 46 2117 2115 1 0 1 1 1 2 1 2 0 2 0 R0
46 7 1 53 39 1 2 1 5 5 5 322 2165 2067 1 0 1 1 1 2 3 2 1 2 1 R0
46 17 1 63 29 1 0 3 3 3 15 782 2405 1827 0 0 1 1 2 2 1 2 1 2 1 R0
46 25 1 71 21 1 2 3 5 11 23 1150 2741 1491 1 0 1 1 1 2 1 2 1 2 2 R0
46 29 1 75 17 1 0 3 3 3 3 1334 2957 1275 0 0 1 1 2 2 1 2 1 2 1 R0
46 31 1 77 15 1 2 1 5 5 5 1426 3077 1155 0 0 1 1 1 2 3 2 1 2 1 R0
46 33 1 79 13 1 1 3 1 7 7 1518 3205 1027 1 0 1 1 0 2 1 2 2 2 2 R0
46 35 1 81 11 1 0 1 3 9 9 1610 3341 891 0 0 1 1 2 2 3 2 2 2 2 R0
46 39 1 85 7 1 1 1 1 1 13 1794 3637 595 0 0 1 1 0 2 3 2 2 2 2 R0
47 16 1 63 31 1 0 3 3 3 15 752 2465 1953 0 1 0 2 1 3 0 1 1 1 4 R0
47 24 1 71 23 1 2 3 5 11 23 1128 2785 1633 1 1 0 2 0 3 0 1 2 1 4 R0
47 26 1 73 21 1 1 1 1 1 1 1222 2885 1533 1 1 0 2 2 3 2 1 2 1 2 R0
47 30 1 77 17 1 2 1 5 5 5 1410 3109 1309 0 1 0 2 0 3 2 1 3 1 3 R0
47 32 1 79 15 1 1 3 1 7 7 1504 3233 1185 1 1 0 2 2 3 0 1 1 1 5 R0
47 36 1 83 11 1 2 3 5 11 11 1692 3505 913 1 1 0 2 0 3 0 1 2 1 4 R0
47 40 1 87 7 1 0 3 3 3 15 1880 3809 609 0 1 0 2 1 3 0 1 2 1 4 R0
47 44 1 91 3 1 1 3 1 7 19 2068 4145 273 0 1 0 2 2 3 0 1 2 1 3 R0
48 5 1 53 43 1 2 1 5 5 5 240 2329 2279 1 0 1 0 2 0 1 2 1 5 1 R0
48 13 1 61 35 1 1 1 1 1 13 624 2473 2135 1 0 1 0 1 0 1 2 1 5 1 R0
48 23 1 71 25 1 2 3 5 11 23 1104 2833 1775 1 0 1 0 2 0 3 2 1 5 1 R0
48 43 1 91 5 1 1 3 1 7 19 2064 4153 455 0 0 1 0 1 0 3 2 1 5 1 R0
49 2 1 51 47 1 0 3 3 3 3 98 2405 2397 0 1 0 1 2 1 2 1 1 2 1 R0
49 4 1 53 45 1 2 1 5 5 5 196 2417 2385 1 1 0 1 1 1 0 1 1 2 2 R0
49 6 1 55 43 1 1 3 1 7 7 294 2437 2365 0 1 0 1 0 1 2 1 2 2 2 R0
49 8 1 57 41 1 0 1 3 9 9 392 2465 2337 0 1 0 1 2 1 0 1 1 2 3 R0
49 18 1 67 31 1 1 3 1 7 19 882 2725 2077 1 1 0 1 0 1 2 1 2 2 3 R0
49 20 1 69 29 1 0 1 3 9 21 980 2801 2001 0 1 0 1 2 1 0 1 2 2 3 R0
49 22 1 71 27 1 2 3 5 11 23 1078 2885 1917 1 1 0 1 1 1 2 1 2 2 2 R0
49 24 1 73 25 1 1 1 1 1 1 1176 2977 1825 1 1 0 1 0 1 0 1 2 2 4 R0
49 32 1 81 17 1 0 1 3 9 9 1568 3425 1377 0 1 0 1 2 1 0 1 1 2 5 R0
49 46 1 95 3 1 2 3 5 11 23 2254 4517 285 0 1 0 1 1 1 2 1 2 2 2 R0
50 1 1 51 49 1 0 3 3 3 3 50 2501 2499 0 0 1 2 1 2 1 2 0 3 0 R0
50 3 1 53 47 1 2 1 5 5 5 150 2509 2491 1 0 1 2 0 2 3 2 1 3 1 R0
50 11 1 61 39 1 1 1 1 1 13 550 2621 2379 1 0 1 2 2 2 3 2 1 3 1 R0
50 13 1 63 37 1 0 3 3 3 15 650 2669 2331 0 0 1 2 1 2 1 2 1 3 1 R0
50 27 1 77 23 1 2 1 5 5 5 1350 3229 1771 0 0 1 2 0 2 3 2 1 3 3 R0
50 33 1 83 17 1 2 3 5 11 11 1650 3589 1411 1 0 1 2 0 2 1 2 2 3 2 R0
50 37 1 87 13 1 0 3 3 3 15 1850 3869 1131 0 0 1 2 1 2 1 2 1 3 1 R0
50 39 1 89 11 1 2 1 5 5 17 1950 4021 979 1 0 1 2 0 2 3 2 2 3 2 R0
50 43 1 93 7 1 0 1 3 9 21 2150 4349 651 0 0 1 2 1 2 3 2 1 3 1 R0
50 47 1 97 3 1 1 1 1 1 1 2350 4709 291 1 0 1 2 2 2 3 2 1 3 1 R0
50 49 1 99 1 1 0 3 3 3 3 2450 4901 99 0 0 1 2 1 2 1 2 1 3 2 R0
51 38 1 89 13 1 2 1 5 5 17 1938 4045 1157 1 1 0 0 2 3 2 2 2 2 2 R0
52 1 1 53 51 1 2 1 5 5 5 52 2705 2703 1 0 1 1 1 0 1 2 0 3 0 R0
52 15 1 67 37 1 1 3 1 7 19 780 2929 2479 1 0 1 1 0 0 3 2 2 3 2 R0
52 19 1 71 33 1 2 3 5 11 23 988 3065 2343 1 0 1 1 1 0 3 2 1 3 1 R0
52 31 1 83 21 1 2 3 5 11 11 1612 3665 1743 1 0 1 1 1 0 3 2 1 3 1 R0
52 37 1 89 15 1 2 1 5 5 17 1924 4073 1335 1 0 1 1 1 0 1 2 1 3 1 R0
53 6 1 59 47 1 2 3 5 11 11 318 2845 2773 1 1 0 2 0 1 2 1 2 1 2 R0
53 20 1 73 33 1 1 1 1 1 1 1060 3209 2409 1 1 0 2 2 1 0 1 2 1 3 R0
53 28 1 81 25 1 0 1 3 9 9 1484 3593 2025 0 1 0 2 1 1 0 1 2 1 3 R0
53 38 1 91 15 1 1 3 1 7 19 2014 4253 1365 0 1 0 2 2 1 2 1 2 1 2 R0
53 44 1 97 9 1 1 1 1 1 1 2332 4745 873 1 1 0 2 2 1 0 1 2 1 3 R0
54 1 1 55 53 1 1 3 1 7 7 54 2917 2915 0 0 1 0 1 2 1 2 0 4 0 R0
54 5 1 59 49 1 2 3 5 11 11 270 2941 2891 1 0 1 0 2 2 1 2 1 4 1 R0
54 17 1 71 37 1 2 3 5 11 23 918 3205 2627 1 0 1 0 2 2 1 2 1 4 1 R0
54 25 1 79 29 1 1 3 1 7 7 1350 3541 2291 1 0 1 0 1 2 1 2 1 4 2 R0
54 29 1 83 25 1 2 3 5 11 11 1566 3757 2075 1 0 1 0 2 2 1 2 1 4 1 R0
54 31 1 85 23 1 1 1 1 1 13 1674 3877 1955 0 0 1 0 1 2 3 2 1 4 1 R0
55 4 1 59 51 1 2 3 5 11 11 220 3041 3009 1 1 0 1 1 3 0 2 1 2 2 R0
55 6 1 61 49 1 1 1 1 1 13 330 3061 2989 1 1 0 1 0 3 2 2 2 2 2 R0
55 14 1 69 41 1 0 1 3 9 21 770 3221 2829 0 1 0 1 2 3 2 2 2 2 2 R0
55 16 1 71 39 1 2 3 5 11 23 880 3281 2769 1 1 0 1 1 3 0 2 1 2 4 R0
55 26 1 81 29 1 0 1 3 9 9 1430 3701 2349 0 1 0 1 2 3 2 2 2 2 2 R0
55 32 1 87 23 1 0 3 3 3 15 1760 4049 2001 0 1 0 1 2 3 0 2 1 2 5 R0
55 36 1 91 19 1 1 3 1 7 19 1980 4321 1729 0 1 0 1 0 3 0 2 2 2 4 R0
55 38 1 93 17 1 0 1 3 9 21 2090 4469 1581 0 1 0 1 2 3 2 2 2 2 2 R0
55 54 1 109 1 1 1 1 1 1 13 2970 5941 109 1 1 0 1 0 3 2 2 2 2 4 R0
56 1 1 57 55 1 0 1 3 9 9 56 3137 3135 0 0 1 2 1 0 1 2 0 4 0 R0
56 3 1 59 53 1 2 3 5 11 11 168 3145 3127 1 0 1 2 0 0 3 2 1 4 1 R0
56 23 1 79 33 1 1 3 1 7 7 1288 3665 2607 1 0 1 2 2 0 3 2 1 4 1 R0
56 25 1 81 31 1 0 1 3 9 9 1400 3761 2511 0 0 1 2 1 0 1 2 1 4 2 R0
56 31 1 87 25 1 0 3 3 3 15 1736 4097 2175 0 0 1 2 1 0 3 2 1 4 1 R0
56 39 1 95 17 1 2 3 5 11 23 2184 4657 1615 0 0 1 2 0 0 3 2 2 4 2 R0
56 47 1 103 9 1 1 3 1 7 7 2632 5345 927 1 0 1 2 2 0 3 2 1 4 1 R0
57 2 1 59 55 1 2 3 5 11 11 114 3253 3245 1 1 0 0 2 1 2 2 1 2 1 R0
57 4 1 61 53 1 1 1 1 1 13 228 3265 3233 1 1 0 0 1 1 0 2 1 2 2 R0
57 8 1 65 49 1 2 1 5 5 17 456 3313 3185 0 1 0 0 2 1 0 2 1 2 3 R0
57 10 1 67 47 1 1 3 1 7 19 570 3349 3149 1 1 0 0 1 1 2 2 2 2 2 R0
57 26 1 83 31 1 2 3 5 11 11 1482 3925 2573 1 1 0 0 2 1 2 2 2 2 2 R0
57 32 1 89 25 1 2 1 5 5 17 1824 4273 2225 1 1 0 0 2 1 0 2 1 2 5 R0
57 40 1 97 17 1 1 1 1 1 1 2280 4849 1649 1 1 0 0 1 1 0 2 2 2 4 R0
58 1 1 59 57 1 2 3 5 11 11 58 3365 3363 1 0 1 1 1 2 1 2 0 2 0 R0
58 15 1 73 43 1 1 1 1 1 1 870 3589 3139 1 0 1 1 0 2 3 2 2 2 2 R0
58 17 1 75 41 1 0 3 3 3 3 986 3653 3075 0 0 1 1 2 2 1 2 1 2 1 R0
58 23 1 81 35 1 0 1 3 9 9 1334 3893 2835 0 0 1 1 2 2 3 2 1 2 1 R0
58 25 1 83 33 1 2 3 5 11 11 1450 3989 2739 1 0 1 1 1 2 1 2 1 2 2 R0
58 39 1 97 19 1 1 1 1 1 1 2262 4885 1843 1 0 1 1 0 2 3 2 2 2 2 R0
58 45 1 103 13 1 1 3 1 7 7 2610 5389 1339 1 0 1 1 0 2 1 2 2 2 3 R0
58 47 1 105 11 1 0 1 3 9 9 2726 5573 1155 0 0 1 1 2 2 3 2 1 2 1 R0
58 55 1 113 3 1 2 1 5 5 17 3190 6389 339 1 0 1 1 1 2 3 2 2 2 2 R0
58 57 1 115 1 1 1 3 1 7 19 3306 6613 115 0 0 1 1 0 2 1 2 2 2 2 R0
59 6 1 65 53 1 2 1 5 5 17 354 3517 3445 0 1 0 2 0 3 2 1 2 1 2 R0
59 18 1 77 41 1 2 1 5 5 5 1062 3805 3157 0 1 0 2 0 3 2 1 2 1 3 R0
59 20 1 79 39 1 1 3 1 7 7 1180 3881 3081 1 1 0 2 2 3 0 1 2 1 3 R0
59 30 1 89 29 1 2 1 5 5 17 1770 4381 2581 1 1 0 2 0 3 2 1 3 1 3 R0
59 32 1 91 27 1 1 3 1 7 19 1888 4505 2457 0 1 0 2 2 3 0 1 1 1 5 R0
59 34 1 93 25 1 0 1 3 9 21 2006 4637 2325 0 1 0 2 1 3 2 1 2 1 2 R0
59 42 1 101 17 1 2 1 5 5 5 2478 5245 1717 1 1 0 2 0 3 2 1 3 1 3 R0
59 48 1 107 11 1 2 3 5 11 11 2832 5785 1177 1 1 0 2 0 3 0 1 2 1 5 R0
59 52 1 111 7 1 0 3 3 3 15 3068 6185 777 0 1 0 2 1 3 0 1 2 1 3 R0
59 58 1 117 1 1 0 1 3 9 21 3422 6845 117 0 1 0 2 1 3 2 1 2 1 2 R0
60 19 1 79 41 1 1 3 1 7 7 1140 3961 3239 1 0 1 0 1 0 3 3 1 4 1 R0
60 23 1 83 37 1 2 3 5 11 11 1380 4129 3071 1 0 1 0 2 0 3 3 1 4 1 R0
60 29 1 89 31 1 2 1 5 5 17 1740 4441 2759 1 0 1 0 2 0 1 3 1 4 1 R0
60 31 1 91 29 1 1 3 1 7 19 1860 4561 2639 0 0 1 0 1 0 3 3 1 4 1 R0
60 37 1 97 23 1 1 1 1 1 1 2220 4969 2231 1 0 1 0 1 0 1 3 1 4 1 R0
60 47 1 107 13 1 2 3 5 11 11 2820 5809 1391 1 0 1 0 2 0 3 3 1 4 1 R0
60 53 1 113 7 1 2 1 5 5 17 3180 6409 791 1 0 1 0 2 0 1 3 1 4 1 R0
61 4 1 65 57 1 2 1 5 5 17 244 3737 3705 0 1 0 1 1 1 0 1 1 1 2 R0
61 8 1 69 53 1 0 1 3 9 21 488 3785 3657 0 1 0 1 2 1 0 1 1 1 3 R0
61 16 1 77 45 1 2 1 5 5 5 976 3977 3465 0 1 0 1 1 1 0 1 1 1 4 R0
61 24 1 85 37 1 1 1 1 1 13 1464 4297 3145 0 1 0 1 0 1 0 1 2 1 4 R0
61 26 1 87 35 1 0 3 3 3 15 1586 4397 3045 0 1 0 1 2 1 2 1 2 1 2 R0
61 28 1 89 33 1 2 1 5 5 17 1708 4505 2937 1 1 0 1 1 1 0 1 2 1 3 R0
61 44 1 105 17 1 0 1 3 9 9 2684 5657 1785 0 1 0 1 2 1 0 1 2 1 3 R0
61 46 1 107 15 1 2 3 5 11 11 2806 5837 1605 1 1 0 1 1 1 2 1 2 1 2 R0
62 5 1 67 57 1 1 3 1 7 19 310 3869 3819 1 0 1 2 2 2 1 2 1 2 1 R0
62 23 1 85 39 1 1 1 1 1 13 1426 4373 3315 0 0 1 2 2 2 3 2 1 2 1 R0
62 25 1 87 37 1 0 3 3 3 15 1550 4469 3219 0 0 1 2 1 2 1 2 1 2 2 R0
62 27 1 89 35 1 2 1 5 5 17 1674 4573 3115 1 0 1 2 0 2 3 2 1 2 3 R0
62 41 1 103 21 1 1 3 1 7 7 2542 5525 2163 1 0 1 2 2 2 1 2 1 2 1 R0
63 26 1 89 37 1 2 1 5 5 17 1638 4645 3293 1 1 0 0 2 3 2 2 2 3 2 R0
63 32 1 95 31 1 2 3 5 11 23 2016 4993 2945 0 1 0 0 2 3 0 2 1 3 5 R0
63 44 1 107 19 1 2 3 5 11 11 2772 5905 2033 1 1 0 0 2 3 0 2 2 3 3 R0
63 50 1 113 13 1 2 1 5 5 17 3150 6469 1469 1 1 0 0 2 3 2 2 2 3 3 R0
63 58 1 121 5 1 1 1 1 1 1 3654 7333 605 0 1 0 0 1 3 2 2 2 3 2 R0
63 62 1 125 1 1 2 1 5 5 5 3906 7813 125 0 1 0 0 2 3 2 2 2 3 2 R0
64 3 1 67 61 1 1 3 1 7 19 192 4105 4087 1 0 1 1 0 0 3 1 1 6 1 R0
64 5 1 69 59 1 0 1 3 9 21 320 4121 4071 0 0 1 1 2 0 1 1 1 6 1 R0
64 13 1 77 51 1 2 1 5 5 5 832 4265 3927 0 0 1 1 1 0 1 1 1 6 1 R0
64 15 1 79 49 1 1 3 1 7 7 960 4321 3871 1 0 1 1 0 0 3 1 2 6 2 R0
64 23 1 87 41 1 0 3 3 3 15 1472 4625 3567 0 0 1 1 2 0 3 1 1 6 1 R0
64 29 1 93 35 1 0 1 3 9 21 1856 4937 3255 0 0 1 1 2 0 1 1 1 6 1 R0
64 31 1 95 33 1 2 3 5 11 23 1984 5057 3135 0 0 1 1 1 0 3 1 1 6 1 R0
64 35 1 99 29 1 0 3 3 3 3 2240 5321 2871 0 0 1 1 2 0 3 1 2 6 2 R0
64 43 1 107 21 1 2 3 5 11 11 2752 5945 2247 1 0 1 1 1 0 3 1 1 6 1 R0
64 45 1 109 19 1 1 1 1 1 13 2880 6121 2071 1 0 1 1 0 0 1 1 2 6 3 R0
64 47 1 111 17 1 0 3 3 3 15 3008 6305 1887 0 0 1 1 2 0 3 1 1 6 1 R0
64 51 1 115 13 1 1 3 1 7 19 3264 6697 1495 0 0 1 1 0 0 3 1 2 6 2 R0
64 57 1 121 7 1 1 1 1 1 1 3648 7345 847 0 0 1 1 0 0 1 1 2 6 2 R0
64 59 1 123 5 1 0 3 3 3 3 3776 7577 615 0 0 1 1 2 0 3 1 1 6 1 R0
64 61 1 125 3 1 2 1 5 5 5 3904 7817 375 0 0 1 1 1 0 1 1 1 6 1 R0
64 63 1 127 1 1 1 3 1 7 7 4032 8065 127 1 0 1 1 0 0 3 1 2 6 3 R0
65 8 1 73 57 1 1 1 1 1 1 520 4289 4161 1 1 0 2 2 1 0 2 1 2 3 R0
65 14 1 79 51 1 1 3 1 7 7 910 4421 4029 1 1 0 2 2 1 2 2 2 2 2 R0
65 18 1 83 47 1 2 3 5 11 11 1170 4549 3901 1 1 0 2 0 1 2 2 2 2 3 R0
65 46 1 111 19 1 0 3 3 3 15 2990 6341 2109 0 1 0 2 1 1 2 2 2 2 2 R0
66 5 1 71 61 1 2 3 5 11 23 330 4381 4331 1 0 1 0 2 2 1 3 1 3 1 R0
66 17 1 83 49 1 2 3 5 11 11 1122 4645 4067 1 0 1 0 2 2 1 3 1 3 1 R0
66 19 1 85 47 1 1 1 1 1 13 1254 4717 3995 0 0 1 0 1 2 3 3 1 3 1 R0
66 25 1 91 41 1 1 3 1 7 19 1650 4981 3731 0 0 1 0 1 2 1 3 1 3 2 R0
66 47 1 113 19 1 2 1 5 5 17 3102 6565 2147 1 0 1 0 2 2 3 3 1 3 1 R0
66 49 1 115 17 1 1 3 1 7 19 3234 6757 1955 0 0 1 0 1 2 1 3 1 3 2 R0
66 59 1 125 7 1 2 1 5 5 5 3894 7837 875 0 0 1 0 2 2 3 3 1 3 1 R0
67 2 1 69 65 1 0 1 3 9 21 134 4493 4485 0 1 0 1 2 3 2 1 1 1 1 R0
67 10 1 77 57 1 2 1 5 5 5 670 4589 4389 0 1 0 1 1 3 2 1 2 1 2 R0
67 14 1 81 53 1 0 1 3 9 9 938 4685 4293 0 1 0 1 2 3 2 1 2 1 2 R0
67 18 1 85 49 1 1 1 1 1 13 1206 4813 4165 0 1 0 1 0 3 2 1 2 1 3 R0
67 22 1 89 45 1 2 1 5 5 17 1474 4973 4005 1 1 0 1 1 3 2 1 2 1 2 R0
67 24 1 91 43 1 1 3 1 7 19 1608 5065 3913 0 1 0 1 0 3 0 1 2 1 4 R0
67 30 1 97 37 1 1 1 1 1 1 2010 5389 3589 1 1 0 1 0 3 2 1 3 1 3 R0
67 34 1 101 33 1 2 1 5 5 5 2278 5645 3333 1 1 0 1 1 3 2 1 2 1 2 R0
67 36 1 103 31 1 1 3 1 7 7 2412 5785 3193 1 1 0 1 0 3 0 1 2 1 4 R0
67 38 1 105 29 1 0 1 3 9 9 2546 5933 3045 0 1 0 1 2 3 2 1 2 1 2 R0
67 46 1 113 21 1 2 1 5 5 17 3082 6605 2373 1 1 0 1 1 3 2 1 2 1 2 R0
67 50 1 117 17 1 0 1 3 9 21 3350 6989 1989 0 1 0 1 2 3 2 1 2 1 3 R0
67 52 1 119 15 1 2 3 5 11 23 3484 7193 1785 0 1 0 1 1 3 0 1 2 1 3 R0
67 54 1 121 13 1 1 1 1 1 1 3618 7405 1573 0 1 0 1 0 3 2 1 2 1 4 R0
67 64 1 131 3 1 2 3 5 11 11 4288 8585 393 1 1 0 1 1 3 0 1 1 1 6 R0
68 3 1 71 65 1 2 3 5 11 23 204 4633 4615 1 0 1 2 0 0 3 2 1 3 1 R0
68 35 1 103 33 1 1 3 1 7 7 2380 5849 3399 1 0 1 2 2 0 3 2 2 3 2 R0
68 47 1 115 21 1 1 3 1 7 19 3196 6833 2415 0 0 1 2 2 0 3 2 1 3 1 R0
68 49 1 117 19 1 0 1 3 9 21 3332 7025 2223 0 0 1 2 1 0 1 2 1 3 2 R0
68 55 1 123 13 1 0 3 3 3 3 3740 7649 1599 0 0 1 2 1 0 3 2 2 3 2 R0
68 63 1 131 5 1 2 3 5 11 11 4284 8593 655 1 0 1 2 0 0 3 2 2 3 3 R0
68 65 1 133 3 1 1 1 1 1 13 4420 8849 399 0 0 1 2 2 0 1 2 2 3 2 R0
69 2 1 71 67 1 2 3 5 11 23 138 4765 4757 1 1 0 0 2 1 2 2 1 2 1 R0
69 4 1 73 65 1 1 1 1 1 1 276 4777 4745 1 1 0 0 1 1 0 2 1 2 2 R0
69 34 1 103 35 1 1 3 1 7 7 2346 5917 3605 1 1 0 0 1 1 2 2 2 2 2 R0
69 50 1 119 19 1 2 3 5 11 23 3450 7261 2261 0 1 0 0 2 1 2 2 2 2 3 R0
69 56 1 125 13 1 2 1 5 5 5 3864 7897 1625 0 1 0 0 2 1 0 2 2 2 4 R0
69 64 1 133 5 1 1 1 1 1 13 4416 8857 665 0 1 0 0 1 1 0 2 1 2 6 R0
69 68 1 137 1 1 2 1 5 5 17 4692 9385 137 1 1 0 0 2 1 0 2 2 2 3 R0
70 1 1 71 69 1 2 3 5 11 23 70 4901 4899 1 0 1 1 1 2 1 3 0 3 0 R0
70 3 1 73 67 1 1 1 1 1 1 210 4909 4891 1 0 1 1 0 2 3 3 1 3 1 R0
70 9 1 79 61 1 1 3 1 7 7 630 4981 4819 1 0 1 1 0 2 1 3 1 3 2 R0
70 11 1 81 59 1 0 1 3 9 9 770 5021 4779 0 0 1 1 2 2 3 3 1 3 1 R0
70 13 1 83 57 1 2 3 5 11 11 910 5069 4731 1 0 1 1 1 2 1 3 1 3 1 R0
70 17 1 87 53 1 0 3 3 3 15 1190 5189 4611 0 0 1 1 2 2 1 3 1 3 1 R0
70 39 1 109 31 1 1 1 1 1 13 2730 6421 3379 1 0 1 1 0 2 3 3 2 3 2 R0
70 53 1 123 17 1 0 3 3 3 3 3710 7709 2091 0 0 1 1 2 2 1 3 1 3 1 R0
70 57 1 127 13 1 1 3 1 7 7 3990 8149 1651 1 0 1 1 0 2 1 3 2 3 2 R0
70 59 1 129 11 1 0 1 3 9 9 4130 8381 1419 0 0 1 1 2 2 3 3 1 3 1 R0
70 61 1 131 9 1 2 3 5 11 11 4270 8621 1179 1 0 1 1 1 2 1 3 1 3 1 R0
71 2 1 73 69 1 1 1 1 1 1 142 5045 5037 1 1 0 2 2 3 2 1 1 1 1 R0
71 4 1 75 67 1 0 3 3 3 3 284 5057 5025 0 1 0 2 1 3 0 1 1 1 2 R0
71 10 1 81 61 1 0 1 3 9 9 710 5141 4941 0 1 0 2 1 3 2 1 2 1 2 R0
71 16 1 87 55 1 0 3 3 3 15 1136 5297 4785 0 1 0 2 1 3 0 1 1 1 4 R0
71 18 1 89 53 1 2 1 5 5 17 1278 5365 4717 1 1 0 2 0 3 2 1 2 1 3 R0
71 20 1 91 51 1 1 3 1 7 19 1420 5441 4641 0 1 0 2 2 3 0 1 2 1 3 R0
71 22 1 93 49 1 0 1 3 9 21 1562 5525 4557 0 1 0 2 1 3 2 1 2 1 2 R0
71 24 1 95 47 1 2 3 5 11 23 1704 5617 4465 0 1 0 2 0 3 0 1 2 1 4 R0
71 38 1 109 33 1 1 1 1 1 13 2698 6485 3597 1 1 0 2 2 3 2 1 2 1 2 R0
71 52 1 123 19 1 0 3 3 3 3 3692 7745 2337 0 1 0 2 1 3 0 1 2 1 3 R0
71 56 1 127 15 1 1 3 1 7 7 3976 8177 1905 1 1 0 2 2 3 0 1 2 1 4 R0
71 62 1 133 9 1 1 1 1 1 13 4402 8885 1197 0 1 0 2 2 3 2 1 2 1 2 R0
71 66 1 137 5 1 2 1 5 5 17 4686 9397 685 1 1 0 2 0 3 2 1 3 1 3 R0
71 68 1 139 3 1 1 3 1 7 19 4828 9665 417 1 1 0 2 2 3 0 1 2 1 3 R0
72 1 1 73 71 1 1 1 1 1 1 72 5185 5183 1 0 1 0 1 0 1 2 0 5 0 R0
72 5 1 77 67 1 2 1 5 5 5 360 5209 5159 0 0 1 0 2 0 1 2 1 5 1 R0
72 17 1 89 55 1 2 1 5 5 17 1224 5473 4895 1 0 1 0 2 0 1 2 1 5 1 R0
72 47 1 119 25 1 2 3 5 11 23 3384 7393 2975 0 0 1 0 2 0 3 2 1 5 1 R0
72 53 1 125 19 1 2 1 5 5 5 3816 7993 2375 0 0 1 0 2 0 1 2 1 5 1 R0
72 65 1 137 7 1 2 1 5 5 17 4680 9409 959 1 0 1 0 2 0 1 2 2 5 2 R0
72 67 1 139 5 1 1 3 1 7 19 4824 9673 695 1 0 1 0 1 0 3 2 1 5 1 R0
73 8 1 81 65 1 0 1 3 9 9 584 5393 5265 0 1 0 1 2 1 0 1 1 1 3 R0
73 10 1 83 63 1 2 3 5 11 11 730 5429 5229 1 1 0 1 1 1 2 1 2 1 2 R0
73 18 1 91 55 1 1 3 1 7 19 1314 5653 5005 0 1 0 1 0 1 2 1 2 1 3 R0
73 26 1 99 47 1 0 3 3 3 3 1898 6005 4653 0 1 0 1 2 1 2 1 2 1 2 R0
73 28 1 101 45 1 2 1 5 5 5 2044 6113 4545 1 1 0 1 1 1 0 1 2 1 3 R0
73 30 1 103 43 1 1 3 1 7 7 2190 6229 4429 1 1 0 1 0 1 2 1 3 1 3 R0
73 34 1 107 39 1 2 3 5 11 11 2482 6485 4173 1 1 0 1 1 1 2 1 2 1 2 R0
73 36 1 109 37 1 1 1 1 1 13 2628 6625 4033 1 1 0 1 0 1 0 1 2 1 4 R0
73 46 1 119 27 1 2 3 5 11 23 3358 7445 3213 0 1 0 1 1 1 2 1 2 1 2 R0
73 58 1 131 15 1 2 3 5 11 11 4234 8693 1965 1 1 0 1 1 1 2 1 2 1 2 R0
73 66 1 139 7 1 1 3 1 7 19 4818 9685 973 1 1 0 1 0 1 2 1 3 1 3 R0
73 68 1 141 5 1 0 1 3 9 21 4964 9953 705 0 1 0 1 2 1 0 1 2 1 3 R0
73 72 1 145 1 1 1 1 1 1 1 5256 10513 145 0 1 0 1 0 1 0 1 2 1 5 R0
74 1 1 75 73 1 0 3 3 3 3 74 5477 5475 0 0 1 2 1 2 1 2 0 2 0 R0
74 5 1 79 69 1 1 3 1 7 7 370 5501 5451 1 0 1 2 2 2 1 2 1 2 1 R0
74 7 1 81 67 1 0 1 3 9 9 518 5525 5427 0 0 1 2 1 2 3 2 1 2 1 R0
74 15 1 89 59 1 2 1 5 5 17 1110 5701 5251 1 0 1 2 0 2 3 2 2 2 2 R0
74 31 1 105 43 1 0 1 3 9 9 2294 6437 4515 0 0 1 2 1 2 3 2 1 2 1 R0
74 35 1 109 39 1 1 1 1 1 13 2590 6701 4251 1 0 1 2 2 2 3 2 2 2 2 R0
74 39 1 113 35 1 2 1 5 5 17 2886 6997 3955 1 0 1 2 0 2 3 2 2 2 2 R0
74 43 1 117 31 1 0 1 3 9 21 3182 7325 3627 0 0 1 2 1 2 3 2 1 2 1 R0
74 45 1 119 29 1 2 3 5 11 23 3330 7501 3451 0 0 1 2 0 2 1 2 2 2 3 R0
74 47 1 121 27 1 1 1 1 1 1 3478 7685 3267 0 0 1 2 2 2 3 2 1 2 1 R0
74 49 1 123 25 1 0 3 3 3 3 3626 7877 3075 0 0 1 2 1 2 1 2 1 2 2 R0
74 51 1 125 23 1 2 1 5 5 5 3774 8077 2875 0 0 1 2 0 2 3 2 2 2 2 R0
74 57 1 131 17 1 2 3 5 11 11 4218 8725 2227 1 0 1 2 0 2 1 2 2 2 2 R0
74 65 1 139 9 1 1 3 1 7 19 4810 9701 1251 1 0 1 2 2 2 1 2 2 2 2 R0
74 69 1 143 5 1 2 3 5 11 23 5106 10237 715 0 0 1 2 0 2 1 2 2 2 2 R0
75 2 1 77 73 1 2 1 5 5 5 150 5629 5621 0 1 0 0 2 3 2 2 1 3 1 R0
75 14 1 89 61 1 2 1 5 5 17 1050 5821 5429 1 1 0 0 2 3 2 2 2 3 2 R0
75 16 1 91 59 1 1 3 1 7 19 1200 5881 5369 0 1 0 0 1 3 0 2 1 3 4 R0
75 22 1 97 53 1 1 1 1 1 1 1650 6109 5141 1 1 0 0 1 3 2 2 2 3 2 R0
75 34 1 109 41 1 1 1 1 1 13 2550 6781 4469 1 1 0 0 1 3 2 2 2 3 2 R0
75 38 1 113 37 1 2 1 5 5 17 2850 7069 4181 1 1 0 0 2 3 2 2 2 3 2 R0
75 58 1 133 17 1 1 1 1 1 13 4350 8989 2261 0 1 0 0 1 3 2 2 2 3 2 R0
76 9 1 85 67 1 1 1 1 1 13 684 5857 5695 0 0 1 1 0 0 1 2 1 3 2 R0
76 11 1 87 65 1 0 3 3 3 15 836 5897 5655 0 0 1 1 2 0 3 2 1 3 1 R0
76 17 1 93 59 1 0 1 3 9 21 1292 6065 5487 0 0 1 1 2 0 1 2 1 3 1 R0
76 25 1 101 51 1 2 1 5 5 5 1900 6401 5151 1 0 1 1 1 0 1 2 1 3 2 R0
76 31 1 107 45 1 2 3 5 11 11 2356 6737 4815 1 0 1 1 1 0 3 2 1 3 1 R0
76 41 1 117 35 1 0 1 3 9 21 3116 7457 4095 0 0 1 1 2 0 1 2 1 3 1 R0
76 45 1 121 31 1 1 1 1 1 1 3420 7801 3751 0 0 1 1 0 0 1 2 2 3 3 R0
76 47 1 123 29 1 0 3 3 3 3 3572 7985 3567 0 0 1 1 2 0 3 2 1 3 1 R0
76 49 1 125 27 1 2 1 5 5 5 3724 8177 3375 0 0 1 1 1 0 1 2 1 3 2 R0
76 53 1 129 23 1 0 1 3 9 9 4028 8585 2967 0 0 1 1 2 0 1 2 1 3 1 R0
76 61 1 137 15 1 2 1 5 5 17 4636 9497 2055 1 0 1 1 1 0 1 2 1 3 1 R0
76 67 1 143 9 1 2 3 5 11 23 5092 10265 1287 0 0 1 1 1 0 3 2 1 3 1 R0
76 73 1 149 3 1 2 1 5 5 5 5548 11105 447 1 0 1 1 1 0 1 2 1 3 1 R0
76 75 1 151 1 1 1 3 1 7 7 5700 11401 151 1 0 1 1 0 0 3 2 2 3 3 R0
77 8 1 85 69 1 1 1 1 1 13 616 5993 5865 0 1 0 2 2 1 0 2 1 2 3 R0
77 12 1 89 65 1 2 1 5 5 17 924 6073 5785 1 1 0 2 0 1 0 2 2 2 3 R0
77 32 1 109 45 1 1 1 1 1 13 2464 6953 4905 1 1 0 2 2 1 0 2 1 2 5 R0
77 34 1 111 43 1 0 3 3 3 15 2618 7085 4773 0 1 0 2 1 1 2 2 2 2 2 R0
77 36 1 113 41 1 2 1 5 5 17 2772 7225 4633 1 1 0 2 0 1 0 2 2 2 4 R0
77 40 1 117 37 1 0 1 3 9 21 3080 7529 4329 0 1 0 2 1 1 0 2 2 2 4 R0
77 50 1 127 27 1 1 3 1 7 7 3850 8429 3429 1 1 0 2 2 1 2 2 2 2 3 R0
77 52 1 129 25 1 0 1 3 9 9 4004 8633 3225 0 1 0 2 1 1 0 2 2 2 3 R0
77 58 1 135 19 1 0 3 3 3 15 4466 9293 2565 0 1 0 2 1 1 2 2 2 2 2 R0
77 60 1 137 17 1 2 1 5 5 17 4620 9529 2329 1 1 0 2 0 1 0 2 3 2 4 R0
78 29 1 107 49 1 2 3 5 11 11 2262 6925 5243 1 0 1 0 2 2 1 3 1 3 1 R0
78 31 1 109 47 1 1 1 1 1 13 2418 7045 5123 1 0 1 0 1 2 3 3 1 3 1 R0
78 41 1 119 37 1 2 3 5 11 23 3198 7765 4403 0 0 1 0 2 2 1 3 1 3 1 R0
78 55 1 133 23 1 1 1 1 1 13 4290 9109 3059 0 0 1 0 1 2 3 3 2 3 2 R0
78 71 1 149 7 1 2 1 5 5 5 5538 11125 1043 1 0 1 0 2 2 3 3 1 3 1 R0
79 2 1 81 77 1 0 1 3 9 9 158 6245 6237 0 1 0 1 2 3 2 1 1 1 1 R0
79 4 1 83 75 1 2 3 5 11 11 316 6257 6225 1 1 0 1 1 3 0 1 1 1 2 R0
79 6 1 85 73 1 1 1 1 1 13 474 6277 6205 0 1 0 1 0 3 2 1 2 1 2 R0
79 14 1 93 65 1 0 1 3 9 21 1106 6437 6045 0 1 0 1 2 3 2 1 2 1 2 R0
79 20 1 99 59 1 0 3 3 3 3 1580 6641 5841 0 1 0 1 2 3 0 1 2 1 3 R0
79 28 1 107 51 1 2 3 5 11 11 2212 7025 5457 1 1 0 1 1 3 0 1 2 1 3 R0
79 34 1 113 45 1 2 1 5 5 17 2686 7397 5085 1 1 0 1 1 3 2 1 2 1 2 R0
79 42 1 121 37 1 1 1 1 1 1 3318 8005 4477 0 1 0 1 0 3 2 1 3 1 3 R0
79 46 1 125 33 1 2 1 5 5 5 3634 8357 4125 0 1 0 1 1 3 2 1 2 1 2 R0
79 50 1 129 29 1 0 1 3 9 9 3950 8741 3741 0 1 0 1 2 3 2 1 2 1 3 R0
79 56 1 135 23 1 0 3 3 3 15 4424 9377 3105 0 1 0 1 2 3 0 1 2 1 4 R0
79 62 1 141 17 1 0 1 3 9 21 4898 10085 2397 0 1 0 1 2 3 2 1 2 1 2 R0
79 72 1 151 7 1 1 3 1 7 7 5688 11425 1057 1 1 0 1 0 3 0 1 2 1 5 R0
79 76 1 155 3 1 2 3 5 11 11 6004 12017 465 0 1 0 1 1 3 0 1 2 1 3 R0
80 3 1 83 77 1 2 3 5 11 11 240 6409 6391 1 0 1 2 0 0 3 2 1 5 1 R0
80 7 1 87 73 1 0 3 3 3 15 560 6449 6351 0 0 1 2 1 0 3 2 1 5 1 R0
80 9 1 89 71 1 2 1 5 5 17 720 6481 6319 1 0 1 2 0 0 1 2 1 5 2 R0
80 11 1 91 69 1 1 3 1 7 19 880 6521 6279 0 0 1 2 2 0 3 2 1 5 1 R0
80 13 1 93 67 1 0 1 3 9 21 1040 6569 6231 0 0 1 2 1 0 1 2 1 5 1 R0
80 19 1 99 61 1 0 3 3 3 3 1520 6761 6039 0 0 1 2 1 0 3 2 1 5 1 R0
80 23 1 103 57 1 1 3 1 7 7 1840 6929 5871 1 0 1 2 2 0 3 2 1 5 1 R0
80 37 1 117 43 1 0 1 3 9 21 2960 7769 5031 0 0 1 2 1 0 1 2 1 5 1 R0
80 47 1 127 33 1 1 3 1 7 7 3760 8609 4191 1 0 1 2 2 0 3 2 1 5 1 R0
80 53 1 133 27 1 1 1 1 1 13 4240 9209 3591 0 0 1 2 2 0 1 2 1 5 1 R0
80 61 1 141 19 1 0 1 3 9 21 4880 10121 2679 0 0 1 2 1 0 1 2 1 5 1 R0
80 71 1 151 9 1 1 3 1 7 7 5680 11441 1359 1 0 1 2 2 0 3 2 1 5 1 R0
80 79 1 159 1 1 0 3 3 3 15 6320 12641 159 0 0 1 2 1 0 3 2 1 5 1 R0
81 2 1 83 79 1 2 3 5 11 11 162 6565 6557 1 1 0 0 2 1 2 1 1 4 1 R0
81 8 1 89 73 1 2 1 5 5 17 648 6625 6497 1 1 0 0 2 1 0 1 1 4 3 R0
81 14 1 95 67 1 2 3 5 11 23 1134 6757 6365 0 1 0 0 2 1 2 1 2 4 2 R0
81 26 1 107 55 1 2 3 5 11 11 2106 7237 5885 1 1 0 0 2 1 2 1 2 4 2 R0
81 32 1 113 49 1 2 1 5 5 17 2592 7585 5537 1 1 0 0 2 1 0 1 1 4 5 R0
81 40 1 121 41 1 1 1 1 1 1 3240 8161 4961 0 1 0 0 1 1 0 1 2 4 4 R0
81 52 1 133 29 1 1 1 1 1 13 4212 9265 3857 0 1 0 0 1 1 0 1 2 4 3 R0
81 58 1 139 23 1 1 3 1 7 19 4698 9925 3197 1 1 0 0 1 1 2 1 2 4 2 R0
81 68 1 149 13 1 2 1 5 5 5 5508 11185 1937 1 1 0 0 2 1 0 1 2 4 3 R0
81 74 1 155 7 1 2 3 5 11 11 5994 12037 1085 0 1 0 0 2 1 2 1 2 4 2 R0
81 76 1 157 5 1 1 1 1 1 13 6156 12337 785 1 1 0 0 1 1 0 1 2 4 3 R0
82 3 1 85 79 1 1 1 1 1 13 246 6733 6715 0 0 1 1 0 2 3 2 1 2 1 R0
82 5 1 87 77 1 0 3 3 3 15 410 6749 6699 0 0 1 1 2 2 1 2 1 2 1 R0
82 7 1 89 75 1 2 1 5 5 17 574 6773 6675 1 0 1 1 1 2 3 2 1 2 1 R0
82 15 1 97 67 1 1 1 1 1 1 1230 6949 6499 1 0 1 1 0 2 3 2 2 2 2 R0
82 29 1 111 53 1 0 3 3 3 15 2378 7565 5883 0 0 1 1 2 2 1 2 1 2 1 R0
82 35 1 117 47 1 0 1 3 9 21 2870 7949 5499 0 0 1 1 2 2 3 2 2 2 2 R0
82 39 1 121 43 1 1 1 1 1 1 3198 8245 5203 0 0 1 1 0 2 3 2 2 2 2 R0
82 43 1 125 39 1 2 1 5 5 5 3526 8573 4875 0 0 1 1 1 2 3 2 1 2 1 R0
82 51 1 133 31 1 1 1 1 1 13 4182 9325 4123 0 0 1 1 0 2 3 2 2 2 2 R0
82 57 1 139 25 1 1 3 1 7 19 4674 9973 3475 1 0 1 1 0 2 1 2 2 2 2 R0
82 59 1 141 23 1 0 1 3 9 21 4838 10205 3243 0 0 1 1 2 2 3 2 1 2 1 R0
82 67 1 149 15 1 2 1 5 5 5 5494 11213 2235 1 0 1 1 1 2 3 2 1 2 1 R0
82 69 1 151 13 1 1 3 1 7 7 5658 11485 1963 1 0 1 1 0 2 1 2 2 2 2 R0
82 71 1 153 11 1 0 1 3 9 9 5822 11765 1683 0 0 1 1 2 2 3 2 1 2 1 R0
82 73 1 155 9 1 2 3 5 11 11 5986 12053 1395 0 0 1 1 1 2 1 2 1 2 1 R0
82 75 1 157 7 1 1 1 1 1 13 6150 12349 1099 1 0 1 1 0 2 3 2 2 2 3 R0
82 79 1 161 3 1 2 1 5 5 17 6478 12965 483 0 0 1 1 1 2 3 2 1 2 1 R0
83 2 1 85 81 1 1 1 1 1 13 166 6893 6885 0 1 0 2 2 3 2 1 1 1 1 R0
83 14 1 97 69 1 1 1 1 1 1 1162 7085 6693 1 1 0 2 2 3 2 1 2 1 2 R0
83 20 1 103 63 1 1 3 1 7 7 1660 7289 6489 1 1 0 2 2 3 0 1 2 1 3 R0
83 22 1 105 61 1 0 1 3 9 9 1826 7373 6405 0 1 0 2 1 3 2 1 2 1 2 R0
83 24 1 107 59 1 2 3 5 11 11 1992 7465 6313 1 1 0 2 0 3 0 1 2 1 4 R0
83 32 1 115 51 1 1 3 1 7 19 2656 7913 5865 0 1 0 2 2 3 0 1 1 1 5 R0
83 40 1 123 43 1 0 3 3 3 3 3320 8489 5289 0 1 0 2 1 3 0 1 2 1 4 R0
83 44 1 127 39 1 1 3 1 7 7 3652 8825 4953 1 1 0 2 2 3 0 1 2 1 3 R0
83 46 1 129 37 1 0 1 3 9 9 3818 9005 4773 0 1 0 2 1 3 2 1 2 1 2 R0
83 56 1 139 27 1 1 3 1 7 19 4648 10025 3753 1 1 0 2 2 3 0 1 2 1 4 R0
83 60 1 143 23 1 2 3 5 11 23 4980 10489 3289 0 1 0 2 0 3 0 1 3 1 4 R0
83 62 1 145 21 1 1 1 1 1 1 5146 10733 3045 0 1 0 2 2 3 2 1 2 1 2 R0
83 64 1 147 19 1 0 3 3 3 3 5312 10985 2793 0 1 0 2 1 3 0 1 1 1 6 R0
83 76 1 159 7 1 0 3 3 3 15 6308 12665 1113 0 1 0 2 1 3 0 1 2 1 3 R0
83 82 1 165 1 1 0 1 3 9 21 6806 13613 165 0 1 0 2 1 3 2 1 2 1 2 R0
84 55 1 139 29 1 1 3 1 7 19 4620 10081 4031 1 0 1 0 1 0 3 3 2 4 2 R0
84 73 1 157 11 1 1 1 1 1 13 6132 12385 1727 1 0 1 0 1 0 1 3 1 4 1 R0
85 22 1 107 63 1 2 3 5 11 11 1870 7709 6741 1 1 0 1 1 1 2 2 2 2 2 R0
85 32 1 117 53 1 0 1 3 9 21 2720 8249 6201 0 1 0 1 2 1 0 2 1 2 5 R0
85 56 1 141 29 1 0 1 3 9 21 4760 10361 4089 0 1 0 1 2 1 0 2 2 2 4 R0
85 74 1 159 11 1 0 3 3 3 15 6290 12701 1749 0 1 0 1 2 1 2 2 2 2 2 R0
86 13 1 99 73 1 0 3 3 3 3 1118 7565 7227 0 0 1 2 1 2 1 2 1 2 1 R0
86 17 1 103 69 1 1 3 1 7 7 1462 7685 7107 1 0 1 2 2 2 1 2 1 2 1 R0
86 23 1 109 63 1 1 1 1 1 13 1978 7925 6867 1 0 1 2 2 2 3 2 1 2 1 R0
86 27 1 113 59 1 2 1 5 5 17 2322 8125 6667 1 0 1 2 0 2 3 2 1 2 3 R0
86 33 1 119 53 1 2 3 5 11 23 2838 8485 6307 0 0 1 2 0 2 1 2 2 2 2 R0
86 49 1 135 37 1 0 3 3 3 15 4214 9797 4995 0 0 1 2 1 2 1 2 1 2 2 R0
86 75 1 161 11 1 2 1 5 5 17 6450 13021 1771 0 0 1 2 0 2 3 2 2 2 3 R0
86 77 1 163 9 1 1 3 1 7 19 6622 13325 1467 1 0 1 2 2 2 1 2 2 2 2 R0
86 83 1 169 3 1 1 1 1 1 1 7138 14285 507 0 0 1 2 2 2 3 2 1 2 1 R0
87 4 1 91 83 1 1 3 1 7 19 348 7585 7553 0 1 0 0 1 3 0 2 1 2 2 R0
87 10 1 97 77 1 1 1 1 1 1 870 7669 7469 1 1 0 0 1 3 2 2 2 2 2 R0
87 20 1 107 67 1 2 3 5 11 11 1740 7969 7169 1 1 0 0 2 3 0 2 2 2 3 R0
87 22 1 109 65 1 1 1 1 1 13 1914 8053 7085 1 1 0 0 1 3 2 2 2 2 2 R0
87 32 1 119 55 1 2 3 5 11 23 2784 8593 6545 0 1 0 0 2 3 0 2 1 2 5 R0
87 38 1 125 49 1 2 1 5 5 5 3306 9013 6125 0 1 0 0 2 3 2 2 2 2 2 R0
87 44 1 131 43 1 2 3 5 11 11 3828 9505 5633 1 1 0 0 2 3 0 2 2 2 3 R0
87 52 1 139 35 1 1 3 1 7 19 4524 10273 4865 1 1 0 0 1 3 0 2 2 2 3 R0
87 68 1 155 19 1 2 3 5 11 11 5916 12193 2945 0 1 0 0 2 3 0 2 2 2 3 R0
87 76 1 163 11 1 1 3 1 7 19 6612 13345 1793 1 1 0 0 1 3 0 2 2 2 3 R0
87 80 1 167 7 1 2 3 5 11 23 6960 13969 1169 1 1 0 0 2 3 0 2 2 2 5 R0
88 1 1 89 87 1 2 1 5 5 17 88 7745 7743 1 0 1 1 1 0 1 2 0 4 0 R0
88 3 1 91 85 1 1 3 1 7 19 264 7753 7735 0 0 1 1 0 0 3 2 1 4 1 R0
88 5 1 93 83 1 0 1 3 9 21 440 7769 7719 0 0 1 1 2 0 1 2 1 4 1 R0
88 21 1 109 67 1 1 1 1 1 13 1848 8185 7303 1 0 1 1 0 0 1 2 2 4 2 R0
88 29 1 117 59 1 0 1 3 9 21 2552 8585 6903 0 0 1 1 2 0 1 2 1 4 1 R0
88 31 1 119 57 1 2 3 5 11 23 2728 8705 6783 0 0 1 1 1 0 3 2 1 4 1 R0
88 57 1 145 31 1 1 1 1 1 1 5016 10993 4495 0 0 1 1 0 0 1 2 2 4 2 R0
88 63 1 151 25 1 1 3 1 7 7 5544 11713 3775 1 0 1 1 0 0 3 2 2 4 3 R0
88 65 1 153 23 1 0 1 3 9 9 5720 11969 3519 0 0 1 1 2 0 1 2 2 4 2 R0
88 67 1 155 21 1 2 3 5 11 11 5896 12233 3255 0 0 1 1 1 0 3 2 1 4 1 R0
88 81 1 169 7 1 1 1 1 1 1 7128 14305 1183 0 0 1 1 0 0 1 2 1 4 4 R0
89 12 1 101 77 1 2 1 5 5 5 1068 8065 7777 1 1 0 2 0 1 0 1 2 1 3 R0
89 24 1 113 65 1 2 1 5 5 17 2136 8497 7345 1 1 0 2 0 1 0 1 2 1 4 R0
89 26 1 115 63 1 1 3 1 7 19 2314 8597 7245 0 1 0 2 2 1 2 1 2 1 2 R0
89 30 1 119 59 1 2 3 5 11 23 2670 8821 7021 0 1 0 2 0 1 2 1 3 1 3 R0
89 32 1 121 57 1 1 1 1 1 1 2848 8945 6897 0 1 0 2 2 1 0 1 1 1 5 R0
89 38 1 127 51 1 1 3 1 7 7 3382 9365 6477 1 1 0 2 2 1 2 1 2 1 2 R0
89 46 1 135 43 1 0 3 3 3 15 4094 10037 5805 0 1 0 2 1 1 2 1 2 1 2 R0
89 52 1 141 37 1 0 1 3 9 21 4628 10625 5217 0 1 0 2 1 1 0 1 2 1 3 R0
89 54 1 143 35 1 2 3 5 11 23 4806 10837 5005 0 1 0 2 0 1 2 1 2 1 4 R0
89 62 1 151 27 1 1 3 1 7 7 5518 11765 4077 1 1 0 2 2 1 2 1 2 1 2 R0
89 68 1 157 21 1 1 1 1 1 13 6052 12545 3297 1 1 0 2 2 1 0 1 2 1 3 R0
89 74 1 163 15 1 1 3 1 7 19 6586 13397 2445 1 1 0 2 2 1 2 1 2 1 2 R0
89 76 1 165 13 1 0 1 3 9 21 6764 13697 2145 0 1 0 2 1 1 0 1 2 1 3 R0
89 82 1 171 7 1 0 3 3 3 3 7298 14645 1197 0 1 0 2 1 1 2 1 2 1 2 R0
89 86 1 175 3 1 1 3 1 7 7 7654 15317 525 0 1 0 2 2 1 2 1 2 1 2 R0
90 7 1 97 83 1 1 1 1 1 1 630 8149 8051 1 0 1 0 1 2 3 3 1 4 1 R0
90 31 1 121 59 1 1 1 1 1 1 2790 9061 7139 0 0 1 0 1 2 3 3 1 4 1 R0
90 59 1 149 31 1 2 1 5 5 5 5310 11581 4619 1 0 1 0 2 2 3 3 1 4 1 R0
90 83 1 173 7 1 2 1 5 5 5 7470 14989 1211 1 0 1 0 2 2 3 3 1 4 1 R0
91 4 1 95 87 1 2 3 5 11 23 364 8297 8265 0 1 0 1 1 3 0 2 1 2 2 R0
91 6 1 97 85 1 1 1 1 1 1 546 8317 8245 1 1 0 1 0 3 2 2 2 2 2 R0
91 8 1 99 83 1 0 3 3 3 3 728 8345 8217 0 1 0 1 2 3 0 2 1 2 3 R0
91 18 1 109 73 1 1 1 1 1 13 1638 8605 7957 1 1 0 1 0 3 2 2 2 2 3 R0
91 30 1 121 61 1 1 1 1 1 1 2730 9181 7381 0 1 0 1 0 3 2 2 3 2 3 R0
91 32 1 123 59 1 0 3 3 3 3 2912 9305 7257 0 1 0 1 2 3 0 2 1 2 5 R0
91 40 1 131 51 1 2 3 5 11 11 3640 9881 6681 1 1 0 1 1 3 0 2 2 2 4 R0
91 46 1 137 45 1 2 1 5 5 17 4186 10397 6165 1 1 0 1 1 3 2 2 2 2 2 R0
91 54 1 145 37 1 1 1 1 1 1 4914 11197 5365 0 1 0 1 0 3 2 2 2 2 4 R0
91 58 1 149 33 1 2 1 5 5 5 5278 11645 4917 1 1 0 1 1 3 2 2 2 2 2 R0
91 60 1 151 31 1 1 3 1 7 7 5460 11881 4681 1 1 0 1 0 3 0 2 3 2 4 R0
91 62 1 153 29 1 0 1 3 9 9 5642 12125 4437 0 1 0 1 2 3 2 2 2 2 2 R0
91 64 1 155 27 1 2 3 5 11 11 5824 12377 4185 0 1 0 1 1 3 0 2 1 2 6 R0
91 76 1 167 15 1 2 3 5 11 23 6916 14057 2505 1 1 0 1 1 3 0 2 2 2 3 R0
91 90 1 181 1 1 1 1 1 1 13 8190 16381 181 1 1 0 1 0 3 2 2 3 2 4 R0
92 3 1 95 89 1 2 3 5 11 23 276 8473 8455 0 0 1 2 0 0 3 2 1 3 1 R0
92 5 1 97 87 1 1 1 1 1 1 460 8489 8439 1 0 1 2 2 0 1 2 1 3 1 R0
92 9 1 101 83 1 2 1 5 5 5 828 8545 8383 1 0 1 2 0 0 1 2 1 3 2 R0
92 11 1 103 81 1 1 3 1 7 7 1012 8585 8343 1 0 1 2 2 0 3 2 1 3 1 R0
92 27 1 119 65 1 2 3 5 11 23 2484 9193 7735 0 0 1 2 0 0 3 2 1 3 3 R0
92 55 1 147 37 1 0 3 3 3 3 5060 11489 5439 0 0 1 2 1 0 3 2 2 3 2 R0
92 57 1 149 35 1 2 1 5 5 5 5244 11713 5215 1 0 1 2 0 0 1 2 2 3 2 R0
92 59 1 151 33 1 1 3 1 7 7 5428 11945 4983 1 0 1 2 2 0 3 2 1 3 1 R0
92 63 1 155 29 1 2 3 5 11 11 5796 12433 4495 0 0 1 2 0 0 3 2 2 3 3 R0
92 65 1 157 27 1 1 1 1 1 13 5980 12689 4239 1 0 1 2 2 0 1 2 2 3 2 R0
92 67 1 159 25 1 0 3 3 3 15 6164 12953 3975 0 0 1 2 1 0 3 2 1 3 1 R0
92 75 1 167 17 1 2 3 5 11 23 6900 14089 2839 1 0 1 2 0 0 3 2 2 3 3 R0
92 91 1 183 1 1 0 3 3 3 15 8372 16745 183 0 0 1 2 1 0 3 2 2 3 2 R0
93 2 1 95 91 1 2 3 5 11 23 186 8653 8645 0 1 0 0 2 1 2 2 1 2 1 R0
93 14 1 107 79 1 2 3 5 11 11 1302 8845 8453 1 1 0 0 2 1 2 2 2 2 2 R0
93 20 1 113 73 1 2 1 5 5 17 1860 9049 8249 1 1 0 0 2 1 0 2 2 2 3 R0
93 50 1 143 43 1 2 3 5 11 23 4650 11149 6149 0 1 0 0 2 1 2 2 2 2 3 R0
93 58 1 151 35 1 1 3 1 7 7 5394 12013 5285 1 1 0 0 1 1 2 2 2 2 2 R0
93 70 1 163 23 1 1 3 1 7 19 6510 13549 3749 1 1 0 0 1 1 2 2 3 2 3 R0
93 76 1 169 17 1 1 1 1 1 1 7068 14425 2873 0 1 0 0 1 1 0 2 2 2 3 R0
94 3 1 97 91 1 1 1 1 1 1 282 8845 8827 1 0 1 1 0 2 3 2 1 2 1 R0
94 9 1 103 85 1 1 3 1 7 7 846 8917 8755 1 0 1 1 0 2 1 2 1 2 2 R0
94 13 1 107 81 1 2 3 5 11 11 1222 9005 8667 1 0 1 1 1 2 1 2 1 2 1 R0
94 15 1 109 79 1 1 1 1 1 13 1410 9061 8611 1 0 1 1 0 2 3 2 2 2 2 R0
94 23 1 117 71 1 0 1 3 9 21 2162 9365 8307 0 0 1 1 2 2 3 2 1 2 1 R0
94 27 1 121 67 1 1 1 1 1 1 2538 9565 8107 0 0 1 1 0 2 3 2 1 2 3 R0
94 43 1 137 51 1 2 1 5 5 17 4042 10685 6987 1 0 1 1 1 2 3 2 1 2 1 R0
94 45 1 139 49 1 1 3 1 7 19 4230 10861 6811 1 0 1 1 0 2 1 2 2 2 3 R0
94 61 1 155 33 1 2 3 5 11 11 5734 12557 5115 0 0 1 1 1 2 1 2 1 2 1 R0
94 63 1 157 31 1 1 1 1 1 13 5922 12805 4867 1 0 1 1 0 2 3 2 2 2 3 R0
94 67 1 161 27 1 2 1 5 5 17 6298 13325 4347 0 0 1 1 1 2 3 2 1 2 1 R0
94 73 1 167 21 1 2 3 5 11 23 6862 14165 3507 1 0 1 1 1 2 1 2 1 2 1 R0
94 75 1 169 19 1 1 1 1 1 1 7050 14461 3211 0 0 1 1 0 2 3 2 2 2 3 R0
94 79 1 173 15 1 2 1 5 5 5 7426 15077 2595 1 0 1 1 1 2 3 2 1 2 1 R0
94 81 1 175 13 1 1 3 1 7 7 7614 15397 2275 0 0 1 1 0 2 1 2 1 2 4 R0
94 83 1 177 11 1 0 1 3 9 9 7802 15725 1947 0 0 1 1 2 2 3 2 1 2 1 R0
94 87 1 181 7 1 1 1 1 1 13 8178 16405 1267 1 0 1 1 0 2 3 2 2 2 2 R0
95 2 1 97 93 1 1 1 1 1 1 190 9029 9021 1 1 0 2 2 3 2 2 1 2 1 R0
95 6 1 101 89 1 2 1 5 5 5 570 9061 8989 1 1 0 2 0 3 2 2 2 2 2 R0
95 16 1 111 79 1 0 3 3 3 15 1520 9281 8769 0 1 0 2 1 3 0 2 1 2 4 R0
95 24 1 119 71 1 2 3 5 11 23 2280 9601 8449 0 1 0 2 0 3 0 2 2 2 4 R0
95 28 1 123 67 1 0 3 3 3 3 2660 9809 8241 0 1 0 2 1 3 0 2 2 2 3 R0
95 32 1 127 63 1 1 3 1 7 7 3040 10049 8001 1 1 0 2 2 3 0 2 1 2 5 R0
95 46 1 141 49 1 0 1 3 9 21 4370 11141 6909 0 1 0 2 1 3 2 2 2 2 2 R0
95 52 1 147 43 1 0 3 3 3 3 4940 11729 6321 0 1 0 2 1 3 0 2 2 2 3 R0
95 54 1 149 41 1 2 1 5 5 5 5130 11941 6109 1 1 0 2 0 3 2 2 2 2 4 R0
95 58 1 153 37 1 0 1 3 9 9 5510 12389 5661 0 1 0 2 1 3 2 2 2 2 2 R0
95 64 1 159 31 1 0 3 3 3 15 6080 13121 4929 0 1 0 2 1 3 0 2 1 2 6 R0
95 66 1 161 29 1 2 1 5 5 17 6270 13381 4669 0 1 0 2 0 3 2 2 3 2 3 R0
95 84 1 179 11 1 2 3 5 11 11 7980 16081 1969 1 1 0 2 0 3 0 2 3 2 4 R0
95 88 1 183 7 1 0 3 3 3 15 8360 16769 1281 0 1 0 2 1 3 0 2 2 2 4 R0
95 92 1 187 3 1 1 3 1 7 19 8740 17489 561 0 1 0 2 2 3 0 2 2 2 3 R0
95 94 1 189 1 1 0 1 3 9 21 8930 17861 189 0 1 0 2 1 3 2 2 2 2 2 R0
96 1 1 97 95 1 1 1 1 1 1 96 9217 9215 1 0 1 0 1 0 1 2 0 6 0 R0
96 13 1 109 83 1 1 1 1 1 13 1248 9385 9047 1 0 1 0 1 0 1 2 1 6 1 R0
96 17 1 113 79 1 2 1 5 5 17 1632 9505 8927 1 0 1 0 2 0 1 2 1 6 1 R0
96 29 1 125 67 1 2 1 5 5 5 2784 10057 8375 0 0 1 0 2 0 1 2 1 6 1 R0
96 41 1 137 55 1 2 1 5 5 17 3936 10897 7535 1 0 1 0 2 0 1 2 1 6 1 R0
96 55 1 151 41 1 1 3 1 7 7 5280 12241 6191 1 0 1 0 1 0 3 2 2 6 2 R0
96 61 1 157 35 1 1 1 1 1 13 5856 12937 5495 1 0 1 0 1 0 1 2 1 6 1 R0
96 67 1 163 29 1 1 3 1 7 19 6432 13705 4727 1 0 1 0 1 0 3 2 1 6 1 R0
96 85 1 181 11 1 1 1 1 1 13 8160 16441 1991 1 0 1 0 1 0 1 2 2 6 2 R0
96 95 1 191 1 1 2 3 5 11 23 9120 18241 191 1 0 1 0 2 0 3 2 2 6 2 R0
97 2 1 99 95 1 0 3 3 3 3 194 9413 9405 0 1 0 1 2 1 2 1 1 1 1 R0
97 12 1 109 85 1 1 1 1 1 13 1164 9553 9265 1 1 0 1 0 1 0 1 2 1 3 R0
97 14 1 111 83 1 0 3 3 3 15 1358 9605 9213 0 1 0 1 2 1 2 1 2 1 2 R0
97 16 1 113 81 1 2 1 5 5 17 1552 9665 9153 1 1 0 1 1 1 0 1 1 1 4 R0
97 18 1 115 79 1 1 3 1 7 19 1746 9733 9085 0 1 0 1 0 1 2 1 2 1 3 R0
97 22 1 119 75 1 2 3 5 11 23 2134 9893 8925 0 1 0 1 1 1 2 1 2 1 2 R0
97 32 1 129 65 1 0 1 3 9 9 3104 10433 8385 0 1 0 1 2 1 0 1 1 1 5 R0
97 36 1 133 61 1 1 1 1 1 13 3492 10705 8113 0 1 0 1 0 1 0 1 2 1 4 R0
97 48 1 145 49 1 1 1 1 1 1 4656 11713 7105 0 1 0 1 0 1 0 1 2 1 5 R0
97 50 1 147 47 1 0 3 3 3 3 4850 11909 6909 0 1 0 1 2 1 2 1 2 1 3 R0
97 52 1 149 45 1 2 1 5 5 5 5044 12113 6705 1 1 0 1 1 1 0 1 2 1 3 R0
97 56 1 153 41 1 0 1 3 9 9 5432 12545 6273 0 1 0 1 2 1 0 1 2 1 4 R0
97 62 1 159 35 1 0 3 3 3 15 6014 13253 5565 0 1 0 1 2 1 2 1 2 1 2 R0
97 74 1 171 23 1 0 3 3 3 3 7178 14885 3933 0 1 0 1 2 1 2 1 2 1 2 R0
97 78 1 175 19 1 1 3 1 7 7 7566 15493 3325 0 1 0 1 0 1 2 1 3 1 3 R0
97 84 1 181 13 1 1 1 1 1 13 8148 16465 2353 1 1 0 1 0 1 0 1 3 1 4 R0
97 94 1 191 3 1 2 3 5 11 23 9118 18245 573 1 1 0 1 1 1 2 1 2 1 2 R0
98 5 1 103 93 1 1 3 1 7 7 490 9629 9579 1 0 1 2 2 2 1 2 1 3 1 R0
98 11 1 109 87 1 1 1 1 1 13 1078 9725 9483 1 0 1 2 2 2 3 2 1 3 1 R0
98 19 1 117 79 1 0 1 3 9 21 1862 9965 9243 0 0 1 2 1 2 3 2 1 3 1 R0
98 25 1 123 73 1 0 3 3 3 3 2450 10229 8979 0 0 1 2 1 2 1 2 1 3 2 R0
98 27 1 125 71 1 2 1 5 5 5 2646 10333 8875 0 0 1 2 0 2 3 2 1 3 3 R0
98 29 1 127 69 1 1 3 1 7 7 2842 10445 8763 1 0 1 2 2 2 1 2 1 3 1 R0
98 31 1 129 67 1 0 1 3 9 9 3038 10565 8643 0 0 1 2 1 2 3 2 1 3 1 R0
98 39 1 137 59 1 2 1 5 5 17 3822 11125 8083 1 0 1 2 0 2 3 2 2 3 2 R0
98 55 1 153 43 1 0 1 3 9 9 5390 12629 6579 0 0 1 2 1 2 3 2 2 3 2 R0
98 59 1 157 39 1 1 1 1 1 13 5782 13085 6123 1 0 1 2 2 2 3 2 1 3 1 R0
98 71 1 169 27 1 1 1 1 1 1 6958 14645 4563 0 0 1 2 2 2 3 2 1 3 1 R0
98 75 1 173 23 1 2 1 5 5 5 7350 15229 3979 1 0 1 2 0 2 3 2 2 3 3 R0
98 79 1 177 19 1 0 1 3 9 9 7742 15845 3363 0 0 1 2 1 2 3 2 1 3 1 R0
98 83 1 181 15 1 1 1 1 1 13 8134 16493 2715 1 0 1 2 2 2 3 2 1 3 1 R0
98 87 1 185 11 1 2 1 5 5 17 8526 17173 2035 0 0 1 2 0 2 3 2 2 3 2 R0
98 89 1 187 9 1 1 3 1 7 19 8722 17525 1683 0 0 1 2 2 2 1 2 1 3 1 R0
98 93 1 191 5 1 2 3 5 11 23 9114 18253 955 1 0 1 2 0 2 1 2 2 3 2 R0
98 95 1 193 3 1 1 1 1 1 1 9310 18629 579 1 0 1 2 2 2 3 2 2 3 2 R0
99 4 1 103 95 1 1 3 1 7 7 396 9817 9785 1 1 0 0 1 3 0 2 1 3 2 R0
99 8 1 107 91 1 2 3 5 11 11 792 9865 9737 1 1 0 0 2 3 0 2 1 3 3 R0
99 26 1 125 73 1 2 1 5 5 5 2574 10477 9125 0 1 0 0 2 3 2 2 2 3 2 R0
99 34 1 133 65 1 1 1 1 1 13 3366 10957 8645 0 1 0 0 1 3 2 2 2 3 2 R0
99 38 1 137 61 1 2 1 5 5 17 3762 11245 8357 1 1 0 0 2 3 2 2 2 3 2 R0
99 40 1 139 59 1 1 3 1 7 19 3960 11401 8201 1 1 0 0 1 3 0 2 2 3 4 R0
99 76 1 175 23 1 1 3 1 7 7 7524 15577 4025 0 1 0 0 1 3 0 2 2 3 3 R0
99 80 1 179 19 1 2 3 5 11 11 7920 16201 3401 1 1 0 0 2 3 0 2 2 3 5 R0
100 3 1 103 97 1 1 3 1 7 7 300 10009 9991 1 0 1 1 0 0 3 2 1 4 1 R0
100 7 1 107 93 1 2 3 5 11 11 700 10049 9951 1 0 1 1 1 0 3 2 1 4 1 R0
100 9 1 109 91 1 1 1 1 1 13 900 10081 9919 1 0 1 1 0 0 1 2 1 4 2 R0
100 17 1 117 83 1 0 1 3 9 21 1700 10289 9711 0 0 1 1 2 0 1 2 1 4 1 R0
100 19 1 119 81 1 2 3 5 11 23 1900 10361 9639 0 0 1 1 1 0 3 2 1 4 1 R0
100 29 1 129 71 1 0 1 3 9 9 2900 10841 9159 0 0 1 1 2 0 1 2 1 4 1 R0
100 31 1 131 69 1 2 3 5 11 11 3100 10961 9039 1 0 1 1 1 0 3 2 1 4 1 R0
100 33 1 133 67 1 1 1 1 1 13 3300 11089 8911 0 0 1 1 0 0 1 2 2 4 2 R0
100 41 1 141 59 1 0 1 3 9 21 4100 11681 8319 0 0 1 1 2 0 1 2 1 4 1 R0
100 43 1 143 57 1 2 3 5 11 23 4300 11849 8151 0 0 1 1 1 0 3 2 1 4 1 R0
100 47 1 147 53 1 0 3 3 3 3 4700 12209 7791 0 0 1 1 2 0 3 2 1 4 1 R0
100 69 1 169 31 1 1 1 1 1 1 6900 14761 5239 0 0 1 1 0 0 1 2 2 4 2 R0
100 73 1 173 27 1 2 1 5 5 5 7300 15329 4671 1 0 1 1 1 0 1 2 1 4 1 R0
100 79 1 179 21 1 2 3 5 11 11 7900 16241 3759 1 0 1 1 1 0 3 2 1 4 1 R0
100 87 1 187 13 1 1 3 1 7 19 8700 17569 2431 0 0 1 1 0 0 3 2 2 4 2 R0
100 97 1 197 3 1 2 1 5 5 5 9700 19409 591 1 0 1 1 1 0 1 2 1 4 1 R0
4 3 1 7 1 1 1 3 1 7 7 12 25 7 1 0 1 1 0 0 3 1 1 2 1 R1
5 2 1 7 3 1 1 3 1 7 7 10 29 21 1 1 0 2 2 1 2 1 1 1 1 R1
7 6 1 13 1 1 1 1 1 1 13 42 85 13 1 1 0 1 0 3 2 1 2 1 2 R1
8 3 1 11 5 1 2 3 5 11 11 24 73 55 1 0 1 2 0 0 3 1 1 3 1 R1
8 5 1 13 3 1 1 1 1 1 13 40 89 39 1 0 1 2 2 0 1 1 1 3 1 R1
10 1 1 11 9 1 2 3 5 11 11 10 101 99 1 0 1 1 1 2 1 2 0 2 0 R1
10 3 1 13 7 1 1 1 1 1 13 30 109 91 1 0 1 1 0 2 3 2 1 2 1 R1
11 2 1 13 9 1 1 1 1 1 13 22 125 117 1 1 0 2 2 3 2 1 1 1 1 R1
11 6 1 17 5 1 2 1 5 5 17 66 157 85 1 1 0 2 0 3 2 1 2 1 2 R1
11 8 1 19 3 1 1 3 1 7 19 88 185 57 1 1 0 2 2 3 0 1 1 1 3 R1
12 7 1 19 5 1 1 3 1 7 19 84 193 95 1 0 1 0 1 0 3 2 1 3 1 R1
12 11 1 23 1 1 2 3 5 11 23 132 265 23 1 0 1 0 2 0 3 2 1 3 1 R1
13 8 1 21 5 1 0 1 3 9 21 104 233 105 0 1 0 1 2 1 0 1 1 1 3 R1
13 10 1 23 3 1 2 3 5 11 23 130 269 69 1 1 0 1 1 1 2 1 2 1 2 R1
13 12 1 25 1 1 1 1 1 1 1 156 313 25 0 1 0 1 0 1 0 1 2 1 3 R1
14 1 1 15 13 1 0 3 3 3 15 14 197 195 0 0 1 2 1 2 1 2 0 2 0 R1
14 3 1 17 11 1 2 1 5 5 17 42 205 187 1 0 1 2 0 2 3 2 1 2 1 R1
14 5 1 19 9 1 1 3 1 7 19 70 221 171 1 0 1 2 2 2 1 2 1 2 1 R1
15 4 1 19 11 1 1 3 1 7 19 60 241 209 1 1 0 0 1 3 0 2 1 2 2 R1
15 8 1 23 7 1 2 3 5 11 23 120 289 161 1 1 0 0 2 3 0 2 1 2 3 R1
15 14 1 29 1 1 2 1 5 5 5 210 421 29 1 1 0 0 2 3 2 2 2 2 2 R1
16 3 1 19 13 1 1 3 1 7 19 48 265 247 1 0 1 1 0 0 3 1 1 4 1 R1
16 5 1 21 11 1 0 1 3 9 21 80 281 231 0 0 1 1 2 0 1 1 1 4 1 R1
16 11 1 27 5 1 0 3 3 3 3 176 377 135 0 0 1 1 2 0 3 1 1 4 1 R1
16 13 1 29 3 1 2 1 5 5 5 208 425 87 1 0 1 1 1 0 1 1 1 4 1 R1
16 15 1 31 1 1 1 3 1 7 7 240 481 31 1 0 1 1 0 0 3 1 2 4 2 R1
17 8 1 25 9 1 1 1 1 1 1 136 353 225 0 1 0 2 2 1 0 1 1 1 3 R1
17 10 1 27 7 1 0 3 3 3 3 170 389 189 0 1 0 2 1 1 2 1 2 1 2 R1
17 16 1 33 1 1 0 1 3 9 9 272 545 33 0 1 0 2 1 1 0 1 1 1 4 R1
18 1 1 19 17 1 1 3 1 7 19 18 325 323 1 0 1 0 1 2 1 2 0 3 0 R1
18 13 1 31 5 1 1 3 1 7 7 234 493 155 1 0 1 0 1 2 1 2 1 3 1 R1
19 2 1 21 17 1 0 1 3 9 21 38 365 357 0 1 0 1 2 3 2 1 1 1 1 R1
19 4 1 23 15 1 2 3 5 11 23 76 377 345 1 1 0 1 1 3 0 1 1 1 2 R1
19 10 1 29 9 1 2 1 5 5 5 190 461 261 1 1 0 1 1 3 2 1 2 1 2 R1
19 12 1 31 7 1 1 3 1 7 7 228 505 217 1 1 0 1 0 3 0 1 2 1 3 R1
20 3 1 23 17 1 2 3 5 11 23 60 409 391 1 0 1 2 0 0 3 2 1 3 1 R1
20 19 1 39 1 1 0 3 3 3 15 380 761 39 0 0 1 2 1 0 3 2 1 3 1 R1
21 2 1 23 19 1 2 3 5 11 23 42 445 437 1 1 0 0 2 1 2 2 1 2 1 R1
21 8 1 29 13 1 2 1 5 5 5 168 505 377 1 1 0 0 2 1 0 2 1 2 3 R1
21 10 1 31 11 1 1 3 1 7 7 210 541 341 1 1 0 0 1 1 2 2 2 2 2 R1
21 16 1 37 5 1 1 1 1 1 13 336 697 185 1 1 0 0 1 1 0 2 1 2 4 R1
22 3 1 25 19 1 1 1 1 1 1 66 493 475 0 0 1 1 0 2 3 2 1 2 1 R1
22 13 1 35 9 1 2 3 5 11 11 286 653 315 0 0 1 1 1 2 1 2 1 2 1 R1
22 15 1 37 7 1 1 1 1 1 13 330 709 259 1 0 1 1 0 2 3 2 2 2 2 R1
23 2 1 25 21 1 1 1 1 1 1 46 533 525 0 1 0 2 2 3 2 1 1 1 1 R1
23 4 1 27 19 1 0 3 3 3 3 92 545 513 0 1 0 2 1 3 0 1 1 1 2 R1
23 16 1 39 7 1 0 3 3 3 15 368 785 273 0 1 0 2 1 3 0 1 1 1 4 R1
23 18 1 41 5 1 2 1 5 5 17 414 853 205 1 1 0 2 0 3 2 1 2 1 3 R1
23 22 1 45 1 1 0 1 3 9 21 506 1013 45 0 1 0 2 1 3 2 1 2 1 2 R1
24 1 1 25 23 1 1 1 1 1 1 24 577 575 0 0 1 0 1 0 1 2 0 4 0 R1
24 5 1 29 19 1 2 1 5 5 5 120 601 551 1 0 1 0 2 0 1 2 1 4 1 R1
24 23 1 47 1 1 2 3 5 11 23 552 1105 47 1 0 1 0 2 0 3 2 1 4 1 R1
25 2 1 27 23 1 0 3 3 3 3 50 629 621 0 1 0 1 2 1 2 1 1 2 1 R1
25 12 1 37 13 1 1 1 1 1 13 300 769 481 1 1 0 1 0 1 0 1 2 2 3 R1
25 14 1 39 11 1 0 3 3 3 15 350 821 429 0 1 0 1 2 1 2 1 2 2 2 R1
25 16 1 41 9 1 2 1 5 5 17 400 881 369 1 1 0 1 1 1 0 1 1 2 4 R1
26 1 1 27 25 1 0 3 3 3 3 26 677 675 0 0 1 2 1 2 1 2 0 2 0 R1
26 5 1 31 21 1 1 3 1 7 7 130 701 651 1 0 1 2 2 2 1 2 1 2 1 R1
26 11 1 37 15 1 1 1 1 1 13 286 797 555 1 0 1 2 2 2 3 2 1 2 1 R1
26 19 1 45 7 1 0 1 3 9 21 494 1037 315 0 0 1 2 1 2 3 2 1 2 1 R1
26 21 1 47 5 1 2 3 5 11 23 546 1117 235 1 0 1 2 0 2 1 2 2 2 2 R1
26 23 1 49 3 1 1 1 1 1 1 598 1205 147 0 0 1 2 2 2 3 2 1 2 1 R1
26 25 1 51 1 1 0 3 3 3 3 650 1301 51 0 0 1 2 1 2 1 2 1 2 2 R1
27 20 1 47 7 1 2 3 5 11 23 540 1129 329 1 1 0 0 2 3 0 1 2 3 3 R1
27 22 1 49 5 1 1 1 1 1 1 594 1213 245 0 1 0 0 1 3 2 1 2 3 2 R1
27 26 1 53 1 1 2 1 5 5 5 702 1405 53 1 1 0 0 2 3 2 1 2 3 2 R1
28 1 1 29 27 1 2 1 5 5 5 28 785 783 1 0 1 1 1 0 1 2 0 3 0 R1
28 3 1 31 25 1 1 3 1 7 7 84 793 775 1 0 1 1 0 0 3 2 1 3 1 R1
28 5 1 33 23 1 0 1 3 9 9 140 809 759 0 0 1 1 2 0 1 2 1 3 1 R1
28 9 1 37 19 1 1 1 1 1 13 252 865 703 1 0 1 1 0 0 1 2 1 3 2 R1
28 11 1 39 17 1 0 3 3 3 15 308 905 663 0 0 1 1 2 0 3 2 1 3 1 R1
28 13 1 41 15 1 2 1 5 5 17 364 953 615 1 0 1 1 1 0 1 2 1 3 1 R1
28 19 1 47 9 1 2 3 5 11 23 532 1145 423 1 0 1 1 1 0 3 2 1 3 1 R1
29 2 1 31 27 1 1 3 1 7 7 58 845 837 1 1 0 2 2 1 2 1 1 1 1 R1
29 4 1 33 25 1 0 1 3 9 9 116 857 825 0 1 0 2 1 1 0 1 1 1 2 R1
29 8 1 37 21 1 1 1 1 1 13 232 905 777 1 1 0 2 2 1 0 1 1 1 3 R1
29 10 1 39 19 1 0 3 3 3 15 290 941 741 0 1 0 2 1 1 2 1 2 1 2 R1
29 20 1 49 9 1 1 1 1 1 1 580 1241 441 0 1 0 2 2 1 0 1 2 1 3 R1
29 24 1 53 5 1 2 1 5 5 5 696 1417 265 1 1 0 2 0 1 0 1 2 1 4 R1
29 26 1 55 3 1 1 3 1 7 7 754 1517 165 0 1 0 2 2 1 2 1 2 1 2 R1
29 28 1 57 1 1 0 1 3 9 9 812 1625 57 0 1 0 2 1 1 0 1 2 1 3 R1
30 7 1 37 23 1 1 1 1 1 13 210 949 851 1 0 1 0 1 2 3 3 1 3 1 R1
30 11 1 41 19 1 2 1 5 5 17 330 1021 779 1 0 1 0 2 2 3 3 1 3 1 R1
30 29 1 59 1 1 2 3 5 11 11 870 1741 59 1 0 1 0 2 2 1 3 1 3 1 R1
31 4 1 35 27 1 2 3 5 11 11 124 977 945 0 1 0 1 1 3 0 1 1 1 2 R1
31 8 1 39 23 1 0 3 3 3 15 248 1025 897 0 1 0 1 2 3 0 1 1 1 3 R1
31 12 1 43 19 1 1 3 1 7 19 372 1105 817 1 1 0 1 0 3 0 1 2 1 3 R1
31 20 1 51 11 1 0 3 3 3 3 620 1361 561 0 1 0 1 2 3 0 1 2 1 3 R1
31 22 1 53 9 1 2 1 5 5 5 682 1445 477 1 1 0 1 1 3 2 1 2 1 2 R1
31 28 1 59 3 1 2 3 5 11 11 868 1745 177 1 1 0 1 1 3 0 1 2 1 3 R1
32 3 1 35 29 1 2 3 5 11 11 96 1033 1015 0 0 1 2 0 0 3 1 1 5 1 R1
32 7 1 39 25 1 0 3 3 3 15 224 1073 975 0 0 1 2 1 0 3 1 1 5 1 R1
32 9 1 41 23 1 2 1 5 5 17 288 1105 943 1 0 1 2 0 0 1 1 1 5 2 R1
32 13 1 45 19 1 0 1 3 9 21 416 1193 855 0 0 1 2 1 0 1 1 1 5 1 R1
32 17 1 49 15 1 1 1 1 1 1 544 1313 735 0 0 1 2 2 0 1 1 1 5 1 R1
32 25 1 57 7 1 0 1 3 9 9 800 1649 399 0 0 1 2 1 0 1 1 1 5 2 R1
32 27 1 59 5 1 2 3 5 11 11 864 1753 295 1 0 1 2 0 0 3 1 1 5 3 R1
32 29 1 61 3 1 1 1 1 1 13 928 1865 183 1 0 1 2 2 0 1 1 1 5 1 R1
33 4 1 37 29 1 1 1 1 1 13 132 1105 1073 1 1 0 0 1 1 0 2 1 2 2 R1
33 8 1 41 25 1 2 1 5 5 17 264 1153 1025 1 1 0 0 2 1 0 2 1 2 3 R1
33 16 1 49 17 1 1 1 1 1 1 528 1345 833 0 1 0 0 1 1 0 2 1 2 4 R1
33 26 1 59 7 1 2 3 5 11 11 858 1765 413 1 1 0 0 2 1 2 2 2 2 2 R1
33 32 1 65 1 1 2 1 5 5 17 1056 2113 65 0 1 0 0 2 1 0 2 1 2 5 R1
34 3 1 37 31 1 1 1 1 1 13 102 1165 1147 1 0 1 1 0 2 3 2 1 2 1 R1
34 5 1 39 29 1 0 3 3 3 15 170 1181 1131 0 0 1 1 2 2 1 2 1 2 1 R1
34 7 1 41 27 1 2 1 5 5 17 238 1205 1107 1 0 1 1 1 2 3 2 1 2 1 R1
34 11 1 45 23 1 0 1 3 9 21 374 1277 1035 0 0 1 1 2 2 3 2 1 2 1 R1
34 15 1 49 19 1 1 1 1 1 1 510 1381 931 0 0 1 1 0 2 3 2 2 2 2 R1
34 21 1 55 13 1 1 3 1 7 7 714 1597 715 0 0 1 1 0 2 1 2 2 2 2 R1
34 27 1 61 7 1 1 1 1 1 13 918 1885 427 1 0 1 1 0 2 3 2 1 2 3 R1
34 29 1 63 5 1 0 3 3 3 15 986 1997 315 0 0 1 1 2 2 1 2 1 2 1 R1
34 31 1 65 3 1 2 1 5 5 17 1054 2117 195 0 0 1 1 1 2 3 2 1 2 1 R1
34 33 1 67 1 1 1 3 1 7 19 1122 2245 67 1 0 1 1 0 2 1 2 2 2 2 R1
35 2 1 37 33 1 1 1 1 1 13 70 1229 1221 1 1 0 2 2 3 2 2 1 2 1 R1
35 4 1 39 31 1 0 3 3 3 15 140 1241 1209 0 1 0 2 1 3 0 2 1 2 2 R1
35 18 1 53 17 1 2 1 5 5 5 630 1549 901 1 1 0 2 0 3 2 2 2 2 3 R1
35 24 1 59 11 1 2 3 5 11 11 840 1801 649 1 1 0 2 0 3 0 2 2 2 4 R1
35 26 1 61 9 1 1 1 1 1 13 910 1901 549 1 1 0 2 2 3 2 2 2 2 2 R1
35 32 1 67 3 1 1 3 1 7 19 1120 2249 201 1 1 0 2 2 3 0 2 1 2 5 R1
36 5 1 41 31 1 2 1 5 5 17 180 1321 1271 1 0 1 0 2 0 1 2 1 4 1 R1
36 7 1 43 29 1 1 3 1 7 19 252 1345 1247 1 0 1 0 1 0 3 2 1 4 1 R1
36 11 1 47 25 1 2 3 5 11 23 396 1417 1175 1 0 1 0 2 0 3 2 1 4 1 R1
36 17 1 53 19 1 2 1 5 5 5 612 1585 1007 1 0 1 0 2 0 1 2 1 4 1 R1
36 29 1 65 7 1 2 1 5 5 17 1044 2137 455 0 0 1 0 2 0 1 2 1 4 1 R1
36 31 1 67 5 1 1 3 1 7 19 1116 2257 335 1 0 1 0 1 0 3 2 1 4 1 R1
37 2 1 39 35 1 0 3 3 3 15 74 1373 1365 0 1 0 1 2 1 2 1 1 1 1 R1
37 14 1 51 23 1 0 3 3 3 3 518 1565 1173 0 1 0 1 2 1 2 1 2 1 2 R1
37 16 1 53 21 1 2 1 5 5 5 592 1625 1113 1 1 0 1 1 1 0 1 1 1 4 R1
38 1 1 39 37 1 0 3 3 3 15 38 1445 1443 0 0 1 2 1 2 1 2 0 2 0 R1
38 3 1 41 35 1 2 1 5 5 17 114 1453 1435 1 0 1 2 0 2 3 2 1 2 1 R1
38 5 1 43 33 1 1 3 1 7 19 190 1469 1419 1 0 1 2 2 2 1 2 1 2 1 R1
38 7 1 45 31 1 0 1 3 9 21 266 1493 1395 0 0 1 2 1 2 3 2 1 2 1 R1
38 9 1 47 29 1 2 3 5 11 23 342 1525 1363 1 0 1 2 0 2 1 2 1 2 2 R1
38 15 1 53 23 1 2 1 5 5 5 570 1669 1219 1 0 1 2 0 2 3 2 2 2 2 R1
38 23 1 61 15 1 1 1 1 1 13 874 1973 915 1 0 1 2 2 2 3 2 1 2 1 R1
38 29 1 67 9 1 1 3 1 7 19 1102 2285 603 1 0 1 2 2 2 1 2 1 2 1 R1
38 35 1 73 3 1 1 1 1 1 1 1330 2669 219 1 0 1 2 2 2 3 2 2 2 2 R1
39 10 1 49 29 1 1 1 1 1 1 390 1621 1421 0 1 0 0 1 3 2 2 2 2 2 R1
39 20 1 59 19 1 2 3 5 11 11 780 1921 1121 1 1 0 0 2 3 0 2 2 2 3 R1
39 28 1 67 11 1 1 3 1 7 19 1092 2305 737 1 1 0 0 1 3 0 2 2 2 3 R1
39 38 1 77 1 1 2 1 5 5 5 1482 2965 77 0 1 0 0 2 3 2 2 2 2 2 R1
40 1 1 41 39 1 2 1 5 5 17 40 1601 1599 1 0 1 1 1 0 1 2 0 4 0 R1
40 3 1 43 37 1 1 3 1 7 19 120 1609 1591 1 0 1 1 0 0 3 2 1 4 1 R1
40 7 1 47 33 1 2 3 5 11 23 280 1649 1551 1 0 1 1 1 0 3 2 1 4 1 R1
40 9 1 49 31 1 1 1 1 1 1 360 1681 1519 0 0 1 1 0 0 1 2 1 4 2 R1
40 17 1 57 23 1 0 1 3 9 9 680 1889 1311 0 0 1 1 2 0 1 2 1 4 1 R1
40 19 1 59 21 1 2 3 5 11 11 760 1961 1239 1 0 1 1 1 0 3 2 1 4 1 R1
40 21 1 61 19 1 1 1 1 1 13 840 2041 1159 1 0 1 1 0 0 1 2 2 4 2 R1
40 23 1 63 17 1 0 3 3 3 15 920 2129 1071 0 0 1 1 2 0 3 2 1 4 1 R1
41 2 1 43 39 1 1 3 1 7 19 82 1685 1677 1 1 0 2 2 1 2 1 1 1 1 R1
41 4 1 45 37 1 0 1 3 9 21 164 1697 1665 0 1 0 2 1 1 0 1 1 1 2 R1
41 8 1 49 33 1 1 1 1 1 1 328 1745 1617 0 1 0 2 2 1 0 1 1 1 3 R1
41 10 1 51 31 1 0 3 3 3 3 410 1781 1581 0 1 0 2 1 1 2 1 2 1 2 R1
41 12 1 53 29 1 2 1 5 5 5 492 1825 1537 1 1 0 2 0 1 0 1 2 1 3 R1
41 20 1 61 21 1 1 1 1 1 13 820 2081 1281 1 1 0 2 2 1 0 1 2 1 3 R1
41 22 1 63 19 1 0 3 3 3 15 902 2165 1197 0 1 0 2 1 1 2 1 2 1 2 R1
41 24 1 65 17 1 2 1 5 5 17 984 2257 1105 0 1 0 2 0 1 0 1 2 1 4 R1
41 26 1 67 15 1 1 3 1 7 19 1066 2357 1005 1 1 0 2 2 1 2 1 2 1 2 R1
41 28 1 69 13 1 0 1 3 9 21 1148 2465 897 0 1 0 2 1 1 0 1 2 1 3 R1
41 30 1 71 11 1 2 3 5 11 23 1230 2581 781 1 1 0 2 0 1 2 1 3 1 3 R1
41 38 1 79 3 1 1 3 1 7 7 1558 3125 237 1 1 0 2 2 1 2 1 2 1 2 R1
41 40 1 81 1 1 0 1 3 9 9 1640 3281 81 0 1 0 2 1 1 0 1 2 1 4 R1
42 5 1 47 37 1 2 3 5 11 23 210 1789 1739 1 0 1 0 2 2 1 3 1 3 1 R1
42 11 1 53 31 1 2 1 5 5 5 462 1885 1643 1 0 1 0 2 2 3 3 1 3 1 R1
42 13 1 55 29 1 1 3 1 7 7 546 1933 1595 0 0 1 0 1 2 1 3 1 3 1 R1
42 19 1 61 23 1 1 1 1 1 13 798 2125 1403 1 0 1 0 1 2 3 3 1 3 1 R1
42 23 1 65 19 1 2 1 5 5 17 966 2293 1235 0 0 1 0 2 2 3 3 1 3 1 R1
42 25 1 67 17 1 1 3 1 7 19 1050 2389 1139 1 0 1 0 1 2 1 3 1 3 2 R1
42 31 1 73 11 1 1 1 1 1 1 1302 2725 803 1 0 1 0 1 2 3 3 1 3 1 R1
43 4 1 47 39 1 2 3 5 11 23 172 1865 1833 1 1 0 1 1 3 0 1 1 1 2 R1
43 8 1 51 35 1 0 3 3 3 3 344 1913 1785 0 1 0 1 2 3 0 1 1 1 3 R1
43 10 1 53 33 1 2 1 5 5 5 430 1949 1749 1 1 0 1 1 3 2 1 2 1 2 R1
43 12 1 55 31 1 1 3 1 7 7 516 1993 1705 0 1 0 1 0 3 0 1 2 1 3 R1
43 18 1 61 25 1 1 1 1 1 13 774 2173 1525 1 1 0 1 0 3 2 1 2 1 3 R1
43 22 1 65 21 1 2 1 5 5 17 946 2333 1365 0 1 0 1 1 3 2 1 2 1 2 R1
43 24 1 67 19 1 1 3 1 7 19 1032 2425 1273 1 1 0 1 0 3 0 1 2 1 4 R1
43 38 1 81 5 1 0 1 3 9 9 1634 3293 405 0 1 0 1 2 3 2 1 2 1 2 R1
43 40 1 83 3 1 2 3 5 11 11 1720 3449 249 1 1 0 1 1 3 0 1 2 1 4 R1
43 42 1 85 1 1 1 1 1 1 13 1806 3613 85 0 1 0 1 0 3 2 1 3 1 3 R1
44 1 1 45 43 1 0 1 3 9 21 44 1937 1935 0 0 1 2 1 0 1 2 0 3 0 R1
44 3 1 47 41 1 2 3 5 11 23 132 1945 1927 1 0 1 2 0 0 3 2 1 3 1 R1
44 5 1 49 39 1 1 1 1 1 1 220 1961 1911 0 0 1 2 2 0 1 2 1 3 1 R1
44 13 1 57 31 1 0 1 3 9 9 572 2105 1767 0 0 1 2 1 0 1 2 1 3 1 R1
44 15 1 59 29 1 2 3 5 11 11 660 2161 1711 1 0 1 2 0 0 3 2 2 3 2 R1
44 17 1 61 27 1 1 1 1 1 13 748 2225 1647 1 0 1 2 2 0 1 2 1 3 1 R1
44 19 1 63 25 1 0 3 3 3 15 836 2297 1575 0 0 1 2 1 0 3 2 1 3 1 R1
44 21 1 65 23 1 2 1 5 5 17 924 2377 1495 0 0 1 2 0 0 1 2 2 3 2 R1
44 23 1 67 21 1 1 3 1 7 19 1012 2465 1407 1 0 1 2 2 0 3 2 1 3 1 R1
44 25 1 69 19 1 0 1 3 9 21 1100 2561 1311 0 0 1 2 1 0 1 2 1 3 2 R1
44 37 1 81 7 1 0 1 3 9 9 1628 3305 567 0 0 1 2 1 0 1 2 1 3 1 R1
44 39 1 83 5 1 2 3 5 11 11 1716 3457 415 1 0 1 2 0 0 3 2 2 3 2 R1
44 41 1 85 3 1 1 1 1 1 13 1804 3617 255 0 0 1 2 2 0 1 2 1 3 1 R1
44 43 1 87 1 1 0 3 3 3 15 1892 3785 87 0 0 1 2 1 0 3 2 1 3 1 R1
45 2 1 47 43 1 2 3 5 11 23 90 2029 2021 1 1 0 0 2 1 2 2 1 3 1 R1
45 16 1 61 29 1 1 1 1 1 13 720 2281 1769 1 1 0 0 1 1 0 2 1 3 4 R1
45 26 1 71 19 1 2 3 5 11 23 1170 2701 1349 1 1 0 0 2 1 2 2 2 3 2 R1
45 44 1 89 1 1 2 1 5 5 17 1980 3961 89 1 1 0 0 2 1 0 2 2 3 3 R1
46 3 1 49 43 1 1 1 1 1 1 138 2125 2107 0 0 1 1 0 2 3 2 1 2 1 R1
46 5 1 51 41 1 0 3 3 3 3 230 2141 2091 0 0 1 1 2 2 1 2 1 2 1 R1
46 13 1 59 33 1 2 3 5 11 11 598 2285 1947 1 0 1 1 1 2 1 2 1 2 1 R1
46 15 1 61 31 1 1 1 1 1 13 690 2341 1891 1 0 1 1 0 2 3 2 2 2 2 R1
46 19 1 65 27 1 2 1 5 5 17 874 2477 1755 0 0 1 1 1 2 3 2 1 2 1 R1
46 21 1 67 25 1 1 3 1 7 19 966 2557 1675 1 0 1 1 0 2 1 2 2 2 2 R1
46 37 1 83 9 1 2 3 5 11 11 1702 3485 747 1 0 1 1 1 2 1 2 1 2 1 R1
46 41 1 87 5 1 0 3 3 3 15 1886 3797 435 0 0 1 1 2 2 1 2 1 2 1 R1
46 43 1 89 3 1 2 1 5 5 17 1978 3965 267 1 0 1 1 1 2 3 2 1 2 1 R1
46 45 1 91 1 1 1 3 1 7 19 2070 4141 91 0 0 1 1 0 2 1 2 2 2 3 R1
47 2 1 49 45 1 1 1 1 1 1 94 2213 2205 0 1 0 2 2 3 2 1 1 1 1 R1
47 6 1 53 41 1 2 1 5 5 5 282 2245 2173 1 1 0 2 0 3 2 1 2 1 2 R1
47 10 1 57 37 1 0 1 3 9 9 470 2309 2109 0 1 0 2 1 3 2 1 2 1 2 R1
47 14 1 61 33 1 1 1 1 1 13 658 2405 2013 1 1 0 2 2 3 2 1 2 1 2 R1
47 20 1 67 27 1 1 3 1 7 19 940 2609 1809 1 1 0 2 2 3 0 1 2 1 3 R1
47 22 1 69 25 1 0 1 3 9 21 1034 2693 1725 0 1 0 2 1 3 2 1 2 1 2 R1
47 28 1 75 19 1 0 3 3 3 3 1316 2993 1425 0 1 0 2 1 3 0 1 2 1 3 R1
47 34 1 81 13 1 0 1 3 9 9 1598 3365 1053 0 1 0 2 1 3 2 1 2 1 2 R1
47 42 1 89 5 1 2 1 5 5 17 1974 3973 445 1 1 0 2 0 3 2 1 3 1 3 R1
47 46 1 93 1 1 0 1 3 9 21 2162 4325 93 0 1 0 2 1 3 2 1 2 1 2 R1
48 1 1 49 47 1 1 1 1 1 1 48 2305 2303 0 0 1 0 1 0 1 2 0 5 0 R1
48 7 1 55 41 1 1 3 1 7 7 336 2353 2255 0 0 1 0 1 0 3 2 1 5 1 R1
48 11 1 59 37 1 2 3 5 11 11 528 2425 2183 1 0 1 0 2 0 3 2 1 5 1 R1
48 19 1 67 29 1 1 3 1 7 19 912 2665 1943 1 0 1 0 1 0 3 2 1 5 1 R1
48 29 1 77 19 1 2 1 5 5 5 1392 3145 1463 0 0 1 0 2 0 1 2 1 5 1 R1
48 31 1 79 17 1 1 3 1 7 7 1488 3265 1343 1 0 1 0 1 0 3 2 1 5 1 R1
48 35 1 83 13 1 2 3 5 11 11 1680 3529 1079 1 0 1 0 2 0 3 2 2 5 2 R1
48 37 1 85 11 1 1 1 1 1 13 1776 3673 935 0 0 1 0 1 0 1 2 1 5 1 R1
48 47 1 95 1 1 2 3 5 11 23 2256 4513 95 0 0 1 0 2 0 3 2 1 5 1 R1
49 10 1 59 39 1 2 3 5 11 11 490 2501 2301 1 1 0 1 1 1 2 1 2 2 2 R1
49 12 1 61 37 1 1 1 1 1 13 588 2545 2257 1 1 0 1 0 1 0 1 2 2 3 R1
49 26 1 75 23 1 0 3 3 3 3 1274 3077 1725 0 1 0 1 2 1 2 1 2 2 2 R1
49 30 1 79 19 1 1 3 1 7 7 1470 3301 1501 1 1 0 1 0 1 2 1 3 2 3 R1
49 36 1 85 13 1 1 1 1 1 13 1764 3697 1105 0 1 0 1 0 1 0 1 2 2 4 R1
49 40 1 89 9 1 2 1 5 5 17 1960 4001 801 1 1 0 1 1 1 0 1 2 2 4 R1
49 44 1 93 5 1 0 1 3 9 21 2156 4337 465 0 1 0 1 2 1 0 1 2 2 3 R1
49 48 1 97 1 1 1 1 1 1 1 2352 4705 97 1 1 0 1 0 1 0 1 2 2 5 R1
50 9 1 59 41 1 2 3 5 11 11 450 2581 2419 1 0 1 2 0 2 1 2 1 3 2 R1
50 17 1 67 33 1 1 3 1 7 19 850 2789 2211 1 0 1 2 2 2 1 2 1 3 1 R1
50 19 1 69 31 1 0 1 3 9 21 950 2861 2139 0 0 1 2 1 2 3 2 1 3 1 R1
50 21 1 71 29 1 2 3 5 11 23 1050 2941 2059 1 0 1 2 0 2 1 2 2 3 2 R1
50 23 1 73 27 1 1 1 1 1 1 1150 3029 1971 1 0 1 2 2 2 3 2 1 3 1 R1
50 29 1 79 21 1 1 3 1 7 7 1450 3341 1659 1 0 1 2 2 2 1 2 1 3 1 R1
50 31 1 81 19 1 0 1 3 9 9 1550 3461 1539 0 0 1 2 1 2 3 2 1 3 1 R1
51 2 1 53 49 1 2 1 5 5 5 102 2605 2597 1 1 0 0 2 3 2 2 1 2 1 R1
51 4 1 55 47 1 1 3 1 7 7 204 2617 2585 0 1 0 0 1 3 0 2 1 2 2 R1
51 8 1 59 43 1 2 3 5 11 11 408 2665 2537 1 1 0 0 2 3 0 2 1 2 3 R1
51 10 1 61 41 1 1 1 1 1 13 510 2701 2501 1 1 0 0 1 3 2 2 2 2 2 R1
51 14 1 65 37 1 2 1 5 5 17 714 2797 2405 0 1 0 0 2 3 2 2 2 2 2 R1
51 16 1 67 35 1 1 3 1 7 19 816 2857 2345 1 1 0 0 1 3 0 2 1 2 4 R1
51 22 1 73 29 1 1 1 1 1 1 1122 3085 2117 1 1 0 0 1 3 2 2 2 2 2 R1
51 26 1 77 25 1 2 1 5 5 5 1326 3277 1925 0 1 0 0 2 3 2 2 2 2 2 R1
51 32 1 83 19 1 2 3 5 11 11 1632 3625 1577 1 1 0 0 2 3 0 2 1 2 5 R1
51 40 1 91 11 1 1 3 1 7 19 2040 4201 1001 0 1 0 0 1 3 0 2 2 2 4 R1
51 44 1 95 7 1 2 3 5 11 23 2244 4537 665 0 1 0 0 2 3 0 2 2 2 3 R1
51 46 1 97 5 1 1 1 1 1 1 2346 4717 485 1 1 0 0 1 3 2 2 2 2 2 R1
51 50 1 101 1 1 2 1 5 5 5 2550 5101 101 1 1 0 0 2 3 2 2 2 2 3 R1
52 5 1 57 47 1 0 1 3 9 9 260 2729 2679 0 0 1 1 2 0 1 2 1 3 1 R1
52 7 1 59 45 1 2 3 5 11 11 364 2753 2655 1 0 1 1 1 0 3 2 1 3 1 R1
52 9 1 61 43 1 1 1 1 1 13 468 2785 2623 1 0 1 1 0 0 1 2 1 3 2 R1
52 11 1 63 41 1 0 3 3 3 15 572 2825 2583 0 0 1 1 2 0 3 2 1 3 1 R1
52 17 1 69 35 1 0 1 3 9 21 884 2993 2415 0 0 1 1 2 0 1 2 1 3 1 R1
52 21 1 73 31 1 1 1 1 1 1 1092 3145 2263 1 0 1 1 0 0 1 2 2 3 2 R1
52 23 1 75 29 1 0 3 3 3 3 1196 3233 2175 0 0 1 1 2 0 3 2 1 3 1 R1
52 27 1 79 25 1 1 3 1 7 7 1404 3433 1975 1 0 1 1 0 0 3 2 1 3 3 R1
52 29 1 81 23 1 0 1 3 9 9 1508 3545 1863 0 0 1 1 2 0 1 2 1 3 1 R1
52 35 1 87 17 1 0 3 3 3 15 1820 3929 1479 0 0 1 1 2 0 3 2 2 3 2 R1
52 43 1 95 9 1 2 3 5 11 23 2236 4553 855 0 0 1 1 1 0 3 2 1 3 1 R1
52 45 1 97 7 1 1 1 1 1 1 2340 4729 679 1 0 1 1 0 0 1 2 2 3 3 R1
52 49 1 101 3 1 2 1 5 5 5 2548 5105 303 1 0 1 1 1 0 1 2 1 3 2 R1
53 2 1 55 51 1 1 3 1 7 7 106 2813 2805 0 1 0 2 2 1 2 1 1 1 1 R1
53 4 1 57 49 1 0 1 3 9 9 212 2825 2793 0 1 0 2 1 1 0 1 1 1 2 R1
53 8 1 61 45 1 1 1 1 1 13 424 2873 2745 1 1 0 2 2 1 0 1 1 1 3 R1
53 10 1 63 43 1 0 3 3 3 15 530 2909 2709 0 1 0 2 1 1 2 1 2 1 2 R1
53 12 1 65 41 1 2 1 5 5 17 636 2953 2665 0 1 0 2 0 1 0 1 2 1 3 R1
53 14 1 67 39 1 1 3 1 7 19 742 3005 2613 1 1 0 2 2 1 2 1 2 1 2 R1
53 16 1 69 37 1 0 1 3 9 21 848 3065 2553 0 1 0 2 1 1 0 1 1 1 4 R1
53 18 1 71 35 1 2 3 5 11 23 954 3133 2485 1 1 0 2 0 1 2 1 2 1 3 R1
53 22 1 75 31 1 0 3 3 3 3 1166 3293 2325 0 1 0 2 1 1 2 1 2 1 2 R1
53 24 1 77 29 1 2 1 5 5 5 1272 3385 2233 0 1 0 2 0 1 0 1 2 1 4 R1
53 26 1 79 27 1 1 3 1 7 7 1378 3485 2133 1 1 0 2 2 1 2 1 2 1 2 R1
53 30 1 83 23 1 2 3 5 11 11 1590 3709 1909 1 1 0 2 0 1 2 1 3 1 3 R1
53 36 1 89 17 1 2 1 5 5 17 1908 4105 1513 1 1 0 2 0 1 0 1 2 1 4 R1
53 40 1 93 13 1 0 1 3 9 21 2120 4409 1209 0 1 0 2 1 1 0 1 2 1 4 R1
53 42 1 95 11 1 2 3 5 11 23 2226 4573 1045 0 1 0 2 0 1 2 1 3 1 3 R1
53 48 1 101 5 1 2 1 5 5 5 2544 5113 505 1 1 0 2 0 1 0 1 2 1 5 R1
53 50 1 103 3 1 1 3 1 7 7 2650 5309 309 1 1 0 2 2 1 2 1 2 1 3 R1
53 52 1 105 1 1 0 1 3 9 9 2756 5513 105 0 1 0 2 1 1 0 1 2 1 3 R1
54 7 1 61 47 1 1 1 1 1 13 378 2965 2867 1 0 1 0 1 2 3 2 1 4 1 R1
54 11 1 65 43 1 2 1 5 5 17 594 3037 2795 0 0 1 0 2 2 3 2 1 4 1 R1
54 13 1 67 41 1 1 3 1 7 19 702 3085 2747 1 0 1 0 1 2 1 2 1 4 1 R1
54 19 1 73 35 1 1 1 1 1 1 1026 3277 2555 1 0 1 0 1 2 3 2 1 4 1 R1
54 23 1 77 31 1 2 1 5 5 5 1242 3445 2387 0 0 1 0 2 2 3 2 1 4 1 R1
54 35 1 89 19 1 2 1 5 5 17 1890 4141 1691 1 0 1 0 2 2 3 2 2 4 2 R1
54 37 1 91 17 1 1 3 1 7 19 1998 4285 1547 0 0 1 0 1 2 1 2 1 4 1 R1
54 41 1 95 13 1 2 3 5 11 23 2214 4597 1235 0 0 1 0 2 2 1 2 1 4 1 R1
54 47 1 101 7 1 2 1 5 5 5 2538 5125 707 1 0 1 0 2 2 3 2 1 4 1 R1
54 49 1 103 5 1 1 3 1 7 7 2646 5317 515 1 0 1 0 1 2 1 2 1 4 2 R1
54 53 1 107 1 1 2 3 5 11 11 2862 5725 107 1 0 1 0 2 2 1 2 1 4 1 R1
55 2 1 57 53 1 0 1 3 9 9 110 3029 3021 0 1 0 1 2 3 2 2 1 2 1 R1
55 24 1 79 31 1 1 3 1 7 7 1320 3601 2449 1 1 0 1 0 3 0 2 2 2 4 R1
55 28 1 83 27 1 2 3 5 11 11 1540 3809 2241 1 1 0 1 1 3 0 2 2 2 3 R1
55 34 1 89 21 1 2 1 5 5 17 1870 4181 1869 1 1 0 1 1 3 2 2 2 2 2 R1
55 46 1 101 9 1 2 1 5 5 5 2530 5141 909 1 1 0 1 1 3 2 2 2 2 2 R1
55 52 1 107 3 1 2 3 5 11 11 2860 5729 321 1 1 0 1 1 3 0 2 2 2 3 R1
56 5 1 61 51 1 1 1 1 1 13 280 3161 3111 1 0 1 2 2 0 1 2 1 4 1 R1
56 9 1 65 47 1 2 1 5 5 17 504 3217 3055 0 0 1 2 0 0 1 2 1 4 2 R1
56 13 1 69 43 1 0 1 3 9 21 728 3305 2967 0 0 1 2 1 0 1 2 1 4 1 R1
56 15 1 71 41 1 2 3 5 11 23 840 3361 2911 1 0 1 2 0 0 3 2 2 4 2 R1
56 19 1 75 37 1 0 3 3 3 3 1064 3497 2775 0 0 1 2 1 0 3 2 1 4 1 R1
56 27 1 83 29 1 2 3 5 11 11 1512 3865 2407 1 0 1 2 0 0 3 2 1 4 3 R1
56 29 1 85 27 1 1 1 1 1 13 1624 3977 2295 0 0 1 2 2 0 1 2 1 4 1 R1
56 33 1 89 23 1 2 1 5 5 17 1848 4225 2047 1 0 1 2 0 0 1 2 2 4 2 R1
56 37 1 93 19 1 0 1 3 9 21 2072 4505 1767 0 0 1 2 1 0 1 2 1 4 1 R1
56 43 1 99 13 1 0 3 3 3 3 2408 4985 1287 0 0 1 2 1 0 3 2 1 4 1 R1
56 51 1 107 5 1 2 3 5 11 11 2856 5737 535 1 0 1 2 0 0 3 2 2 4 2 R1
56 55 1 111 1 1 0 3 3 3 15 3080 6161 111 0 0 1 2 1 0 3 2 2 4 2 R1
57 14 1 71 43 1 2 3 5 11 23 798 3445 3053 1 1 0 0 2 1 2 2 2 2 2 R1
57 16 1 73 41 1 1 1 1 1 1 912 3505 2993 1 1 0 0 1 1 0 2 1 2 4 R1
57 20 1 77 37 1 2 1 5 5 5 1140 3649 2849 0 1 0 0 2 1 0 2 2 2 3 R1
57 22 1 79 35 1 1 3 1 7 7 1254 3733 2765 1 1 0 0 1 1 2 2 2 2 2 R1
57 28 1 85 29 1 1 1 1 1 13 1596 4033 2465 0 1 0 0 1 1 0 2 2 2 3 R1
57 34 1 91 23 1 1 3 1 7 19 1938 4405 2093 0 1 0 0 1 1 2 2 2 2 2 R1
57 50 1 107 7 1 2 3 5 11 11 2850 5749 749 1 1 0 0 2 1 2 2 2 2 3 R1
57 52 1 109 5 1 1 1 1 1 13 2964 5953 545 1 1 0 0 1 1 0 2 2 2 3 R1
58 3 1 61 55 1 1 1 1 1 13 174 3373 3355 1 0 1 1 0 2 3 2 1 2 1 R1
58 5 1 63 53 1 0 3 3 3 15 290 3389 3339 0 0 1 1 2 2 1 2 1 2 1 R1
58 7 1 65 51 1 2 1 5 5 17 406 3413 3315 0 0 1 1 1 2 3 2 1 2 1 R1
58 9 1 67 49 1 1 3 1 7 19 522 3445 3283 1 0 1 1 0 2 1 2 1 2 2 R1
58 11 1 69 47 1 0 1 3 9 21 638 3485 3243 0 0 1 1 2 2 3 2 1 2 1 R1
58 13 1 71 45 1 2 3 5 11 23 754 3533 3195 1 0 1 1 1 2 1 2 1 2 1 R1
58 19 1 77 39 1 2 1 5 5 5 1102 3725 3003 0 0 1 1 1 2 3 2 1 2 1 R1
58 21 1 79 37 1 1 3 1 7 7 1218 3805 2923 1 0 1 1 0 2 1 2 2 2 2 R1
58 27 1 85 31 1 1 1 1 1 13 1566 4093 2635 0 0 1 1 0 2 3 2 1 2 3 R1
58 31 1 89 27 1 2 1 5 5 17 1798 4325 2403 1 0 1 1 1 2 3 2 1 2 1 R1
58 33 1 91 25 1 1 3 1 7 19 1914 4453 2275 0 0 1 1 0 2 1 2 2 2 2 R1
58 35 1 93 23 1 0 1 3 9 21 2030 4589 2139 0 0 1 1 2 2 3 2 2 2 2 R1
58 41 1 99 17 1 0 3 3 3 3 2378 5045 1683 0 0 1 1 2 2 1 2 1 2 1 R1
58 43 1 101 15 1 2 1 5 5 5 2494 5213 1515 1 0 1 1 1 2 3 2 1 2 1 R1
58 49 1 107 9 1 2 3 5 11 11 2842 5765 963 1 0 1 1 1 2 1 2 1 2 2 R1
58 51 1 109 7 1 1 1 1 1 13 2958 5965 763 1 0 1 1 0 2 3 2 2 2 2 R1
58 53 1 111 5 1 0 3 3 3 15 3074 6173 555 0 0 1 1 2 2 1 2 1 2 1 R1
59 2 1 61 57 1 1 1 1 1 13 118 3485 3477 1 1 0 2 2 3 2 1 1 1 1 R1
59 4 1 63 55 1 0 3 3 3 15 236 3497 3465 0 1 0 2 1 3 0 1 1 1 2 R1
59 10 1 69 49 1 0 1 3 9 21 590 3581 3381 0 1 0 2 1 3 2 1 2 1 2 R1
59 12 1 71 47 1 2 3 5 11 23 708 3625 3337 1 1 0 2 0 3 0 1 2 1 3 R1
59 14 1 73 45 1 1 1 1 1 1 826 3677 3285 1 1 0 2 2 3 2 1 2 1 2 R1
59 16 1 75 43 1 0 3 3 3 3 944 3737 3225 0 1 0 2 1 3 0 1 1 1 4 R1
59 22 1 81 37 1 0 1 3 9 9 1298 3965 2997 0 1 0 2 1 3 2 1 2 1 2 R1
59 24 1 83 35 1 2 3 5 11 11 1416 4057 2905 1 1 0 2 0 3 0 1 2 1 4 R1
59 26 1 85 33 1 1 1 1 1 13 1534 4157 2805 0 1 0 2 2 3 2 1 2 1 2 R1
59 28 1 87 31 1 0 3 3 3 15 1652 4265 2697 0 1 0 2 1 3 0 1 2 1 3 R1
59 36 1 95 23 1 2 3 5 11 23 2124 4777 2185 0 1 0 2 0 3 0 1 2 1 4 R1
59 38 1 97 21 1 1 1 1 1 1 2242 4925 2037 1 1 0 2 2 3 2 1 2 1 2 R1
59 44 1 103 15 1 1 3 1 7 7 2596 5417 1545 1 1 0 2 2 3 0 1 2 1 3 R1
59 46 1 105 13 1 0 1 3 9 9 2714 5597 1365 0 1 0 2 1 3 2 1 2 1 2 R1
59 50 1 109 9 1 1 1 1 1 13 2950 5981 981 1 1 0 2 2 3 2 1 2 1 3 R1
59 54 1 113 5 1 2 1 5 5 17 3186 6397 565 1 1 0 2 0 3 2 1 2 1 4 R1
59 56 1 115 3 1 1 3 1 7 19 3304 6617 345 0 1 0 2 2 3 0 1 2 1 4 R1
60 7 1 67 53 1 1 3 1 7 19 420 3649 3551 1 0 1 0 1 0 3 3 1 4 1 R1
60 13 1 73 47 1 1 1 1 1 1 780 3769 3431 1 0 1 0 1 0 1 3 1 4 1 R1
60 17 1 77 43 1 2 1 5 5 5 1020 3889 3311 0 0 1 0 2 0 1 3 1 4 1 R1
60 41 1 101 19 1 2 1 5 5 5 2460 5281 1919 1 0 1 0 2 0 1 3 1 4 1 R1
60 49 1 109 11 1 1 1 1 1 13 2940 6001 1199 1 0 1 0 1 0 1 3 1 4 2 R1
60 59 1 119 1 1 2 3 5 11 23 3540 7081 119 0 0 1 0 2 0 3 3 1 4 1 R1
61 2 1 63 59 1 0 3 3 3 15 122 3725 3717 0 1 0 1 2 1 2 1 1 1 1 R1
61 6 1 67 55 1 1 3 1 7 19 366 3757 3685 1 1 0 1 0 1 2 1 2 1 2 R1
61 12 1 73 49 1 1 1 1 1 1 732 3865 3577 1 1 0 1 0 1 0 1 2 1 3 R1
61 14 1 75 47 1 0 3 3 3 3 854 3917 3525 0 1 0 1 2 1 2 1 2 1 2 R1
61 18 1 79 43 1 1 3 1 7 7 1098 4045 3397 1 1 0 1 0 1 2 1 2 1 3 R1
61 20 1 81 41 1 0 1 3 9 9 1220 4121 3321 0 1 0 1 2 1 0 1 2 1 3 R1
61 34 1 95 27 1 2 3 5 11 23 2074 4877 2565 0 1 0 1 1 1 2 1 2 1 2 R1
61 36 1 97 25 1 1 1 1 1 1 2196 5017 2425 1 1 0 1 0 1 0 1 2 1 4 R1
61 40 1 101 21 1 2 1 5 5 5 2440 5321 2121 1 1 0 1 1 1 0 1 2 1 4 R1
61 48 1 109 13 1 1 1 1 1 13 2928 6025 1417 1 1 0 1 0 1 0 1 2 1 5 R1
61 50 1 111 11 1 0 3 3 3 15 3050 6221 1221 0 1 0 1 2 1 2 1 2 1 3 R1
61 52 1 113 9 1 2 1 5 5 17 3172 6425 1017 1 1 0 1 1 1 0 1 2 1 3 R1
61 54 1 115 7 1 1 3 1 7 19 3294 6637 805 0 1 0 1 0 1 2 1 2 1 4 R1
61 58 1 119 3 1 2 3 5 11 23 3538 7085 357 0 1 0 1 1 1 2 1 2 1 2 R1
61 60 1 121 1 1 1 1 1 1 1 3660 7321 121 0 1 0 1 0 1 0 1 3 1 4 R1
62 1 1 63 61 1 0 3 3 3 15 62 3845 3843 0 0 1 2 1 2 1 2 0 2 0 R1
62 3 1 65 59 1 2 1 5 5 17 186 3853 3835 0 0 1 2 0 2 3 2 1 2 1 R1
62 7 1 69 55 1 0 1 3 9 21 434 3893 3795 0 0 1 2 1 2 3 2 1 2 1 R1
62 9 1 71 53 1 2 3 5 11 23 558 3925 3763 1 0 1 2 0 2 1 2 1 2 2 R1
62 11 1 73 51 1 1 1 1 1 1 682 3965 3723 1 0 1 2 2 2 3 2 1 2 1 R1
62 13 1 75 49 1 0 3 3 3 3 806 4013 3675 0 0 1 2 1 2 1 2 1 2 1 R1
62 15 1 77 47 1 2 1 5 5 5 930 4069 3619 0 0 1 2 0 2 3 2 2 2 2 R1
62 17 1 79 45 1 1 3 1 7 7 1054 4133 3555 1 0 1 2 2 2 1 2 1 2 1 R1
62 19 1 81 43 1 0 1 3 9 9 1178 4205 3483 0 0 1 2 1 2 3 2 1 2 1 R1
62 21 1 83 41 1 2 3 5 11 11 1302 4285 3403 1 0 1 2 0 2 1 2 2 2 2 R1
62 35 1 97 27 1 1 1 1 1 1 2170 5069 2619 1 0 1 2 2 2 3 2 2 2 2 R1
62 45 1 107 17 1 2 3 5 11 11 2790 5869 1819 1 0 1 2 0 2 1 2 2 2 3 R1
62 47 1 109 15 1 1 1 1 1 13 2914 6053 1635 1 0 1 2 2 2 3 2 1 2 1 R1
62 49 1 111 13 1 0 3 3 3 15 3038 6245 1443 0 0 1 2 1 2 1 2 1 2 2 R1
62 51 1 113 11 1 2 1 5 5 17 3162 6445 1243 1 0 1 2 0 2 3 2 2 2 2 R1
62 53 1 115 9 1 1 3 1 7 19 3286 6653 1035 0 0 1 2 2 2 1 2 1 2 1 R1
62 55 1 117 7 1 0 1 3 9 21 3410 6869 819 0 0 1 2 1 2 3 2 2 2 2 R1
62 57 1 119 5 1 2 3 5 11 23 3534 7093 595 0 0 1 2 0 2 1 2 2 2 2 R1
62 61 1 123 1 1 0 3 3 3 3 3782 7565 123 0 0 1 2 1 2 1 2 1 2 1 R1
63 2 1 65 61 1 2 1 5 5 17 126 3973 3965 0 1 0 0 2 3 2 2 1 3 1 R1
63 8 1 71 55 1 2 3 5 11 23 504 4033 3905 1 1 0 0 2 3 0 2 1 3 3 R1
63 10 1 73 53 1 1 1 1 1 1 630 4069 3869 1 1 0 0 1 3 2 2 2 3 2 R1
63 16 1 79 47 1 1 3 1 7 7 1008 4225 3713 1 1 0 0 1 3 0 2 1 3 4 R1
63 20 1 83 43 1 2 3 5 11 11 1260 4369 3569 1 1 0 0 2 3 0 2 2 3 3 R1
63 40 1 103 23 1 1 3 1 7 7 2520 5569 2369 1 1 0 0 1 3 0 2 2 3 4 R1
63 46 1 109 17 1 1 1 1 1 13 2898 6085 1853 1 1 0 0 1 3 2 2 2 3 2 R1
64 1 1 65 63 1 2 1 5 5 17 64 4097 4095 0 0 1 1 1 0 1 1 0 6 0 R1
64 7 1 71 57 1 2 3 5 11 23 448 4145 4047 1 0 1 1 1 0 3 1 1 6 1 R1
64 9 1 73 55 1 1 1 1 1 1 576 4177 4015 1 0 1 1 0 0 1 1 1 6 2 R1
64 17 1 81 47 1 0 1 3 9 9 1088 4385 3807 0 0 1 1 2 0 1 1 1 6 1 R1
64 19 1 83 45 1 2 3 5 11 11 1216 4457 3735 1 0 1 1 1 0 3 1 1 6 1 R1
64 21 1 85 43 1 1 1 1 1 13 1344 4537 3655 0 0 1 1 0 0 1 1 2 6 2 R1
64 25 1 89 39 1 2 1 5 5 17 1600 4721 3471 1 0 1 1 1 0 1 1 1 6 2 R1
64 27 1 91 37 1 1 3 1 7 19 1728 4825 3367 0 0 1 1 0 0 3 1 1 6 3 R1
64 37 1 101 27 1 2 1 5 5 5 2368 5465 2727 1 0 1 1 1 0 1 1 1 6 1 R1
64 39 1 103 25 1 1 3 1 7 7 2496 5617 2575 1 0 1 1 0 0 3 1 2 6 2 R1
64 41 1 105 23 1 0 1 3 9 9 2624 5777 2415 0 0 1 1 2 0 1 1 1 6 1 R1
64 49 1 113 15 1 2 1 5 5 17 3136 6497 1695 1 0 1 1 1 0 1 1 1 6 2 R1
64 55 1 119 9 1 2 3 5 11 23 3520 7121 1071 0 0 1 1 1 0 3 1 2 6 2 R1
65 2 1 67 63 1 1 3 1 7 19 130 4229 4221 1 1 0 2 2 1 2 2 1 2 1 R1
65 4 1 69 61 1 0 1 3 9 21 260 4241 4209 0 1 0 2 1 1 0 2 1 2 2 R1
65 6 1 71 59 1 2 3 5 11 23 390 4261 4189 1 1 0 2 0 1 2 2 2 2 2 R1
65 16 1 81 49 1 0 1 3 9 9 1040 4481 3969 0 1 0 2 1 1 0 2 1 2 4 R1
65 22 1 87 43 1 0 3 3 3 15 1430 4709 3741 0 1 0 2 1 1 2 2 2 2 2 R1
65 24 1 89 41 1 2 1 5 5 17 1560 4801 3649 1 1 0 2 0 1 0 2 2 2 4 R1
65 34 1 99 31 1 0 3 3 3 3 2210 5381 3069 0 1 0 2 1 1 2 2 2 2 2 R1
65 38 1 103 27 1 1 3 1 7 7 2470 5669 2781 1 1 0 2 2 1 2 2 2 2 2 R1
65 48 1 113 17 1 2 1 5 5 17 3120 6529 1921 1 1 0 2 0 1 0 2 2 2 5 R1
65 56 1 121 9 1 1 1 1 1 1 3640 7361 1089 0 1 0 2 2 1 0 2 2 2 4 R1
65 58 1 123 7 1 0 3 3 3 3 3770 7589 861 0 1 0 2 1 1 2 2 2 2 2 R1
65 62 1 127 3 1 1 3 1 7 7 4030 8069 381 1 1 0 2 2 1 2 2 2 2 2 R1
65 64 1 129 1 1 0 1 3 9 9 4160 8321 129 0 1 0 2 1 1 0 2 1 2 6 R1
66 7 1 73 59 1 1 1 1 1 1 462 4405 4307 1 0 1 0 1 2 3 3 1 3 1 R1
66 13 1 79 53 1 1 3 1 7 7 858 4525 4187 1 0 1 0 1 2 1 3 1 3 1 R1
66 29 1 95 37 1 2 3 5 11 23 1914 5197 3515 0 0 1 0 2 2 1 3 1 3 1 R1
66 31 1 97 35 1 1 1 1 1 1 2046 5317 3395 1 0 1 0 1 2 3 3 1 3 1 R1
66 35 1 101 31 1 2 1 5 5 5 2310 5581 3131 1 0 1 0 2 2 3 3 2 3 2 R1
66 37 1 103 29 1 1 3 1 7 7 2442 5725 2987 1 0 1 0 1 2 1 3 1 3 1 R1
66 41 1 107 25 1 2 3 5 11 11 2706 6037 2675 1 0 1 0 2 2 1 3 1 3 1 R1
66 43 1 109 23 1 1 1 1 1 13 2838 6205 2507 1 0 1 0 1 2 3 3 1 3 1 R1
66 61 1 127 5 1 1 3 1 7 7 4026 8077 635 1 0 1 0 1 2 1 3 1 3 1 R1
67 4 1 71 63 1 2 3 5 11 23 268 4505 4473 1 1 0 1 1 3 0 1 1 1 2 R1
67 6 1 73 61 1 1 1 1 1 1 402 4525 4453 1 1 0 1 0 3 2 1 2 1 2 R1
67 12 1 79 55 1 1 3 1 7 7 804 4633 4345 1 1 0 1 0 3 0 1 2 1 3 R1
67 16 1 83 51 1 2 3 5 11 11 1072 4745 4233 1 1 0 1 1 3 0 1 1 1 4 R1
67 26 1 93 41 1 0 1 3 9 21 1742 5165 3813 0 1 0 1 2 3 2 1 2 1 2 R1
67 28 1 95 39 1 2 3 5 11 23 1876 5273 3705 0 1 0 1 1 3 0 1 2 1 3 R1
67 40 1 107 27 1 2 3 5 11 11 2680 6089 2889 1 1 0 1 1 3 0 1 2 1 4 R1
67 42 1 109 25 1 1 1 1 1 13 2814 6253 2725 1 1 0 1 0 3 2 1 3 1 3 R1
67 56 1 123 11 1 0 3 3 3 3 3752 7625 1353 0 1 0 1 2 3 0 1 2 1 4 R1
67 58 1 125 9 1 2 1 5 5 5 3886 7853 1125 0 1 0 1 1 3 2 1 2 1 2 R1
67 62 1 129 5 1 0 1 3 9 9 4154 8333 645 0 1 0 1 2 3 2 1 2 1 2 R1
67 66 1 133 1 1 1 1 1 1 13 4422 8845 133 0 1 0 1 0 3 2 1 3 1 3 R1
68 1 1 69 67 1 0 1 3 9 21 68 4625 4623 0 0 1 2 1 0 1 2 0 3 0 R1
68 5 1 73 63 1 1 1 1 1 1 340 4649 4599 1 0 1 2 2 0 1 2 1 3 1 R1
68 7 1 75 61 1 0 3 3 3 3 476 4673 4575 0 0 1 2 1 0 3 2 1 3 1 R1
68 11 1 79 57 1 1 3 1 7 7 748 4745 4503 1 0 1 2 2 0 3 2 1 3 1 R1
68 13 1 81 55 1 0 1 3 9 9 884 4793 4455 0 0 1 2 1 0 1 2 1 3 1 R1
68 15 1 83 53 1 2 3 5 11 11 1020 4849 4399 1 0 1 2 0 0 3 2 2 3 2 R1
68 19 1 87 49 1 0 3 3 3 15 1292 4985 4263 0 0 1 2 1 0 3 2 1 3 1 R1
68 21 1 89 47 1 2 1 5 5 17 1428 5065 4183 1 0 1 2 0 0 1 2 2 3 2 R1
68 23 1 91 45 1 1 3 1 7 19 1564 5153 4095 0 0 1 2 2 0 3 2 1 3 1 R1
68 25 1 93 43 1 0 1 3 9 21 1700 5249 3999 0 0 1 2 1 0 1 2 1 3 2 R1
68 27 1 95 41 1 2 3 5 11 23 1836 5353 3895 0 0 1 2 0 0 3 2 1 3 3 R1
68 29 1 97 39 1 1 1 1 1 1 1972 5465 3783 1 0 1 2 2 0 1 2 1 3 1 R1
68 31 1 99 37 1 0 3 3 3 3 2108 5585 3663 0 0 1 2 1 0 3 2 1 3 1 R1
68 37 1 105 31 1 0 1 3 9 9 2516 5993 3255 0 0 1 2 1 0 1 2 1 3 1 R1
68 43 1 111 25 1 0 3 3 3 15 2924 6473 2775 0 0 1 2 1 0 3 2 1 3 1 R1
68 45 1 113 23 1 2 1 5 5 17 3060 6649 2599 1 0 1 2 0 0 1 2 2 3 3 R1
68 53 1 121 15 1 1 1 1 1 1 3604 7433 1815 0 0 1 2 2 0 1 2 1 3 1 R1
68 57 1 125 11 1 2 1 5 5 5 3876 7873 1375 0 0 1 2 0 0 1 2 2 3 2 R1
68 59 1 127 9 1 1 3 1 7 7 4012 8105 1143 1 0 1 2 2 0 3 2 1 3 1 R1
68 67 1 135 1 1 0 3 3 3 15 4556 9113 135 0 0 1 2 1 0 3 2 1 3 1 R1
69 8 1 77 61 1 2 1 5 5 5 552 4825 4697 0 1 0 0 2 1 0 2 1 2 3 R1
69 16 1 85 53 1 1 1 1 1 13 1104 5017 4505 0 1 0 0 1 1 0 2 1 2 4 R1
69 20 1 89 49 1 2 1 5 5 17 1380 5161 4361 1 1 0 0 2 1 0 2 2 2 3 R1
69 28 1 97 41 1 1 1 1 1 1 1932 5545 3977 1 1 0 0 1 1 0 2 2 2 3 R1
69 32 1 101 37 1 2 1 5 5 5 2208 5785 3737 1 1 0 0 2 1 0 2 1 2 5 R1
69 38 1 107 31 1 2 3 5 11 11 2622 6205 3317 1 1 0 0 2 1 2 2 2 2 2 R1
69 40 1 109 29 1 1 1 1 1 13 2760 6361 3161 1 1 0 0 1 1 0 2 2 2 4 R1
69 44 1 113 25 1 2 1 5 5 17 3036 6697 2825 1 1 0 0 2 1 0 2 2 2 3 R1
69 52 1 121 17 1 1 1 1 1 1 3588 7465 2057 0 1 0 0 1 1 0 2 2 2 3 R1
69 58 1 127 11 1 1 3 1 7 7 4002 8125 1397 1 1 0 0 1 1 2 2 2 2 2 R1
69 62 1 131 7 1 2 3 5 11 11 4278 8605 917 1 1 0 0 2 1 2 2 2 2 2 R1
70 23 1 93 47 1 0 1 3 9 21 1610 5429 4371 0 0 1 1 2 2 3 3 1 3 1 R1
70 27 1 97 43 1 1 1 1 1 1 1890 5629 4171 1 0 1 1 0 2 3 3 1 3 3 R1
70 31 1 101 39 1 2 1 5 5 5 2170 5861 3939 1 0 1 1 1 2 3 3 1 3 1 R1
70 41 1 111 29 1 0 3 3 3 15 2870 6581 3219 0 0 1 1 2 2 1 3 1 3 1 R1
70 47 1 117 23 1 0 1 3 9 21 3290 7109 2691 0 0 1 1 2 2 3 3 1 3 1 R1
70 51 1 121 19 1 1 1 1 1 1 3570 7501 2299 0 0 1 1 0 2 3 3 2 3 2 R1
70 67 1 137 3 1 2 1 5 5 17 4690 9389 411 1 0 1 1 1 2 3 3 1 3 1 R1
71 6 1 77 65 1 2 1 5 5 5 426 5077 5005 0 1 0 2 0 3 2 1 2 1 2 R1
71 8 1 79 63 1 1 3 1 7 7 568 5105 4977 1 1 0 2 2 3 0 1 1 1 3 R1
71 12 1 83 59 1 2 3 5 11 11 852 5185 4897 1 1 0 2 0 3 0 1 2 1 3 R1
71 14 1 85 57 1 1 1 1 1 13 994 5237 4845 0 1 0 2 2 3 2 1 2 1 2 R1
71 26 1 97 45 1 1 1 1 1 1 1846 5717 4365 1 1 0 2 2 3 2 1 2 1 2 R1
71 28 1 99 43 1 0 3 3 3 3 1988 5825 4257 0 1 0 2 1 3 0 1 2 1 3 R1
71 30 1 101 41 1 2 1 5 5 5 2130 5941 4141 1 1 0 2 0 3 2 1 3 1 3 R1
71 32 1 103 39 1 1 3 1 7 7 2272 6065 4017 1 1 0 2 2 3 0 1 1 1 5 R1
71 34 1 105 37 1 0 1 3 9 9 2414 6197 3885 0 1 0 2 1 3 2 1 2 1 2 R1
71 36 1 107 35 1 2 3 5 11 11 2556 6337 3745 1 1 0 2 0 3 0 1 2 1 4 R1
71 40 1 111 31 1 0 3 3 3 15 2840 6641 3441 0 1 0 2 1 3 0 1 2 1 4 R1
71 42 1 113 29 1 2 1 5 5 17 2982 6805 3277 1 1 0 2 0 3 2 1 3 1 3 R1
71 46 1 117 25 1 0 1 3 9 21 3266 7157 2925 0 1 0 2 1 3 2 1 2 1 2 R1
71 48 1 119 23 1 2 3 5 11 23 3408 7345 2737 0 1 0 2 0 3 0 1 2 1 5 R1
71 58 1 129 13 1 0 1 3 9 9 4118 8405 1677 0 1 0 2 1 3 2 1 2 1 2 R1
71 60 1 131 11 1 2 3 5 11 11 4260 8641 1441 1 1 0 2 0 3 0 1 3 1 4 R1
71 64 1 135 7 1 0 3 3 3 15 4544 9137 945 0 1 0 2 1 3 0 1 1 1 6 R1
71 70 1 141 1 1 0 1 3 9 21 4970 9941 141 0 1 0 2 1 3 2 1 3 1 3 R1
72 7 1 79 65 1 1 3 1 7 7 504 5233 5135 1 0 1 0 1 0 3 2 1 5 1 R1
72 11 1 83 61 1 2 3 5 11 11 792 5305 5063 1 0 1 0 2 0 3 2 1 5 1 R1
72 13 1 85 59 1 1 1 1 1 13 936 5353 5015 0 0 1 0 1 0 1 2 1 5 1 R1
72 19 1 91 53 1 1 3 1 7 19 1368 5545 4823 0 0 1 0 1 0 3 2 1 5 1 R1
72 23 1 95 49 1 2 3 5 11 23 1656 5713 4655 0 0 1 0 2 0 3 2 1 5 1 R1
72 29 1 101 43 1 2 1 5 5 5 2088 6025 4343 1 0 1 0 2 0 1 2 1 5 1 R1
72 31 1 103 41 1 1 3 1 7 7 2232 6145 4223 1 0 1 0 1 0 3 2 1 5 1 R1
72 35 1 107 37 1 2 3 5 11 11 2520 6409 3959 1 0 1 0 2 0 3 2 2 5 2 R1
72 41 1 113 31 1 2 1 5 5 17 2952 6865 3503 1 0 1 0 2 0 1 2 1 5 1 R1
72 43 1 115 29 1 1 3 1 7 19 3096 7033 3335 0 0 1 0 1 0 3 2 1 5 1 R1
72 49 1 121 23 1 1 1 1 1 1 3528 7585 2783 0 0 1 0 1 0 1 2 1 5 2 R1
72 55 1 127 17 1 1 3 1 7 7 3960 8209 2159 1 0 1 0 1 0 3 2 2 5 2 R1
72 59 1 131 13 1 2 3 5 11 11 4248 8665 1703 1 0 1 0 2 0 3 2 1 5 1 R1
72 71 1 143 1 1 2 3 5 11 23 5112 10225 143 0 0 1 0 2 0 3 2 1 5 1 R1
73 2 1 75 71 1 0 3 3 3 3 146 5333 5325 0 1 0 1 2 1 2 1 1 1 1 R1
73 4 1 77 69 1 2 1 5 5 5 292 5345 5313 0 1 0 1 1 1 0 1 1 1 2 R1
73 6 1 79 67 1 1 3 1 7 7 438 5365 5293 1 1 0 1 0 1 2 1 2 1 2 R1
73 16 1 89 57 1 2 1 5 5 17 1168 5585 5073 1 1 0 1 1 1 0 1 1 1 4 R1
73 22 1 95 51 1 2 3 5 11 23 1606 5813 4845 0 1 0 1 1 1 2 1 2 1 2 R1
73 32 1 105 41 1 0 1 3 9 9 2336 6353 4305 0 1 0 1 2 1 0 1 1 1 5 R1
73 40 1 113 33 1 2 1 5 5 17 2920 6929 3729 1 1 0 1 1 1 0 1 2 1 4 R1
73 42 1 115 31 1 1 3 1 7 19 3066 7093 3565 0 1 0 1 0 1 2 1 3 1 3 R1
73 44 1 117 29 1 0 1 3 9 21 3212 7265 3393 0 1 0 1 2 1 0 1 2 1 3 R1
73 48 1 121 25 1 1 1 1 1 1 3504 7633 3025 0 1 0 1 0 1 0 1 2 1 5 R1
73 50 1 123 23 1 0 3 3 3 3 3650 7829 2829 0 1 0 1 2 1 2 1 2 1 3 R1
73 52 1 125 21 1 2 1 5 5 5 3796 8033 2625 0 1 0 1 1 1 0 1 2 1 3 R1
73 54 1 127 19 1 1 3 1 7 7 3942 8245 2413 1 1 0 1 0 1 2 1 2 1 4 R1
73 56 1 129 17 1 0 1 3 9 9 4088 8465 2193 0 1 0 1 2 1 0 1 2 1 4 R1
73 60 1 133 13 1 1 1 1 1 13 4380 8929 1729 0 1 0 1 0 1 0 1 3 1 4 R1
73 64 1 137 9 1 2 1 5 5 17 4672 9425 1233 1 1 0 1 1 1 0 1 1 1 6 R1
73 70 1 143 3 1 2 3 5 11 23 5110 10229 429 0 1 0 1 1 1 2 1 3 1 3 R1
74 3 1 77 71 1 2 1 5 5 5 222 5485 5467 0 0 1 2 0 2 3 2 1 2 1 R1
74 9 1 83 65 1 2 3 5 11 11 666 5557 5395 1 0 1 2 0 2 1 2 1 2 2 R1
74 11 1 85 63 1 1 1 1 1 13 814 5597 5355 0 0 1 2 2 2 3 2 1 2 1 R1
74 17 1 91 57 1 1 3 1 7 19 1258 5765 5187 0 0 1 2 2 2 1 2 1 2 1 R1
74 19 1 93 55 1 0 1 3 9 21 1406 5837 5115 0 0 1 2 1 2 3 2 1 2 1 R1
74 21 1 95 53 1 2 3 5 11 23 1554 5917 5035 0 0 1 2 0 2 1 2 2 2 2 R1
74 23 1 97 51 1 1 1 1 1 1 1702 6005 4947 1 0 1 2 2 2 3 2 1 2 1 R1
74 25 1 99 49 1 0 3 3 3 3 1850 6101 4851 0 0 1 2 1 2 1 2 1 2 2 R1
74 29 1 103 45 1 1 3 1 7 7 2146 6317 4635 1 0 1 2 2 2 1 2 1 2 1 R1
74 41 1 115 33 1 1 3 1 7 19 3034 7157 3795 0 0 1 2 2 2 1 2 1 2 1 R1
74 53 1 127 21 1 1 3 1 7 7 3922 8285 2667 1 0 1 2 2 2 1 2 1 2 1 R1
74 59 1 133 15 1 1 1 1 1 13 4366 8957 1995 0 0 1 2 2 2 3 2 1 2 1 R1
74 61 1 135 13 1 0 3 3 3 15 4514 9197 1755 0 0 1 2 1 2 1 2 1 2 1 R1
74 63 1 137 11 1 2 1 5 5 17 4662 9445 1507 1 0 1 2 0 2 3 2 2 2 3 R1
74 67 1 141 7 1 0 1 3 9 21 4958 9965 987 0 0 1 2 1 2 3 2 1 2 1 R1
74 71 1 145 3 1 1 1 1 1 1 5254 10517 435 0 0 1 2 2 2 3 2 1 2 1 R1
74 73 1 147 1 1 0 3 3 3 3 5402 10805 147 0 0 1 2 1 2 1 2 1 2 1 R1
75 4 1 79 71 1 1 3 1 7 7 300 5641 5609 1 1 0 0 1 3 0 2 1 3 2 R1
75 28 1 103 47 1 1 3 1 7 7 2100 6409 4841 1 1 0 0 1 3 0 2 2 3 3 R1
75 32 1 107 43 1 2 3 5 11 11 2400 6649 4601 1 1 0 0 2 3 0 2 1 3 5 R1
75 52 1 127 23 1 1 3 1 7 7 3900 8329 2921 1 1 0 0 1 3 0 2 2 3 3 R1
75 56 1 131 19 1 2 3 5 11 11 4200 8761 2489 1 1 0 0 2 3 0 2 2 3 4 R1
75 62 1 137 13 1 2 1 5 5 17 4650 9469 1781 1 1 0 0 2 3 2 2 2 3 2 R1
75 64 1 139 11 1 1 3 1 7 19 4800 9721 1529 1 1 0 0 1 3 0 2 1 3 6 R1
76 1 1 77 75 1 2 1 5 5 5 76 5777 5775 0 0 1 1 1 0 1 2 0 3 0 R1
76 3 1 79 73 1 1 3 1 7 7 228 5785 5767 1 0 1 1 0 0 3 2 1 3 1 R1
76 5 1 81 71 1 0 1 3 9 9 380 5801 5751 0 0 1 1 2 0 1 2 1 3 1 R1
76 7 1 83 69 1 2 3 5 11 11 532 5825 5727 1 0 1 1 1 0 3 2 1 3 1 R1
76 13 1 89 63 1 2 1 5 5 17 988 5945 5607 1 0 1 1 1 0 1 2 1 3 1 R1
76 15 1 91 61 1 1 3 1 7 19 1140 6001 5551 0 0 1 1 0 0 3 2 2 3 2 R1
76 23 1 99 53 1 0 3 3 3 3 1748 6305 5247 0 0 1 1 2 0 3 2 1 3 1 R1
76 27 1 103 49 1 1 3 1 7 7 2052 6505 5047 1 0 1 1 0 0 3 2 1 3 3 R1
76 29 1 105 47 1 0 1 3 9 9 2204 6617 4935 0 0 1 1 2 0 1 2 1 3 1 R1
76 35 1 111 41 1 0 3 3 3 15 2660 7001 4551 0 0 1 1 2 0 3 2 2 3 2 R1
76 37 1 113 39 1 2 1 5 5 17 2812 7145 4407 1 0 1 1 1 0 1 2 1 3 1 R1
76 39 1 115 37 1 1 3 1 7 19 2964 7297 4255 0 0 1 1 0 0 3 2 2 3 2 R1
76 43 1 119 33 1 2 3 5 11 23 3268 7625 3927 0 0 1 1 1 0 3 2 1 3 1 R1
76 51 1 127 25 1 1 3 1 7 7 3876 8377 3175 1 0 1 1 0 0 3 2 2 3 2 R1
76 55 1 131 21 1 2 3 5 11 11 4180 8801 2751 1 0 1 1 1 0 3 2 2 3 2 R1
76 59 1 135 17 1 0 3 3 3 15 4484 9257 2295 0 0 1 1 2 0 3 2 1 3 1 R1
76 63 1 139 13 1 1 3 1 7 19 4788 9745 1807 1 0 1 1 0 0 3 2 2 3 3 R1
76 65 1 141 11 1 0 1 3 9 21 4940 10001 1551 0 0 1 1 2 0 1 2 2 3 2 R1
76 69 1 145 7 1 1 1 1 1 1 5244 10537 1015 0 0 1 1 0 0 1 2 2 3 2 R1
76 71 1 147 5 1 0 3 3 3 3 5396 10817 735 0 0 1 1 2 0 3 2 1 3 1 R1
77 6 1 83 71 1 2 3 5 11 11 462 5965 5893 1 1 0 2 0 1 2 2 2 2 2 R1
77 10 1 87 67 1 0 3 3 3 15 770 6029 5829 0 1 0 2 1 1 2 2 2 2 2 R1
77 18 1 95 59 1 2 3 5 11 23 1386 6253 5605 0 1 0 2 0 1 2 2 2 2 3 R1
77 20 1 97 57 1 1 1 1 1 1 1540 6329 5529 1 1 0 2 2 1 0 2 2 2 3 R1
77 24 1 101 53 1 2 1 5 5 5 1848 6505 5353 1 1 0 2 0 1 0 2 2 2 4 R1
77 30 1 107 47 1 2 3 5 11 11 2310 6829 5029 1 1 0 2 0 1 2 2 3 2 3 R1
77 38 1 115 39 1 1 3 1 7 19 2926 7373 4485 0 1 0 2 2 1 2 2 2 2 2 R1
77 46 1 123 31 1 0 3 3 3 3 3542 8045 3813 0 1 0 2 1 1 2 2 2 2 2 R1
77 54 1 131 23 1 2 3 5 11 11 4158 8845 3013 1 1 0 2 0 1 2 2 2 2 4 R1
77 62 1 139 15 1 1 3 1 7 19 4774 9773 2085 1 1 0 2 2 1 2 2 2 2 2 R1
77 64 1 141 13 1 0 1 3 9 21 4928 10025 1833 0 1 0 2 1 1 0 2 1 2 6 R1
77 74 1 151 3 1 1 3 1 7 7 5698 11405 453 1 1 0 2 2 1 2 2 2 2 2 R1
77 76 1 153 1 1 0 1 3 9 9 5852 11705 153 0 1 0 2 1 1 0 2 2 2 3 R1
78 1 1 79 77 1 1 3 1 7 7 78 6085 6083 1 0 1 0 1 2 1 3 0 3 0 R1
78 5 1 83 73 1 2 3 5 11 11 390 6109 6059 1 0 1 0 2 2 1 3 1 3 1 R1
78 7 1 85 71 1 1 1 1 1 13 546 6133 6035 0 0 1 0 1 2 3 3 1 3 1 R1
78 19 1 97 59 1 1 1 1 1 1 1482 6445 5723 1 0 1 0 1 2 3 3 1 3 1 R1
78 23 1 101 55 1 2 1 5 5 5 1794 6613 5555 1 0 1 0 2 2 3 3 1 3 1 R1
78 35 1 113 43 1 2 1 5 5 17 2730 7309 4859 1 0 1 0 2 2 3 3 2 3 2 R1
78 37 1 115 41 1 1 3 1 7 19 2886 7453 4715 0 0 1 0 1 2 1 3 1 3 1 R1
78 43 1 121 35 1 1 1 1 1 1 3354 7933 4235 0 0 1 0 1 2 3 3 1 3 1 R1
78 49 1 127 29 1 1 3 1 7 7 3822 8485 3683 1 0 1 0 1 2 1 3 1 3 2 R1
78 53 1 131 25 1 2 3 5 11 11 4134 8893 3275 1 0 1 0 2 2 1 3 1 3 1 R1
78 59 1 137 19 1 2 1 5 5 17 4602 9565 2603 1 0 1 0 2 2 3 3 1 3 1 R1
78 61 1 139 17 1 1 3 1 7 19 4758 9805 2363 1 0 1 0 1 2 1 3 1 3 1 R1
78 77 1 155 1 1 2 3 5 11 11 6006 12013 155 0 0 1 0 2 2 1 3 2 3 2 R1
79 8 1 87 71 1 0 3 3 3 15 632 6305 6177 0 1 0 1 2 3 0 1 1 1 3 R1
79 10 1 89 69 1 2 1 5 5 17 790 6341 6141 1 1 0 1 1 3 2 1 2 1 2 R1
79 12 1 91 67 1 1 3 1 7 19 948 6385 6097 0 1 0 1 0 3 0 1 2 1 3 R1
79 16 1 95 63 1 2 3 5 11 23 1264 6497 5985 0 1 0 1 1 3 0 1 1 1 4 R1
79 22 1 101 57 1 2 1 5 5 5 1738 6725 5757 1 1 0 1 1 3 2 1 2 1 2 R1
79 24 1 103 55 1 1 3 1 7 7 1896 6817 5665 1 1 0 1 0 3 0 1 2 1 4 R1
79 26 1 105 53 1 0 1 3 9 9 2054 6917 5565 0 1 0 1 2 3 2 1 2 1 2 R1
79 30 1 109 49 1 1 1 1 1 13 2370 7141 5341 1 1 0 1 0 3 2 1 3 1 3 R1
79 32 1 111 47 1 0 3 3 3 15 2528 7265 5217 0 1 0 1 2 3 0 1 1 1 5 R1
79 36 1 115 43 1 1 3 1 7 19 2844 7537 4945 0 1 0 1 0 3 0 1 2 1 4 R1
79 38 1 117 41 1 0 1 3 9 21 3002 7685 4797 0 1 0 1 2 3 2 1 2 1 2 R1
79 40 1 119 39 1 2 3 5 11 23 3160 7841 4641 0 1 0 1 1 3 0 1 2 1 4 R1
79 44 1 123 35 1 0 3 3 3 3 3476 8177 4305 0 1 0 1 2 3 0 1 2 1 3 R1
79 48 1 127 31 1 1 3 1 7 7 3792 8545 3937 1 1 0 1 0 3 0 1 2 1 5 R1
79 52 1 131 27 1 2 3 5 11 11 4108 8945 3537 1 1 0 1 1 3 0 1 2 1 3 R1
79 54 1 133 25 1 1 1 1 1 13 4266 9157 3325 0 1 0 1 0 3 2 1 2 1 4 R1
79 58 1 137 21 1 2 1 5 5 17 4582 9605 2877 1 1 0 1 1 3 2 1 2 1 2 R1
79 60 1 139 19 1 1 3 1 7 19 4740 9841 2641 1 1 0 1 0 3 0 1 3 1 4 R1
79 64 1 143 15 1 2 3 5 11 23 5056 10337 2145 0 1 0 1 1 3 0 1 1 1 6 R1
79 66 1 145 13 1 1 1 1 1 1 5214 10597 1885 0 1 0 1 0 3 2 1 3 1 3 R1
79 68 1 147 11 1 0 3 3 3 3 5372 10865 1617 0 1 0 1 2 3 0 1 2 1 3 R1
79 70 1 149 9 1 2 1 5 5 5 5530 11141 1341 1 1 0 1 1 3 2 1 3 1 3 R1
79 74 1 153 5 1 0 1 3 9 9 5846 11717 765 0 1 0 1 2 3 2 1 2 1 2 R1
79 78 1 157 1 1 1 1 1 1 13 6162 12325 157 1 1 0 1 0 3 2 1 3 1 3 R1
80 1 1 81 79 1 0 1 3 9 9 80 6401 6399 0 0 1 2 1 0 1 2 0 5 0 R1
80 17 1 97 63 1 1 1 1 1 1 1360 6689 6111 1 0 1 2 2 0 1 2 1 5 1 R1
80 29 1 109 51 1 1 1 1 1 13 2320 7241 5559 1 0 1 2 2 0 1 2 1 5 1 R1
80 31 1 111 49 1 0 3 3 3 15 2480 7361 5439 0 0 1 2 1 0 3 2 1 5 1 R1
80 33 1 113 47 1 2 1 5 5 17 2640 7489 5311 1 0 1 2 0 0 1 2 2 5 2 R1
80 39 1 119 41 1 2 3 5 11 23 3120 7921 4879 0 0 1 2 0 0 3 2 2 5 2 R1
80 41 1 121 39 1 1 1 1 1 1 3280 8081 4719 0 0 1 2 2 0 1 2 1 5 1 R1
80 43 1 123 37 1 0 3 3 3 3 3440 8249 4551 0 0 1 2 1 0 3 2 1 5 1 R1
80 49 1 129 31 1 0 1 3 9 9 3920 8801 3999 0 0 1 2 1 0 1 2 1 5 2 R1
80 59 1 139 21 1 1 3 1 7 19 4720 9881 2919 1 0 1 2 2 0 3 2 1 5 1 R1
80 63 1 143 17 1 2 3 5 11 23 5040 10369 2431 0 0 1 2 0 0 3 2 2 5 3 R1
80 69 1 149 11 1 2 1 5 5 5 5520 11161 1639 1 0 1 2 0 0 1 2 2 5 2 R1
80 77 1 157 3 1 1 1 1 1 13 6160 12329 471 1 0 1 2 2 0 1 2 2 5 2 R1
81 4 1 85 77 1 1 1 1 1 13 324 6577 6545 0 1 0 0 1 1 0 1 1 4 2 R1
81 10 1 91 71 1 1 3 1 7 19 810 6661 6461 0 1 0 0 1 1 2 1 2 4 2 R1
81 16 1 97 65 1 1 1 1 1 1 1296 6817 6305 1 1 0 0 1 1 0 1 1 4 4 R1
81 20 1 101 61 1 2 1 5 5 5 1620 6961 6161 1 1 0 0 2 1 0 1 2 4 3 R1
81 22 1 103 59 1 1 3 1 7 7 1782 7045 6077 1 1 0 0 1 1 2 1 2 4 2 R1
81 28 1 109 53 1 1 1 1 1 13 2268 7345 5777 1 1 0 0 1 1 0 1 2 4 3 R1
81 38 1 119 43 1 2 3 5 11 23 3078 8005 5117 0 1 0 0 2 1 2 1 2 4 2 R1
81 44 1 125 37 1 2 1 5 5 5 3564 8497 4625 0 1 0 0 2 1 0 1 2 4 3 R1
81 50 1 131 31 1 2 3 5 11 11 4050 9061 4061 1 1 0 0 2 1 2 1 2 4 3 R1
81 56 1 137 25 1 2 1 5 5 17 4536 9697 3425 1 1 0 0 2 1 0 1 2 4 4 R1
81 62 1 143 19 1 2 3 5 11 23 5022 10405 2717 0 1 0 0 2 1 2 1 2 4 2 R1
81 64 1 145 17 1 1 1 1 1 1 5184 10657 2465 0 1 0 0 1 1 0 1 1 4 6 R1
81 70 1 151 11 1 1 3 1 7 7 5670 11461 1661 1 1 0 0 1 1 2 1 3 4 3 R1
81 80 1 161 1 1 2 1 5 5 17 6480 12961 161 0 1 0 0 2 1 0 1 2 4 5 R1
82 9 1 91 73 1 1 3 1 7 19 738 6805 6643 0 0 1 1 0 2 1 2 1 2 2 R1
82 11 1 93 71 1 0 1 3 9 21 902 6845 6603 0 0 1 1 2 2 3 2 1 2 1 R1
82 13 1 95 69 1 2 3 5 11 23 1066 6893 6555 0 0 1 1 1 2 1 2 1 2 1 R1
82 17 1 99 65 1 0 3 3 3 3 1394 7013 6435 0 0 1 1 2 2 1 2 1 2 1 R1
82 19 1 101 63 1 2 1 5 5 5 1558 7085 6363 1 0 1 1 1 2 3 2 1 2 1 R1
82 23 1 105 59 1 0 1 3 9 9 1886 7253 6195 0 0 1 1 2 2 3 2 1 2 1 R1
82 27 1 109 55 1 1 1 1 1 13 2214 7453 5995 1 0 1 1 0 2 3 2 1 2 3 R1
82 31 1 113 51 1 2 1 5 5 17 2542 7685 5763 1 0 1 1 1 2 3 2 1 2 1 R1
82 33 1 115 49 1 1 3 1 7 19 2706 7813 5635 0 0 1 1 0 2 1 2 2 2 2 R1
82 37 1 119 45 1 2 3 5 11 23 3034 8093 5355 0 0 1 1 1 2 1 2 1 2 1 R1
82 45 1 127 37 1 1 3 1 7 7 3690 8749 4699 1 0 1 1 0 2 1 2 2 2 3 R1
82 49 1 131 33 1 2 3 5 11 11 4018 9125 4323 1 0 1 1 1 2 1 2 1 2 2 R1
82 53 1 135 29 1 0 3 3 3 15 4346 9533 3915 0 0 1 1 2 2 1 2 1 2 1 R1
82 63 1 145 19 1 1 1 1 1 1 5166 10693 2755 0 0 1 1 0 2 3 2 2 2 3 R1
82 77 1 159 5 1 0 3 3 3 15 6314 12653 795 0 0 1 1 2 2 1 2 2 2 2 R1
82 81 1 163 1 1 1 3 1 7 19 6642 13285 163 1 0 1 1 0 2 1 2 1 2 4 R1
83 4 1 87 79 1 0 3 3 3 15 332 6905 6873 0 1 0 2 1 3 0 1 1 1 2 R1
83 6 1 89 77 1 2 1 5 5 17 498 6925 6853 1 1 0 2 0 3 2 1 2 1 2 R1
83 8 1 91 75 1 1 3 1 7 19 664 6953 6825 0 1 0 2 2 3 0 1 1 1 3 R1
83 10 1 93 73 1 0 1 3 9 21 830 6989 6789 0 1 0 2 1 3 2 1 2 1 2 R1
83 12 1 95 71 1 2 3 5 11 23 996 7033 6745 0 1 0 2 0 3 0 1 2 1 3 R1
83 18 1 101 65 1 2 1 5 5 5 1494 7213 6565 1 1 0 2 0 3 2 1 2 1 3 R1
83 26 1 109 57 1 1 1 1 1 13 2158 7565 6213 1 1 0 2 2 3 2 1 2 1 2 R1
83 28 1 111 55 1 0 3 3 3 15 2324 7673 6105 0 1 0 2 1 3 0 1 2 1 3 R1
83 30 1 113 53 1 2 1 5 5 17 2490 7789 5989 1 1 0 2 0 3 2 1 3 1 3 R1
83 34 1 117 49 1 0 1 3 9 21 2822 8045 5733 0 1 0 2 1 3 2 1 2 1 2 R1
83 36 1 119 47 1 2 3 5 11 23 2988 8185 5593 0 1 0 2 0 3 0 1 2 1 4 R1
83 38 1 121 45 1 1 1 1 1 1 3154 8333 5445 0 1 0 2 2 3 2 1 2 1 2 R1
83 42 1 125 41 1 2 1 5 5 5 3486 8653 5125 0 1 0 2 0 3 2 1 3 1 3 R1
83 48 1 131 35 1 2 3 5 11 11 3984 9193 4585 1 1 0 2 0 3 0 1 2 1 5 R1
83 52 1 135 31 1 0 3 3 3 15 4316 9593 4185 0 1 0 2 1 3 0 1 2 1 3 R1
83 54 1 137 29 1 2 1 5 5 17 4482 9805 3973 1 1 0 2 0 3 2 1 2 1 4 R1
83 58 1 141 25 1 0 1 3 9 21 4814 10253 3525 0 1 0 2 1 3 2 1 2 1 2 R1
83 66 1 149 17 1 2 1 5 5 5 5478 11245 2533 1 1 0 2 0 3 2 1 3 1 3 R1
83 68 1 151 15 1 1 3 1 7 7 5644 11513 2265 1 1 0 2 2 3 0 1 2 1 3 R1
83 70 1 153 13 1 0 1 3 9 9 5810 11789 1989 0 1 0 2 1 3 2 1 3 1 3 R1
83 72 1 155 11 1 2 3 5 11 11 5976 12073 1705 0 1 0 2 0 3 0 1 2 1 5 R1
83 74 1 157 9 1 1 1 1 1 13 6142 12365 1413 1 1 0 2 2 3 2 1 2 1 2 R1
83 78 1 161 5 1 2 1 5 5 17 6474 12973 805 0 1 0 2 0 3 2 1 3 1 3 R1
83 80 1 163 3 1 1 3 1 7 19 6640 13289 489 1 1 0 2 2 3 0 1 2 1 5 R1
84 1 1 85 83 1 1 1 1 1 13 84 7057 7055 0 0 1 0 1 0 1 3 0 4 0 R1
84 5 1 89 79 1 2 1 5 5 17 420 7081 7031 1 0 1 0 2 0 1 3 1 4 1 R1
84 17 1 101 67 1 2 1 5 5 5 1428 7345 6767 1 0 1 0 2 0 1 3 1 4 1 R1
84 23 1 107 61 1 2 3 5 11 11 1932 7585 6527 1 0 1 0 2 0 3 3 1 4 1 R1
84 29 1 113 55 1 2 1 5 5 17 2436 7897 6215 1 0 1 0 2 0 1 3 1 4 1 R1
84 31 1 115 53 1 1 3 1 7 19 2604 8017 6095 0 0 1 0 1 0 3 3 1 4 1 R1
84 41 1 125 43 1 2 1 5 5 5 3444 8737 5375 0 0 1 0 2 0 1 3 1 4 1 R1
84 43 1 127 41 1 1 3 1 7 7 3612 8905 5207 1 0 1 0 1 0 3 3 1 4 1 R1
84 59 1 143 25 1 2 3 5 11 23 4956 10537 3575 0 0 1 0 2 0 3 3 1 4 1 R1
84 61 1 145 23 1 1 1 1 1 1 5124 10777 3335 0 0 1 0 1 0 1 3 1 4 1 R1
84 65 1 149 19 1 2 1 5 5 5 5460 11281 2831 1 0 1 0 2 0 1 3 2 4 2 R1
84 67 1 151 17 1 1 3 1 7 7 5628 11545 2567 1 0 1 0 1 0 3 3 1 4 1 R1
84 71 1 155 13 1 2 3 5 11 11 5964 12097 2015 0 0 1 0 2 0 3 3 1 4 1 R1
84 83 1 167 1 1 2 3 5 11 23 6972 13945 167 1 0 1 0 2 0 3 3 1 4 1 R1
85 2 1 87 83 1 0 3 3 3 15 170 7229 7221 0 1 0 1 2 1 2 2 1 2 1 R1
85 4 1 89 81 1 2 1 5 5 17 340 7241 7209 1 1 0 1 1 1 0 2 1 2 2 R1
85 12 1 97 73 1 1 1 1 1 1 1020 7369 7081 1 1 0 1 0 1 0 2 2 2 3 R1
85 14 1 99 71 1 0 3 3 3 3 1190 7421 7029 0 1 0 1 2 1 2 2 2 2 2 R1
85 28 1 113 57 1 2 1 5 5 17 2380 8009 6441 1 1 0 1 1 1 0 2 2 2 3 R1
85 38 1 123 47 1 0 3 3 3 3 3230 8669 5781 0 1 0 1 2 1 2 2 2 2 2 R1
85 42 1 127 43 1 1 3 1 7 7 3570 8989 5461 1 1 0 1 0 1 2 2 3 2 3 R1
85 46 1 131 39 1 2 3 5 11 11 3910 9341 5109 1 1 0 1 1 1 2 2 2 2 2 R1
85 48 1 133 37 1 1 1 1 1 13 4080 9529 4921 0 1 0 1 0 1 0 2 2 2 5 R1
85 52 1 137 33 1 2 1 5 5 17 4420 9929 4521 1 1 0 1 1 1 0 2 2 2 3 R1
85 54 1 139 31 1 1 3 1 7 19 4590 10141 4309 1 1 0 1 0 1 2 2 2 2 4 R1
85 58 1 143 27 1 2 3 5 11 23 4930 10589 3861 0 1 0 1 1 1 2 2 2 2 2 R1
85 64 1 149 21 1 2 1 5 5 5 5440 11321 3129 1 1 0 1 1 1 0 2 1 2 6 R1
85 76 1 161 9 1 2 1 5 5 17 6460 13001 1449 0 1 0 1 1 1 0 2 2 2 3 R1
85 82 1 167 3 1 2 3 5 11 23 6970 13949 501 1 1 0 1 1 1 2 2 2 2 2 R1
85 84 1 169 1 1 1 1 1 1 1 7140 14281 169 0 1 0 1 0 1 0 2 3 2 4 R1
86 1 1 87 85 1 0 3 3 3 15 86 7397 7395 0 0 1 2 1 2 1 2 0 2 0 R1
86 5 1 91 81 1 1 3 1 7 19 430 7421 7371 0 0 1 2 2 2 1 2 1 2 1 R1
86 7 1 93 79 1 0 1 3 9 21 602 7445 7347 0 0 1 2 1 2 3 2 1 2 1 R1
86 19 1 105 67 1 0 1 3 9 9 1634 7757 7035 0 0 1 2 1 2 3 2 1 2 1 R1
86 21 1 107 65 1 2 3 5 11 11 1806 7837 6955 1 0 1 2 0 2 1 2 2 2 2 R1
86 25 1 111 61 1 0 3 3 3 15 2150 8021 6771 0 0 1 2 1 2 1 2 1 2 2 R1
86 29 1 115 57 1 1 3 1 7 19 2494 8237 6555 0 0 1 2 2 2 1 2 1 2 1 R1
86 37 1 123 49 1 0 3 3 3 3 3182 8765 6027 0 0 1 2 1 2 1 2 1 2 1 R1
86 39 1 125 47 1 2 1 5 5 5 3354 8917 5875 0 0 1 2 0 2 3 2 2 2 2 R1
86 41 1 127 45 1 1 3 1 7 7 3526 9077 5715 1 0 1 2 2 2 1 2 1 2 1 R1
86 45 1 131 41 1 2 3 5 11 11 3870 9421 5371 1 0 1 2 0 2 1 2 2 2 3 R1
86 51 1 137 35 1 2 1 5 5 17 4386 9997 4795 1 0 1 2 0 2 3 2 2 2 2 R1
86 53 1 139 33 1 1 3 1 7 19 4558 10205 4587 1 0 1 2 2 2 1 2 1 2 1 R1
86 55 1 141 31 1 0 1 3 9 21 4730 10421 4371 0 0 1 2 1 2 3 2 2 2 2 R1
86 57 1 143 29 1 2 3 5 11 23 4902 10645 4147 0 0 1 2 0 2 1 2 2 2 2 R1
86 59 1 145 27 1 1 1 1 1 1 5074 10877 3915 0 0 1 2 2 2 3 2 1 2 1 R1
86 61 1 147 25 1 0 3 3 3 3 5246 11117 3675 0 0 1 2 1 2 1 2 1 2 1 R1
86 63 1 149 23 1 2 1 5 5 5 5418 11365 3427 1 0 1 2 0 2 3 2 2 2 3 R1
86 65 1 151 21 1 1 3 1 7 7 5590 11621 3171 1 0 1 2 2 2 1 2 2 2 2 R1
86 69 1 155 17 1 2 3 5 11 11 5934 12157 2635 0 0 1 2 0 2 1 2 2 2 2 R1
86 73 1 159 13 1 0 3 3 3 15 6278 12725 2067 0 0 1 2 1 2 1 2 1 2 1 R1
86 79 1 165 7 1 0 1 3 9 21 6794 13637 1155 0 0 1 2 1 2 3 2 1 2 1 R1
86 81 1 167 5 1 2 3 5 11 23 6966 13957 835 1 0 1 2 0 2 1 2 1 2 4 R1
87 8 1 95 79 1 2 3 5 11 23 696 7633 7505 0 1 0 0 2 3 0 2 1 2 3 R1
87 14 1 101 73 1 2 1 5 5 5 1218 7765 7373 1 1 0 0 2 3 2 2 2 2 2 R1
87 26 1 113 61 1 2 1 5 5 17 2262 8245 6893 1 1 0 0 2 3 2 2 2 2 2 R1
87 34 1 121 53 1 1 1 1 1 1 2958 8725 6413 0 1 0 0 1 3 2 2 2 2 2 R1
87 40 1 127 47 1 1 3 1 7 7 3480 9169 5969 1 1 0 0 1 3 0 2 2 2 4 R1
87 50 1 137 37 1 2 1 5 5 17 4350 10069 5069 1 1 0 0 2 3 2 2 2 2 3 R1
87 62 1 149 25 1 2 1 5 5 5 5394 11413 3725 1 1 0 0 2 3 2 2 2 2 2 R1
87 64 1 151 23 1 1 3 1 7 7 5568 11665 3473 1 1 0 0 1 3 0 2 1 2 6 R1
87 70 1 157 17 1 1 1 1 1 13 6090 12469 2669 1 1 0 0 1 3 2 2 3 2 3 R1
87 74 1 161 13 1 2 1 5 5 17 6438 13045 2093 0 1 0 0 2 3 2 2 2 2 2 R1
87 86 1 173 1 1 2 1 5 5 5 7482 14965 173 1 1 0 0 2 3 2 2 2 2 2 R1
88 9 1 97 79 1 1 1 1 1 1 792 7825 7663 1 0 1 1 0 0 1 2 1 4 2 R1
88 13 1 101 75 1 2 1 5 5 5 1144 7913 7575 1 0 1 1 1 0 1 2 1 4 1 R1
88 15 1 103 73 1 1 3 1 7 7 1320 7969 7519 1 0 1 1 0 0 3 2 2 4 2 R1
88 17 1 105 71 1 0 1 3 9 9 1496 8033 7455 0 0 1 1 2 0 1 2 1 4 1 R1
88 23 1 111 65 1 0 3 3 3 15 2024 8273 7215 0 0 1 1 2 0 3 2 1 4 1 R1
88 25 1 113 63 1 2 1 5 5 17 2200 8369 7119 1 0 1 1 1 0 1 2 1 4 2 R1
88 27 1 115 61 1 1 3 1 7 19 2376 8473 7015 0 0 1 1 0 0 3 2 1 4 3 R1
88 39 1 127 49 1 1 3 1 7 7 3432 9265 6223 1 0 1 1 0 0 3 2 2 4 2 R1
88 43 1 131 45 1 2 3 5 11 11 3784 9593 5895 1 0 1 1 1 0 3 2 1 4 1 R1
88 45 1 133 43 1 1 1 1 1 13 3960 9769 5719 0 0 1 1 0 0 1 2 2 4 3 R1
88 49 1 137 39 1 2 1 5 5 17 4312 10145 5343 1 0 1 1 1 0 1 2 1 4 2 R1
88 51 1 139 37 1 1 3 1 7 19 4488 10345 5143 1 0 1 1 0 0 3 2 2 4 2 R1
88 53 1 141 35 1 0 1 3 9 21 4664 10553 4935 0 0 1 1 2 0 1 2 1 4 1 R1
88 59 1 147 29 1 0 3 3 3 3 5192 11225 4263 0 0 1 1 2 0 3 2 1 4 1 R1
88 69 1 157 19 1 1 1 1 1 13 6072 12505 2983 1 0 1 1 0 0 1 2 2 4 2 R1
88 71 1 159 17 1 0 3 3 3 15 6248 12785 2703 0 0 1 1 2 0 3 2 1 4 1 R1
88 73 1 161 15 1 2 1 5 5 17 6424 13073 2415 0 0 1 1 1 0 1 2 1 4 1 R1
88 75 1 163 13 1 1 3 1 7 19 6600 13369 2119 1 0 1 1 0 0 3 2 2 4 3 R1
88 79 1 167 9 1 2 3 5 11 23 6952 13985 1503 1 0 1 1 1 0 3 2 1 4 1 R1
88 83 1 171 5 1 0 3 3 3 3 7304 14633 855 0 0 1 1 2 0 3 2 1 4 1 R1
88 87 1 175 1 1 1 3 1 7 7 7656 15313 175 0 0 1 1 0 0 3 2 2 4 2 R1
89 10 1 99 79 1 0 3 3 3 3 890 8021 7821 0 1 0 2 1 1 2 1 2 1 2 R1
89 14 1 103 75 1 1 3 1 7 7 1246 8117 7725 1 1 0 2 2 1 2 1 2 1 2 R1
89 16 1 105 73 1 0 1 3 9 9 1424 8177 7665 0 1 0 2 1 1 0 1 1 1 4 R1
89 18 1 107 71 1 2 3 5 11 11 1602 8245 7597 1 1 0 2 0 1 2 1 2 1 3 R1
89 20 1 109 69 1 1 1 1 1 13 1780 8321 7521 1 1 0 2 2 1 0 1 2 1 3 R1
89 22 1 111 67 1 0 3 3 3 15 1958 8405 7437 0 1 0 2 1 1 2 1 2 1 2 R1
89 28 1 117 61 1 0 1 3 9 21 2492 8705 7137 0 1 0 2 1 1 0 1 2 1 3 R1
89 34 1 123 55 1 0 3 3 3 3 3026 9077 6765 0 1 0 2 1 1 2 1 2 1 2 R1
89 36 1 125 53 1 2 1 5 5 5 3204 9217 6625 0 1 0 2 0 1 0 1 2 1 4 R1
89 40 1 129 49 1 0 1 3 9 9 3560 9521 6321 0 1 0 2 1 1 0 1 2 1 4 R1
89 42 1 131 47 1 2 3 5 11 11 3738 9685 6157 1 1 0 2 0 1 2 1 3 1 3 R1
89 48 1 137 41 1 2 1 5 5 17 4272 10225 5617 1 1 0 2 0 1 0 1 2 1 5 R1
89 50 1 139 39 1 1 3 1 7 19 4450 10421 5421 1 1 0 2 2 1 2 1 2 1 3 R1
89 58 1 147 31 1 0 3 3 3 3 5162 11285 4557 0 1 0 2 1 1 2 1 2 1 2 R1
89 60 1 149 29 1 2 1 5 5 5 5340 11521 4321 1 1 0 2 0 1 0 1 3 1 4 R1
89 64 1 153 25 1 0 1 3 9 9 5696 12017 3825 0 1 0 2 1 1 0 1 1 1 6 R1
89 70 1 159 19 1 0 3 3 3 15 6230 12821 3021 0 1 0 2 1 1 2 1 3 1 3 R1
89 78 1 167 11 1 2 3 5 11 23 6942 14005 1837 1 1 0 2 0 1 2 1 3 1 3 R1
90 1 1 91 89 1 1 3 1 7 19 90 8101 8099 0 0 1 0 1 2 1 3 0 4 0 R1
90 13 1 103 77 1 1 3 1 7 7 1170 8269 7931 1 0 1 0 1 2 1 3 1 4 1 R1
90 17 1 107 73 1 2 3 5 11 11 1530 8389 7811 1 0 1 0 2 2 1 3 1 4 1 R1
90 19 1 109 71 1 1 1 1 1 13 1710 8461 7739 1 0 1 0 1 2 3 3 1 4 1 R1
90 23 1 113 67 1 2 1 5 5 17 2070 8629 7571 1 0 1 0 2 2 3 3 1 4 1 R1
90 29 1 119 61 1 2 3 5 11 23 2610 8941 7259 0 0 1 0 2 2 1 3 1 4 1 R1
90 37 1 127 53 1 1 3 1 7 7 3330 9469 6731 1 0 1 0 1 2 1 3 1 4 1 R1
90 43 1 133 47 1 1 1 1 1 13 3870 9949 6251 0 0 1 0 1 2 3 3 1 4 1 R1
90 47 1 137 43 1 2 1 5 5 17 4230 10309 5891 1 0 1 0 2 2 3 3 1 4 1 R1
90 49 1 139 41 1 1 3 1 7 19 4410 10501 5699 1 0 1 0 1 2 1 3 1 4 2 R1
90 53 1 143 37 1 2 3 5 11 23 4770 10909 5291 0 0 1 0 2 2 1 3 1 4 1 R1
90 61 1 151 29 1 1 3 1 7 7 5490 11821 4379 1 0 1 0 1 2 1 3 1 4 1 R1
90 67 1 157 23 1 1 1 1 1 13 6030 12589 3611 1 0 1 0 1 2 3 3 1 4 1 R1
90 71 1 161 19 1 2 1 5 5 17 6390 13141 3059 0 0 1 0 2 2 3 3 1 4 1 R1
90 79 1 169 11 1 1 1 1 1 1 7110 14341 1859 0 0 1 0 1 2 3 3 1 4 1 R1
90 89 1 179 1 1 2 3 5 11 11 8010 16021 179 1 0 1 0 2 2 1 3 1 4 1 R1
91 2 1 93 89 1 0 1 3 9 21 182 8285 8277 0 1 0 1 2 3 2 2 1 2 1 R1
91 10 1 101 81 1 2 1 5 5 5 910 8381 8181 1 1 0 1 1 3 2 2 2 2 2 R1
91 12 1 103 79 1 1 3 1 7 7 1092 8425 8137 1 1 0 1 0 3 0 2 2 2 3 R1
91 16 1 107 75 1 2 3 5 11 11 1456 8537 8025 1 1 0 1 1 3 0 2 1 2 4 R1
91 20 1 111 71 1 0 3 3 3 15 1820 8681 7881 0 1 0 1 2 3 0 2 2 2 3 R1
91 24 1 115 67 1 1 3 1 7 19 2184 8857 7705 0 1 0 1 0 3 0 2 2 2 4 R1
91 34 1 125 57 1 2 1 5 5 5 3094 9437 7125 0 1 0 1 1 3 2 2 2 2 2 R1
91 38 1 129 53 1 0 1 3 9 9 3458 9725 6837 0 1 0 1 2 3 2 2 2 2 2 R1
91 48 1 139 43 1 1 3 1 7 19 4368 10585 5977 1 1 0 1 0 3 0 2 2 2 5 R1
91 50 1 141 41 1 0 1 3 9 21 4550 10781 5781 0 1 0 1 2 3 2 2 2 2 3 R1
91 68 1 159 23 1 0 3 3 3 15 6188 12905 3657 0 1 0 1 2 3 0 2 2 2 3 R1
91 72 1 163 19 1 1 3 1 7 19 6552 13465 3097 1 1 0 1 0 3 0 2 2 2 5 R1
91 74 1 165 17 1 0 1 3 9 21 6734 13757 2805 0 1 0 1 2 3 2 2 2 2 2 R1
91 80 1 171 11 1 0 3 3 3 3 7280 14681 1881 0 1 0 1 2 3 0 2 2 2 5 R1
91 82 1 173 9 1 2 1 5 5 5 7462 15005 1557 1 1 0 1 1 3 2 2 2 2 2 R1
91 86 1 177 5 1 0 1 3 9 9 7826 15677 885 0 1 0 1 2 3 2 2 2 2 2 R1
91 88 1 179 3 1 2 3 5 11 11 8008 16025 537 1 1 0 1 1 3 0 2 2 2 4 R1
92 7 1 99 85 1 0 3 3 3 3 644 8513 8415 0 0 1 2 1 0 3 2 1 3 1 R1
92 15 1 107 77 1 2 3 5 11 11 1380 8689 8239 1 0 1 2 0 0 3 2 2 3 2 R1
92 19 1 111 73 1 0 3 3 3 15 1748 8825 8103 0 0 1 2 1 0 3 2 1 3 1 R1
92 21 1 113 71 1 2 1 5 5 17 1932 8905 8023 1 0 1 2 0 0 1 2 2 3 2 R1
92 25 1 117 67 1 0 1 3 9 21 2300 9089 7839 0 0 1 2 1 0 1 2 1 3 2 R1
92 29 1 121 63 1 1 1 1 1 1 2668 9305 7623 0 0 1 2 2 0 1 2 1 3 1 R1
92 31 1 123 61 1 0 3 3 3 3 2852 9425 7503 0 0 1 2 1 0 3 2 1 3 1 R1
92 33 1 125 59 1 2 1 5 5 5 3036 9553 7375 0 0 1 2 0 0 1 2 2 3 2 R1
92 35 1 127 57 1 1 3 1 7 7 3220 9689 7239 1 0 1 2 2 0 3 2 2 3 2 R1
92 37 1 129 55 1 0 1 3 9 9 3404 9833 7095 0 0 1 2 1 0 1 2 1 3 1 R1
92 39 1 131 53 1 2 3 5 11 11 3588 9985 6943 1 0 1 2 0 0 3 2 2 3 2 R1
92 41 1 133 51 1 1 1 1 1 13 3772 10145 6783 0 0 1 2 2 0 1 2 1 3 1 R1
92 43 1 135 49 1 0 3 3 3 15 3956 10313 6615 0 0 1 2 1 0 3 2 1 3 1 R1
92 47 1 139 45 1 1 3 1 7 19 4324 10673 6255 1 0 1 2 2 0 3 2 1 3 1 R1
92 49 1 141 43 1 0 1 3 9 21 4508 10865 6063 0 0 1 2 1 0 1 2 1 3 2 R1
92 51 1 143 41 1 2 3 5 11 23 4692 11065 5863 0 0 1 2 0 0 3 2 2 3 2 R1
92 61 1 153 31 1 0 1 3 9 9 5612 12185 4743 0 0 1 2 1 0 1 2 1 3 1 R1
92 71 1 163 21 1 1 3 1 7 19 6532 13505 3423 1 0 1 2 2 0 3 2 1 3 1 R1
92 77 1 169 15 1 1 1 1 1 1 7084 14393 2535 0 0 1 2 2 0 1 2 2 3 2 R1
92 79 1 171 13 1 0 3 3 3 3 7268 14705 2223 0 0 1 2 1 0 3 2 1 3 1 R1
92 81 1 173 11 1 2 1 5 5 5 7452 15025 1903 1 0 1 2 0 0 1 2 1 3 4 R1
92 83 1 175 9 1 1 3 1 7 7 7636 15353 1575 0 0 1 2 2 0 3 2 1 3 1 R1
92 85 1 177 7 1 0 1 3 9 9 7820 15689 1239 0 0 1 2 1 0 1 2 2 3 2 R1
92 89 1 181 3 1 1 1 1 1 13 8188 16385 543 1 0 1 2 2 0 1 2 1 3 1 R1
93 4 1 97 89 1 1 1 1 1 1 372 8665 8633 1 1 0 0 1 1 0 2 1 2 2 R1
93 8 1 101 85 1 2 1 5 5 5 744 8713 8585 1 1 0 0 2 1 0 2 1 2 3 R1
93 10 1 103 83 1 1 3 1 7 7 930 8749 8549 1 1 0 0 1 1 2 2 2 2 2 R1
93 16 1 109 77 1 1 1 1 1 13 1488 8905 8393 1 1 0 0 1 1 0 2 1 2 4 R1
93 22 1 115 71 1 1 3 1 7 19 2046 9133 8165 0 1 0 0 1 1 2 2 2 2 2 R1
93 28 1 121 65 1 1 1 1 1 1 2604 9433 7865 0 1 0 0 1 1 0 2 2 2 3 R1
93 32 1 125 61 1 2 1 5 5 5 2976 9673 7625 0 1 0 0 2 1 0 2 1 2 5 R1
93 46 1 139 47 1 1 3 1 7 19 4278 10765 6533 1 1 0 0 1 1 2 2 2 2 2 R1
93 52 1 145 41 1 1 1 1 1 1 4836 11353 5945 0 1 0 0 1 1 0 2 2 2 3 R1
93 56 1 149 37 1 2 1 5 5 5 5208 11785 5513 1 1 0 0 2 1 0 2 2 2 4 R1
93 68 1 161 25 1 2 1 5 5 17 6324 13273 4025 0 1 0 0 2 1 0 2 2 2 3 R1
93 74 1 167 19 1 2 3 5 11 23 6882 14125 3173 1 1 0 0 2 1 2 2 2 2 2 R1
93 82 1 175 11 1 1 3 1 7 7 7626 15373 1925 0 1 0 0 1 1 2 2 2 2 2 R1
93 86 1 179 7 1 2 3 5 11 11 7998 16045 1253 1 1 0 0 2 1 2 2 2 2 2 R1
93 88 1 181 5 1 1 1 1 1 13 8184 16393 905 1 1 0 0 1 1 0 2 2 2 4 R1
94 1 1 95 93 1 2 3 5 11 23 94 8837 8835 0 0 1 1 1 2 1 2 0 2 0 R1
94 5 1 99 89 1 0 3 3 3 3 470 8861 8811 0 0 1 1 2 2 1 2 1 2 1 R1
94 7 1 101 87 1 2 1 5 5 5 658 8885 8787 1 0 1 1 1 2 3 2 1 2 1 R1
94 11 1 105 83 1 0 1 3 9 9 1034 8957 8715 0 0 1 1 2 2 3 2 1 2 1 R1
94 17 1 111 77 1 0 3 3 3 15 1598 9125 8547 0 0 1 1 2 2 1 2 1 2 1 R1
94 19 1 113 75 1 2 1 5 5 17 1786 9197 8475 1 0 1 1 1 2 3 2 1 2 1 R1
94 21 1 115 73 1 1 3 1 7 19 1974 9277 8395 0 0 1 1 0 2 1 2 2 2 2 R1
94 25 1 119 69 1 2 3 5 11 23 2350 9461 8211 0 0 1 1 1 2 1 2 1 2 2 R1
94 29 1 123 65 1 0 3 3 3 3 2726 9677 7995 0 0 1 1 2 2 1 2 1 2 1 R1
94 33 1 127 61 1 1 3 1 7 7 3102 9925 7747 1 0 1 1 0 2 1 2 2 2 2 R1
94 37 1 131 57 1 2 3 5 11 11 3478 10205 7467 1 0 1 1 1 2 1 2 1 2 1 R1
94 41 1 135 53 1 0 3 3 3 15 3854 10517 7155 0 0 1 1 2 2 1 2 1 2 1 R1
94 51 1 145 43 1 1 1 1 1 1 4794 11437 6235 0 0 1 1 0 2 3 2 2 2 2 R1
94 65 1 159 29 1 0 3 3 3 15 6110 13061 4611 0 0 1 1 2 2 1 2 2 2 2 R1
94 69 1 163 25 1 1 3 1 7 19 6486 13597 4075 1 0 1 1 0 2 1 2 2 2 2 R1
94 71 1 165 23 1 0 1 3 9 21 6674 13877 3795 0 0 1 1 2 2 3 2 1 2 1 R1
94 85 1 179 9 1 2 3 5 11 11 7990 16061 1611 1 0 1 1 1 2 1 2 2 2 2 R1
94 91 1 185 3 1 2 1 5 5 17 8554 17117 555 0 0 1 1 1 2 3 2 2 2 2 R1
95 4 1 99 91 1 0 3 3 3 3 380 9041 9009 0 1 0 2 1 3 0 2 1 2 2 R1
95 8 1 103 87 1 1 3 1 7 7 760 9089 8961 1 1 0 2 2 3 0 2 1 2 3 R1
95 12 1 107 83 1 2 3 5 11 11 1140 9169 8881 1 1 0 2 0 3 0 2 2 2 3 R1
95 14 1 109 81 1 1 1 1 1 13 1330 9221 8829 1 1 0 2 2 3 2 2 2 2 2 R1
95 18 1 113 77 1 2 1 5 5 17 1710 9349 8701 1 1 0 2 0 3 2 2 2 2 3 R1
95 22 1 117 73 1 0 1 3 9 21 2090 9509 8541 0 1 0 2 1 3 2 2 2 2 2 R1
95 26 1 121 69 1 1 1 1 1 1 2470 9701 8349 0 1 0 2 2 3 2 2 2 2 2 R1
95 36 1 131 59 1 2 3 5 11 11 3420 10321 7729 1 1 0 2 0 3 0 2 2 2 4 R1
95 44 1 139 51 1 1 3 1 7 19 4180 10961 7089 1 1 0 2 2 3 0 2 2 2 3 R1
95 48 1 143 47 1 2 3 5 11 23 4560 11329 6721 0 1 0 2 0 3 0 2 2 2 5 R1
95 56 1 151 39 1 1 3 1 7 7 5320 12161 5889 1 1 0 2 2 3 0 2 2 2 4 R1
95 62 1 157 33 1 1 1 1 1 13 5890 12869 5181 1 1 0 2 2 3 2 2 2 2 2 R1
95 68 1 163 27 1 1 3 1 7 19 6460 13649 4401 1 1 0 2 2 3 0 2 2 2 3 R1
95 72 1 167 23 1 2 3 5 11 23 6840 14209 3841 1 1 0 2 0 3 0 2 2 2 5 R1
95 74 1 169 21 1 1 1 1 1 1 7030 14501 3549 0 1 0 2 2 3 2 2 2 2 2 R1
95 78 1 173 17 1 2 1 5 5 5 7410 15109 2941 1 1 0 2 0 3 2 2 3 2 3 R1
96 5 1 101 91 1 2 1 5 5 5 480 9241 9191 1 0 1 0 2 0 1 2 1 6 1 R1
96 7 1 103 89 1 1 3 1 7 7 672 9265 9167 1 0 1 0 1 0 3 2 1 6 1 R1
96 19 1 115 77 1 1 3 1 7 19 1824 9577 8855 0 0 1 0 1 0 3 2 1 6 1 R1
96 23 1 119 73 1 2 3 5 11 23 2208 9745 8687 0 0 1 0 2 0 3 2 1 6 1 R1
96 31 1 127 65 1 1 3 1 7 7 2976 10177 8255 1 0 1 0 1 0 3 2 1 6 1 R1
96 35 1 131 61 1 2 3 5 11 11 3360 10441 7991 1 0 1 0 2 0 3 2 2 6 2 R1
96 37 1 133 59 1 1 1 1 1 13 3552 10585 7847 0 0 1 0 1 0 1 2 1 6 1 R1
96 43 1 139 53 1 1 3 1 7 19 4128 11065 7367 1 0 1 0 1 0 3 2 1 6 1 R1
96 53 1 149 43 1 2 1 5 5 5 5088 12025 6407 1 0 1 0 2 0 1 2 1 6 1 R1
96 59 1 155 37 1 2 3 5 11 11 5664 12697 5735 0 0 1 0 2 0 3 2 1 6 1 R1
96 65 1 161 31 1 2 1 5 5 17 6240 13441 4991 0 0 1 0 2 0 1 2 2 6 2 R1
96 71 1 167 25 1 2 3 5 11 23 6816 14257 4175 1 0 1 0 2 0 3 2 1 6 1 R1
96 77 1 173 19 1 2 1 5 5 5 7392 15145 3287 1 0 1 0 2 0 1 2 2 6 2 R1
96 79 1 175 17 1 1 3 1 7 7 7584 15457 2975 0 0 1 0 1 0 3 2 1 6 1 R1
96 83 1 179 13 1 2 3 5 11 11 7968 16105 2327 1 0 1 0 2 0 3 2 1 6 1 R1
97 4 1 101 93 1 2 1 5 5 5 388 9425 9393 1 1 0 1 1 1 0 1 1 1 2 R1
97 6 1 103 91 1 1 3 1 7 7 582 9445 9373 1 1 0 1 0 1 2 1 2 1 2 R1
97 10 1 107 87 1 2 3 5 11 11 970 9509 9309 1 1 0 1 1 1 2 1 2 1 2 R1
97 20 1 117 77 1 0 1 3 9 21 1940 9809 9009 0 1 0 1 2 1 0 1 2 1 3 R1
97 26 1 123 71 1 0 3 3 3 3 2522 10085 8733 0 1 0 1 2 1 2 1 2 1 2 R1
97 34 1 131 63 1 2 3 5 11 11 3298 10565 8253 1 1 0 1 1 1 2 1 2 1 2 R1
97 42 1 139 55 1 1 3 1 7 19 4074 11173 7645 1 1 0 1 0 1 2 1 3 1 3 R1
97 44 1 141 53 1 0 1 3 9 21 4268 11345 7473 0 1 0 1 2 1 0 1 2 1 3 R1
97 46 1 143 51 1 2 3 5 11 23 4462 11525 7293 0 1 0 1 1 1 2 1 2 1 2 R1
97 58 1 155 39 1 2 3 5 11 11 5626 12773 6045 0 1 0 1 1 1 2 1 2 1 2 R1
97 66 1 163 31 1 1 3 1 7 19 6402 13765 5053 1 1 0 1 0 1 2 1 3 1 3 R1
97 72 1 169 25 1 1 1 1 1 1 6984 14593 4225 0 1 0 1 0 1 0 1 2 1 5 R1
97 76 1 173 21 1 2 1 5 5 5 7372 15185 3633 1 1 0 1 1 1 0 1 2 1 3 R1
97 80 1 177 17 1 0 1 3 9 9 7760 15809 3009 0 1 0 1 2 1 0 1 2 1 5 R1
97 86 1 183 11 1 0 3 3 3 15 8342 16805 2013 0 1 0 1 2 1 2 1 2 1 2 R1
98 1 1 99 97 1 0 3 3 3 3 98 9605 9603 0 0 1 2 1 2 1 2 0 3 0 R1
98 3 1 101 95 1 2 1 5 5 5 294 9613 9595 1 0 1 2 0 2 3 2 1 3 1 R1
98 9 1 107 89 1 2 3 5 11 11 882 9685 9523 1 0 1 2 0 2 1 2 1 3 2 R1
98 13 1 111 85 1 0 3 3 3 15 1274 9773 9435 0 0 1 2 1 2 1 2 1 3 1 R1
98 17 1 115 81 1 1 3 1 7 19 1666 9893 9315 0 0 1 2 2 2 1 2 1 3 1 R1
98 23 1 121 75 1 1 1 1 1 1 2254 10133 9075 0 0 1 2 2 2 3 2 1 3 1 R1
98 37 1 135 61 1 0 3 3 3 15 3626 10973 8235 0 0 1 2 1 2 1 2 1 3 1 R1
98 41 1 139 57 1 1 3 1 7 19 4018 11285 7923 1 0 1 2 2 2 1 2 1 3 1 R1
98 45 1 143 53 1 2 3 5 11 23 4410 11629 7579 0 0 1 2 0 2 1 2 2 3 3 R1
98 47 1 145 51 1 1 1 1 1 1 4606 11813 7395 0 0 1 2 2 2 3 2 1 3 1 R1
98 51 1 149 47 1 2 1 5 5 5 4998 12205 7003 1 0 1 2 0 2 3 2 2 3 2 R1
98 53 1 151 45 1 1 3 1 7 7 5194 12413 6795 1 0 1 2 2 2 1 2 1 3 1 R1
98 57 1 155 41 1 2 3 5 11 11 5586 12853 6355 0 0 1 2 0 2 1 2 2 3 2 R1
98 61 1 159 37 1 0 3 3 3 15 5978 13325 5883 0 0 1 2 1 2 1 2 1 3 1 R1
98 65 1 163 33 1 1 3 1 7 19 6370 13829 5379 1 0 1 2 2 2 1 2 2 3 2 R1
98 67 1 165 31 1 0 1 3 9 21 6566 14093 5115 0 0 1 2 1 2 3 2 1 3 1 R1
98 69 1 167 29 1 2 3 5 11 23 6762 14365 4843 1 0 1 2 0 2 1 2 2 3 2 R1
98 81 1 179 17 1 2 3 5 11 11 7938 16165 3043 1 0 1 2 0 2 1 2 1 3 4 R1
98 85 1 183 13 1 0 3 3 3 15 8330 16829 2379 0 0 1 2 1 2 1 2 2 3 2 R1
99 2 1 101 97 1 2 1 5 5 5 198 9805 9797 1 1 0 0 2 3 2 2 1 3 1 R1
99 10 1 109 89 1 1 1 1 1 13 990 9901 9701 1 1 0 0 1 3 2 2 2 3 2 R1
99 14 1 113 85 1 2 1 5 5 17 1386 9997 9605 1 1 0 0 2 3 2 2 2 3 2 R1
99 20 1 119 79 1 2 3 5 11 23 1980 10201 9401 0 1 0 0 2 3 0 2 2 3 3 R1
99 46 1 145 53 1 1 1 1 1 1 4554 11917 7685 0 1 0 0 1 3 2 2 2 3 2 R1
99 50 1 149 49 1 2 1 5 5 5 4950 12301 7301 1 1 0 0 2 3 2 2 2 3 3 R1
99 52 1 151 47 1 1 3 1 7 7 5148 12505 7097 1 1 0 0 1 3 0 2 2 3 3 R1
99 58 1 157 41 1 1 1 1 1 13 5742 13165 6437 1 1 0 0 1 3 2 2 2 3 2 R1
99 62 1 161 37 1 2 1 5 5 17 6138 13645 5957 0 1 0 0 2 3 2 2 2 3 2 R1
99 68 1 167 31 1 2 3 5 11 23 6732 14425 5177 1 1 0 0 2 3 0 2 2 3 3 R1
99 74 1 173 25 1 2 1 5 5 5 7326 15277 4325 1 1 0 0 2 3 2 2 2 3 2 R1
99 82 1 181 17 1 1 1 1 1 13 8118 16525 3077 1 1 0 0 1 3 2 2 2 3 2 R1
99 86 1 185 13 1 2 1 5 5 17 8514 17197 2405 0 1 0 0 2 3 2 2 2 3 2 R1
99 98 1 197 1 1 2 1 5 5 5 9702 19405 197 1 1 0 0 2 3 2 2 2 3 3 R1
100 1 1 101 99 1 2 1 5 5 5 100 10001 9999 1 0 1 1 1 0 1 2 0 4 0 R1
100 11 1 111 89 1 0 3 3 3 15 1100 10121 9879 0 0 1 1 2 0 3 2 1 4 1 R1
100 13 1 113 87 1 2 1 5 5 17 1300 10169 9831 1 0 1 1 1 0 1 2 1 4 1 R1
100 27 1 127 73 1 1 3 1 7 7 2700 10729 9271 1 0 1 1 0 0 3 2 1 4 3 R1
100 37 1 137 63 1 2 1 5 5 17 3700 11369 8631 1 0 1 1 1 0 1 2 1 4 1 R1
100 39 1 139 61 1 1 3 1 7 19 3900 11521 8479 1 0 1 1 0 0 3 2 2 4 2 R1
100 53 1 153 47 1 0 1 3 9 9 5300 12809 7191 0 0 1 1 2 0 1 2 1 4 1 R1
100 57 1 157 43 1 1 1 1 1 13 5700 13249 6751 1 0 1 1 0 0 1 2 2 4 2 R1
100 59 1 159 41 1 0 3 3 3 15 5900 13481 6519 0 0 1 1 2 0 3 2 1 4 1 R1
100 61 1 161 39 1 2 1 5 5 17 6100 13721 6279 0 0 1 1 1 0 1 2 1 4 1 R1
100 63 1 163 37 1 1 3 1 7 19 6300 13969 6031 1 0 1 1 0 0 3 2 2 4 3 R1
100 67 1 167 33 1 2 3 5 11 23 6700 14489 5511 1 0 1 1 1 0 3 2 1 4 1 R1
100 71 1 171 29 1 0 3 3 3 3 7100 15041 4959 0 0 1 1 2 0 3 2 1 4 1 R1
100 77 1 177 23 1 0 1 3 9 9 7700 15929 4071 0 0 1 1 2 0 1 2 2 4 2 R1
100 81 1 181 19 1 1 1 1 1 13 8100 16561 3439 1 0 1 1 0 0 1 2 1 4 4 R1
100 83 1 183 17 1 0 3 3 3 15 8300 16889 3111 0 0 1 1 2 0 3 2 1 4 1 R1
100 99 1 199 1 1 1 3 1 7 7 9900 19801 199 1 0 1 1 0 0 3 2 2 4 3 R1
6 5 1 11 1 1 2 3 5 11 11 30 61 11 1 0 1 0 2 2 1 2 1 2 1 R2
9 8 1 17 1 1 2 1 5 5 17 72 145 17 1 1 0 0 2 1 0 1 1 2 3 R2
13 2 1 15 11 1 0 3 3 3 15 26 173 165 0 1 0 1 2 1 2 1 1 1 1 R2
13 4 1 17 9 1 2 1 5 5 17 52 185 153 1 1 0 1 1 1 0 1 1 1 2 R2
14 13 1 27 1 1 0 3 3 3 3 182 365 27 0 0 1 2 1 2 1 2 1 2 1 R2
18 7 1 25 11 1 1 1 1 1 1 126 373 275 0 0 1 0 1 2 3 2 1 3 1 R2
19 16 1 35 3 1 2 3 5 11 11 304 617 105 0 1 0 1 1 3 0 1 1 1 4 R2
20 7 1 27 13 1 0 3 3 3 3 140 449 351 0 0 1 2 1 0 3 2 1 3 1 R2
22 1 1 23 21 1 2 3 5 11 23 22 485 483 1 0 1 1 1 2 1 2 0 2 0 R2
22 21 1 43 1 1 1 3 1 7 19 462 925 43 1 0 1 1 0 2 1 2 2 2 2 R2
23 14 1 37 9 1 1 1 1 1 13 322 725 333 1 1 0 2 2 3 2 1 2 1 2 R2
24 7 1 31 17 1 1 3 1 7 7 168 625 527 1 0 1 0 1 0 3 2 1 4 1 R2
24 13 1 37 11 1 1 1 1 1 13 312 745 407 1 0 1 0 1 0 1 2 1 4 1 R2
24 17 1 41 7 1 2 1 5 5 17 408 865 287 1 0 1 0 2 0 1 2 1 4 1 R2
25 4 1 29 21 1 2 1 5 5 5 100 641 609 1 1 0 1 1 1 0 1 1 2 2 R2
27 2 1 29 25 1 2 1 5 5 5 54 733 725 1 1 0 0 2 3 2 1 1 3 1 R2
27 4 1 31 23 1 1 3 1 7 7 108 745 713 1 1 0 0 1 3 0 1 1 3 2 R2
28 17 1 45 11 1 0 1 3 9 21 476 1073 495 0 0 1 1 2 0 1 2 1 3 1 R2
28 27 1 55 1 1 1 3 1 7 7 756 1513 55 0 0 1 1 0 0 3 2 1 3 3 R2
29 6 1 35 23 1 2 3 5 11 11 174 877 805 0 1 0 2 0 1 2 1 2 1 2 R2
29 14 1 43 15 1 1 3 1 7 19 406 1037 645 1 1 0 2 2 1 2 1 2 1 2 R2
29 18 1 47 11 1 2 3 5 11 23 522 1165 517 1 1 0 2 0 1 2 1 2 1 3 R2
29 22 1 51 7 1 0 3 3 3 3 638 1325 357 0 1 0 2 1 1 2 1 2 1 2 R2
30 17 1 47 13 1 2 3 5 11 23 510 1189 611 1 0 1 0 2 2 1 3 1 3 1 R2
31 10 1 41 21 1 2 1 5 5 17 310 1061 861 1 1 0 1 1 3 2 1 2 1 2 R2
31 26 1 57 5 1 0 1 3 9 9 806 1637 285 0 1 0 1 2 3 2 1 2 1 2 R2
31 30 1 61 1 1 1 1 1 1 13 930 1861 61 1 1 0 1 0 3 2 1 3 1 3 R2
32 15 1 47 17 1 2 3 5 11 23 480 1249 799 1 0 1 2 0 0 3 1 2 5 2 R2
32 21 1 53 11 1 2 1 5 5 5 672 1465 583 1 0 1 2 0 0 1 1 2 5 2 R2
32 31 1 63 1 1 0 3 3 3 15 992 1985 63 0 0 1 2 1 0 3 1 1 5 1 R2
33 10 1 43 23 1 1 3 1 7 19 330 1189 989 1 1 0 0 1 1 2 2 2 2 2 R2
33 20 1 53 13 1 2 1 5 5 5 660 1489 689 1 1 0 0 2 1 0 2 2 2 3 R2
33 28 1 61 5 1 1 1 1 1 13 924 1873 305 1 1 0 0 1 1 0 2 2 2 3 R2
34 23 1 57 11 1 0 1 3 9 9 782 1685 627 0 0 1 1 2 2 3 2 1 2 1 R2
34 25 1 59 9 1 2 3 5 11 11 850 1781 531 1 0 1 1 1 2 1 2 1 2 2 R2
35 8 1 43 27 1 1 3 1 7 19 280 1289 1161 1 1 0 2 2 3 0 2 1 2 3 R2
36 25 1 61 11 1 1 1 1 1 13 900 1921 671 1 0 1 0 1 0 1 2 1 4 2 R2
37 4 1 41 33 1 2 1 5 5 17 148 1385 1353 1 1 0 1 1 1 0 1 1 1 2 R2
37 18 1 55 19 1 1 3 1 7 7 666 1693 1045 0 1 0 1 0 1 2 1 2 1 3 R2
37 24 1 61 13 1 1 1 1 1 13 888 1945 793 1 1 0 1 0 1 0 1 2 1 4 R2
37 28 1 65 9 1 2 1 5 5 17 1036 2153 585 0 1 0 1 1 1 0 1 2 1 3 R2
37 34 1 71 3 1 2 3 5 11 23 1258 2525 213 1 1 0 1 1 1 2 1 2 1 2 R2
38 17 1 55 21 1 1 3 1 7 7 646 1733 1155 0 0 1 2 2 2 1 2 1 2 1 R2
38 25 1 63 13 1 0 3 3 3 15 950 2069 819 0 0 1 2 1 2 1 2 1 2 2 R2
38 27 1 65 11 1 2 1 5 5 17 1026 2173 715 0 0 1 2 0 2 3 2 1 2 3 R2
40 11 1 51 29 1 0 3 3 3 3 440 1721 1479 0 0 1 1 2 0 3 2 1 4 1 R2
41 14 1 55 27 1 1 3 1 7 7 574 1877 1485 0 1 0 2 2 1 2 1 2 1 2 R2
41 16 1 57 25 1 0 1 3 9 9 656 1937 1425 0 1 0 2 1 1 0 1 1 1 4 R2
41 32 1 73 9 1 1 1 1 1 1 1312 2705 657 1 1 0 2 2 1 0 1 1 1 5 R2
42 29 1 71 13 1 2 3 5 11 23 1218 2605 923 1 0 1 0 2 2 1 3 1 3 1 R2
42 41 1 83 1 1 2 3 5 11 11 1722 3445 83 1 0 1 0 2 2 1 3 1 3 1 R2
43 14 1 57 29 1 0 1 3 9 9 602 2045 1653 0 1 0 1 2 3 2 1 2 1 2 R2
43 26 1 69 17 1 0 1 3 9 21 1118 2525 1173 0 1 0 1 2 3 2 1 2 1 2 R2
43 36 1 79 7 1 1 3 1 7 7 1548 3145 553 1 1 0 1 0 3 0 1 2 1 4 R2
44 27 1 71 17 1 2 3 5 11 23 1188 2665 1207 1 0 1 2 0 0 3 2 1 3 3 R2
44 29 1 73 15 1 1 1 1 1 1 1276 2777 1095 1 0 1 2 2 0 1 2 1 3 1 R2
44 35 1 79 9 1 1 3 1 7 7 1540 3161 711 1 0 1 2 2 0 3 2 2 3 2 R2
46 9 1 55 37 1 1 3 1 7 7 414 2197 2035 0 0 1 1 0 2 1 2 1 2 2 R2
46 11 1 57 35 1 0 1 3 9 9 506 2237 1995 0 0 1 1 2 2 3 2 1 2 1 R2
46 27 1 73 19 1 1 1 1 1 1 1242 2845 1387 1 0 1 1 0 2 3 2 1 2 3 R2
47 4 1 51 43 1 0 3 3 3 3 188 2225 2193 0 1 0 2 1 3 0 1 1 1 2 R2
47 8 1 55 39 1 1 3 1 7 7 376 2273 2145 0 1 0 2 2 3 0 1 1 1 3 R2
47 12 1 59 35 1 2 3 5 11 11 564 2353 2065 1 1 0 2 0 3 0 1 2 1 3 R2
47 18 1 65 29 1 2 1 5 5 17 846 2533 1885 0 1 0 2 0 3 2 1 2 1 3 R2
47 38 1 85 9 1 1 1 1 1 13 1786 3653 765 0 1 0 2 2 3 2 1 2 1 2 R2
48 17 1 65 31 1 2 1 5 5 17 816 2593 2015 0 0 1 0 2 0 1 2 1 5 1 R2
48 25 1 73 23 1 1 1 1 1 1 1200 2929 1679 1 0 1 0 1 0 1 2 1 5 2 R2
48 41 1 89 7 1 2 1 5 5 17 1968 3985 623 1 0 1 0 2 0 1 2 1 5 1 R2
49 16 1 65 33 1 2 1 5 5 17 784 2657 2145 0 1 0 1 1 1 0 1 1 2 4 R2
49 34 1 83 15 1 2 3 5 11 11 1666 3557 1245 1 1 0 1 1 1 2 1 2 2 2 R2
49 38 1 87 11 1 0 3 3 3 15 1862 3845 957 0 1 0 1 2 1 2 1 2 2 2 R2
50 7 1 57 43 1 0 1 3 9 9 350 2549 2451 0 0 1 2 1 2 3 2 1 3 1 R2
50 41 1 91 9 1 1 3 1 7 19 2050 4181 819 0 0 1 2 2 2 1 2 1 3 1 R2
51 20 1 71 31 1 2 3 5 11 23 1020 3001 2201 1 1 0 0 2 3 0 2 2 2 3 R2
51 28 1 79 23 1 1 3 1 7 7 1428 3385 1817 1 1 0 0 1 3 0 2 2 2 3 R2
52 3 1 55 49 1 1 3 1 7 7 156 2713 2695 0 0 1 1 0 0 3 2 1 3 1 R2
52 25 1 77 27 1 2 1 5 5 5 1300 3329 2079 0 0 1 1 1 0 1 2 1 3 2 R2
52 33 1 85 19 1 1 1 1 1 13 1716 3793 1615 0 0 1 1 0 0 1 2 2 3 2 R2
52 41 1 93 11 1 0 1 3 9 21 2132 4385 1023 0 0 1 1 2 0 1 2 1 3 1 R2
52 47 1 99 5 1 0 3 3 3 3 2444 4913 495 0 0 1 1 2 0 3 2 1 3 1 R2
52 51 1 103 1 1 1 3 1 7 7 2652 5305 103 1 0 1 1 0 0 3 2 2 3 2 R2
53 34 1 87 19 1 0 3 3 3 15 1802 3965 1653 0 1 0 2 1 1 2 1 2 1 2 R2
53 46 1 99 7 1 0 3 3 3 3 2438 4925 693 0 1 0 2 1 1 2 1 2 1 2 R2
54 43 1 97 11 1 1 1 1 1 1 2322 4765 1067 1 0 1 0 1 2 3 2 1 4 1 R2
55 8 1 63 47 1 0 3 3 3 15 440 3089 2961 0 1 0 1 2 3 0 2 1 2 3 R2
55 12 1 67 43 1 1 3 1 7 19 660 3169 2881 1 1 0 1 0 3 0 2 2 2 3 R2
55 18 1 73 37 1 1 1 1 1 1 990 3349 2701 1 1 0 1 0 3 2 2 2 2 3 R2
55 42 1 97 13 1 1 1 1 1 1 2310 4789 1261 1 1 0 1 0 3 2 2 3 2 3 R2
55 48 1 103 7 1 1 3 1 7 7 2640 5329 721 1 1 0 1 0 3 0 2 2 2 5 R2
56 11 1 67 45 1 1 3 1 7 19 616 3257 3015 1 0 1 2 2 0 3 2 1 4 1 R2
56 17 1 73 39 1 1 1 1 1 1 952 3425 2847 1 0 1 2 2 0 1 2 1 4 1 R2
56 45 1 101 11 1 2 1 5 5 5 2520 5161 1111 1 0 1 2 0 0 1 2 2 4 3 R2
56 53 1 109 3 1 1 1 1 1 13 2968 5945 327 1 0 1 2 2 0 1 2 1 4 1 R2
57 44 1 101 13 1 2 1 5 5 5 2508 5185 1313 1 1 0 0 2 1 0 2 2 2 3 R2
57 46 1 103 11 1 1 3 1 7 7 2622 5365 1133 1 1 0 0 1 1 2 2 2 2 2 R2
57 56 1 113 1 1 2 1 5 5 17 3192 6385 113 1 1 0 0 2 1 0 2 2 2 4 R2
58 37 1 95 21 1 2 3 5 11 23 2146 4733 1995 0 0 1 1 1 2 1 2 1 2 1 R2
59 8 1 67 51 1 1 3 1 7 19 472 3545 3417 1 1 0 2 2 3 0 1 1 1 3 R2
60 11 1 71 49 1 2 3 5 11 23 660 3721 3479 1 0 1 0 2 0 3 3 1 4 1 R2
61 10 1 71 51 1 2 3 5 11 23 610 3821 3621 1 1 0 1 1 1 2 1 2 1 2 R2
61 22 1 83 39 1 2 3 5 11 11 1342 4205 3237 1 1 0 1 1 1 2 1 2 1 2 R2
61 30 1 91 31 1 1 3 1 7 19 1830 4621 2821 0 1 0 1 0 1 2 1 3 1 3 R2
61 32 1 93 29 1 0 1 3 9 21 1952 4745 2697 0 1 0 1 2 1 0 1 1 1 5 R2
61 42 1 103 19 1 1 3 1 7 7 2562 5485 1957 1 1 0 1 0 1 2 1 3 1 3 R2
61 56 1 117 5 1 0 1 3 9 21 3416 6857 585 0 1 0 1 2 1 0 1 2 1 4 R2
62 29 1 91 33 1 1 3 1 7 19 1798 4685 3003 0 0 1 2 2 2 1 2 1 2 1 R2
62 33 1 95 29 1 2 3 5 11 23 2046 4933 2755 0 0 1 2 0 2 1 2 2 2 2 R2
62 37 1 99 25 1 0 3 3 3 3 2294 5213 2475 0 0 1 2 1 2 1 2 1 2 1 R2
62 39 1 101 23 1 2 1 5 5 5 2418 5365 2323 1 0 1 2 0 2 3 2 2 2 2 R2
62 43 1 105 19 1 0 1 3 9 9 2666 5693 1995 0 0 1 2 1 2 3 2 1 2 1 R2
62 59 1 121 3 1 1 1 1 1 1 3658 7325 363 0 0 1 2 2 2 3 2 1 2 1 R2
63 4 1 67 59 1 1 3 1 7 19 252 3985 3953 1 1 0 0 1 3 0 2 1 3 2 R2
63 22 1 85 41 1 1 1 1 1 13 1386 4453 3485 0 1 0 0 1 3 2 2 2 3 2 R2
63 34 1 97 29 1 1 1 1 1 1 2142 5125 2813 1 1 0 0 1 3 2 2 2 3 2 R2
63 52 1 115 11 1 1 3 1 7 19 3276 6673 1265 0 1 0 0 1 3 0 2 2 3 3 R2
64 11 1 75 53 1 0 3 3 3 3 704 4217 3975 0 0 1 1 2 0 3 1 1 6 1 R2
64 33 1 97 31 1 1 1 1 1 1 2112 5185 3007 1 0 1 1 0 0 1 1 2 6 2 R2
65 12 1 77 53 1 2 1 5 5 5 780 4369 4081 0 1 0 2 0 1 0 2 2 2 3 R2
65 28 1 93 37 1 0 1 3 9 21 1820 5009 3441 0 1 0 2 1 1 0 2 2 2 3 R2
65 32 1 97 33 1 1 1 1 1 1 2080 5249 3201 1 1 0 2 2 1 0 2 1 2 5 R2
65 36 1 101 29 1 2 1 5 5 5 2340 5521 2929 1 1 0 2 0 1 0 2 2 2 4 R2
65 42 1 107 23 1 2 3 5 11 11 2730 5989 2461 1 1 0 2 0 1 2 2 3 2 3 R2
65 44 1 109 21 1 1 1 1 1 13 2860 6161 2289 1 1 0 2 2 1 0 2 2 2 3 R2
65 54 1 119 11 1 2 3 5 11 23 3510 7141 1309 0 1 0 2 0 1 2 2 2 2 4 R2
66 1 1 67 65 1 1 3 1 7 19 66 4357 4355 1 0 1 0 1 2 1 3 0 3 0 R2
66 53 1 119 13 1 2 3 5 11 23 3498 7165 1547 0 0 1 0 2 2 1 3 1 3 1 R2
66 65 1 131 1 1 2 3 5 11 11 4290 8581 131 1 0 1 0 2 2 1 3 2 3 2 R2
67 8 1 75 59 1 0 3 3 3 3 536 4553 4425 0 1 0 1 2 3 0 1 1 1 3 R2
67 20 1 87 47 1 0 3 3 3 15 1340 4889 4089 0 1 0 1 2 3 0 1 2 1 3 R2
67 32 1 99 35 1 0 3 3 3 3 2144 5513 3465 0 1 0 1 2 3 0 1 1 1 5 R2
67 44 1 111 23 1 0 3 3 3 15 2948 6425 2553 0 1 0 1 2 3 0 1 2 1 3 R2
67 48 1 115 19 1 1 3 1 7 19 3216 6793 2185 0 1 0 1 0 3 0 1 2 1 5 R2
68 9 1 77 59 1 2 1 5 5 5 612 4705 4543 0 0 1 2 0 0 1 2 1 3 2 R2
68 33 1 101 35 1 2 1 5 5 5 2244 5713 3535 1 0 1 2 0 0 1 2 2 3 2 R2
68 39 1 107 29 1 2 3 5 11 11 2652 6145 3103 1 0 1 2 0 0 3 2 2 3 2 R2
69 10 1 79 59 1 1 3 1 7 7 690 4861 4661 1 1 0 0 1 1 2 2 2 2 2 R2
69 14 1 83 55 1 2 3 5 11 11 966 4957 4565 1 1 0 0 2 1 2 2 2 2 2 R2
69 26 1 95 43 1 2 3 5 11 23 1794 5437 4085 0 1 0 0 2 1 2 2 2 2 2 R2
70 19 1 89 51 1 2 1 5 5 17 1330 5261 4539 1 0 1 1 1 2 3 3 1 3 1 R2
70 29 1 99 41 1 0 3 3 3 3 2030 5741 4059 0 0 1 1 2 2 1 3 1 3 1 R2
70 33 1 103 37 1 1 3 1 7 7 2310 5989 3811 1 0 1 1 0 2 1 3 2 3 2 R2
70 37 1 107 33 1 2 3 5 11 11 2590 6269 3531 1 0 1 1 1 2 1 3 1 3 1 R2
70 43 1 113 27 1 2 1 5 5 17 3010 6749 3051 1 0 1 1 1 2 3 3 1 3 1 R2
70 69 1 139 1 1 1 3 1 7 19 4830 9661 139 1 0 1 1 0 2 1 3 2 3 2 R2
71 44 1 115 27 1 1 3 1 7 19 3124 6977 3105 0 1 0 2 2 3 0 1 2 1 3 R2
71 54 1 125 17 1 2 1 5 5 5 3834 7957 2125 0 1 0 2 0 3 2 1 2 1 4 R2
72 25 1 97 47 1 1 1 1 1 1 1800 5809 4559 1 0 1 0 1 0 1 2 1 5 2 R2
72 37 1 109 35 1 1 1 1 1 13 2664 6553 3815 1 0 1 0 1 0 1 2 1 5 1 R2
72 61 1 133 11 1 1 1 1 1 13 4392 8905 1463 0 0 1 0 1 0 1 2 1 5 1 R2
73 14 1 87 59 1 0 3 3 3 15 1022 5525 5133 0 1 0 1 2 1 2 1 2 1 2 R2
73 20 1 93 53 1 0 1 3 9 21 1460 5729 4929 0 1 0 1 2 1 0 1 2 1 3 R2
73 38 1 111 35 1 0 3 3 3 15 2774 6773 3885 0 1 0 1 2 1 2 1 2 1 2 R2
73 62 1 135 11 1 0 3 3 3 15 4526 9173 1485 0 1 0 1 2 1 2 1 2 1 2 R2
74 13 1 87 61 1 0 3 3 3 15 962 5645 5307 0 0 1 2 1 2 1 2 1 2 1 R2
74 27 1 101 47 1 2 1 5 5 5 1998 6205 4747 1 0 1 2 0 2 3 2 1 2 3 R2
74 55 1 129 19 1 0 1 3 9 9 4070 8501 2451 0 0 1 2 1 2 3 2 2 2 2 R2
75 8 1 83 67 1 2 3 5 11 11 600 5689 5561 1 1 0 0 2 3 0 2 1 3 3 R2
75 26 1 101 49 1 2 1 5 5 5 1950 6301 4949 1 1 0 0 2 3 2 2 2 3 2 R2
75 44 1 119 31 1 2 3 5 11 23 3300 7561 3689 0 1 0 0 2 3 0 2 2 3 3 R2
75 46 1 121 29 1 1 1 1 1 1 3450 7741 3509 0 1 0 0 1 3 2 2 2 3 2 R2
75 68 1 143 7 1 2 3 5 11 23 5100 10249 1001 0 1 0 0 2 3 0 2 2 3 3 R2
75 74 1 149 1 1 2 1 5 5 5 5550 11101 149 1 1 0 0 2 3 2 2 2 3 2 R2
76 21 1 97 55 1 1 1 1 1 1 1596 6217 5335 1 0 1 1 0 0 1 2 2 3 2 R2
76 33 1 109 43 1 1 1 1 1 13 2508 6865 4687 1 0 1 1 0 0 1 2 2 3 2 R2
77 2 1 79 75 1 1 3 1 7 7 154 5933 5925 1 1 0 2 2 1 2 2 1 2 1 R2
77 4 1 81 73 1 0 1 3 9 9 308 5945 5913 0 1 0 2 1 1 0 2 1 2 2 R2
77 16 1 93 61 1 0 1 3 9 21 1232 6185 5673 0 1 0 2 1 1 0 2 1 2 4 R2
77 68 1 145 9 1 1 1 1 1 1 5236 10553 1305 0 1 0 2 2 1 0 2 2 2 3 R2
77 72 1 149 5 1 2 1 5 5 5 5544 11113 745 1 1 0 2 0 1 0 2 2 2 5 R2
78 11 1 89 67 1 2 1 5 5 17 858 6205 5963 1 0 1 0 2 2 3 3 1 3 1 R2
78 17 1 95 61 1 2 3 5 11 23 1326 6373 5795 0 0 1 0 2 2 1 3 1 3 1 R2
78 47 1 125 31 1 2 1 5 5 5 3666 8293 3875 0 0 1 0 2 2 3 3 1 3 1 R2
78 67 1 145 11 1 1 1 1 1 1 5226 10573 1595 0 0 1 0 1 2 3 3 1 3 1 R2
78 73 1 151 5 1 1 3 1 7 7 5694 11413 755 1 0 1 0 1 2 1 3 1 3 1 R2
79 18 1 97 61 1 1 1 1 1 1 1422 6565 5917 1 1 0 1 0 3 2 1 2 1 3 R2
80 21 1 101 59 1 2 1 5 5 5 1680 6841 5959 1 0 1 2 0 0 1 2 2 5 2 R2
80 27 1 107 53 1 2 3 5 11 11 2160 7129 5671 1 0 1 2 0 0 3 2 1 5 3 R2
80 51 1 131 29 1 2 3 5 11 11 4080 9001 3799 1 0 1 2 0 0 3 2 2 5 2 R2
80 57 1 137 23 1 2 1 5 5 17 4560 9649 3151 1 0 1 2 0 0 1 2 2 5 2 R2
80 67 1 147 13 1 0 3 3 3 3 5360 10889 1911 0 0 1 2 1 0 3 2 1 5 1 R2
80 73 1 153 7 1 0 1 3 9 9 5840 11729 1071 0 0 1 2 1 0 1 2 1 5 1 R2
81 34 1 115 47 1 1 3 1 7 19 2754 7717 5405 0 1 0 0 1 1 2 1 2 4 2 R2
81 46 1 127 35 1 1 3 1 7 7 3726 8677 4445 1 1 0 0 1 1 2 1 2 4 2 R2
82 1 1 83 81 1 2 3 5 11 11 82 6725 6723 1 0 1 1 1 2 1 2 0 2 0 R2
82 21 1 103 61 1 1 3 1 7 7 1722 7165 6283 1 0 1 1 0 2 1 2 2 2 2 R2
82 25 1 107 57 1 2 3 5 11 11 2050 7349 6099 1 0 1 1 1 2 1 2 1 2 2 R2
82 47 1 129 35 1 0 1 3 9 9 3854 8933 4515 0 0 1 1 2 2 3 2 1 2 1 R2
82 55 1 137 27 1 2 1 5 5 17 4510 9749 3699 1 0 1 1 1 2 3 2 2 2 2 R2
82 61 1 143 21 1 2 3 5 11 23 5002 10445 3003 0 0 1 1 1 2 1 2 1 2 1 R2
82 65 1 147 17 1 0 3 3 3 3 5330 10949 2499 0 0 1 1 2 2 1 2 2 2 2 R2
83 16 1 99 67 1 0 3 3 3 3 1328 7145 6633 0 1 0 2 1 3 0 1 1 1 4 R2
83 50 1 133 33 1 1 1 1 1 13 4150 9389 4389 0 1 0 2 2 3 2 1 2 1 3 R2
84 11 1 95 73 1 2 3 5 11 23 924 7177 6935 0 0 1 0 2 0 3 3 1 4 1 R2
84 13 1 97 71 1 1 1 1 1 1 1092 7225 6887 1 0 1 0 1 0 1 3 1 4 1 R2
84 25 1 109 59 1 1 1 1 1 13 2100 7681 6431 1 0 1 0 1 0 1 3 1 4 2 R2
84 47 1 131 37 1 2 3 5 11 11 3948 9265 4847 1 0 1 0 2 0 3 3 1 4 1 R2
84 53 1 137 31 1 2 1 5 5 17 4452 9865 4247 1 0 1 0 2 0 1 3 1 4 1 R2
85 6 1 91 79 1 1 3 1 7 19 510 7261 7189 0 1 0 1 0 1 2 2 2 2 2 R2
85 8 1 93 77 1 0 1 3 9 21 680 7289 7161 0 1 0 1 2 1 0 2 1 2 3 R2
85 16 1 101 69 1 2 1 5 5 5 1360 7481 6969 1 1 0 1 1 1 0 2 1 2 4 R2
85 18 1 103 67 1 1 3 1 7 7 1530 7549 6901 1 1 0 1 0 1 2 2 2 2 3 R2
85 24 1 109 61 1 1 1 1 1 13 2040 7801 6649 1 1 0 1 0 1 0 2 2 2 4 R2
85 26 1 111 59 1 0 3 3 3 15 2210 7901 6549 0 1 0 1 2 1 2 2 2 2 2 R2
85 36 1 121 49 1 1 1 1 1 1 3060 8521 5929 0 1 0 1 0 1 0 2 2 2 4 R2
85 44 1 129 41 1 0 1 3 9 9 3740 9161 5289 0 1 0 1 2 1 0 2 2 2 3 R2
85 62 1 147 23 1 0 3 3 3 3 5270 11069 3381 0 1 0 1 2 1 2 2 2 2 2 R2
85 66 1 151 19 1 1 3 1 7 7 5610 11581 2869 1 1 0 1 0 1 2 2 3 2 3 R2
85 72 1 157 13 1 1 1 1 1 13 6120 12409 2041 1 1 0 1 0 1 0 2 2 2 5 R2
85 78 1 163 7 1 1 3 1 7 19 6630 13309 1141 1 1 0 1 0 1 2 2 3 2 3 R2
86 3 1 89 83 1 2 1 5 5 17 258 7405 7387 1 0 1 2 0 2 3 2 1 2 1 R2
86 9 1 95 77 1 2 3 5 11 23 774 7477 7315 0 0 1 2 0 2 1 2 1 2 2 R2
86 11 1 97 75 1 1 1 1 1 1 946 7517 7275 1 0 1 2 2 2 3 2 1 2 1 R2
86 31 1 117 55 1 0 1 3 9 21 2666 8357 6435 0 0 1 2 1 2 3 2 1 2 1 R2
86 35 1 121 51 1 1 1 1 1 1 3010 8621 6171 0 0 1 2 2 2 3 2 2 2 2 R2
86 67 1 153 19 1 0 1 3 9 9 5762 11885 2907 0 0 1 2 1 2 3 2 1 2 1 R2
86 71 1 157 15 1 1 1 1 1 13 6106 12437 2355 1 0 1 2 2 2 3 2 1 2 1 R2
86 85 1 171 1 1 0 3 3 3 3 7310 14621 171 0 0 1 2 1 2 1 2 2 2 2 R2
87 2 1 89 85 1 2 1 5 5 17 174 7573 7565 1 1 0 0 2 3 2 2 1 2 1 R2
87 16 1 103 71 1 1 3 1 7 7 1392 7825 7313 1 1 0 0 1 3 0 2 1 2 4 R2
87 28 1 115 59 1 1 3 1 7 19 2436 8353 6785 0 1 0 0 1 3 0 2 2 2 3 R2
87 46 1 133 41 1 1 1 1 1 13 4002 9685 5453 0 1 0 0 1 3 2 2 2 2 2 R2
87 56 1 143 31 1 2 3 5 11 23 4872 10705 4433 0 1 0 0 2 3 0 2 2 2 4 R2
87 82 1 169 5 1 1 1 1 1 1 7134 14293 845 0 1 0 0 1 3 2 2 2 2 2 R2
88 37 1 125 51 1 2 1 5 5 5 3256 9113 6375 0 0 1 1 1 0 1 2 1 4 1 R2
88 41 1 129 47 1 0 1 3 9 9 3608 9425 6063 0 0 1 1 2 0 1 2 1 4 1 R2
88 47 1 135 41 1 0 3 3 3 15 4136 9953 5535 0 0 1 1 2 0 3 2 1 4 1 R2
88 85 1 173 3 1 2 1 5 5 5 7480 14969 519 1 0 1 1 1 0 1 2 2 4 2 R2
89 2 1 91 87 1 1 3 1 7 19 178 7925 7917 0 1 0 2 2 1 2 1 1 1 1 R2
89 6 1 95 83 1 2 3 5 11 23 534 7957 7885 0 1 0 2 0 1 2 1 2 1 2 R2
89 8 1 97 81 1 1 1 1 1 1 712 7985 7857 1 1 0 2 2 1 0 1 1 1 3 R2
89 44 1 133 45 1 1 1 1 1 13 3916 9857 5985 0 1 0 2 2 1 0 1 2 1 3 R2
89 56 1 145 33 1 1 1 1 1 1 4984 11057 4785 0 1 0 2 2 1 0 1 2 1 4 R2
89 66 1 155 23 1 2 3 5 11 11 5874 12277 3565 0 1 0 2 0 1 2 1 3 1 3 R2
89 84 1 173 5 1 2 1 5 5 5 7476 14977 865 1 1 0 2 0 1 0 1 3 1 4 R2
89 88 1 177 1 1 0 1 3 9 9 7832 15665 177 0 1 0 2 1 1 0 1 2 1 4 R2
90 11 1 101 79 1 2 1 5 5 5 990 8221 7979 1 0 1 0 2 2 3 3 1 4 1 R2
90 41 1 131 49 1 2 3 5 11 11 3690 9781 6419 1 0 1 0 2 2 1 3 1 4 1 R2
90 73 1 163 17 1 1 3 1 7 19 6570 13429 2771 1 0 1 0 1 2 1 3 1 4 1 R2
90 77 1 167 13 1 2 3 5 11 23 6930 14029 2171 1 0 1 0 2 2 1 3 2 4 2 R2
91 36 1 127 55 1 1 3 1 7 7 3276 9577 6985 1 1 0 1 0 3 0 2 2 2 4 R2
91 44 1 135 47 1 0 3 3 3 15 4004 10217 6345 0 1 0 1 2 3 0 2 2 2 3 R2
91 66 1 157 25 1 1 1 1 1 13 6006 12637 3925 1 1 0 1 0 3 2 2 3 2 3 R2
92 1 1 93 91 1 0 1 3 9 21 92 8465 8463 0 0 1 2 1 0 1 2 0 3 0 R2
92 17 1 109 75 1 1 1 1 1 13 1564 8753 8175 1 0 1 2 2 0 1 2 1 3 1 R2
92 45 1 137 47 1 2 1 5 5 17 4140 10489 6439 1 0 1 2 0 0 1 2 2 3 3 R2
92 53 1 145 39 1 1 1 1 1 1 4876 11273 5655 0 0 1 2 2 0 1 2 1 3 1 R2
92 73 1 165 19 1 0 1 3 9 21 6716 13793 3135 0 0 1 2 1 0 1 2 1 3 1 R2
92 87 1 179 5 1 2 3 5 11 11 8004 16033 895 1 0 1 2 0 0 3 2 2 3 2 R2
93 34 1 127 59 1 1 3 1 7 7 3162 9805 7493 1 1 0 0 1 1 2 2 2 2 2 R2
93 38 1 131 55 1 2 3 5 11 11 3534 10093 7205 1 1 0 0 2 1 2 2 2 2 2 R2
93 40 1 133 53 1 1 1 1 1 13 3720 10249 7049 0 1 0 0 1 1 0 2 2 2 4 R2
93 44 1 137 49 1 2 1 5 5 17 4092 10585 6713 1 1 0 0 2 1 0 2 2 2 3 R2
93 64 1 157 29 1 1 1 1 1 13 5952 12745 4553 1 1 0 0 1 1 0 2 1 2 6 R2
93 92 1 185 1 1 2 1 5 5 17 8556 17113 185 0 1 0 0 2 1 0 2 2 2 3 R2
94 31 1 125 63 1 2 1 5 5 5 2914 9797 7875 0 0 1 1 1 2 3 2 1 2 1 R2
94 35 1 129 59 1 0 1 3 9 9 3290 10061 7611 0 0 1 1 2 2 3 2 2 2 2 R2
94 39 1 133 55 1 1 1 1 1 13 3666 10357 7315 0 0 1 1 0 2 3 2 2 2 2 R2
94 49 1 143 45 1 2 3 5 11 23 4606 11237 6435 0 0 1 1 1 2 1 2 1 2 2 R2
94 53 1 147 41 1 0 3 3 3 3 4982 11645 6027 0 0 1 1 2 2 1 2 1 2 1 R2
94 55 1 149 39 1 2 1 5 5 5 5170 11861 5811 1 0 1 1 1 2 3 2 2 2 2 R2
94 57 1 151 37 1 1 3 1 7 7 5358 12085 5587 1 0 1 1 0 2 1 2 2 2 2 R2
94 59 1 153 35 1 0 1 3 9 9 5546 12317 5355 0 0 1 1 2 2 3 2 1 2 1 R2
94 93 1 187 1 1 1 3 1 7 19 8742 17485 187 0 0 1 1 0 2 1 2 2 2 2 R2
95 42 1 137 53 1 2 1 5 5 17 3990 10789 7261 1 1 0 2 0 3 2 2 3 2 3 R2
95 86 1 181 9 1 1 1 1 1 13 8170 16421 1629 1 1 0 2 2 3 2 2 2 2 2 R2
96 11 1 107 85 1 2 3 5 11 11 1056 9337 9095 1 0 1 0 2 0 3 2 1 6 1 R2
96 25 1 121 71 1 1 1 1 1 1 2400 9841 8591 0 0 1 0 1 0 1 2 1 6 2 R2
96 47 1 143 49 1 2 3 5 11 23 4512 11425 7007 0 0 1 0 2 0 3 2 1 6 1 R2
96 49 1 145 47 1 1 1 1 1 1 4704 11617 6815 0 0 1 0 1 0 1 2 1 6 2 R2
96 73 1 169 23 1 1 1 1 1 1 7008 14545 3887 0 0 1 0 1 0 1 2 1 6 1 R2
96 89 1 185 7 1 2 1 5 5 17 8544 17137 1295 0 0 1 0 2 0 1 2 1 6 1 R2
97 8 1 105 89 1 0 1 3 9 9 776 9473 9345 0 1 0 1 2 1 0 1 1 1 3 R2
97 24 1 121 73 1 1 1 1 1 1 2328 9985 8833 0 1 0 1 0 1 0 1 2 1 4 R2
97 28 1 125 69 1 2 1 5 5 5 2716 10193 8625 0 1 0 1 1 1 0 1 2 1 3 R2
97 30 1 127 67 1 1 3 1 7 7 2910 10309 8509 1 1 0 1 0 1 2 1 3 1 3 R2
97 38 1 135 59 1 0 3 3 3 15 3686 10853 7965 0 1 0 1 2 1 2 1 2 1 2 R2
97 40 1 137 57 1 2 1 5 5 17 3880 11009 7809 1 1 0 1 1 1 0 1 2 1 4 R2
97 54 1 151 43 1 1 3 1 7 7 5238 12325 6493 1 1 0 1 0 1 2 1 2 1 4 R2
97 64 1 161 33 1 2 1 5 5 17 6208 13505 5313 0 1 0 1 1 1 0 1 1 1 6 R2
97 68 1 165 29 1 0 1 3 9 21 6596 14033 4785 0 1 0 1 2 1 0 1 2 1 3 R2
97 70 1 167 27 1 2 3 5 11 23 6790 14309 4509 1 1 0 1 1 1 2 1 3 1 3 R2
97 92 1 189 5 1 0 1 3 9 21 8924 17873 945 0 1 0 1 2 1 0 1 2 1 3 R2
97 96 1 193 1 1 1 1 1 1 1 9312 18625 193 1 1 0 1 0 1 0 1 2 1 6 R2
98 15 1 113 83 1 2 1 5 5 17 1470 9829 9379 1 0 1 2 0 2 3 2 2 3 2 R2
98 33 1 131 65 1 2 3 5 11 11 3234 10693 8515 1 0 1 2 0 2 1 2 2 3 2 R2
98 43 1 141 55 1 0 1 3 9 21 4214 11453 7755 0 0 1 2 1 2 3 2 1 3 1 R2
98 73 1 171 25 1 0 3 3 3 3 7154 14933 4275 0 0 1 2 1 2 1 2 1 3 1 R2
98 97 1 195 1 1 0 3 3 3 3 9506 19013 195 0 0 1 2 1 2 1 2 1 3 1 R2
99 16 1 115 83 1 1 3 1 7 19 1584 10057 9545 0 1 0 0 1 3 0 2 1 3 4 R2
99 32 1 131 67 1 2 3 5 11 11 3168 10825 8777 1 1 0 0 2 3 0 2 1 3 5 R2
99 56 1 155 43 1 2 3 5 11 11 5544 12937 6665 0 1 0 0 2 3 0 2 2 3 4 R2
99 64 1 163 35 1 1 3 1 7 19 6336 13897 5705 1 1 0 0 1 3 0 2 1 3 6 R2
99 70 1 169 29 1 1 1 1 1 1 6930 14701 4901 0 1 0 0 1 3 2 2 3 3 3 R2
99 92 1 191 7 1 2 3 5 11 23 9108 18265 1337 1 1 0 0 2 3 0 2 2 3 3 R2
99 94 1 193 5 1 1 1 1 1 1 9306 18637 965 1 1 0 0 1 3 2 2 2 3 2 R2
100 21 1 121 79 1 1 1 1 1 1 2100 10441 9559 0 0 1 1 0 0 1 2 2 4 2 R2
100 23 1 123 77 1 0 3 3 3 3 2300 10529 9471 0 0 1 1 2 0 3 2 1 4 1 R2
100 49 1 149 51 1 2 1 5 5 5 4900 12401 7599 1 0 1 1 1 0 1 2 1 4 2 R2
100 89 1 189 11 1 0 1 3 9 21 8900 17921 2079 0 0 1 1 2 0 1 2 1 4 1 R2
100 93 1 193 7 1 1 1 1 1 1 9300 18649 1351 1 0 1 1 0 0 1 2 2 4 2 R2
