# m n cond status hhat cS w2 N0_rig
4 3 22134 OK 2.5524981956456679759950229432062799730085857368315 7.4882413449463824882513011373466858870036091450046 4 6
5 2 4305 OK 2.5529727342181460743367754032165473242269281229322 7.2327685938268274236758442779230221240935372666854 4 6
7 6 1880151 OK 7.1282526922442920604733719002925742794344691813256 9.8076467664669483536170534337021667580733178890982 4 4
8 3 237930 OK 2.0619991381677259023206343953941110990695884546483 9.2581256683571937756138221053022200167281114457861 8 8
8 5 1902810 OK 1.9728436106756197984921624404414752251861102541096 10.007290434006983414789196783882857135435143765108 8 8
10 1 1551165 OK 2.0451105438865853654095314397365333467767470863638 10.218105676342981668005782458943914784198750017432 8 8
10 3 6389565 OK 4.6343939282673423788499350110747027912904499177837 10.295224120165289219684063848297597096893933936846 4 5
11 2 5042037 OK 2.0077682592408422210020979256687568048251616464418 10.718498623688396112602395661092218254163498222417 8 8
11 6 28608195 OK 2.2716458618319795145285286825649257727828959984559 11.038045900168044044510252559997050706232098073672 4 8
11 8 34769658 OK 3.0451216982495320285953826505392966448965205039555 11.499965037530975424910517191760422360242089331081 8 7
12 7 76604010 OK 5.0781530619660024642058967633271709827563537580225 11.510283033668880765422615235070112388853386291966 4 5
12 11 104995506 OK 6.7406471372518073361289806029146886713967014125769 11.913176382405944321944723224314275001440010754465 4 5
13 8 88012470 OK 4.1569665262004935100672700120959504614109777930616 11.923469205698495084692716977444575914341250808170 8 6
13 10 281832915 OK 3.5524534979770230849528287824486489404315066599399 12.227995219508633477883781006551909203085994909424 4 6
13 12 37720410 OK 5.9571879093943277824402126605614387876870953593160 12.219880347987518251173034316756870656044712262215 8 5
14 1 50833965 OK 5.6500183158604799634871226726484397274328059549459 11.468418518348769403683462954946517646860604049257 4 5
14 3 109614351 OK 5.9516449955129529149992198386486135949922647208496 11.691909722884314343920717038159833256426836514481 4 5
14 5 19233795 OK 6.6636755914981355286840056380043274823437497060147 11.547215842506540150351287021036443012273894304652 8 5
15 4 183591870 OK 3.8733646936853866254162067040075677884428530159016 11.948550518078877022936281370949625637691530424564 4 6
15 8 153009570 OK 7.7725151490758761236598669037492392446651785992845 12.235388985605139740094221560421717568339746129536 8 5
15 14 534577155 OK 7.7157478342220915221302277880187419887912193177948 12.765460832339083051533996352174519770654015338832 4 5
16 3 1566474 OK 3.9497269687408648879010764128103296750032382502396 12.220081658977280498422112125697072684200453496249 12 6
16 5 64127910 OK 1.6692399474844580670283399275257019687469879381320 12.159652142207855763180943648057529922525605152298 12 9
16 11 34874070 OK 2.4881938815970213708593299383501855368226017927973 12.925703955783408779542555133859918372660849830389 12 8
16 13 374331594 OK 6.1297983293003323459023493414189765884069687362031 13.099566568448608701016799354906711028348445343672 12 5
16 15 213378270 OK 6.9710191790198512950539908804821729367705477510832 13.010491954857912748959850233624727510642859650265 12 5
17 8 11913090 OK 2.3522979967708792349076330331884035894982937459109 12.473298233726558909652465572564712797102032210170 8 8
17 10 6199305 OK 5.1086561487543789619676519321607383836846258490946 12.918430464564145369056408203796733822379708049995 12 6
17 16 330818334 OK 3.5380219138162427511491855520919781883773947641323 13.240141797766019353841581477371623728619500737563 12 7
18 1 99838977 OK 8.5405208226801974100980962747083114738631060699147 12.396680794291822922787325726385460736608967516290 8 4
18 13 1178768955 OK 7.0433319524881476969613958276848183457485628194102 13.461456917213522006224636484842325172041357302711 8 5
19 2 825307959 OK 6.6250805264237206111578454505308065097114763931955 12.798939939354395114875894913529162246056449958960 4 5
19 4 1257524310 OK 9.0998602983867838142458427567719224757259356876783 12.913294092583060875874543728755309680447625884339 4 4
19 10 630445935 OK 4.3567648623913196364282973908395666405480311662462 13.155029186739121856717977310069616277339333576762 8 6
19 12 3979033086 OK 8.9093707955858036144115880322904479500011659734873 13.484434787399129109832231766966515287708939556107 4 4
20 3 1624382130 OK 5.2920095869147556560475837491140056072832845836697 13.082816991324738839274331197262663540582149069417 4 5
20 19 4268745390 OK 7.7672075877571456799731452593189149398736517252274 13.853544249330127749136827812823241511695601846665 4 5
21 2 1687769601 OK 12.816470956213668224070683211364356692738240018346 13.172751509482032604143072420986198837609306266383 4 4
21 8 462875322 OK 3.4272356071589335896847488443694714624359030008060 13.095867844517909545760770130464060065171470070842 8 7
21 10 2152560795 OK 7.5922364698094577428460898195994955673440065359302 13.345957535606097676929853471871152369563941094254 4 5
21 16 3242879430 OK 6.6990047169104338783216580530589574098613434055477 14.137181908864938938070107601394014035221755826520 12 5
22 3 13320615 OK 4.9300492897124842295587413952192694382409443883066 13.445838080096335312805124974561951800246390936146 8 6
22 13 3422804385 OK 4.0169737915523598568689430851086689190760158049376 13.957778186668406662126319265945903084750632778298 8 6
22 15 15748659465 OK 6.1842516069405413416499257185049069095228130413649 14.187830458957380373396954490324519846486282022166 4 5
23 2 645193815 OK 19.231577362295395674682720905597226397780335932098 13.511430559904370996454719560294411540766632230620 8 3
23 4 601258686 OK 4.4712587148242843160943402985379521319676592135669 13.664020215750713838530517451670673536781482434739 12 6
23 16 5866683186 OK 7.2716642005979589296503427841259689248483406030925 14.393551125275182721826929574794952197643642116135 12 5
23 18 9103142055 OK 8.8534297501333344912659427457484533954049629247038 14.525256641749797437001132615561801364630693336972 8 5
23 22 3878941605 OK 4.3878842911846337960238583108192456971451639476163 14.378793451469300470080415109603609463526303056672 8 6
24 1 226541490 OK 2.7257807827141460433799643675966004587620792689800 13.456038774463930955635024668939667427663538857681 8 8
24 5 4066396530 OK 5.1391661118046276679233046981787715586232879120437 13.847569153986994536638597617559228110932613036268 8 6
24 23 7890913002 OK 23.594137291218658346820500401920154625613225290089 14.538376110179201648820750868543520310793302732143 8 3
25 2 129596145 OK 6.9916860690687840982036132808192187130706123270920 13.821090539491226905294345038514137445863630480918 12 5
25 12 1856260770 OK 5.3857801172437599607277213128323857294916043821201 14.061353318300522284185058899664729067154536925120 8 6
25 14 4593974385 OK 4.4060968322882556429611597005083091109363604676919 14.371569651708612774518478076347651980276162686065 8 6
25 16 619721970 OK 4.5861413410998137692846110641982722207291899272052 14.603512748947241343131141943617669275359120264812 12 6
26 1 88319595 OK 3.8280981581823529086640384297134089184722520244533 13.750387654777090458939570373684565079962688449784 12 7
26 5 15072645315 OK 6.0269819819240773047602146743394373832947430713647 14.164051798989561036484025744219132463377781366520 4 5
26 11 217222005 OK 5.1733650124552836541381019388452715926676013953365 13.779009367963098164199442409913122788610367543870 4 6
26 19 22742894265 OK 9.1650282067358970706562764050302614485246403418632 14.946446214835254883481313892405189781561840699615 8 5
26 21 72959568045 OK 16.941464903496417731821567533841607574384788572006 15.038199281437772764530455734469000147128629435592 4 3
26 23 8845899153 OK 10.847765321372106268590690554660398744206411337204 15.046346048748616559341030372497084734656147881834 8 4
26 25 5593727685 OK 16.052275291518854097364158665666731430702721326530 14.838089843698657963120631152845938128381414042903 8 4
27 20 10444029330 OK 9.8825649538560266972613116191690742311577601035982 15.112918525608720529747842099237567658249683533921 12 4
27 22 1560773445 OK 3.8007767686190939589389799197082841803532884597847 15.194083115962615594813538863389514349778498286769 12 7
27 26 4068697269 OK 7.5950565054931220509385516190031822588587874322194 14.979227843586799727149793393007044289215019094688 12 5
28 1 742922754 OK 12.624801570846258158702037378248668020661890170174 14.022798111591724669786083217430314856025741229756 12 4
28 3 3726330510 OK 11.004346238885996670411489296470105366706618054868 14.354540288124540289675921695874998864147338159604 8 4
28 5 26441791530 OK 8.6911512868669054865870048345322307584150614850027 14.453872013859908732525785675540972569394636465005 4 5
28 9 7091938518 OK 10.906025025564247467326778487681950921010050217667 14.385602186092352523558694991215521013236530437624 8 4
28 11 6137657526 OK 5.5143465377440518894792582310406250245383621718196 14.183963381213470603632723909863063344739690297321 4 6
28 13 16986384870 OK 8.9965538693432208317268185267919881242937588593638 14.436723914610329204479570207713827656185718288605 4 4
28 19 35749481502 OK 12.910564599319182526227239303224111316741910994476 15.145659555261123843964962050885364009118379612832 8 4
29 2 1853143761 OK 9.3324067724158594229277766201735050270742385218744 14.370839891010313084159030990382833208617931564187 12 4
29 4 5998485570 OK 4.9401816686344743666072646701703615542668257471993 14.553173942378652169919317543149554735283365826931 8 6
29 8 17505121578 OK 13.622948478595804481979997400945265759003111307371 14.578291968570980843115476995329324286186089934952 8 4
29 10 22851510045 OK 6.9504608313144660487333268959690653770888737410979 14.486466391876984366163979063783961738722932321827 4 5
29 20 7010314710 OK 19.835782649500095662787099345899037814605869993554 15.308884313806548255784724189237333496101790873992 8 3
29 24 12301087470 OK 5.2348788949372411425555076093525857901691065820082 15.486953753115294294846584092998681173677798193187 8 6
29 26 139764619995 OK 4.5732278334452188280459040986083866518783346366338 15.472488819360457415577494240469381468093082862665 4 6
29 28 1486804074 OK 16.083309894700680452921336323733404276317630731092 15.246172959777534264629969359817350847669112151901 4 4
30 7 48948758355 OK 11.069716327943391383750606373978488305868058430211 14.737924263333456714430308716450359583922525059256 4 4
30 11 22010461935 OK 7.0964876304261821323781704483893473088390836903294 14.571236423122479290579485191845300467576160364574 4 5
30 29 1893024735 OK 10.382514815904418023444942724633162736282903053535 15.372690692203504762163378047322585410719316662983 4 4
31 4 5413201710 OK 7.7854780300272097396324343872109036927493883082690 14.805912151418788875434703453623293326581848200400 12 5
31 8 31065591102 OK 3.7626535574549416169666809656552751125684335780434 14.858069050311726154104966509105853223559183772801 8 7
31 12 17316525786 OK 33.780011771122880581803035992996526593353442366581 14.625215574337740858589792931855023856953796280315 4 3
31 20 212670886890 OK 6.2242333560712055650882234461617420279189741676445 15.476685994351809493655776664270602780144497814774 4 5
31 22 88537837773 OK 11.231211143472106695408994520236259129566274057894 15.613929004377708244521860488320307564008256226700 8 4
31 28 229099468206 OK 44.649431173081431745443005775916335478350452898256 15.731211122177638258123554727193713248994418509954 4 2
32 3 6049568490 OK 7.1885223590289816415030294529221274388831567985641 14.853310614492503875683347698072122992076226508990 16 5
32 7 2047284330 OK 3.6547933894490452940991495059281599530600081928428 14.998511767103706127069992935237962017264938052335 16 7
32 9 450597462 OK 8.5685762374968537904501926376082009959019602886017 14.967299852288216107244326528895582196708695202089 16 5
32 13 287515410 OK 2.1528295215545281091323215955408679142521614102343 14.568811054660225953898539694234759626359581317838 16 9
32 17 2297362830 OK 9.9425434185796491242939851343623310808540890518338 15.258506318102120028968572400896435907237898684226 16 4
32 25 9579188010 OK 8.9883557530785117991382174283249584759280756316457 15.844785020431085757505109395502185505710234037724 16 5
32 27 301832790 OK 3.9996762101282151943537995114750380915609029623581 15.886009549885507407658461529356456976217061623831 16 7
32 29 36206975658 OK 16.236713375966988160216004632499602495633169443953 15.854003434475734804733732656204857944042540981123 16 4
33 4 76599085794 OK 13.883035870413506827975812428203646863884176863642 15.041883690034495327240417014241021507700034493099 4 4
33 8 10443008730 OK 4.9264776122165766746374782454105683669046908396569 15.116098643070360286265122940349655343985470874368 8 6
33 16 3308473938 OK 10.523362146785241294725264102980142248365279541792 15.194100044101582993083322690562621945426319269013 12 4
33 26 491504412399 OK 25.752192236038762080409160410710103601792321209341 15.974684084319550138540234114161647221625081168332 4 3
33 32 19117608510 OK 2.4751628659995304548050656219623465379071870263873 15.727975438163690322808342544991995713874837788829 16 9
34 3 74524768521 OK 6.9062968994563545635522190473608249576877329672096 15.079003446110513465659535992725834685714561263581 4 5
34 5 111858936735 OK 16.900079269011611161152755745184032925820938522338 15.201769135085015187279816986724293710978887344249 4 3
34 7 14620504101 OK 16.780055351442603527520504327014604352787046619463 15.240500461103335059903616842982604029897938831504 12 4
34 11 33013680315 OK 4.0787062008785115495515740289877407093763973002831 15.159100873755437006704265684882210182228588996291 8 7
34 15 5888966685 OK 8.1951693456853621278582212280926334724058192750691 15.066781768721713671858405975278249528167744215351 8 5
34 21 390019174545 OK 4.5482175294813819726767377782148488417341595152765 15.775280650080876252610070206779603621060437712013 4 6
34 27 69437423559 OK 16.058443110967622030660974230141484213532143546625 16.100027986246861645354126986217622277883288849262 12 4
34 29 196166521635 OK 14.797390617743277737975916852047965480467522416279 16.129517449035296718693502324313885175764891611524 8 4
34 31 64677927405 OK 13.998111436613313310353816865495777245635768939322 16.087852253320730746518484364731149212733974801931 4 4
34 33 189101963589 OK 9.9835913425965976554517528304292561480700472840473 15.839141474112293618145138112219956825370788910424 4 4
35 2 62873484135 OK 5.1574133543909380383788428160303438646747990458293 15.065376060220513683193110471515253615426374919386 4 6
35 4 117067071030 OK 19.189050695185823718041349872422171243801005167219 15.263222970823959157830038192560020672103496239136 4 3
35 18 73394464395 OK 17.308796703937674039862092074078610348531114164376 15.552644775489083516093910222800596305704079089762 8 3
35 24 327259411710 OK 7.0792567187815356302222611063316529122805651616585 16.053101420883083255010647433877142008383890791988 8 5
35 26 250710831735 OK 4.5649574952510633992916748233814434042177810708377 16.154125322547346265226774549057212112791017925878 8 6
35 32 70029189930 OK 20.929580275426130193599983213323220573352282301381 16.199391263060025581117211175750538104808058345745 16 3
36 5 56655117330 OK 16.145032952900629568503005723087172638829069407357 15.419455392294041160004021186731595149380194857204 8 4
36 7 68138207382 OK 8.3638338829058732280316295164664343206408513691835 15.466477015895303528871434495033942987887553699035 8 5
36 11 11684629110 OK 6.6408703987220141524574197153950961968303130868755 15.412298565212461539539598920596774551547208501264 8 5
36 17 49726620678 OK 7.1734447370484033511685638688183873986554332827522 15.482650496473459955134589277572971534315345065666 8 5
36 29 328770763230 OK 7.5670441855294035591397118617300995866889690119368 16.338279228843420740885224705067848549188328149895 8 5
36 31 303424713690 OK 4.7483444709711442193965059717688261677522950748010 16.357691831744777734191734099382706860466723110688 8 6
37 2 92995917105 OK 6.1345587217808791113368405033719633760365471147535 15.270284459774243964810591929715148120642694813326 4 5
37 14 1956213273 OK 11.043801146550261798109802230768897566426788551149 15.371713841461649962412230540433250958441574240807 4 4
37 16 13432171494 OK 9.8925617615827522822856577961186403026878008380032 15.324953189038573868124040469388921833187158021203 12 4
38 1 8132951463 OK 19.939857821894309763488003338246563488177121761365 15.144478132927127658182657697739706654418591172359 4 3
38 3 164182277595 OK 6.4478892927108957482671412415229088219973616678796 15.492081818327109218439460817194352676205660562894 4 5
38 5 251972248605 OK 9.4056346220596757625549388136255231090160091425747 15.624534695045647837748275751267446248380488078556 4 4
38 7 102848296845 OK 4.8720533283641198569963282766398170675420252779556 15.678514384355992705919453764591059208461774748698 8 6
38 9 107983730883 OK 7.0244428850621920792846398537276262167198120785520 15.682434072233050392150827195723598347134835327339 8 5
38 15 64744606815 OK 9.1016787518850014170139395431694516512738582030241 15.392094232423437844703861825516343521479389892021 4 5
38 23 126712849935 OK 5.2431019238175583184366488425416003092273220150245 16.185791057370915968850320366513372303959795218679 4 6
38 29 497715769257 OK 25.700492781949832335370094148615222321298866302468 16.511035837212575773548394322116113849430427617886 8 3
39 10 55848140985 OK 8.8340999421694289750800923044435372492393441576558 15.777363973761186280877001145509477236436000499648 8 5
39 20 514554705210 OK 14.413070326118256245139937964153638462461640479704 15.979746404902433628733818635040723141633801803639 4 4
39 28 1700827302174 OK 11.416997429370705772266107434948421108210164756734 16.546899408912207781540749406688864064893528671951 4 4
39 38 500924342919 OK 7.1684468266473465046215332806299952934428507228744 16.349402171428306681174621111164989907959488111286 4 5
40 1 5825844570 OK 5.8934119497682441211538870713776052040316268801638 15.332778925918473408101185124299075545637043683998 8 6
40 3 118068794130 OK 9.6077792858674861046554253644249875613711974927621 15.682207779141178201654186406111815547698734613886 8 5
40 7 227128548570 OK 16.114189629459880792677330632249269488499564493986 15.878299640332190720710921050593199278716554157750 8 4
40 9 11646136110 OK 5.3479273705453323111104314312937799320276317535401 15.890425526364982453687043872198948488439506864954 8 6
40 17 4167000390 OK 16.089468295860891127398007311271443562833923528288 15.537759344835623748236504256285008057814527389467 8 4
40 19 182508429390 OK 13.237695619160816120920864615718812961288907863213 15.917661301964123242011978074389278215816966241671 8 4
40 21 360002773410 OK 26.952324238718883355684850088760844763999923887240 16.127858247936911044123614958615627778999903009074 8 3
40 23 183808079490 OK 6.4721027693117247997023077636419282938874239895422 16.300218838083468696632850047435863673721233108246 8 5
41 2 191518016781 OK 17.733553472336130640515298191555356090927149855793 15.648500719202145378295236824348793538113398583170 4 3
41 4 121267811910 OK 17.218570172786925350644500157813285237791747781399 15.855461135455479220803320342448606767744542134071 8 4
41 8 1334710146 OK 8.0150742335297830546797324480617466950381984958018 15.986906775346229492814730527804723840875404635532 8 5
41 10 1726507335 OK 32.170885443488224897528449285845866294042324914973 15.983748639475294237941355630020809270058611167868 8 3
41 12 527116913526 OK 6.0339550622944216230035571222155353165468389425431 15.947316612667932496817812695798931879636466084709 4 6
41 20 550755689190 OK 31.029137249486442277263019240107525905391407661949 16.075580123787736441159678776557219325203872760514 4 3
41 22 327796358043 OK 5.7301404644248486855407703041425323496403155402577 16.269267717235208047458208738790186565236165204908 8 6
41 24 720892888170 OK 13.419592468075597456822711394167392454964669745052 16.431162305388450836811801525526632739314419188371 8 4
41 26 270541357905 OK 19.478453830113506742051427331762202195891751175417 16.567544764390638151480747088992854653050987244619 4 3
41 28 2299963630146 OK 18.472554213823278521733644149340763085288715090931 16.680254072226880386507908187532121669885828058523 4 3
41 30 2613700836285 OK 6.9195368243745700043076763427910454427084690566362 16.769850346381125171027943739611295069009252807667 4 5
41 38 1782218805801 OK 8.0885457522545577603228279579344021091535766956577 16.805376633485834708590833915799558067303195436586 4 5
41 40 13224761970 OK 16.786719635863375403695566856404305711819508797825 16.535150032402887786686691264701167866157610486023 16 4
42 5 519979615995 OK 25.338122338904006288582782449027369784409529048358 16.002310081952810058116357604719285116431478529895 4 3
42 11 700493810709 OK 10.884600952680621579428026930683435721964855701045 16.070343425693986144505491109331802671855843058319 4 4
42 13 588516964035 OK 8.9570670360216966046961978447824875538774161061966 16.023884283669468715605446026086595933681329958370 4 5
42 19 324014422179 OK 24.951129603577936653427618193664754167605166083972 15.990233685909225786059704068572890656374698870074 4 3
42 23 1316724540495 OK 14.686519877062245313768310352870850718524811751301 16.404681778535380505439237068661973620853324353198 4 4
42 25 12008414355 OK 7.7038875410934219857618370979819043423641874655212 16.557130547408523717679276527865980550478255377463 8 5
42 31 3207616067271 OK 11.662236428705031418473698505983452656122030273762 16.876232633487861566794216460662587436419519301425 4 4
43 4 510991931814 OK 26.209625462631826032679019285589360648623258330118 16.033034012014207815991691058514501043336567726538 4 3
43 8 416454362310 OK 11.403922050192747992461811249530332212323429212126 16.173862588904652488562251807906335990021145196621 8 4
43 10 872175955035 OK 15.251060946664025710935199171789711079847761590259 16.178142459828406592981966110933838109144747546927 4 4
43 12 810277819890 OK 5.2871662972506426627715588825304181430938289133859 16.151124974719288940985668015736327892244450672737 4 6
43 18 2780865255 OK 3.8301942114678882762853740794921098453010571664001 15.667855147382127707381860242753646447274741891274 8 7
43 22 1108210258155 OK 8.0845790733698795028733536033138549324456432051235 16.365592758175977937248369709824238720400770860697 4 5
43 24 866923548078 OK 9.0091089949506534274470659058370756987186984220143 16.534659024289304979779945241318401440821714858098 8 5
43 38 128871116745 OK 11.194907001696860426871336714080672947924797681510 17.059385581445027045986404087194182183029020781964 16 4
43 40 1260385104930 OK 12.310690515630302305822348248691432317746216676720 16.986936858093249168427107939508786936345806066855 8 4
43 42 1000832929845 OK 17.213492655004511910774946322833132444587737406257 16.711937778275268843011358765615102825328406853013 4 4
44 1 3118862670 OK 8.4622260677828534616529529956994137320281446774226 15.682611588376146049835542063353738452676938733081 8 5
44 3 463404532206 OK 7.5528527315713707851412359321764385660013602141501 16.034967321373206520667196163271429257746482092011 4 5
44 5 103853379630 OK 9.7184986389506010919491677661603913308136354518078 16.177196332914506135376373801318115529880010041303 8 5
44 13 916500771186 OK 5.1982442931282597983576303519106012011874275068142 16.226784791042996281007989031250796979310376418334 4 6
44 15 669154870230 OK 6.1179529805208988580207002750292227075224421525009 16.161470268807280202509238723659570220230800373328 4 6
44 17 32482094106 OK 19.484951681873389695757023329187284201393643678077 16.029783586931400610924585725932217748228560545181 12 3
44 19 13823550510 OK 2.2954228036525446004324753086057765166762310178919 16.011328948782875491218747437455287866711938318083 8 9
44 21 815068764510 OK 11.495979627323580558934331359195287238447748820038 16.309785599083726049882762013609269954424424264492 4 4
44 23 1507129242234 OK 5.3221881438144730569315569662250030040805048601700 16.500522014260880441807012412893143021748912788256 4 6
44 25 450119644590 OK 4.4763238318691840177811721946123394699811141764672 16.659662077318392140618497693645136259874624073568 8 7
44 37 175727123418 OK 7.1050082078410412452415852380445753105216200703057 17.159206994776978072328979026718408153746352889794 16 5
44 39 4132690491930 OK 18.097979630589239174913945154630755166286253823071 17.149430336539962125184940704366765297809361731265 4 3
44 41 2979236496390 OK 23.101918624716624199508504297970785698956560570316 17.074445630722475984530410563380989590816525591164 4 3
44 43 168261583182 OK 11.337023476859235555551803639496745110771742494715 16.797233913683441718308982902021506252428512398277 4 4
45 2 122837622915 OK 5.9881246538769778852074219031973558907718020869082 15.991185831003076689257638478436878988925946222444 8 6
45 16 56029236270 OK 4.8254923042626010060135131849788777421619880012101 16.221321169724854941952949288907548816910019867667 12 6
45 26 961676205945 OK 10.166098697071624994150071385581452458746148100896 16.780085995636926731356986188153607370856840972985 8 5
45 44 65762278890 OK 7.6765024769947848434154633847736305931948949325724 16.880590410152711357110222419877234044170255937592 8 5
46 3 90620816937 OK 7.0385945406196293352571553366995147767070508947234 16.199287506634743475848389855189172221767439633429 8 5
46 5 1000498156665 OK 5.6100606714431743920004874590529482727231369450400 16.343940257386176956213366259694265888378351547357 4 6
46 13 1374109866129 OK 4.2836363017516613688134574822105686322047013445297 16.417664166189286960639824944137051390546016862689 4 7
46 15 1090465846995 OK 28.063211547112905809572594833272631461711656538505 16.364320478931226402166650747550068806570068576723 4 3
46 19 2089557015 OK 6.6790471368435617242499806765994360861738610482557 15.709529811159125541283742729444500999734713145433 12 5
46 21 149993073195 OK 26.209258629078729562882012158989047116924842921179 16.379156666061188052482387632046698811810444360635 8 3
46 37 2337077934093 OK 10.825928163941353926678811970958278395812290635728 17.317832699458443353833555102877628230142784405866 8 4
46 41 5758769135595 OK 5.1521769548315386142261763625699802809667350151107 17.323105825740130035749880707700480741215810323494 4 6
46 43 4113744262761 OK 31.506002054871616423903804523298615514912910735646 17.243423471642622473814564315064354814718472740072 4 3
46 45 537837760005 OK 19.159157817932988460076380516073719101787708115549 16.962093544185365205221553653394926822924300602700 8 3
47 2 23819670735 OK 21.092507097738680708105372925334217079988509971124 16.151181862509737263760573374655441494625289045075 8 3
47 6 1349303604369 OK 30.660146837760814479919667616912958417823905778647 16.468202274001808518742959619379122861766700886405 4 3
47 10 1766511127815 OK 6.3077411948282252590468928363685564441945202985287 16.536239588516329477224372574841192398754261888138 4 5
47 14 1536689932701 OK 21.079774567032064683990324493587416236300909616516 16.487915356816229098689845992795926935966923770360 4 3
47 20 24743487930 OK 12.057212455014344594096104589679696717369941468934 16.191663862110251300949273864960168136179362025647 12 4
47 22 4735769115 OK 22.354533594146542404336064676847260617629520727738 16.528348836732138979702201098752167176545129241289 8 3
47 28 918296716470 OK 19.446879032759300388288201986605059630699920478475 17.008532649762309055218132589486840816392460006141 8 3
47 34 283739819727 OK 15.081795683686298411553030700566937586181259940923 17.302552257481673524318234114438700288606314491248 16 4
47 42 6758938646985 OK 10.409970233580540654660439759720269697382001080388 17.406935307823633892647264589143899720557390413195 4 4
47 46 1878793578291 OK 29.054787883289918280508371599766087354709245183698 17.041823959634094162921232481250224580217080170241 4 3
48 1 10451526582 OK 21.950513736990097110023259775992184886919765625529 16.001928582069644153975436437266430156677348418217 12 3
48 7 438833197110 OK 11.601493211718462362234721187516666723365097952595 16.579589207023487342403451668083073717443085319167 12 4
48 11 75133651362 OK 5.4966872070639072527568205424058519499316437303635 16.618951189199675237168290371349392961226731058360 12 6
48 19 99293366046 OK 29.723288033221093380100575339527094165817693957737 16.318063931476373507427799772688765688440352993467 12 3
48 29 1428165879294 OK 5.8896807286388717372545958157966106371735012700607 17.117129794326284888217179329891922119544758222804 12 6
48 31 1761807058746 OK 4.6699892488225881957139449972790647210470369577566 17.227179217237862199663989301514647138524499447092 12 7
48 35 2294305095810 OK 18.249186029252294148528159106913318659634550089590 17.396277739673411820654181221650105260999149290020 12 4
48 37 2437386366030 OK 11.829757108539886046811493201335595781161543215024 17.454914986442777256320134585527941621353241902744 12 4
48 47 545152898010 OK 10.318605260865265402403700768685904417208398850883 17.119857147686812573665831974080490511682482110324 12 5
49 10 349054877535 OK 10.985976628313912073459095080631273033093000880752 16.702061757443087513066634033516142098619160904289 8 4
49 12 351787453962 OK 13.770660946133969353249401161332178614765763857712 16.696315030151157666816538576209591153099296697093 8 4
49 26 110406137205 OK 11.771603952379238960276297568402264678363269378945 16.960498216274349477830414952924321461452758256743 8 4
49 30 1007190355395 OK 31.821154551450696680815498697580108389734580436590 17.222309049483256536161771951768673251246450935194 8 3
49 36 520987475190 OK 10.318010598005777178483523019926997265677729085011 17.487566229499197447650102665254752534141313954485 8 5
49 40 275206493310 OK 13.575330242500308473382385309732899821595238713896 17.578971924818230466648304268237138722105216049799 8 4
49 44 1315985491590 OK 8.3640004902027990747751931809621946267857873035504 17.569024549018883402857479231017100847149325584064 8 5
49 48 90109575318 OK 43.762361293740105368417718718794680135386394965181 17.196263876779070969452492878847514143125711447577 12 2
50 9 26133291555 OK 8.9772881543948951664115861858955200488141421150355 16.773989433291691596181819669783315770385150509411 8 5
50 17 375592044135 OK 13.268921185282378250223535439734731564974046777018 16.674473195334951623058514145902608686362512270487 8 4
50 19 196158053805 OK 6.0435346492973977689656081767211972403032404895211 16.569765850982379672855198898009357727931355662836 8 6
50 21 36865355205 OK 29.079994074750606360803207658472575836889448995491 16.319135681975226582229794721838618984326496001517 8 3
50 23 35388929415 OK 16.823325604223417938654590936633517865169596436747 16.732601818743505585922410807302422449964628461220 12 4
50 29 1360992594045 OK 10.654171263124205400140214541933588155566173077110 17.208456011180716394441233282932936341476015868216 8 4
50 31 63978466965 OK 8.8453874651516848581689164270976602923565489978204 17.324289177742741465494213868950558627862642030841 16 5
51 2 126823546353 OK 36.762129398782627224271841611789202564433795989138 16.451580844961553086067212638659580776973240182326 8 3
51 4 1718010702870 OK 6.8456048447258707499670163202893663427978309544459 16.667128076107449329580349309635288571214981887901 4 5
51 8 1493258731062 OK 32.964581070849676025220093789489975684365904883653 16.834755775025778386439836109280971029509775579622 8 3
51 10 3325637860755 OK 16.392419537031022604998319282973409032594205547966 16.860214708500566237593078144211091262504657066061 4 4
51 14 3215264309985 OK 9.1709958122132735270761738232870686831527565503045 16.837544974942202430491296953935165987523833442727 4 5
51 16 678247403190 OK 5.5417735574200157045049363016738028825375626005980 16.794953228030609555946914047595051980510689670478 12 6
51 22 93967027077 OK 18.677562165710623207099174644249343092002494005657 16.596881156476179639117355141251520860055769244013 4 3
51 26 849355652145 OK 4.3757569808798914576669709959374840886565883844659 17.040850640194117569746072105861785955021254898526 8 7
51 32 1313657139018 OK 4.7610667039579805540862745805280205511676244804820 17.423268197660160106692835717582081948916402746183 16 7
51 40 7986622133490 OK 9.4960415016274489238943135384092380811486949521034 17.712356818659789097340564102081046892768456131033 8 5
51 44 14698700563470 OK 32.953276731045174141988790943133589381307362793687 17.750662919819140237099045489845845362283410886781 4 3
51 46 12390545525295 OK 27.054063312361899414423622327361411553582708522484 17.724216095093234548421613112153160057846417817814 4 3
51 50 669624823245 OK 44.291501233641643643739811906001700216529820254183 17.344459695301381366560023534512987189828347250203 8 2
52 5 2405375861070 OK 6.1136698873861217619430401075204506268102474771467 16.802231202284939242099453884292566387671051864150 4 6
52 7 1050021933870 OK 9.2408552466847791569518641448723399352892900780270 16.883979411973117758707118039857041964382036107309 8 5
52 9 1228389127602 OK 29.708969219451016212464723149732164187857987225443 16.926435093352378873867426928307669632941468641326 8 3
52 11 1320654973638 OK 23.203322308709611094836405387506658837531502238116 16.940572842497576961439983078722965737613385926186 8 3
52 17 2888893619430 OK 4.9844244573205391492608481540081626316717306917760 16.853429202065308688018708626070093016161960804806 4 6
52 21 434081640174 OK 7.5595091208629362273847505025149263706130180529382 16.551888659854574856079603517893352663010120450243 4 5
52 23 257798975070 OK 22.105582086206384407807777634211995056345415907670 16.775143132625059060569194225383185836268958121801 8 3
52 27 17536343370 OK 25.797050453979937439617689530706145542680500409718 17.155399813173935443954654953165092459592980215465 12 3
52 29 292671586662 OK 11.093407134980129381621077984103391158262498501659 17.293335296559792385102027350031816667645259756430 16 4
52 35 14888449176510 OK 9.6971035664734850563258345751000873226242264480377 17.610044275533444754065858645993837081090871219775 4 5
52 43 6139286050170 OK 7.4743085517387702934481893994549262778764537890273 17.822439265774291363161784027931562401677306873290 8 5
52 45 5677886276790 OK 17.378454572133431590752475420580804366674426664133 17.827801345805332952624757421367163499109176191385 8 4
53 2 1163018336865 OK 10.897688028563732703323097532355045020601131480002 16.593004637743293453056080699966267225169418639242 4 4
53 4 322325661462 OK 26.563737419009110634730529586848552743992709593280 16.809708116113794557052299847037426999328408877074 8 3
53 8 661076177790 OK 5.7644840857414974413233358282634812183884358274134 16.982156563910128936968549523638139434177409649002 8 6
53 10 1487237807895 OK 13.348935781120187554183913996484235124252999968647 17.011406722629741071102296047837486792947489696058 8 4
53 12 4647729720270 OK 15.144161503197850718268866755211510108287523387965 17.015845527394189583163433560480964649828935676254 4 4
53 14 4484078688999 OK 26.459122175822090718404298136266558194549379265269 16.999306005305014840723503001039044197129681419689 4 3
53 16 985426490874 OK 12.794895652354743073524266955863194558528343663128 16.963835981158971429859845198783046588046874533062 12 4
53 18 1001522092515 OK 4.3240675871437383917800864695792068891067505330452 16.908236109097539117934582730336873493428649381279 8 7
53 22 8837425905 OK 13.975617500534814226064582393033686183275838587592 16.231569140658997274382392598567217223384222066932 8 4
53 24 1054949020818 OK 8.1736991749130275565186501368869770601859829451054 16.923517740063874985887606525768324237059951520030 8 5
53 30 9816373140945 OK 24.846639146678506643375087035468044658784886124968 17.397110742248275105558283382928974613789891672764 4 3
53 36 11555395278 OK 13.696951228261771581932809034201077425340032078679 17.699432835018696999715861822911925888540062370435 8 4
53 40 10582905417630 OK 6.2853622432210110026569342474742943696482226258065 17.830762140356695223685185241028947683733922109385 8 6
53 42 21782580380715 OK 19.884629844700201978097644126045776468301358456409 17.874216905815478724846377794129171300424197785095 4 3
53 48 4116358344210 OK 12.993181096242645084833551476081745678799155834774 17.873075707111123384858280547222962369316017501408 12 4
53 50 2292331188315 OK 3.7606831538050418065919305803210688982903944136365 17.780058014942551539709378547593687579348519636471 8 7
53 52 4394397208110 OK 43.405908248911944506584915651015760880938883322877 17.486896844490229459172552460008630744516633467486 4 2
54 7 460472347671 OK 28.339639558756835823973702917603774036778533274844 17.026906709856190774522394807800854307946634356648 12 3
54 11 590366812035 OK 9.4544674164964334383919388253011671872976437776759 17.090651874014420348881035249693471140223716145200 12 5
54 13 597244298469 OK 8.8182565746298152412892942496629918958208274658553 17.086660054746101419493332079865394793970033085277 12 5
54 19 337483043835 OK 8.9497272946103306466447939825662680304371938121537 16.958836916834710441110294382000099598492346743947 12 5
54 23 77820026361 OK 31.071405204974477813903787369721932923913026373830 16.753315016933414679056734280134993860454011569771 12 3
54 35 2029261713045 OK 23.947917150337867973463018722395799732466735286574 17.703919459178861897394015784459977605589419747977 12 3
54 37 2331025133619 OK 5.4774932550045452731770345629169633955456152496312 17.786560957008884963765156965228314096520014161406 12 6
54 41 2746739981895 OK 7.0958584027264462019917911984472614726747502462474 17.911596950934535299453688458670053751942066108740 12 5
54 53 11371880499 OK 10.577654536661285062252407126550523170935114316047 17.556092485949277849083666419146285150805632623003 12 5
55 2 1508361902355 OK 25.956186400027288481999093815117676155871368356240 16.729162542964706080102977366581802442517692723881 4 3
55 24 785540431830 OK 12.699296341895992416611762288471313619906252554676 16.949670201635587810412899229820405565942511171811 8 4
55 28 855943881870 OK 16.559402123119608254308784758048062127381351777314 17.340034162646255573664702927607576485117210793598 12 4
55 34 18339189569085 OK 8.9659186888637122364846038307464368404251882114530 17.700621334199181476796649022903484752654391106322 4 5
55 46 9497022486105 OK 5.4501660688763997568621762882450310478818137740136 18.050508324966149706901240649378044045632605987435 8 6
55 52 14971428241770 OK 8.3731158276594223711617156035498615190482918635926 17.919965278189713839702426255392994132993401345536 4 5
56 5 2039355292170 OK 19.347462624217665637194894457792451204297957284753 17.078281237917818182109572126402719117119375635478 8 3
56 9 1067149265910 OK 5.0315104710803195695096419290557920324951246595041 17.212666335205837107926970849148075218509975502005 8 6
56 13 3608862521082 OK 18.431898775924517284262373025822979278940928063451 17.234856249092301271564622109912461069133349713922 8 4
56 15 3454831302510 OK 5.6397817928494679233122892872538402272597764483740 17.216881134522919806522137090250001211206144518566 8 6
56 19 468317938830 OK 18.022119526812870691106540962822942441823389672365 17.129086079162745132211442205141465941320118179912 8 4
56 27 338758614138 OK 18.685175731075314787193194921121534186337467242729 17.297163697501424001516435867659129131695629846175 12 4
56 29 546895050870 OK 10.540738771151462903318408785832951979824460989633 17.446542878898168490839727613103632670523515063717 12 5
56 33 8956107342798 OK 17.478679843626445725382216087796993140897290331134 17.690147993773606313002178191280764042812577888210 8 4
56 37 12860458441782 OK 17.651889129673283450288793390748288277652731413466 17.878920798065792395792391719889733304813223087577 8 4
56 43 5562228317646 OK 3.5129480779432668187739799581456077220070317309217 18.067942066350719835621201391461265718370344627235 8 8
56 51 12353831250810 OK 22.721703948793999737576435777303436182976581281946 18.085567663680864715875107357909384697597417317816 8 3
56 55 3242157356130 OK 9.0672186373790827196304799207574248742314470361464 17.690684773477714979618211525197622394067256902533 8 5
57 14 8251231992171 OK 25.600420954654823463735455184329172074447817211129 17.300923644296381986618533885695344309463788167195 4 3
57 16 1921333369746 OK 6.4833852608737042839554925641197274705483674914476 17.277062037367915638122763363045971549191730942414 12 6
57 20 4739278935930 OK 16.965458529278871302037834348394017538922439268195 17.177192163108302034674007213913397057446156894650 4 4
57 22 2349381643455 OK 12.016012199791241258328008697461024484586405771558 17.067228474095161193539885454534817392120280655195 4 4
57 28 8089848797730 OK 18.969265649193583180129631046757957163941706185602 17.408527644916188656209376931761207683781112855391 4 3
57 34 21584695555059 OK 5.4912336408168823565528027768161041199034078624211 17.782338472907076978816337481203917937076841104680 4 6
57 50 6815723771535 OK 48.897351161639829824737304503726172118542635395242 18.190690446567312675088637165499326994880221676976 8 2
57 52 28143278782710 OK 19.593171853189507034230909186788063159700233366704 18.153736681710850572550807239224210352716926082741 4 3
58 3 141309409395 OK 5.9874085403213084238229775937516838315020053826946 17.054524505109780542300943983648084442390899616089 4 6
58 5 1744978701585 OK 4.1613354624667470115450832157997845702633917778034 17.208779118382545780809554142228132609444980912905 8 7
58 7 6951441769545 OK 8.6526148358155633373098366024658902597027368766014 17.296619405899941223784609219227120907062152992596 4 5
58 9 395305706859 OK 16.633715062155674345388492590458967122317372082942 17.347456373212768343393911377422199868171629000008 8 4
58 11 9195690229341 OK 10.377250761246775179753776577219893503507071457817 17.372416946179667644324067701536730178290519561508 4 4
58 13 3185525011305 OK 5.2084068491195596170434361926514355952651434861815 17.376805329444388191601585900319987001564330007532 8 6
58 19 6884006758629 OK 5.5234169384718290222518483965197485650203213162354 17.289186178166676846818435390766897298106515007370 4 6
58 21 4645781992131 OK 26.592437849526672753190287797715523917493804746198 17.220634644673732283212913114144228268415982913928 4 3
58 27 657061789755 OK 5.6449969544760702573224633802323474549049068202781 17.356197205339770819148811371877486174998702178097 12 6
58 31 1717869854631 OK 15.046902459841249562169197533660572874046075955104 17.649143298031386346026083733969609820691296676361 12 4
58 33 4127035077165 OK 7.3314636265859505454029646038147169108813393356711 17.767207036437599829501865651411073537116051305937 8 5
58 35 25853885912715 OK 31.012411544787654801538265383203799515472746043522 17.872046509124270585113266606570690269675722607167 4 3
58 41 13198534173363 OK 5.7926658600763024698779205772878206983770734664519 18.114668738735145471611983007009237041751774662012 8 6
58 43 42667541899395 OK 9.7932324019772917014630999366301442357430916689629 18.172301994077326411644996732655648441645656102850 4 5
58 49 120285098493 OK 14.543697259459323180760036759307139476485068670906 18.265035434499916186341614247513585639849006163393 8 4
58 53 31980178932765 OK 28.485467131828915116684139576784206004133696500063 18.220656747551500028931963999112739680956470226958 4 3
59 2 2468656603119 OK 19.587773763430444570091146615643496569699341539669 16.987157049553531836741113085836486111195559070925 4 3
59 4 1605965173890 OK 4.8911810012856920047925565400473865688416072077171 17.206646261814065118383405381024992757207405252632 8 6
59 10 1430372861085 OK 5.9551605138712852543098905224833196609500167816354 17.428959043236778309545134418197149533248805656701 8 6
59 12 1540836677982 OK 25.954284456062266492611901191320810148275622066672 17.444809842203683427256273262124099879664176030608 4 3
59 14 3645973290435 OK 13.325479807214222717416161921278932839055978805990 17.442093818133862792133145465639230578368299260742 8 4
59 16 520294124910 OK 4.7385594352067449849031561807565093393278016633985 17.423077859392835279742483328480420532671666101748 12 7
59 22 161568564927 OK 17.344281912508468288205634136913503078607750307741 17.257663690065402685406708390548662728237830500221 16 4
59 24 430682384370 OK 35.545882811190656010144772733798403373972804823685 17.005201376464189009721596032294685100545133966342 8 3
59 26 3323104349565 OK 10.943084024763554374435556841299144319838320877103 17.267512387811979125145543442844461140063817208475 4 4
59 28 8114715751254 OK 24.699433606766545442018533593404721073431371889691 17.470243002429592783247369818722386273530279735917 4 3
59 36 10265201593710 OK 34.193967578180501494359504659060111358495388101617 17.959408828144222260161395838509036194547708645689 8 3
59 38 36437184456099 OK 25.801157747189081325817410458771057986691193963712 18.048212262582730847608471202261017584634711315626 4 3
59 44 49272600828990 OK 9.8928989176038866091304036367183654222450380364536 18.247148938759664600897108538416576236011702871279 4 5
59 46 51123542055495 OK 10.788968547874872453074498284018135698099073094243 18.290281857348500965773919640756291938590276305889 4 4
59 54 4028517315795 OK 32.412052681805786108701813512612214473688359288489 18.286372965634915151857529722864000493956950427102 12 3
59 56 12409485715830 OK 14.684213478072098860859725167638223972990631621245 18.184696448836767217637157716407119917468465030549 8 4
60 7 8876932585710 OK 10.421209531047868825246398376861718593672264393648 17.424199276216631541016983726251038650686119483165 4 4
60 13 12495299852490 OK 9.7701891800533291963634727341728087827538430500924 17.513036465712701047727659622056713344600785445470 4 5
60 17 11484440931810 OK 10.972326606126914188109564770681997043838682922508 17.479796326249324525211211317491613624111006099181 4 4
60 41 48443853860430 OK 10.253106431940249125441532230884283891375281053012 18.204186304488033838215066163622026937172286243343 4 5
60 49 8343514620210 OK 23.194256937966316125249812360981800375499841902261 18.389279459929925513824607645962794745715055349289 8 3
60 59 10555140900570 OK 11.828008837964878657255469846753618166660678412264 17.945895334880962369927282711865907722857380840902 4 4
61 2 1039706519187 OK 18.402603254848865685708169762464081832203389940010 17.109638217097979691390859976735969904623092047553 8 4
61 6 8795882681355 OK 29.778820258295420247723952204618459011377782002262 17.446856865216010019599268073635559729742040142427 4 3
61 12 28058201598 OK 19.658167479422236125673973292299980473900266818835 17.576596476573584126121259772111622587090837285614 8 3
61 14 2862349453635 OK 11.566748705516366644276190195646724929880888675602 17.577569044413742338680351801326439656837634917458 8 4
61 18 4175749745643 OK 7.2758427941366752286129301338445224997951830337662 17.533931130775279933093600030694346649584489114409 8 5
61 20 380810338230 OK 5.1010212536819851895724964045113489521762602151862 17.490463866012891408120606812750562442906402560654 16 6
61 34 448665977865 OK 5.7883574789695213695676432851713455393387368344377 17.930798439400896985690122489316873280450522920026 12 6
61 36 2380238512890 OK 6.0396479829739764408857282845379516764613370788697 18.034873179591981883070220934208521046418821325748 8 6
61 48 16743631920834 OK 22.472885970898338569905071961937098262653519728679 18.431161304532446117410630748503192838554762700278 12 3
61 50 13301993407395 OK 11.237305356551879978111710136671352417650240820914 18.457185217782092358967709133684089730941946699426 8 4
61 52 21082513917738 OK 9.1028814394361502133188120886607137700803435603629 18.467556816268158087703575693560296734507848580506 8 5
61 54 6298264114485 OK 26.844368596392733638790944905465946573097920446386 18.457000949494926043580442782315427408672033836497 12 3
61 58 31540227597291 OK 44.570658964498463220073398286298109599859151536014 18.310214929737692656468191002581224103473048785920 4 2
61 60 1078318988670 OK 8.5581704076732649401441937830037924773344305053507 18.007015578906746182324577446593539321312490685967 8 5
62 3 5196049986855 OK 33.256448032457363860460959626652553817959462247741 17.300178967469127970447284630899361088039795906527 4 3
62 7 11239827652515 OK 6.3163848311113885726836441110565894976224807433764 17.547385949395382757537469097598114942329815620893 4 6
62 9 4519620046767 OK 10.390650596998891629082359554233278083042426251385 17.602462424009817501875770231338788462247971154352 8 5
62 11 15234811803519 OK 9.2007510604194027011601510170123163087405515032253 17.632884221949505953671900307851710148286474809909 4 5
62 13 461533132515 OK 14.479895561096455744118820550932537231749553830641 17.644013275089193674057010922751157657083447293927 8 4
62 17 5117337472695 OK 10.631783391496866189886525716744878047047766752960 17.619041726335070677812633372587028452727764832885 8 5
62 19 71428142499 OK 13.482285044128467102219795699334002016392396078280 17.585646610930121708011855446396395399220338965789 16 4
62 21 10632792751329 OK 17.691577697288222722196574751735314500790914738871 17.537255219213172543344040784755985727222199422401 4 4
62 35 3781380967665 OK 41.425124972084845389494338369735161952137381302692 18.019509916832932446579202129372085417412712364823 12 3
62 45 3362513004795 OK 35.466435028102186748502385391590580740065889168611 18.414504833318663036259926133492284417133658227398 8 3
62 47 74544501148005 OK 36.681521289506501241747167246384702989892580423881 18.462624020171738335305098357647945144671303912224 4 3
62 49 10908083405037 OK 15.138632516557114879951915385719118229322779900068 18.499571197484032998101081180822270733865063672143 8 4
62 51 75557212525641 OK 13.276372041172883463755261842497549448735986389023 18.523834474215439052528891989297229981048136503044 4 4
62 53 3410723851395 OK 6.1769312974377959667851496308921716983899488253442 18.532624460029398551279691660603528657460040657879 8 6
62 55 21337678497135 OK 4.9864167687647275081061891347456722397833958228918 18.520642711382736838516168802420155352291102896876 8 6
62 57 52150436497635 OK 13.276490506530742761613127825301362465263935222438 18.476714453243403111079359451662630946908582977933 4 4
62 61 13304079331431 OK 9.9533269099880097697232651259396644658739051548024 18.067133559532375106137509831287739280481021184766 4 5
63 2 1303740139065 OK 5.8412351086119130655583483270292282180465663055236 17.228152431650883931791283168088684487061981348358 8 6
63 8 8077328490 OK 4.0540633552875126535122258893316242050312825327764 17.638974550397771465265798657261635882337679256295 8 7
63 10 5436192248445 OK 12.146292645735649795822141542778936439034320639123 17.681876220833560005336589658081556339997878591774 8 4
63 16 1516124633898 OK 9.5654614339345747499258944343711158086557295702465 17.697061295798908942635591472452711511790099978035 12 5
63 20 4787263195890 OK 21.488772046114456360419012164953836642747173299922 17.635034400488181397634400799638073217435419389772 8 3
63 40 9845048008110 OK 11.713740641997497633027750278549872460006815642963 18.287766300899313053633262094915446877706047309213 8 4
63 46 26993176104993 OK 26.415194878914399392454444977521651491737392855144 18.485616720894640053209648798742786728740664520807 8 3
64 1 45734709930 OK 5.2856492317552611965585578930122141720663934337052 17.057396255330937102646838018175287383363371425859 20 6
64 7 882470616594 OK 14.843202647841412138184875589738919240134354008922 17.666478020512921969347897378460464690222358838368 20 4
64 9 356366284890 OK 7.9628598565791621742658713080029572931335387004595 17.723371969517602979141238157950218838381395048477 20 5
64 17 46781160762 OK 3.0952739964889980894588382785839462436361825441792 17.752632737090398491664448047303985238968124319706 20 8
64 19 380164283310 OK 13.902953988503666316565229387387903566898659137347 17.723980920820685836682600381360079676472956266141 20 4
64 21 941581370310 OK 29.760044591126719896501376789066616618793971667428 17.682095572541890332642406346793191910768773127125 20 3
64 25 62750161110 OK 17.733483907110160904503714865018237833458046766089 17.504987372418122485263029068569397646189954514069 20 4
64 27 12267603894 OK 10.096656093556919910917869765922169728135471020620 17.356088744213479338756124253299406847172325886232 20 5
64 37 48025255782 OK 4.9494410740435275895898135788370591868537933293233 18.190054373409203070099991402345293925925372153431 20 7
64 39 734686764630 OK 4.6088062489518903506202316648840951127238790234751 18.282571391121403249777360499788912157208803890004 20 7
64 41 4299088520370 OK 7.1722872002061472312210300652871841691919727863332 18.365096980024756397167194549998501950842192219114 20 6
64 49 865313477070 OK 11.042559781579825877651650402625483743455080094774 18.599321792752483751232139086642362901888589444320 20 5
64 55 1901239731930 OK 4.1169602012586219454292114222839921833074098794964 18.659358812892183952477243743423733661174791771877 20 7
65 2 1623256835655 OK 19.549901021793002334537080360983367691454245441545 17.342949058056543244365405069324197859825462212666 8 3
65 4 9545534404770 OK 9.2157742541509292477597909580204831091690609404448 17.564483841004685301250409925116930302044888527548 4 5
65 6 13836969055455 OK 7.9654512642292106489371027402937444545530688936251 17.683658498216557134207461143983521998313722203601 4 5
65 16 31194511530 OK 4.7520810418780694604302909484442816499818480490959 17.826025322588393099561952638207688640696839495649 16 7
65 22 15555335811015 OK 8.4805753544138544323413374448231189728824686352078 17.726711738257127021593622794715107798495021513743 4 5
65 24 221559726570 OK 5.2731087731524785248935840640769651034007484002370 17.656519649728210733455981282875144528018094582524 8 6
65 34 11437130890185 OK 5.5154571943008600684144342253160125633911566824938 18.062636802963861527067009872276882634975971449007 8 6
65 38 6361384286985 OK 11.398588799204120921999954390296158094098611968509 18.272132512362533489596063609507165018436827432073 12 4
65 48 26406968889210 OK 6.7156897410483189368125194910538570396986599682718 18.623663680105419878762276696637983463378988131500 12 6
65 56 1555928744370 OK 7.1822357746037026555357855742359627451193488512093 18.721103729209174789599458227504696892948413471194 8 6
65 58 91066141162815 OK 16.901695851181261950691999638568745837630740095243 18.705158009704313105797935008941063236179604011288 4 4
65 62 49762087896885 OK 13.959370207268345994568523845112365425621348854873 18.549040253007597617698833013327710542086403755913 4 4
65 64 1160580578430 OK 17.641656713758119659969592022346056264064431794497 18.241789760743327682144648451769773586854476773722 20 4
66 7 17606521827741 OK 18.219791611972331423719462391659552405827741216733 17.781744135359438193470468195962320625271647150755 4 4
66 13 26200270895799 OK 10.782070895146073363398346112824471658835153413987 17.891791116126257188688742465227793277249974481955 4 4
66 29 7731346413945 OK 10.415710933105333682097803427793666957863601119777 17.705474561692762572361840407749603707055015132594 4 4
66 31 18124082214315 OK 30.572978425066830055010994751909650847336496946465 17.894579937658838490235659093430173292607185082855 4 3
66 35 41736640301895 OK 21.482161742260717058504978603722295165723366402036 18.150696760585475282551172189667442937112092236638 4 3
66 37 54456299962449 OK 10.036817023369725865040449345050057143628956881559 18.256699063840503861947543193941503145943277962474 4 5
66 41 16021892708745 OK 19.977516227268775240793489699624195814309496283609 18.438069999557886231778244981480176317710004095574 8 3
66 43 13178727551913 OK 18.287393667124544131234282446854520752680290157944 18.514665853399237295809256482213187651973941203926 4 4
66 61 82359860189145 OK 7.7943076402388339158466969532122428381556559289328 18.716001483904869872835081577146408472111283381336 4 5
67 6 17169616423029 OK 7.1561395040598292275079043766133292327330421773497 17.796476988447490437049629895932022393791797521351 4 5
67 12 28459450725090 OK 12.391038040465440791641780072165431318571421934471 17.944143503136494553466865147722333631321378680962 4 4
67 26 7973063160699 OK 20.062539486966336090056657155150978520948771620881 17.702926570819067853957233843616255843023580322173 4 3
67 40 4383831814530 OK 13.572493238367817607107360220475918136634248231378 18.430437494472868976123293289569960766984699030021 12 4
67 56 69140578135398 OK 12.184759444017635380912735417720596862324967922993 18.839771186934414223328437794759004264895854666053 8 4
67 58 101387498415 OK 4.0928577346577312607258074379289009388937068543918 18.841529726236718676852963751218463218431376658320 12 7
67 62 91910180968935 OK 10.001178574761120741468303519136565723186468494158 18.773453789372888805351972729802016762069816511194 4 5
67 66 22995328732761 OK 4.4292503537439755832808993050091407711702730696194 18.353769617131052585190593200665342011828752430822 4 7
68 1 3356406742206 OK 21.568848217251563068275902306988953525732474952971 17.279779505725531103455742944347919946688207859911 4 3
68 5 5391604184610 OK 25.456320964279286883136531197219864012345203307232 17.798856335228029393616947973688242480839080444697 8 3
68 7 4360696384170 OK 8.2504445261125396182978525372877376854387780052016 17.893426918693095683593385097017183501893554128478 8 5
68 11 30379864969146 OK 13.733322773358907464035621035212197792525456706149 17.990275272217863037837150341784383342768547912264 4 4
68 13 174211026990 OK 4.4851105504265839998315952188999902156334067912745 18.009275802981356208513594348253873869788543502719 16 7
68 15 34077717947490 OK 33.582035138549951678530976838287755097582406623694 18.013465196601621923489535478871501020267491617179 4 3
68 19 4522731799782 OK 4.2522069517851323198534319949195770765622013921453 17.984050645728831187374427706169346811248591554865 8 7
68 21 27897672036486 OK 12.317520801287264303171884695720209346968306036505 17.952137976705793524742079949585645080361680762096 4 4
68 23 7455615342630 OK 8.9017189939821592828322457399292571170407633035233 17.907597991962907072060598604065983077564749929515 8 5
68 25 430429605690 OK 28.678543868681239893839990020634061380556675883469 17.841669993944259700417478065183420173412277565805 8 3
68 27 670403434890 OK 10.403310870970379986019328788561779481722646562752 17.701117098250167514429241187415183118718032417974 12 5
68 31 5607283401258 OK 6.5750607671473221913836348956810394210183784169973 17.938856658433429187610728565462451998076586140127 8 6
68 43 21501130845390 OK 40.084211804143068091369393316970941896880045522241 18.586699541878643788778009143200918026253798477042 8 3
68 45 40692011478510 OK 6.0647955992453822548469227292983494032163120094645 18.657943757483473490334487699232726152774956165500 8 6
68 53 14468386725870 OK 6.5279548126513981636732660153384715392298776334873 18.857892126983777257472430432357934051576879157802 8 6
68 57 6203844872610 OK 12.308666486202266377008371618062116691038395189787 18.899772301737198549271899199030041314477503484508 12 4
68 59 48209729372322 OK 23.352453066362052238715100525806997759311479409338 18.900277701851906044636742021779470195870044531095 8 3
68 67 2836462600230 OK 32.073769674239721357520049153775209304090345734533 18.408502543986116041851126825593808473197012887960 12 3
69 8 13510136260698 OK 9.2268877720592380019052967703684758539193829293844 17.981747540034273160345410817980133059145735015598 8 5
69 16 1369473030870 OK 3.8695992818902504777249441045648051811752027393891 18.069941238193802096074581687668208925263880483264 12 7
69 20 4900827936270 OK 11.208846344836604514597410091154204264121445060972 18.032413986116914572652591139233525962340552656499 8 4
69 28 3403945630806 OK 8.4566671419675042449666033875910722989624979018684 17.650955570108642216377137905211882355287753202101 4 5
69 32 2854890141222 OK 39.119453852654216780786371352527312718348991731248 18.041566254792651365454666779959495759126466328608 16 3
69 38 71738844122589 OK 18.786530653315111980790507279340710077612865687222 18.401148091415282675655180339684101272325332851563 4 4
69 40 44665405762110 OK 7.0650014883164490482156092309646601209200028817415 18.495889378685345175338587708909048953613182350554 8 6
69 44 24776850397530 OK 6.6864189055745943858205855445221655681749839088007 18.658631801763875560539337000732096135939590567355 8 6
69 52 15855940606506 OK 6.8985604271146636975216169341198897305368839080599 18.884527016722809924473198632079247216541188260470 8 6
69 58 173628836190579 OK 32.989644419466649125343188593307703817193528614256 18.958793912240123370209917357121527687782216347921 4 3
69 62 141939793013361 OK 45.978462269619732061240659845595278161727692068348 18.937492029072110969966087929111401737031256666486 4 2
70 23 30743336730855 OK 5.2724447335790682051134927428079130430288991827772 18.039835240397947492108074616012159222079225031136 4 6
70 27 1361532460155 OK 27.598094050111724643238344929425031429566768524692 17.890244592095203341835599676976339068965578637190 12 3
70 41 6137003043255 OK 8.2111397934545690742437762309010308760143097415127 18.571916466044024556346284928800323770322504491855 4 5
70 47 53201376554235 OK 12.746611500194829855054717387981442044430971897259 18.795461823871474502213630020276393711259573208856 8 4
70 51 17046906349935 OK 11.529287492072271612189319313677221387879187065486 18.904487463481113274626371500839967815773699104038 8 4
70 67 84636119582805 OK 26.456685980768080120286549421031608569937798466092 18.827212905514638233137531616023897116076761480081 4 3
71 6 25931094053865 OK 15.480915626758392665343046948514270774745199075990 18.012070028180073119214704122274220864758334086368 4 4
71 8 5531379214074 OK 8.8036515146918265710361694550182709471819726076978 18.089071804261070404304243529898991556653146980725 8 5
71 12 43969178791146 OK 15.887601601180746538991568349657491608483644643917 18.169157170419442201113947529637548731134320107414 4 4
71 14 47008006182165 OK 16.232734616288567410302530079225982669006771355271 18.183951951473171832646116306302075041120054979989 4 4
71 26 7282041040365 OK 24.402995442984882166821383205368628859560904008939 18.018489712186596450936761956601479964143333830555 8 3
71 32 2573506611858 OK 13.471037935224020551083828574545985428368238320347 18.079654860965913833003771591106722254263477905131 16 4
71 34 38528109541005 OK 41.006267787721065421296880297306497958025357718693 18.231301859866593264565454064614845593066007329381 4 3
71 40 49892994528090 OK 34.083970672149343664162629421386798389383536026354 18.557964480382730020907239403712707177174587304693 8 3
71 46 1551751905795 OK 17.033218901801037498306115038343619774250187901956 18.798073506743499655271427953289765319318338571929 8 4
71 48 45433676307894 OK 5.5108017451357290228125566856361674341023904460932 18.862208590755875537873638406910549695491708366762 12 6
71 58 224508168147081 OK 24.921178975064783728164252508640826760543392041992 19.062765028910479861492600578414134306968220530170 4 3
71 60 216430487004270 OK 33.532597452202227272939466061026541022121702907643 19.074024569061076757046627128607418054571035692087 4 3
71 64 1218127900290 OK 6.7854476742136973211793563711238578620343651195840 19.048334905647019077356460686013093578114732282230 20 6
71 70 34612333381815 OK 10.628663426169412335707894110586716986065215820447 18.567963190793254431764994206758302037994811311755 4 5
72 7 5467700562870 OK 6.3995737540102485432829204519920540875239282290616 18.106902162995445402531305477540873851676172657421 8 6
72 11 64935921666 OK 5.2841750755794349241230419130027628327465769891894 18.209737936260825450620843027819470080924235438444 8 6
72 13 8467203623970 OK 5.0747132959080046180876827290860910597610649689124 18.232879905907962588528217054315529194489197481507 8 6
72 19 8673790087326 OK 11.969422376505388483986776228358160104014266505358 18.224984358727821358922429246934748316194792867403 8 4
72 23 981909725370 OK 3.8103665535417561505140364774692976355503624561978 18.166335126519417334535990949896388182938696094945 8 7
72 29 1075088377986 OK 11.117053887689145138530737875250051208345872833700 17.868656327500216119030728378938915828327004253402 8 4
72 31 1644450820026 OK 5.1184272662057951700614838487455016758521309325103 17.966802337371380857606748774168421912542089032560 8 6
72 35 8087694577410 OK 23.940116517270807393464277898789244647276514638123 18.320409758938766185812352851203344195862317965373 8 3
72 41 56744585562 OK 6.8691533521454415036630978075736634270807216357467 18.633643129076955301647683671020049488438680283339 8 6
72 43 23419733554770 OK 26.714757315123295671360486641006160452046195275032 18.718937760148120142705999450398002531813066340870 8 3
72 49 446738791422 OK 12.241127262842779830627425059728462282061239486398 18.927685338525083879818603679511820403485690636392 8 4
72 55 41369655333930 OK 4.9634715036723741173536162316858621118957468259507 19.068280585186748389843366535616389345833863097022 8 7
72 59 41767368731634 OK 15.298741204925373248519470133854414682019799107719 19.120223255100232942154490450311395893984783476820 8 4
72 71 6366523549386 OK 8.7267175883996691801142039050594611677987971555863 18.619611894624399210789760473841013481525641533702 8 5
73 2 2197879215945 OK 8.5276491977247170260910370175141634607646907180678 17.769201968326744292174293277817980154567163214558 8 5
73 4 21631822640274 OK 16.513170840300312476002386249474082237556352940278 17.992715466882389487712242124038386065139993043999 4 4
73 6 31585530701991 OK 31.108319293373497755657519714270177115298594468132 18.115233445581535225952846834861335378694676553589 4 3
73 16 15019383628914 OK 8.6697595538940406352680105806527738789079740999369 18.297379300011623881184615075336298996810564439705 12 5
73 22 51188084128335 OK 5.8624942717898544759466060893090891524048963216853 18.245117808942211005971963917872025833112506348816 4 6
73 32 2070729168270 OK 8.2889640277644680672930763479396869909805997732582 18.099902257354238418363205120170011603379015790122 16 5
73 42 136039476903855 OK 33.420572970778283321006766294090962769980736010277 18.707620230063078031424000213818613458023622497694 4 3
73 44 54047159388222 OK 23.549315382426888950968189697948412913265533156148 18.790083838748081298101348628932346857458805532531 8 3
73 48 962671065510 OK 8.7585891041869287684149165077848133824915042473315 18.932024013089456216514198997540294246633679769597 12 5
73 50 46762428042015 OK 16.797564207988706508262788132809368770378232588481 18.991941656187307123240332709747586020922050235649 8 4
73 52 10113536834310 OK 19.597262152297159712482240649389953897839379236618 19.044594296980062723344928032664281708899710055066 12 4
73 56 139041807487842 OK 19.073487463607675399688011481232626190319890805945 19.127476362492427829528788019102425179236625402295 8 4
73 60 279248141535090 OK 8.4597667894202393301818122301665327713000304723293 19.176779268099182789438953251200722249325175501195 4 5
73 64 5147917560282 OK 41.244156204818712323277517125719357082444053635064 19.180565933388362614484262121897302017404099133185 20 3
73 70 114283642578105 OK 22.900644505331629382419638843054930255988167516173 18.984511264362651531284795887654619836281110829506 4 3
74 3 18017568845661 OK 7.8261526949533435772580548152066591787509763697843 17.951260511726467297327123648393597690029479064182 4 5
74 9 527984269995 OK 10.256962727229435763965971094288012527833118213524 18.272896651651110554428073045330597931836760441020 8 5
74 11 18907498058295 OK 11.432346966793421153412073783944549957061596794093 18.314536480246667287699470048286583965168892841326 8 4
74 17 67127531852199 OK 23.515128211405872680281376604527730066940681349777 18.350285343603736133816856440416450550447383543724 4 3
74 19 9377902630635 OK 10.802214342843728323960763300037056680137362808308 18.339171926162446266256986817774534497261644773125 4 4
74 21 61388446486395 OK 5.9601885247355498008447686645243557667730725688938 18.318252015769179716771814943925899753662674484178 4 6
74 23 54247019313921 OK 45.766748727360631532277639387496312785195032479672 18.287791546848630637562151013386550994062313554058 4 2
74 25 420606459735 OK 11.769670595022349247885226546149700975180866891722 18.246535413386430184131992691408079008611701122834 8 4
74 29 103593326865 OK 31.690155392118455993989468035902302279517883681414 18.077787545675100701963569532104207164582094482791 8 3
74 41 129064210721985 OK 20.952352291606506976847789262968506750964554366354 18.692347918617028879286299403480352331874578136353 4 3
74 53 284592080409189 OK 21.768369403367261954043611651086054073576510120840 19.105895495104695919676758251381052149913396417233 4 3
74 59 314732407407915 OK 22.622546452214350499397136057734899967794558212900 19.213685932969274887681984626605938944252314504650 4 3
74 61 34515912807285 OK 28.969961458618549724526332563582894360677538960106 19.232461417628029169323719278165214786888182792795 12 3
74 67 238200415383651 OK 15.500495072978939196201215913346255578840097071456 19.208530835061066185081428185195200111006341595348 4 4
74 71 125963454623055 OK 8.3200340204121898482021520424467281415558315291888 19.035478237194710956362032265094053421141352611097 4 5
75 4 5233345245870 OK 11.604247952441485442150169849515058158852315469663 18.092350464455908820294982996787558097893126499273 8 4
75 28 5891540617410 OK 33.987253619391406841670819163106813234600402152264 18.215973562334719152387340910523645741645578405104 8 3
75 32 258226385970 OK 23.566036966031548883808928317221255178218284905517 18.078690249496712438819958678318754533347494049899 16 3
75 52 59588475975210 OK 14.207287687525552582357703351622487802203026005935 19.116976990887572070268647616882921054300311199564 8 4
75 56 33642878604510 OK 13.695753253425403675619820849512339596550917640271 19.208261068924054306843042651814028372077424969592 8 4
75 62 69001083768435 OK 17.658969638747512534813170728613268311119884849914 19.287296718857538212662875612785008693739434551977 8 4
75 64 4120142433330 OK 5.8487154469479339553729337350544342989848079474775 19.294035898962904374780658880657246424307872506799 20 6
76 1 1462744896690 OK 14.617628134579092532654680738145956840297187292988 17.687750669166377162231229227730310736202197729219 8 4
76 3 3104079710802 OK 15.260568427504855942630248033022590779956869197830 18.049329583712895709327076407097989544310236375380 4 4
76 5 1315129348470 OK 6.1547279489591684133715649039502435890027461616198 18.210314453641869412276191912571552261601737604145 16 6
76 15 81048289028070 OK 12.875152259102843637249875539765403204979377268365 18.456217555818259620234798579347690671913949617498 4 4
76 23 23401724733618 OK 5.0748512602707779022746546839655034455046495442410 18.404713998960684427873722661245476129468198324471 8 6
76 27 709284328242 OK 34.257828939596127580952362218643506604397907362681 18.318272562909159292946314206752142716310247436836 12 3
76 37 75642030761934 OK 20.176351439554753406756298441660201655155151194703 18.539944818911354488815026668378713425483329504037 4 3
76 39 107428485399690 OK 8.9770695035990775998167573602559216063431140742655 18.649760809744803369050089207879266918129174669998 4 5
76 43 175163356212306 OK 20.798475889801239291037951146967518006674251094815 18.838067201334639334361867063954463734754605837520 4 3
76 51 8792478469110 OK 16.425034788694025749573885093270211475515502797155 19.123592096223524509153238736154069743486975836329 8 4
76 55 358323642394410 OK 25.174773626613527658866592253027165146690117326522 19.225364963037644459034662299872120709119412987256 4 3
76 59 42968579608290 OK 13.747018932099265349322657186728252530484251211068 19.299371954384315266034346084145422457733749535065 12 4
76 63 127521349850622 OK 8.9410573074435941864805806300035046975300082600535 19.341310935895395677277402558241841096614829790390 8 5
76 65 364742052705030 OK 8.2618348381888952309717691332307733468861717086104 19.347013282727834230130892035061860056003180526869 4 5
76 69 289999591872270 OK 12.585224016590999993201517924391078971945417429646 19.311550886154415461075046789694631707643244621216 4 4
76 71 32840970878310 OK 5.9553501811737784877208019227515868585602869296700 19.253548958969729998354636095521156388665996906644 8 6
77 6 46111655202459 OK 11.583886381117018920803959351861476430707844781922 18.313144471032633838573496481140604570306175507180 4 4
77 18 30727178744955 OK 29.628851145071813108267188994211916812200223275750 18.508236939786545975346061446957841188080906149169 8 3
77 20 89759165872530 OK 9.3538055868084496111287257832600983528937162602962 18.496294608938366593499182027811636586956649431105 4 5
77 24 37081928789598 OK 5.9395238061283573754774276696988129632126433907146 18.445597509568078202223191325767017986876619587275 8 6
77 30 22922882816295 OK 7.4503549736524267513866425905759499930233880997031 18.250693415362002202505270041638384267334170342151 4 5
77 38 92719227445845 OK 8.8184155243750403175235945692208330762459821784513 18.621394118904264584277468231032116330923716189065 4 5
77 46 240698210507601 OK 12.858182039867121787929545400032423101227967323827 18.988022138816510733579398347262165997809224857575 4 4
77 54 41814250385061 OK 6.5827359700330821959503395182893712470127523029239 19.237656858605079070442009202141816212318324365393 12 6
77 62 432079486389705 OK 13.913151102244176273419814132062515893638811633134 19.379147469010661078241011582136249442408360352611 4 4
77 64 26472645052854 OK 6.5288968311667281829945095540047667418673507122481 19.394528658780075353943796456999712453353533931654 20 6
77 74 9843733070787 OK 20.399955990597764790325544829702047261067326654307 19.184258486923379568898586893765310246605050899713 4 3
77 76 20438023849782 OK 4.6231589892000852129836970449806635857085462279723 18.867474575874077454230882952754425504186843293393 8 7
78 1 8772680978061 OK 30.898156105975602921427141110567847663578835934120 17.783023345144685320888529778511968308050770480047 4 3
78 19 101639723722719 OK 4.2699019538903879494519172610618791866865268603566 18.556426826317299757602141433496548670563968212461 4 7
78 23 89612704816635 OK 5.5267659820751436503609669621684212089106630962111 18.517501130617715126070270096266807422518855476187 4 6
78 35 41133118327665 OK 13.019949769609438106677618259242933744615591158763 18.442773642626881571565200748501496925121900731706 4 4
78 37 75417873622455 OK 23.544829494285636042790720433579320278794916963948 18.585874457367643174598672292444729877139890217754 4 3
78 43 17472470170155 OK 5.2606139438133142203564770004796626889311608433199 18.893469223677435475608954241527287247391594778016 8 6
78 49 45111171842373 OK 8.9882109533314637066565410953660571479668279227874 19.124770870321293818923215824806499314712738883148 8 5
78 53 78030077513115 OK 28.851928927678785444304391174236894171420819467843 19.245610477172374841885643324128418691529621150651 8 3
78 59 466809926740521 OK 16.672994075697119664717992222442829700829349987108 19.378716852504622635537567672199492360827476977934 4 4
78 61 477668135397999 OK 6.8775892309285869580003613979704066409201687400677 19.409527584256753806414197378414484759629915717290 4 6
78 77 126937425615 OK 7.3175337210096859798268695731580572983116928525664 18.915097944140511653290623064940117225697678364990 6 5
79 8 123456771102 OK 25.554302545068619583697932892134033729419508254431 18.488882740633021010885719226830330500798163489980 8 3
79 16 9276454097610 OK 13.701754526492217581798266374106274994778597198283 18.612291319153558391124637540595688541743698398465 12 4
79 22 105362029320009 OK 14.615388419200236795205974745065159044602319902710 18.584636904843374740293495657439450125051033230524 4 4
79 24 6794717143830 OK 16.398853917509025583338121126960751841568812945996 18.558167383791743308332151468909971921608504957293 8 4
79 26 80548294973055 OK 5.2692507223593647098243611331184160576532445611560 18.522779303989514680977235090052744615705717441299 4 6
79 32 1363330302558 OK 23.986464394074151814881798753582024793395165671668 18.205357992857781300498435697172906159113561160890 16 3
79 36 377914177830 OK 24.584578519978173676879591595823053576708262723440 18.537514533297511385255167398073922502481095968408 8 3
79 38 31289627443893 OK 27.902031827944573494802606520181435921235325098250 18.668340923549107289050574540191144380791313472539 8 3
79 40 67474478026410 OK 11.258750621884378957581965112077476931186246739299 18.777385443099611461458514412818669739130311328345 8 5
79 48 78409682700006 OK 13.938767903538681224791859421576880305362626991411 19.119833139603415179726214596325704980152069847916 12 4
79 52 44390983896714 OK 30.098380871159959430105445363000359553999454626157 19.249584312990400836857928160101520607582215001490 12 3
79 54 9730437979395 OK 5.6716844272393737238615228902212413820805926927120 19.305035953394275652176249175840117718473212090152 12 6
79 64 33095076304290 OK 4.3993832895278898489713560745683091057737441629307 19.485364308966344771115131127561524613314283673234 20 7
79 66 516923970568005 OK 35.171134781513794125645136926796015065493060507584 19.498667533157130790800169398891248498592936984428 4 3
79 68 70000258722702 OK 33.206326909791517047381084125832503743780947322531 19.501455160121388800596698723165714110373488192017 8 3
79 74 14493903427605 OK 15.607307238202798604714826642672119167359877108524 19.400532410685895379967985076449924455385789802474 8 4
80 1 96984194370 OK 5.0689910120397594776835337804458130442782855336930 17.875882368687935143229552815526419363860744434647 16 6
80 17 10369972983090 OK 44.112875029520280489687626450259723305603299565723 18.663746600170511950342858500044819387914732555930 12 3
80 29 15110115188910 OK 8.5568677703473148017303449341946192330027363455550 18.505853806115062510596379566354958507536583840099 12 5
80 31 1199802615270 OK 15.894025896833599879303184423595013343614041502367 18.415258027925267847897606752781213551509990742753 12 4
80 33 575425234230 OK 8.2215142824732014839408894867814066426272673779550 17.985929343491223598592197217406056310212762071454 12 5
80 39 28795145714790 OK 20.810245876299279266817247551157340539641943231599 18.748045534979177126310444466050576492226455654823 12 3
80 41 3652292353710 OK 4.3955405986399708534593038390247640313114154885786 18.852343441594472674856169766101163347060169732407 12 7
80 43 52098954047070 OK 7.2183404811431031050222932388004463784232845106446 18.946378050441116717737579158141916790034822514651 12 6
80 49 12729424568070 OK 20.834590348263009149692977136484553802021177726899 19.183840451407169096444247467266502895460222146537 12 3
80 59 138798137696190 OK 41.428109655783782792570735222099399175514154008177 19.452747073893033065917624113593549908732960675348 12 3
80 63 48854091175890 OK 12.569021329106395772790580722875904504431718999526 19.516385094474458968131639181095189007713886437967 12 4
80 69 134799132973890 OK 5.1216268770441712875532050059076507922121033059233 19.551508888274780534506601731717720421835830721481 12 7
80 77 3233321643090 OK 8.6648264514152238942177604479730918659665725954035 19.327232427378343670467891092791995992323513798063 12 5
81 4 1665720341670 OK 20.191077332644741064436472056705471882806843209664 18.375901054006885828167352181572393180540641775016 16 4
81 10 3791326526715 OK 8.9651897669024951619659467457451773779921389479103 18.637880156530317682127057571325160886999979182504 16 5
81 16 1249697442630 OK 3.6884355579237731182132668082160507787682399799090 18.711125709477674742092416064350335862902284152603 16 8
81 20 5075491130430 OK 19.346838278523983944416970774427723406590740381509 18.705925018351851416278941414346821924644405680328 16 4
81 22 4858673857653 OK 7.7049635016397499579121552455010815848085409660912 18.690394409752784468782525484683809656485560002505 16 5
81 38 3416216037843 OK 28.488888190383533197034652002947836873560712482319 18.710915793951122535801370458300750712023772752638 16 3
81 44 359190837390 OK 4.4113476652413551651195093879618248988805762366947 19.016384162340077242070475074358992508633418847913 16 7
81 56 2030314982430 OK 21.446871807021027896930117332575911694061526497383 19.420904411165431839151302841023924343918469533086 16 3
81 62 23625634839807 OK 4.8116281737613522914105762306945895757250569296136 19.541346218978849927833459432737060573467687881428 16 7
81 64 1499989953210 OK 7.1515619283633026798672357001095332301503733596124 19.568639056036855574792775205317344619741611368066 20 6
81 70 21946546000995 OK 21.571447616354846308308577324119593313887813720148 19.600881911472535280043106080983621660762382878761 16 3
82 9 34277596868697 OK 8.6394882406242468352862742900384282893696617981224 18.658696893049611237697621801592162672571662460150 8 5
82 11 120146088529929 OK 10.162291952487933595988589240952046295408471050607 18.705153528194070506807087681774270577541551496200 4 5
82 13 134241459712815 OK 14.448303735424282860648569805738573137953071325428 18.736022396380303539432393928016339238804319588278 4 4
82 17 50288426453265 OK 3.8055102775772217337981220572405276961432775682690 18.762119818982600777092293460749205559349187036709 8 7
82 27 12043591960785 OK 11.995008771806334950748565845950705453812069393442 18.671617373656364018689575351987329592864618505901 12 4
82 33 2683137283365 OK 20.780362223072938573908238703714857362866844458849 18.393335576524045322916105441008623322250525746307 8 3
82 37 22054311679155 OK 5.1165214287381814154467024945462124299769277835848 18.659108603472907054212066515821009269616864091899 8 6
82 45 93585454973115 OK 26.466729864995990854838437197512355386273847566972 19.084902300108244244800073333863375286800221275415 8 3
82 49 56934487245867 OK 23.412836588497099463560307891170512693647892132221 19.240140039991541205442903823539167241879999931082 8 3
82 53 56926695882945 OK 6.3756912549641324958114154690650998767272836641444 19.370487707445610083367589862959268425952768211832 12 6
82 63 235213445838945 OK 13.154445096443458762048315932025668442129570253502 19.593941678205722911613013421076583678431427843285 8 4
82 77 398644856733585 OK 38.437367972964424825201239006593527670488269158147 19.541839609872938977371009207594544755285674274647 4 3
83 6 78445788380421 OK 16.293203219129696546587851199333400029259917769909 18.591126997926843136723614901759523923423541826474 4 4
83 8 10155093320190 OK 6.5189089317659065409646833575253442223098060874524 18.673269465139230189912665921258054735844573256435 8 6
83 10 122093323147635 OK 9.4598353735726711995716267873012332059542656718082 18.729807505070020014047649185197976708818415508054 4 5
83 12 19927068181230 OK 43.773373574833102071045829789257066993715779665210 18.768532531294939471845972195654521663072845657608 4 2
83 18 7979850506355 OK 15.313466826457911453698418514978497716256688309057 18.811014829207176568767193634301426901533913111829 8 4
83 26 133898975734251 OK 7.5284381209498670562076927999332862259794461133719 18.743650541319263193372560641855240600943399813882 4 5
83 28 111142713045210 OK 4.8673839183210092511929998667332550200001274301175 18.706502608646750913834391483719535313270378546205 4 6
83 30 82524303430905 OK 37.557003385024370539168694715635752648609171004964 18.655821113267044864034087446988227564779094798883 4 3
83 34 390038453259 OK 31.109289260847209670581740967427467276612089541237 18.293117620405444077157840876686278770380357619910 8 3
83 36 12341523006078 OK 13.423850451132159445768281941325878845347062601833 18.570280065167139569867972395592086817821536072340 8 4
83 38 2639217421995 OK 19.255731009183932590474961817212739361503710263833 18.747561280823938049702993598367644510595289602644 8 4
83 42 7983545858085 OK 41.084310255144538790654680237890379517918229650992 18.973721696778501368217287315492227770135537552240 12 3
83 48 96965716160670 OK 22.740044672790095388418279572144228248813293616585 19.230472723911677962593069383402169480413849797757 12 3
83 52 57194979280530 OK 14.987535558157451832008044450603367986997203575281 19.368851779093324686096812735141444751076552309505 12 4
83 54 63876198256059 OK 13.322153475275154687215573046496856720093006413316 19.429234347385615083148092106258597528743211453778 12 4
83 58 136217654293665 OK 30.874121836262022624737888766902386418249227726502 19.533020327119625793222296599828506195721407586183 8 3
83 70 252439471378185 OK 11.312420650077027564783720681005643735998176565490 19.698354577112073632227505914269605511368805205074 8 5
83 72 118824438766110 OK 9.7790569594641240908076768588208276171048099781906 19.697658841851619930825752055249685920615903576378 8 5
83 78 435173075898015 OK 30.206115192440628760028184312479715585247077757343 19.587755093201225403402216823981827681828105673826 4 3
83 80 10211647395390 OK 11.866858447370641466703716108846514503038634863607 19.464836561475581998461599593662804349494564376732 12 4
84 1 14739881984310 OK 14.058235538631746948446714768432378207529995066364 18.054828074601660517783965353688727828097958274690 4 4
84 5 71949388810110 OK 13.888405362405999204023867604810897618283169745279 18.579925838855446262153383221834610057570838395837 4 4
84 17 181841368025814 OK 23.273026090917165759362718462874544887457331596859 18.857737758234861721394098873950435794890861282021 4 3
84 23 174469393106106 OK 13.950921562346120011334604265534366678119558960853 18.834087467267310323670173558058073517459763087877 4 4
84 29 112714160690670 OK 19.484225923549458866959594077257802335242624029785 18.739749043589288136919710633400382962086411146899 4 3
84 31 79561331310090 OK 19.369199319237229005689273456115135315299159561021 18.682786407788310209409310374484714405776422185550 4 3
84 41 6869217431370 OK 12.185202446867120811349634316075951753773840869160 18.945845275936223170711554530065820151008483494867 12 4
84 59 151428077430630 OK 28.506916656021494223763851479388418052640477905364 19.587748698489293194022742198536422401784269279749 8 3
84 61 47194164269490 OK 8.8809101027642290336135653624734426188667422865369 19.629869492537643159020887225809399317590741508067 4 5
84 65 859669727850570 OK 6.0867677649062193407564974836825390289645125577503 19.696855124299966429686912402542630489292241403037 4 6
84 67 867605041610286 OK 11.979073818752873284810478285881234747612364501812 19.720973080878103189594847693459844426395737911342 4 4
84 71 830508388052070 OK 9.2538806193563832757237491753953375512318738885916 19.746600417508329914465352048944901080471625819526 4 5
84 83 113176511728014 OK 30.854646112686905298358849358342518392495385411998 19.188535718789130313654888158144706573561090398839 4 3
85 2 31933540117185 OK 7.1695536351371437694832253273999115248900965625122 18.327896111511489859981771844903523773177734791658 4 5
85 4 47712560910 OK 10.834614316095278641911894363050121221650248162259 18.553392794041233569326211517704182398617597511126 16 5
85 12 2338651854210 OK 10.708495942648064873706717793159506510266159365232 18.859210698807824939602061464196613253675297669596 4 5
85 14 628666813005 OK 9.8473259916243834814758074224675382347737737921205 18.885488124981700191637861732367746480103084827047 8 5
85 28 3519985824390 OK 9.4076764153430134329422843554295832706670685248814 18.815114981278294237010992782691802644627070652754 4 5
85 38 77600079870285 OK 12.011527865666734659072076559217150834027933230088 18.775301460998401083296423324734149862569917172538 4 4
85 42 206236773027915 OK 8.6136700180554294477399422017722634307563703017934 19.019399582348907873862691893013326105484161020924 4 5
85 48 106334803975890 OK 8.1225907692591057480744499791121981518010941848254 19.282198690446448422163193574827638320982229868692 12 5
85 52 576565894094190 OK 17.669873058463998370108553174100833374820795807181 19.424302040892665049601870416874630306530594384755 4 4
85 54 72196236472605 OK 6.0659919831744742453575942834326162412321272593761 19.486780966509594704533441596122523469757599336584 12 6
85 58 87044000358315 OK 6.8418565119664779689661563447704790610440300880890 19.595379054525851200442429840011945577212888477391 12 6
85 64 57758958924870 OK 5.4505335436500833046103705902760356364037273584909 19.717768401854893743633589000472780217857570163759 20 6
85 76 257144640851910 OK 8.5818917719006894991691924196861927376634261326727 19.776451821470509788885609058360867558741502464953 8 5
85 82 338847846765015 OK 17.956440740508571392630134106555521341400462529061 19.553783283673277184419214448023868651262869331899 4 4
85 84 9462527427990 OK 8.0413209291141698226626564784881678240603409008286 19.232189840358833004983242022785298420254302267924 8 5
86 1 17379928391385 OK 6.4244893643810029804642717209469050731726674757916 18.141128288536814107179799598224029218019824994259 4 6
86 5 3145584846495 OK 7.5130106610256717753964863073845781711439848330466 18.666751178068621113720961379323345246922064384951 16 5
86 7 116164641693471 OK 15.317019968910172945609583097173275591622898768770 18.767979447825977972409675205257176635784182575961 4 4
86 19 223072214330595 OK 13.233600746053030899208438000271439996028698491424 18.952793083911295106021064925103047758842015114191 4 4
86 21 221856914480565 OK 20.520391925826751718312635562436829129521762742917 18.946729440203546822670923172027636915759372587173 4 3
86 29 147851876763885 OK 24.492302707162242572115980381031283076631663687438 18.848776539063631523915271951395148162545881803805 4 3
86 37 5720178600717 OK 5.2197754292652834853480521785668221273719547374106 18.673684572388098696901396527674325236682702777528 8 6
86 39 590108788815 OK 34.137258012242666666867108283405475549386963718758 18.863797563998024021754515609482304645655269737655 12 3
86 41 57328101263685 OK 5.0797010179850484731436191628979355711091392766955 18.987901807309231025574514667593984533371210103570 8 6
86 45 107600860663905 OK 15.853752649398155824033833318916537897494091362486 19.183153762468545692612453625645827026604093465185 8 4
86 55 727608868355985 OK 20.520766313722616225992182198112940538351404246931 19.544238779817613391257660978789449007806473444359 4 3
86 57 802174521827679 OK 11.041433718530701946857790136114077677142796451084 19.599634894164169291045956985059434106454280895691 4 5
86 59 1974189091245 OK 15.697512172573101904452540760209116997966665909234 19.649777882362208226492869007108512945708419997341 12 4
86 61 26598599947185 OK 18.270896521961113996805520552837547033146212400774 19.694688097130412142150686231530462338028759207094 8 4
86 63 327018507221427 OK 8.9601707444918113263897895557370753659009371500553 19.734305910418010582605429695851822740491039216568 8 5
86 65 1018681718673255 OK 30.323754496197287650406282550107289011739069537782 19.768468789777266035849195004560073702316594801015 4 3
86 69 1046884689560955 OK 17.218237351198181804697922987979387447377763324871 19.819045942215988494968489104857615670070158459018 4 4
86 73 995181645878511 OK 17.882723533876547386766831003346370371060251846285 19.841205204562895627800646826971827085781227392852 4 4
86 79 719182862986665 OK 10.326983187066205063676380302798484167332833521524 19.787104019465006361774545872706909280148710777228 4 5
87 8 71022823109070 OK 13.981807549473818050749597287285065115798561466099 18.848683331697387639677888050043785601384418476932 8 4
87 14 217444981214181 OK 12.965560868869232779351268324536281020735299450588 18.975086269262486585898297374886290414029309141299 4 4
87 26 30122423158737 OK 25.068356454179803855482524376985656995568205814811 18.949842510501301211933911587090041076062945887659 4 3
87 34 5283490976841 OK 31.020013593852259540178421496467763635862024445397 18.731992685498344734275772859594431594530402558711 8 3
87 40 66536418706170 OK 41.403810966790469689663692661452103504948411961570 18.946853383636458656740979696665644396878383830432 8 3
87 50 15748607417655 OK 20.821248229720363949197108186127054956368128292882 19.407425093719068697529658401685319416739735983038 8 3
87 62 205960349780535 OK 8.9605944981695852452904545304628515285565564756586 19.746951740189922371352206525470742852436325018159 8 5
87 64 67650863795634 OK 13.087333670764011918740305210076898267144322968964 19.785382770331532372730196337166687127753166112152 20 4
87 74 1087483305535809 OK 7.9279192498632822584349377024837007510741171607720 19.887596835641855419055331896684387272363264457840 4 5
88 9 28429928149854 OK 6.9652270039532066467154694220095497674682950378437 18.923038931410541985665036682091279842739388267480 8 6
88 13 22594202120490 OK 18.259416363758465191187123210929401088020518661138 19.006500796433443603752723730368279820549264379485 8 4
88 15 122986035796470 OK 34.690814557479707853450076626077587030219217369006 19.028892694689462001070130233284074464487710521930 8 3
88 17 129998317511370 OK 9.2865406808088222782814200318498168573444384561344 19.041323128257774449392154786516469064967563793557 8 5
88 23 130223390887590 OK 12.235397570947869935818795217651813217617346163170 19.029370021730365515759005673415826630953815200768 8 4
88 25 8175501625830 OK 11.355601211820898466272428443985349557574706381722 19.011046647015876640493203054144061352210035728421 8 5
88 27 300703208190 OK 2.3175006395431779460225091809984715274466913488654 18.985997510901405513972102044644445903043307909862 12 9
88 39 6398632694454 OK 11.142800720058632909351547159937313598417161459842 18.886162470245972752077857041983733121918635968966 8 5
88 43 41868892945110 OK 9.0929531171764824117932569669338086660797775154168 19.134316681127005562722333176740232396455841054207 8 5
88 45 56654786641530 OK 3.4757958264924222108637604377992973934874724772230 19.229093321263128838664329352737620086410486443821 8 8
88 49 37706416341594 OK 9.7486510127123470021901792732447619252391486696343 19.394772891744292831333048094073513404695982425653 8 5
88 53 360543601731390 OK 5.9622131793908448808872718129270731956654471813494 19.536253605819776606252861754933269067039145426241 8 6
88 59 70870100096334 OK 6.3931774949835422555549449255415858488251526354629 19.708695255912627113318293982668975836624401508960 8 6
88 69 627510092234718 OK 23.706768389763885133930368198920740148509059430818 19.894171585955766514297961697147129621800600052943 8 3
88 73 617606399812710 OK 26.371979350881828746836551265644879706889388150694 19.927982593836910722322120464575558304125908025613 8 3
88 75 118700969917530 OK 9.1979656329922485863560201881475963213312081427537 19.933402023143730827089283353925628875705581016148 8 5
88 79 166365123998766 OK 14.149318102050159541872839052837250355264538575966 19.911352783895033724018736977222624312138975461747 8 4
88 83 2354718382170 OK 7.0849754313319384588803992907356829399815332104975 19.809071175075512195006012219249165901840386066639 8 6
88 87 15704245905810 OK 7.9035303392146851830770887503407120372232318394252 19.360117656314067684316222215254168154721916243709 8 5
89 10 67286253518715 OK 5.7344973042404823687046491302895668808924340888070 18.992203683889539492831839997494981604338519793881 8 6
89 16 69093226258770 OK 31.615424160960087250453356431374586185369911843655 19.080312669216196605178744400152784182671584489362 12 3
89 22 291042985170399 OK 33.568440414603048012769210208906576604303776428733 19.082544882257040695739832007711623509937161504534 4 3
89 28 77356171116042 OK 8.4881292413300462857376204589540769307546593662752 19.020998528212616989279862354713684995991423789944 8 5
89 34 93536829076845 OK 17.301815005467421877822819604891733859840067287855 18.867797846249773107259588080409988969128207674894 4 4
89 36 400213063110 OK 21.391715185855885298419677989150793726704793358731 18.691476611578051506780582579812406978065395776930 12 3
89 40 8630900647530 OK 33.589928216604899236822756495937504811742257991150 18.975252039863403069359177407575161214950480043884 8 3
89 42 206925820163391 OK 7.3965015030039101873408673604764999723197157270423 19.101576129851684362237589210722915935012993875330 4 5
89 48 1044757180614 OK 21.009994953053458600687797921968402269287567484468 19.379357371489624384565409912680151480501172900984 12 3
89 50 17169954794265 OK 20.997676841073503358618590045386463489375455028911 19.456573062409430181572225777815037752755102273411 8 3
89 58 144195285485937 OK 22.629089676998044480094844571237634044922489010138 19.710997132150143497504581677117116479426746855765 8 3
89 60 1100536786178130 OK 18.502379075298684385145964715771047396192660501900 19.761952669146988835894052908918308387493417575915 4 4
89 64 5226524100210 OK 12.769642675005203394630423092323742157237556939149 19.849189205329839569296108180894033639522190635383 20 4
89 70 1375098388130985 OK 11.619179504393458067747619719850983478443394335595 19.941842005504638565818859376071529496402059564569 4 4
89 78 1207599287243349 OK 5.9247466535185201919666219023589093235250098522213 19.973426054136477292993030237239844232167181303736 4 6
90 1 7964726800485 OK 19.837114020535439150110443857758695528139354672373 18.307862842223109481961877257683635467132575238659 8 3
90 13 88810595618745 OK 8.3493783011241839485741101873252237608768535942584 19.092234338969368341798497149191848715678118868661 8 5
90 17 102872985648405 OK 13.429322711406308138187424284124900090518060426600 19.129566311028601358732127149171893617972480995491 8 4
90 19 106301205173415 OK 35.822136723006263817573604380634819987755779642111 19.134813344595673048849347094902868070854448629382 8 3
90 23 14993015855685 OK 14.182771948578282204758906952368386929631042050247 19.122856924983323527773122648473027118761040256286 8 4
90 29 80345778629865 OK 14.715369019018750772240381881148558842717886650896 19.054850591319017305271293941128141083092491692967 8 4
90 37 3551762621505 OK 12.745720135712976875167444056049954990324964961345 18.554166797769294590776093726192426487001894975811 8 4
90 43 83994851745105 OK 19.376109454058948248381406633479156451572045879527 19.174659307641147039701256172573313290156539337120 8 4
90 49 27115550752605 OK 18.132308497812617432732931076542386917242510801056 19.442166265688693668204505975080127290966313482458 8 4
90 53 265070902151055 OK 5.1501732507067589726094688101749666531851602408592 19.586785939260742959807351301218155158950901772432 8 7
90 61 406226931589815 OK 24.922113853433212013538958878467867569755196787158 19.814397806954201778387750544059658543158033193604 8 3
90 71 501611848900365 OK 13.875472817113266761338573062002729541490321401501 19.988884880618807173943765450889512063359851225344 8 4
90 79 33679608107145 OK 4.9500201981045931714512814235637101049582476054675 20.017420674441884500068124181893303452040186978498 8 7
90 89 61320416508435 OK 5.8300116242084507939087542607514676860940255718091 19.442988517163325855042183185349637839086460691418 8 6
91 2 51501457329231 OK 47.747311443363572681778463942083398127564672422750 18.578228616752177901527756815519169357178291794692 4 2
91 10 8770469609265 OK 13.591733404660055073130305390137532935820280196480 19.075564143746885484222907498122463667411222442040 16 4
91 12 272969811158226 OK 23.642526971026950506746389341180125181332885224219 19.118097045902577800262768368034003950092412772143 4 3
91 16 16335048548910 OK 44.920333151205535080149711579360638517805219991263 19.166765103982339992007538532537316427544043037107 12 3
91 20 350413773929310 OK 18.654694505109560147285409986841090126719206749624 19.178937453551631183920269725149457746338494039313 4 4
91 24 169487117274930 OK 15.078439018020504493879346913670479712666841407568 19.161863219125758061416376471344264835991898418316 8 4
91 34 5499848121495 OK 27.379925067085606260778192132891546203792366416341 18.988481814808221854077712331253742653693935054438 12 3
91 48 132473446100814 OK 10.775310911523960159651919818144501817788666488730 19.425028294046382262866187650586498068616991233269 12 5
91 50 129913336033845 OK 20.911407695427365922359658760382036940618704847519 19.503776449750848063971768013006677787305172118298 8 3
91 72 274144520547534 OK 11.748005545592238745837184894280634333575260004312 20.035316894969415151023635973395509447735130336459 8 5
91 74 1638788907320565 OK 39.001190175559586304570071983429511019983719237630 20.053109583666466219894797683696647389764313640154 4 3
91 80 118938419830230 OK 2.5433091265953762356338941417804416864334403575088 20.060889694587414970149219888780826690030709205292 12 9
91 86 845672327986395 OK 14.784947014727571277449984143390631688246053146527 19.935710753893952998030289687758513652354387745826 4 4
91 88 275459639092638 OK 11.464861046113716318419185731422526800395202017153 19.808360073750358531681901694447806755626715918929 8 5
92 7 62459934932010 OK 9.9435641747694508962704910192639980412807409819696 19.018086613100453308504365277649587668918123578648 8 5
92 15 342592693168110 OK 9.4226218341057528038719586324348487202016550135822 19.200567428259994963267951398355154485081517156984 4 5
92 25 24213839621790 OK 5.9414391364939868288228578925001214898215294499607 19.199645707742777479975355654890790937678408399925 8 6
92 29 9132831897882 OK 18.937716983933097417713940666625498755384705289746 19.152770727585784949735877904013096165139226337859 8 4
92 31 254208350818254 OK 18.383798240583663387585171374680787319042997482951 19.118986575992627776208758202301308217992187225985 4 4
92 33 7846276494210 OK 20.910547763369265251507346667553102645678987319833 19.074436356434233501986295722979004436178278771672 12 3
92 35 127381272055590 OK 39.502596212237081136057044240037909213570248409759 19.007064562421075137099983595508075598773619632482 4 3
92 37 48183947286090 OK 6.4591986277296913856403587331945784543899996150297 18.857013170544482204459281131884449291469256551199 4 6
92 41 139477265125086 OK 39.106366429554974015985195906572620582756413258989 19.082013793713921771956673497909469233500658521604 4 3
92 43 3913195081110 OK 21.435368455441057605857522107792824539550144564026 19.211343471656358232772739903099055206096284341440 12 3
92 49 86931951314082 OK 36.663082877706973507503333968058429153573090684294 19.487696560524139171532668802426438907462918497407 8 3
92 51 738411288440826 OK 10.891135086524629306720229060500140957887574798777 19.564238496966485618630745013968679319721969853399 4 5
92 71 1776997432597506 OK 11.583780395598680071678067782906620501523801503768 20.058333957006411427327864002525190460301203899638 4 4
92 77 134205210449310 OK 11.850703167186211105763067008278877791665397552430 20.108515407049175119847397099297851931335132269991 8 5
92 79 555667647096198 OK 5.8450117298888355459592619103123137045322229780260 20.111046195985042082543463335170982154417619412817 8 6
92 85 1177571882770710 OK 14.794210385398921857114564685196678309564277433035 20.045308302613954455101606998589515445900037557015 4 4
92 89 595505216419134 OK 16.342307702693967810140633399418375014817079507739 19.849121823042698092793766948544684814993242339818 4 4
93 4 2424177841386 OK 32.671151107862968729854247634200325677818289087614 18.884423522275822346533890924437669595200815443855 6 3
93 8 114152882621610 OK 6.3553643918308636648778763106245681111880977612377 19.096795495794946116572520485356294075063595129121 8 6
93 10 276782402328285 OK 21.243239210204195464695296221268689554706764789068 19.157031547311385587158943001896493133620175985957 4 3
93 16 96141583168554 OK 26.738232260084860323020748206854488757511227387848 19.251118870173127180095042216471520694127245259997 12 3
93 22 416994588466995 OK 10.204121825499513724484762806116689829715261925833 19.262578184847405999556925598941683776744063230067 4 5
93 28 32335817243730 OK 21.463847632979114455926038016766238973014467348418 19.214025022909708849294336298487680745473776726845 8 3
93 32 1288583430330 OK 23.598669055920640208240184435431044979892734970523 19.149117024456000832634944959190208182465267244082 16 3
93 46 25091744850417 OK 9.8970410244517151582370275636023814657100686974946 19.381357311014912418553847888073875912601712215084 4 5
93 52 836691117670590 OK 17.436841010910392836115401612704340574694093244024 19.623598951629928160397843129907519342545279153585 4 4
93 74 1958520854377731 OK 44.088784922969396086193800331612617763479105615440 20.126411765032319040923348013224343894589949588035 4 3
93 82 336052590961395 OK 6.0308120201214632260291890570205734948838310016377 20.146300494970771573846023674536467076821735300055 8 6
93 86 1274243018669229 OK 22.317026492135256986960563715529881003386476713437 20.086623464785017224374168265765601448257062683690 4 3
93 88 10522474441710 OK 38.811999708982978689205713922299537157682827530633 20.017767306838542385473394553065595592430700914261 8 3
94 5 7567507109085 OK 7.4150525733908970650450701806950373856602673092691 18.994740098380000086559399715744404439532076127645 8 5
94 7 218205460160499 OK 17.737662631553750657656763316712069891262224814771 19.097764691109695343946128902947804097567083548727 4 4
94 11 18996530845215 OK 8.2479633163996488296842785387219973020409796851749 19.220727881752827503212727179970998722269045350682 4 5
94 29 372637097945385 OK 4.8935027043840224493392046344997336669278677467602 19.247686782704874736726905492745815845256915647456 4 7
94 33 258652463151621 OK 26.419159823277564955230755021650511458171603243996 19.177769128388758456493242102851577681143714471265 4 3
94 41 12591586474635 OK 24.621380164750342761238009912681462686436640955371 19.091730419277271058246641717149814792022298128744 12 3
94 65 1804030355376795 OK 35.037389944312445741715036023084898463694347675557 20.016548514976746924608263005865199979355501105581 4 3
94 69 400863126259155 OK 10.040045625318323352650505674474058937370094449750 20.092441826786558761702659104965887832724495302196 8 5
94 71 2073932368254285 OK 9.5536143637303810001692110929967657643080765680617 20.123590428934830496124663642292360441631244870588 4 5
94 85 77465816493555 OK 28.915808162116239036423306626566368280467528899334 20.167051745336356012605289488606460491419943613674 8 3
95 4 45979087324170 OK 4.4565728249105507738455383399536577445444134985645 18.962698529409211417748754461644252776644782431191 8 7
95 8 132783497523390 OK 15.815667413968611786157650757884762085086669434964 19.175855653733784429144305537978030771816019320954 8 4
95 12 372949102721370 OK 34.584084657456169747648629194315848135307632628556 19.280766809929522731172523812894554037125919560266 4 3
95 14 15412262513655 OK 36.513907778684041211245058791697277322543838605447 19.312218672416854622342949200721889944275287706233 16 3
95 18 158733520114785 OK 7.2227497152459963501365535357215107534367447660477 19.346078238124080244714942552037415035582811506491 8 6
95 22 23578330821045 OK 7.9393110813352800506203128327659410111853151687465 19.349099046275023494781083199140113373369725589577 8 5
95 26 42464697640365 OK 12.171642605919996198634292712877286862763303195365 19.326430568033250046394194601027303432918005329062 8 4
95 36 57059724080730 OK 20.323952348543488299658867015132734790743701300607 19.141351675816177205118478513956704306284135441588 8 4
95 44 290922416420790 OK 8.2186393196128335570194445028787436023931784036157 19.317367089794560844112943232469319997430341407246 4 5
95 48 145586663452230 OK 4.7833287385121078639837789658358326946649786305487 19.510779290266408268624589253080459503373560771194 12 7
95 56 615070368961230 OK 29.630528009518161054703393211250025293744894157521 19.804813783228543832357328276740688445629052757524 8 3
95 62 1707766436515755 OK 6.8644853594233416300080576284812564081787781146425 19.974203720320816925829970241895528797436526288773 4 6
95 72 377423565465030 OK 42.192845861687657571284401878745395380545515211856 20.169369093939943042392086676077240995416895829852 8 3
95 74 177609710319405 OK 31.767867555477955134100115504986156348492780812221 20.194862467734986595348930558822904189471032961599 8 3
96 5 23038035878130 OK 34.418457019538990237082140349490038082249791641757 19.072327052920861053817800701234895597466105441299 16 3
96 7 31658759090742 OK 19.662974944312597174497305704925061813566981276819 19.175731310108118799452694674023649538044897323644 16 4
96 19 65719647555870 OK 8.3323810699147032359978578078734451986781108298753 19.390826741474188028083820080261475980963012313279 16 5
96 23 67088675881878 OK 11.200537584557158443260077209275645155243178036941 19.388544314400113804305173190172116149224768900689 16 5
96 31 7176757969290 OK 16.510074550406227526143350840775148977234657250933 19.311970568352206528486066107827410768727218277319 16 4
96 35 31376765462910 OK 5.8639354469452187752990808469957782237456674684300 19.229611865565700898731976777839045613173972425210 16 6
96 37 19351546698162 OK 40.191065143217951356133644338722597150431872446420 19.155113599855461291859093056360265441845732435103 16 3
96 43 26398337049042 OK 9.3187699825562183794429021004689741509152777642869 19.267948168515559110569911209108537138953607348990 16 5
96 53 127341828664302 OK 28.591439399353977618524887514525022807466316819875 19.726768580799565089168058837094934600379313728574 16 3
96 59 193747851108210 OK 4.3996344326803999823435457741992123804587187210450 19.918868048904444879654425314938808134862922137004 16 7
96 65 254679372530310 OK 5.8405431878675575160087007741555295014284123154057 20.071074808650550693277832141727260305184974017232 16 6
96 71 8557406887470 OK 19.778245680332244677379034101230294827580584926581 20.185215215473132975615305261309791492858866349462 16 4
96 77 315506562464478 OK 20.233128319799873865882276448385899201770960876139 20.258853070684276526730271635914345293184266611731 16 4
96 79 62389999445970 OK 24.563186851620587587840250574787877675543297331268 20.272867420722170499923431885920648435936980653097 16 3
96 83 288020937213282 OK 12.193594149023894900199676006874924353024704187712 20.280397318803011279263999945036625047661877278962 16 5
97 6 235927649931519 OK 26.296731333922120678725578334379635066082836479468 19.167360967653219860285926185988356546283026840979 4 3
97 20 192565725061710 OK 5.7745579201682807400281825308559583289610399380138 19.433943978572882668413370985688145121726860236223 8 6
97 26 559682670945489 OK 30.006199410261737269045648536401859747893703576620 19.414181267678600072233544462980948801377801976914 4 3
97 34 111617158360407 OK 7.2510034580852475250320655819273066123052887110198 19.304597409794356396048254068072429813533833213476 8 6
97 42 123708955243335 OK 24.302668167126836098773583867143807182796116770320 19.186054135162255738624762589709899280188190637868 4 3
97 44 271385641659594 OK 28.945721583819585526576268790225519633645875142981 19.345986864266257338377705923001064271268081907158 4 3
97 46 430358377590141 OK 27.620299590130947962121996189044714044388020812308 19.457241034963832725482527172673447265837923095296 4 3
97 58 218789441888745 OK 7.0300329374152851830142626081562263329415133264553 19.913207569182039637958632365073316723695597199306 4 6
97 66 2238727365091371 OK 20.964614446267183140561778119829050808036357224436 20.119564447336879013576617005717971597825450505725 4 3
97 72 6705533914170 OK 20.766031022597186615580290555856342850268503790045 20.230701453883590128575174035343295363460466510509 8 4
97 76 2734314664646586 OK 6.4698911488249011756731678528642316609597539166687 20.283060928091842052120574142077333303671175920797 4 6
97 80 676609244754870 OK 32.553837080816217165493629376704009800474552671916 20.315254967590438720378101373013833970674529784530 12 3
97 86 2303114925774201 OK 22.333180065170180376804887684047630591128741804703 20.311336344155649427975370832815627557242980392529 4 3
98 1 2065459177551 OK 6.2382800542176782097316466249382340539879162769690 18.620172599894633454321020512580247982113586058979 8 6
98 13 70856376466785 OK 12.726695203860567155641718759699010429842494224817 19.415790678885882301720721125186146825609211174639 8 4
98 17 3106508726055 OK 12.772653239189856312896451737111939510950304971843 19.461605487166417190149502916199584034913761940925 16 4
98 23 96936561645 OK 4.5193100050998463474901906670034294475231819934595 19.472620121119059957242964178603245442752297199068 8 7
98 37 3607793521185 OK 4.4010134138186597262382737001837241451762358338180 19.271041482522698287618049513201925481660864836272 12 7
98 41 4100678024667 OK 30.171740915793000539231179363745844661004604257217 18.953327992854488896975521863168594648435064585239 8 3
98 45 704145677235 OK 2.8043850346167819161782909694764804508172068455588 19.419785923841756403345710291122960845359329764593 8 9
98 47 73414220055645 OK 24.731897984085648073527056958670198868656998599089 19.523816520526524525333253728935844036211975445391 8 3
98 51 127198629838497 OK 11.578340271801750266404606495052135788095651141003 19.694806092259911025352277208996506323822787615115 8 5
98 53 51879803593485 OK 36.434560122284648051163118614314520673891710304359 19.769990126823544056210154672976503506318867503438 8 3
98 57 214078317840555 OK 6.9333596735042588691034260855943221597856668335350 19.905289976976061246847940097169875036570323934166 8 6
98 61 272145094250127 OK 28.946635705536891057450468007303168608910399744657 20.022625997961350723801389327964672728494573596983 8 3
98 65 326425429084755 OK 25.363704385226260770938421356746060538023008817358 20.123191273793452311533014257918825090752286310686 8 3
98 67 350931082798065 OK 18.074072214606294189285664468213027635081978605049 20.167381483490461238361736208088330753931305593320 8 4
98 69 372966291276663 OK 30.232076234825392163792818128545152432554444469044 20.207544075834359985307302652873604183130304872645 8 3
98 81 15514851337881 OK 27.136270041661788001932961157426297745293732986417 20.357150034259940709427088424696000645772673999465 16 3
98 85 384870089444295 OK 25.847322466773107212748483779490023431188328506020 20.362200276035739416725213878183915245577147926103 8 3
99 10 144362377285665 OK 25.696675159787459200746514635612452500928259265711 19.390903961396263552790992322480472942272159821148 8 3
99 20 225530707578330 OK 18.540152884679641371818427917305160645981836089081 19.514878221872415757040009545177665730537129489970 8 4
99 46 139385897489685 OK 16.635760488572769389149119962593949749289791019031 19.490303751744345759034140842561076204717019973668 8 4
99 50 7693575640905 OK 4.7899369735107573925742393001511900008959507781211 19.674886445596707877389012933928411158473388137492 8 7
99 52 338805795109782 OK 9.4776143514102754726057844639336231740988927050214 19.753768387158952235795815891924341258609548386317 8 5
99 58 79596313057569 OK 10.501561780884493749749017668086934154079755953897 19.958854114815364741291621841325853504187600632588 8 5
99 62 702117376095597 OK 6.8630177625020415127324641094467288525482476194544 20.073329463901461041794551241168798405130460508040 8 6
99 68 897299792248398 OK 45.697058789068066140374703828451597020311841296186 20.214545158417606877903856826364715450031091322890 8 3
99 74 206982441778035 OK 5.0018310315253083609622591178043790489412101993305 20.319951418954704381922819897005350541778032628260 8 7
99 82 1058029849318827 OK 9.6948622215726576487173636944287566275733651333268 20.398564108362123342285098555594220510972668018183 8 5
99 86 969781302995505 OK 6.2802073490054306730530616203989219354987494830532 20.402421237283053747142986814061252231561566134220 8 6
99 98 17132311853349 OK 21.411229355836091935044327227513539225142562588684 19.794339044849288904170777014473346342698372623979 8 3
100 1 3331000233330 OK 7.6746479133161533215997060018598700441898292102527 18.694262940610681774239598372800318667007787855487 8 5
100 11 100795540828290 OK 7.2993749401852976484912210925384608875074608719754 19.453057491057339403875477401486045149217559582914 8 6
100 13 114880277614830 OK 28.950586992449147179355574291114559668406443629742 19.492270853965723744868211618562236527465780501420 8 3
100 27 2256486212190 OK 11.647292678687663615724471312474045417423535858472 19.534532811767498232077909101143506136156490435749 12 5
100 37 21006817042890 OK 23.466500647271419868595753531124249580600232613514 19.377321076582038637416803616862838267656218812563 8 3
100 39 36551629233210 OK 7.7228382641063561831199791641630851325295437542378 19.293875112643983551925196270223174498230743566763 8 5
100 57 324715535031930 OK 27.974277271226854497765295941250539477308623809464 19.949446871916340567998678406199561779541164157346 8 3
100 61 419077017660210 OK 20.088794525959714921354749894465833860050762172040 20.069466738201108483631375863857438516076254077601 8 4
100 63 155004408763890 OK 10.345108900354557939008125054381766472324195152971 20.123281853877594442586090012970880287107801302476 8 5
100 77 691467322768530 OK 25.075608050518074450462682831332359170131262939043 20.389800406222947122487546251125680310983740956595 8 3
100 81 25855771994430 OK 34.419752743773641187001746484928305451079275825020 20.428164095791180765441429037193518673970273697161 16 3
100 83 686541059796270 OK 5.7213651574630129774917963152652860205295117746630 20.439508274690416305350103465605955332748978807065 8 6
53 26 497365494171 OK 48.601689144516928624120579541723665302135693644664 17.114605580937542609402675564253917459651897717892 12 2
54 47 2518684464849 OK 52.387307023163452267748960143614482399475723937252 17.977331446068865667951039237759077082167070735446 12 2
58 51 38838665391099 OK 51.405754204253359325122907415295581035165516429334 18.259116888071982416252434458354233111107158571659 4 2
62 15 16218424965435 OK 52.874456728576409078657333796142111208898202374133 17.638800302737819839617484463894798752057508148059 4 2
67 28 1218016163910 OK 48.125339386868334534121676023610952747236843426627 17.412160481648356327337368123603190798555993243634 4 2
70 31 14188548668385 OK 50.320941250930644033081776956001820205758706046066 17.968344396261828662190390989400102182387168857810 4 2
71 28 3263121277878 OK 46.112642085283273484413022404355491815943755735908 17.895220380506517364919740426797537244782153284291 8 2
71 36 19315972587030 OK 45.702382260274776154211761471536231429713123759605 18.353194148899058934308999577091037268496152027912 8 2
73 54 29770002030489 OK 47.215319549285227244169808907136431962924056371983 19.089876535630327563911842298477794557576225175578 12 2
76 13 25421639466678 OK 49.235471453418746292270640083804907081899704002296 18.442927034989793313336645669336371650792442293685 8 2
76 35 45945815911170 OK 54.17168561304843508 18.410380263172355216 4 2
77 10 70928273334765 OK 48.021199516053830025852706021059099154369329265052 18.446594963069694244679177974333991860079331182472 4 2
79 10 85422016184295 OK 52.446551295355859015598944202471517329979932387279 18.543521228567332784181903728627448254634186894003 4 2
79 60 518857145659230 OK 51.931140383510959476225494804722343263463572675959 19.433759259642363616544028538404564294760184625805 4 2
83 66 788267783669289 OK 54.740209743117945751502688103599582399234295094117 19.670911693622705131545283047106163897536967157877 4 2
83 68 781648702765770 OK 55.668515543669459706980504732320535637487865783888 19.688824471638469619470738160082481886302516819662 4 2
83 74 215375190740367 OK 54.221570333509188753706213381357530262924274315930 19.683662646665086546959742338073252452840128864225 8 2
88 51 312285729474642 OK 56.172910090893185507743558079000769560989456740998 19.468298494403537874544101983234436339371605182335 8 2
89 14 51462473757135 OK 46.801830498488281011722179036195551579630485385109 19.062449881555522390884919595221147429553021733252 8 2
89 18 96245084272407 OK 58.886336570369413842507670741754720286362831668926 19.088989685967807343469184758032882386388939918936 8 2
90 47 153117351503445 OK 50.014404558494653303031426802777765166189350693190 19.361086308600238204328645438751860611584167271081 8 2
91 38 12843550789251 OK 45.089373677339513039672745026449898324343939356711 18.620879513595939659933072005991187466807430131791 4 2
91 82 426589453566003 OK 52.519046664393191255958241368402778765865779518745 20.041441737671067167533578522576359715644395271744 8 2
92 21 383155533241194 OK 41.829967136455678762356045179762519042316067863094 19.221488342430659551044700071463941688998789490532 4 3
92 83 92506714089510 OK 50.62877866358114055 20.083793965763404580 8 2
93 56 560595209494362 OK 48.270178444972360248898214854667605266275628116000 19.756953411323618051437564894932662240717731847266 8 2
94 1 32398195975845 OK 52.293092937728532242293236610689629575001665807976 18.467342539212109969630480964586404998670257975036 4 2
94 51 792915437538105 OK 55.49167629238555184 19.609450588789069646 4 2
94 91 694022287441665 OK 50.271850559985082939132129031764767099288076376802 19.929309926527592814539259453658058100769205714839 4 2
95 78 2298955333506195 OK 49.664686816191843764427458401710015072090786393044 20.229975483160044560534857622250287171534418683916 4 2
97 10 374254682041065 OK 48.922693945160400009509689637975691527806087289959 19.314624179620550457014765638133667401001548662051 4 2
99 2 30980122081293 OK 54.114735316058039625080623065253908380117548291050 18.887433149579729198738509692175506906996025956944 8 2
100 71 29684174089710 OK 49.376620633097265351117648289611654582700535399917 20.299245726568781393120624987277801123875383204376 8 2
