# m n lo up gens time_s logN
# m n lo up gens time_s logN
301 44 0 2 0 0.57400000000000000000000000000000000000 5.3205455555239743290848287306124049484
301 158 0 0 0 0.016000000000000000000000000000000000000 -0.0019700837278407201655332020902287889795
301 232 0 0 0 0.019000000000000000000000000000000000000 -1.1763305981011958478219886587622082811
302 115 2 2 2 0.024000000000000000000000000000000000000 0.23615438665457128883353363373019548800
302 209 0 0 0 0.017000000000000000000000000000000000000 -0.62574287334867313793539281719748912394
303 292 2 2 2 0.026000000000000000000000000000000000000 -4.5248524204190014494531081268877007580
304 213 0 0 0 0.018000000000000000000000000000000000000 -0.67782231381997934989425165798307253966
304 235 1 1 1 0.024000000000000000000000000000000000000 -1.1949529957656782737990410961982464801
305 178 1 1 1 0.26900000000000000000000000000000000000 -0.12177980756964396942267770777726490491
305 284 0 0 0 0.057000000000000000000000000000000000000 -3.3855734749622074568012068493734962710
306 97 0 0 0 0.020000000000000000000000000000000000000 1.8231015603915219163579933820949401133
306 163 2 2 2 0.029000000000000000000000000000000000000 -0.0080415849363318551460910891491270531790
307 174 1 1 0 0.33400000000000000000000000000000000000 -0.072447474672788263879403648353617654336
307 230 0 0 0 0.018000000000000000000000000000000000000 -1.0074567606817980892692354066362605500
308 247 1 1 0 0.40600000000000000000000000000000000000 -1.4506040293437635718823907947348370385
308 277 1 1 1 0.045000000000000000000000000000000000000 -2.6999188796988363193221519973751490477
309 62 1 1 1 0.020000000000000000000000000000000000000 4.0667313084203471505048003239949110153
309 218 1 1 0 0.32700000000000000000000000000000000000 -0.70793581254867541330827562826205002093
310 101 1 1 0 0.27500000000000000000000000000000000000 1.6438605817813535740251042093064175729
310 127 1 1 0 0.39700000000000000000000000000000000000 -1.7719830322343421023195768693968301393
312 11 1 1 1 0.019000000000000000000000000000000000000 10.409313670460282558376886944148786473
312 59 0 0 0 0.017000000000000000000000000000000000000 4.3106821212827112416811605134061902436
314 77 1 1 1 0.021000000000000000000000000000000000000 3.1878204458745729785672941957217139708
314 85 0 0 0 0.078000000000000000000000000000000000000 2.7089295349729648930036572456799243107
314 93 1 1 1 0.029000000000000000000000000000000000000 2.2289129241559859047734092866392434474
314 219 1 1 1 0.026000000000000000000000000000000000000 -0.65821034036265390821279239565004236144
314 237 1 1 1 0.089000000000000000000000000000000000000 -1.0497559885573973317260880647198937843
314 247 2 2 2 0.032000000000000000000000000000000000000 -1.3109151039696661154677160093054856385
317 222 0 0 0 0.087000000000000000000000000000000000000 -0.67571530474729374516857033690495184242
317 266 2 2 2 0.024000000000000000000000000000000000000 -1.8382363380017804511586310044513209116
318 17 1 1 1 0.017000000000000000000000000000000000000 8.9517179760127432912266545714299878021
318 109 0 0 0 0.015000000000000000000000000000000000000 1.2783084010212184259135687880857262444
318 133 2 2 2 0.021000000000000000000000000000000000000 -1.9545609052769696097283335165967599991
318 199 1 1 0 0.33700000000000000000000000000000000000 -0.28311955715059088812583359312273401219
318 241 0 0 0 0.078000000000000000000000000000000000000 -1.0735152306252965231174086319303951376
319 52 1 1 1 0.019000000000000000000000000000000000000 4.9012685550027232525679660746213140810
319 72 1 1 1 0.022000000000000000000000000000000000000 3.5631029349083559324552017629866791267
319 74 1 1 1 0.026000000000000000000000000000000000000 3.4413061946878227886430214028149656872
319 84 1 1 1 0.026000000000000000000000000000000000000 2.8470349654858062130910408328335404786
319 118 2 2 2 0.038000000000000000000000000000000000000 0.58772328002126396246637996922163431773
319 158 1 1 1 0.038000000000000000000000000000000000000 -0.022758523952898768681993551110879902212
319 178 0 0 0 0.076000000000000000000000000000000000000 -0.050845265205388827354383627665025753339
319 186 0 0 0 0.020000000000000000000000000000000000000 -0.12006619449705571961058085967576485096
319 262 1 1 0 0.32800000000000000000000000000000000000 -1.6429446603797653334425300999009575960
320 133 0 0 0 0.014000000000000000000000000000000000000 -2.8408931530850897757902138158634266353
321 20 1 1 1 0.030000000000000000000000000000000000000 8.4124667088402617687192030587769518425
322 13 1 1 0 0.30500000000000000000000000000000000000 9.9358123124042056027617092492167881113
322 67 2 2 1 0.41900000000000000000000000000000000000 3.9141707212117520439576232092977494207
322 151 1 1 0 0.30300000000000000000000000000000000000 -0.13827433353680404213900227685411233053
322 167 0 0 0 0.016000000000000000000000000000000000000 -3.8302781614772260479376437375731260759 E-5
322 179 1 1 1 0.024000000000000000000000000000000000000 -0.046159104767635104050603500177391250867
322 193 1 1 0 0.35300000000000000000000000000000000000 -0.17630149381545175418676569976246754129
322 239 1 1 1 0.036000000000000000000000000000000000000 -0.95622020376862808069078269203915880108
323 62 1 1 1 0.022000000000000000000000000000000000000 4.2496609350410237776228116594796538261
323 88 0 0 0 0.019000000000000000000000000000000000000 2.6762649041182148740473817481041526770
323 106 2 2 2 0.027000000000000000000000000000000000000 1.5946673460271330578743691787496115559
323 146 1 1 1 0.020000000000000000000000000000000000000 -0.31203158609779405205632013976156152618
323 236 0 0 0 0.016000000000000000000000000000000000000 -0.87394816661915803628475110144161164877
324 259 1 1 1 0.024000000000000000000000000000000000000 -1.4265022742138364039960720061297883687
326 143 1 1 0 0.39700000000000000000000000000000000000 -0.57252245090217225683489890237067563379
326 301 0 0 0 0.073000000000000000000000000000000000000 -3.1918651019152225784228860213994596152
327 124 1 1 1 0.016000000000000000000000000000000000000 0.29195718439911820457227346601934139128
327 166 0 0 0 0.013000000000000000000000000000000000000 -0.0041530011272152050860174055427260840583
327 184 1 1 1 0.020000000000000000000000000000000000000 -0.062020909006899174174797188949640632074
328 119 0 0 0 0.071000000000000000000000000000000000000 0.78751709997100387554551251466001899393
328 141 1 1 0 0.21700000000000000000000000000000000000 -0.88008622546831195957272504202415419360
328 253 0 0 0 0.025000000000000000000000000000000000000 -1.1810658439202865331059143966956427382
329 62 0 2 0 0.36400000000000000000000000000000000000 4.3247506386438147852656257450213355907
329 124 1 1 0 0.29600000000000000000000000000000000000 0.36980341868956394301031413045589351743
329 142 0 0 0 0.015000000000000000000000000000000000000 -0.80456088307137735152743444253392994113
329 152 2 2 1 0.34900000000000000000000000000000000000 -0.19575350485526078045790186178605825792
329 214 0 0 0 0.017000000000000000000000000000000000000 -0.39864920740546498469106526452801251013
329 254 1 1 0 0.45200000000000000000000000000000000000 -1.1867819904857270211969391549964610410
332 161 0 0 0 0.021000000000000000000000000000000000000 -0.053196656177722131184442065721209899436
332 185 1 1 1 0.020000000000000000000000000000000000000 -0.049111511155164292863613268340647967215
332 221 1 1 1 0.022000000000000000000000000000000000000 -0.47699456457186992075984287153892785655
332 253 1 1 1 0.023000000000000000000000000000000000000 -1.1062591325730589950419472049535213796
333 248 1 1 1 0.020000000000000000000000000000000000000 -0.97454828561708384211053141076322016402
334 95 1 1 1 0.022000000000000000000000000000000000000 2.4514183494770258396892307063823461613
334 117 1 1 1 0.019000000000000000000000000000000000000 1.1035226446670299645564650172935508560
334 215 1 1 1 0.021000000000000000000000000000000000000 -0.36563177367948117533148876402902410732
335 76 2 2 2 0.026000000000000000000000000000000000000 3.5404572418550988366726776155659364364
335 158 1 1 0 0.36500000000000000000000000000000000000 -0.11981620002147207735110650666193809437
335 192 2 2 2 0.028000000000000000000000000000000000000 -0.089924935412166706214564048158886504811
335 224 1 1 1 0.027000000000000000000000000000000000000 -0.49305207899902042870728211098681663320
336 101 1 1 0 0.44600000000000000000000000000000000000 2.1443143925826176193143149459050748064
337 190 1 1 0 0.40500000000000000000000000000000000000 -0.064783451201537085078464516429986863876
337 246 2 2 2 0.025000000000000000000000000000000000000 -0.86923856979548687675070027611393778767
337 252 1 1 0 0.30100000000000000000000000000000000000 -0.99693445578611890500032995431260261108
337 286 1 1 1 0.030000000000000000000000000000000000000 -1.9516755359563486970738582461899281150
338 33 0 0 0 0.018000000000000000000000000000000000000 6.8113924514407340199364325123713784307
338 145 1 1 0 0.27800000000000000000000000000000000000 -0.92256350362498264581486817838089289433
339 38 1 1 1 0.019000000000000000000000000000000000000 6.3093072396567334935499019900639574587
339 178 1 1 0 0.37200000000000000000000000000000000000 -0.0020539444835536007826156985026621535808
340 67 0 0 0 0.040000000000000000000000000000000000000 4.1416143581005528787037283120331371325
340 179 0 0 0 0.018000000000000000000000000000000000000 -0.0028740909693832892566934000956687482439
340 211 1 1 0 0.33600000000000000000000000000000000000 -0.26066312260260591602633597134735300633
340 241 0 0 0 0.014000000000000000000000000000000000000 -0.72892621795000160226723846182119214756
340 263 1 1 1 0.019000000000000000000000000000000000000 -1.1991195725493304327613429587897031677
341 26 1 1 0 0.32300000000000000000000000000000000000 7.6971918338952952841153298544191066220
341 54 0 0 0 0.013000000000000000000000000000000000000 5.0136531310755706705226751556165593589
341 76 0 0 0 0.016000000000000000000000000000000000000 3.6185755838757372252054426185349223235
341 82 1 1 1 0.017000000000000000000000000000000000000 3.2782551459230793868317248709119322569
341 106 1 1 0 0.35800000000000000000000000000000000000 1.9450004898248428160943271009910851690
341 142 1 1 0 0.27400000000000000000000000000000000000 -2.4592530369950732438365061698623790529
341 152 1 1 1 0.022000000000000000000000000000000000000 -0.41413516296570415123974996711968513290
341 208 3 3 3 0.029000000000000000000000000000000000000 -0.21693295215881205424102614306754621301
341 268 0 2 0 0.46400000000000000000000000000000000000 -1.3047662704601632391753275121535750493
341 322 2 2 2 0.028000000000000000000000000000000000000 -3.7642352362510140101658645009314836109
342 43 2 2 2 0.029000000000000000000000000000000000000 5.8863412205097387572293077320679679413
342 139 0 0 0 0.024000000000000000000000000000000000000 -1.2731819716774240894682354083249600687
343 286 1 1 0 0.26400000000000000000000000000000000000 -1.7780397912892802062044445308264622427
344 69 1 1 1 0.083000000000000000000000000000000000000 4.0680983507820229030158627135970052227
344 217 2 2 2 0.022000000000000000000000000000000000000 -0.30547782327477914678223426894424543022
344 267 0 0 0 0.016000000000000000000000000000000000000 -1.2210798871528104807716092409086883369
346 129 0 2 0 0.38700000000000000000000000000000000000 0.49951833922937679480137860986049459756
346 143 0 0 0 0.016000000000000000000000000000000000000 -3.1923686171821990111115888822890928430
346 203 1 1 1 0.021000000000000000000000000000000000000 -0.13189377038937204436529775664358856375
346 213 0 0 0 0.022000000000000000000000000000000000000 -0.23978341721224272650210964938007500901
347 126 1 1 0 0.38800000000000000000000000000000000000 0.77922521677944181637790961437494870315
347 130 0 0 0 0.016000000000000000000000000000000000000 0.44298372838052976034835496129792232237
347 186 0 0 0 0.013000000000000000000000000000000000000 -0.011792425215394332221645853319433056647
347 228 1 1 0 0.32200000000000000000000000000000000000 -0.43201668216322097953018627214768212798
347 280 0 0 0 0.015000000000000000000000000000000000000 -1.4981540839862776024824460661405223362
348 89 0 0 0 0.018000000000000000000000000000000000000 2.9891583235903470680885605069372207693
348 107 1 1 0 0.33500000000000000000000000000000000000 2.0111902922810800115071251349327522030
348 257 1 1 0 0.30300000000000000000000000000000000000 -0.92931059620044221124739049762837916332
348 317 2 2 2 0.028000000000000000000000000000000000000 -2.9214370143105718644588556199077111938
349 102 1 1 1 0.023000000000000000000000000000000000000 2.3034111689790845126079963305649545150
349 140 1 3 1 0.54100000000000000000000000000000000000 -0.77346038408187136159750057800861410935
350 239 0 0 0 0.077000000000000000000000000000000000000 -0.57205272127707517542372607322814500110
350 317 1 1 0 0.27900000000000000000000000000000000000 -2.8185387758943048853985063363722440393
351 142 2 2 2 0.026000000000000000000000000000000000000 -1.0682462612947661258937902260693891645
351 232 1 1 1 0.022000000000000000000000000000000000000 -0.45223849624668255773687755491749973982
352 93 2 2 2 0.027000000000000000000000000000000000000 2.8305224290201255105566192184141522688
352 299 1 1 1 0.022000000000000000000000000000000000000 -1.9610839521504186922913059282096535497
353 102 1 1 0 0.41100000000000000000000000000000000000 2.3661409354963078025622006940098733095
353 276 1 1 1 0.091000000000000000000000000000000000000 -1.2695612518199636805207767687017144585
354 199 1 1 0 0.30200000000000000000000000000000000000 -0.060680561666053313391644439043699205749
354 311 0 2 0 0.52600000000000000000000000000000000000 -2.3566681109725672187676545697192472704
355 26 0 0 0 0.014000000000000000000000000000000000000 7.8401880644408553952033126965063954170
355 58 1 1 0 0.30600000000000000000000000000000000000 4.8924131290560084312962619015727142617
355 124 0 0 0 0.015000000000000000000000000000000000000 1.1273800404751699666181389107398771270
355 206 1 1 0 0.42500000000000000000000000000000000000 -0.11126956513567203017830612369885032025
355 212 0 0 0 0.016000000000000000000000000000000000000 -0.16826953284280631135622822527004408383
356 195 2 2 2 0.027000000000000000000000000000000000000 -0.029751378670050021258393337246467861656
356 259 1 1 0 0.39200000000000000000000000000000000000 -0.85242479211905482982103307008434811074
356 323 0 0 0 0.018000000000000000000000000000000000000 -2.8493601056295219353325242016052572093
358 35 1 1 0 0.39400000000000000000000000000000000000 6.8065025486197730072870937000862859361
358 217 1 1 0 0.30700000000000000000000000000000000000 -0.20190406502757236169590986853614341553
358 225 1 1 0 0.26500000000000000000000000000000000000 -0.29507345949087327815818327255182433123
358 335 1 1 0 0.41100000000000000000000000000000000000 -3.5097110349616701518143349150812532395
359 138 3 3 3 0.029000000000000000000000000000000000000 0.10210987062766032195637614630397056702
359 156 1 1 0 0.22200000000000000000000000000000000000 -0.69570399791561113511188979629028248191
359 308 1 1 0 0.38900000000000000000000000000000000000 -2.0685957620140020480052722195962190214
360 199 0 0 0 0.015000000000000000000000000000000000000 -0.039517839989270642754619415938927679994
361 154 1 1 0 0.30600000000000000000000000000000000000 -1.0548455178023869409336157095946839094
362 63 0 0 0 0.015000000000000000000000000000000000000 4.6441676197616415457753084001100183887
362 65 1 1 1 0.024000000000000000000000000000000000000 4.5196955654992151633028711080715084906
362 133 1 1 0 0.24000000000000000000000000000000000000 0.66024913625033025312565178428548969364
362 301 0 0 0 0.018000000000000000000000000000000000000 -1.7521692389710276575220350012860145604
362 341 1 1 0 0.33400000000000000000000000000000000000 -3.6922647149717583905661874967978014358
363 28 1 1 1 0.045000000000000000000000000000000000000 7.6559592917297747286072190602132319693
363 92 0 0 0 0.017000000000000000000000000000000000000 3.0324943996698369383327329259785017447
364 23 1 1 1 0.018000000000000000000000000000000000000 8.3628721811752377077265132368670656632
364 43 1 1 1 0.020000000000000000000000000000000000000 6.1167608797412346533475832211841824258
364 73 2 2 2 0.033000000000000000000000000000000000000 4.0687615793145791983184527527380838709
364 163 1 1 0 0.34100000000000000000000000000000000000 -0.37748620120901689363093335327214742537
364 263 1 1 1 0.019000000000000000000000000000000000000 -0.81850411091061539305678140056429134264
364 307 0 0 0 0.074000000000000000000000000000000000000 -1.8883866560982470645942238228884789637
365 86 1 1 1 0.088000000000000000000000000000000000000 3.3711537027818671480862168505951572745
365 104 0 0 0 0.067000000000000000000000000000000000000 2.4419966405666977135729814130468247636
365 118 1 1 0 0.27700000000000000000000000000000000000 1.6956868572385299891972175757373808338
366 47 1 1 1 0.024000000000000000000000000000000000000 5.8078267816574546460092435652500728634
366 107 3 3 3 0.030000000000000000000000000000000000000 2.3017766352477673691869362557534081466
366 161 1 1 1 0.028000000000000000000000000000000000000 -0.54057771180056358314458556482845507021
366 223 0 0 0 0.016000000000000000000000000000000000000 -0.21422856390101498681022583925408659256
367 130 0 0 0 0.013000000000000000000000000000000000000 1.0083278293252249263051477088783189654
367 228 1 1 0 0.29200000000000000000000000000000000000 -0.26349903418029986451919316369810548020
368 39 2 2 2 0.026000000000000000000000000000000000000 6.5140435383318799589844803019201819767
368 45 0 2 0 0.58900000000000000000000000000000000000 5.9893552308851615060571030497348597051
368 95 2 2 1 0.58700000000000000000000000000000000000 2.9439818415332317609892703680078300462
368 143 1 1 1 0.021000000000000000000000000000000000000 -0.069493977944442446630187407556388308859
368 215 0 0 0 0.080000000000000000000000000000000000000 -0.12381981910490604720593418699954321840
368 221 2 2 2 0.025000000000000000000000000000000000000 -0.18061711648495102248494391538772416857
368 259 1 1 1 0.022000000000000000000000000000000000000 -0.69731767477539268168732693183552456308
369 68 1 1 0 0.31900000000000000000000000000000000000 4.4153468982800111579495062880491341605
369 116 0 0 0 0.019000000000000000000000000000000000000 1.8755645402831195583128623516267818238
369 148 2 2 2 0.023000000000000000000000000000000000000 -0.76875829515812977127189553406578699010
369 184 1 1 0 0.41800000000000000000000000000000000000 -0.016025726152900454676297518537342590223
370 113 0 0 0 0.014000000000000000000000000000000000000 2.0513918665573195635404235870191990640
370 139 0 0 0 0.014000000000000000000000000000000000000 0.40980034673385377189605014628948303299
370 239 1 1 0 0.29300000000000000000000000000000000000 -0.37644883846533770094020184482278254697
371 74 1 1 1 0.023000000000000000000000000000000000000 4.0913987252302878919076312920082350565
371 80 0 0 0 0.019000000000000000000000000000000000000 3.7619255383314349653577876914579955181
371 162 1 1 1 0.14900000000000000000000000000000000000 -0.62860054219357430318157161251099971805
371 188 0 0 0 0.015000000000000000000000000000000000000 -0.0049724855038919531100190890355310516950
371 218 0 0 0 0.022000000000000000000000000000000000000 -0.13487404612369841103909629506393504607
371 292 1 1 0 0.37300000000000000000000000000000000000 -1.3147682569955658127693532701220554232
371 332 0 0 0 0.077000000000000000000000000000000000000 -2.6207943920632482946740903951165030774
371 334 1 1 0 0.38000000000000000000000000000000000000 -2.7165945030771240373747038727300478000
372 43 1 1 1 0.018000000000000000000000000000000000000 6.1966937291859508926658798158056007364
372 211 1 1 1 0.020000000000000000000000000000000000000 -0.073579856804118855735057120329207006005
372 239 0 0 0 0.013000000000000000000000000000000000000 -0.35967933569677148588036776651368160931
373 222 1 1 0 0.33700000000000000000000000000000000000 -0.16104298198234688377824996337827158843
374 3 0 0 0 0.015000000000000000000000000000000000000 15.561435633550643688490473939045674093
374 73 0 0 0 0.015000000000000000000000000000000000000 4.1809985607594874548197110531174419980
374 127 1 1 0 0.41800000000000000000000000000000000000 1.3497903860132914232661798979965000523
374 271 0 0 0 0.016000000000000000000000000000000000000 -0.83247355825850089246732463194627352599
374 283 1 1 0 0.36100000000000000000000000000000000000 -1.0644119584274680154380451750273781740
374 367 1 1 1 0.019000000000000000000000000000000000000 -5.6907958361419926694141252656370826690
376 75 2 2 2 0.022000000000000000000000000000000000000 4.0912494070481900502915096991494378677
376 77 0 0 0 0.074000000000000000000000000000000000000 3.9813070611589530822317728643706771680
376 145 2 2 2 0.060000000000000000000000000000000000000 0.053386806883760234314157614874881591710
376 161 1 1 0 0.32900000000000000000000000000000000000 -0.96380847325500503650151361858098859690
376 221 1 1 0 0.41200000000000000000000000000000000000 -0.13542525605433513865358854941525865224
376 247 1 1 1 0.019000000000000000000000000000000000000 -0.43127002558261674409553610788033516219
376 287 0 0 0 0.067000000000000000000000000000000000000 -1.1161460569853704775980343950127705046
376 365 0 0 0 0.097000000000000000000000000000000000000 -4.9058455780819495897802134347385225858
377 74 2 2 2 0.024000000000000000000000000000000000000 4.1578387046349223967561416922665240469
377 106 1 1 0 0.35600000000000000000000000000000000000 2.5127914636668654614532354248720403909
377 124 1 1 1 0.065000000000000000000000000000000000000 1.5792027539480163653359752783606886836
377 146 1 1 0 0.27800000000000000000000000000000000000 -0.013263884458287464253703867223023146783
377 176 1 1 1 0.017000000000000000000000000000000000000 -0.15406206474263416158794336791060889508
377 184 2 2 2 0.026000000000000000000000000000000000000 -0.042341791428868639426824499972643204354
377 244 1 1 1 0.019000000000000000000000000000000000000 -0.38264686850852023694705266487845038628
377 328 1 1 1 0.020000000000000000000000000000000000000 -2.2324345554739240361526860997217325263
377 344 0 0 0 0.060000000000000000000000000000000000000 -2.9531421963556466558616679560552599190
378 59 1 1 1 0.017000000000000000000000000000000000000 5.0694942074523906309091751841896955104
378 157 1 1 1 0.017000000000000000000000000000000000000 -3.0312058669148042860583571052245385070
379 286 1 1 0 0.46900000000000000000000000000000000000 -1.0485345290807732979606181328417983417
380 93 1 1 1 0.020000000000000000000000000000000000000 3.1970446005524660537776822360176503522
380 163 1 1 0 0.28700000000000000000000000000000000000 -0.92489133782099774362737273683706640065
380 181 1 1 0 0.26900000000000000000000000000000000000 -0.092157509295226036808810466382615765471
380 193 0 0 0 0.019000000000000000000000000000000000000 -0.0039413366694874721234906041663845986468
380 313 0 2 0 0.53000000000000000000000000000000000000 -1.6678177764924183416097627816637846483
380 341 1 1 1 0.018000000000000000000000000000000000000 -2.6644384285631899889243134112668240907
381 164 0 0 0 0.062000000000000000000000000000000000000 -0.85426219642620287151702053378019676767
381 178 2 2 2 0.021000000000000000000000000000000000000 -0.15135532465433268169802125968081552791
381 214 1 1 0 0.37100000000000000000000000000000000000 -0.059539566590124896249522569578358939968
382 129 1 1 0 0.34400000000000000000000000000000000000 1.3911175693628397063158926212766482264
382 253 1 1 0 0.32400000000000000000000000000000000000 -0.45922732916902073308240866801184963797
382 287 1 1 1 0.050000000000000000000000000000000000000 -1.0234039742703921419228980171482013466
383 240 2 2 2 0.025000000000000000000000000000000000000 -0.28683679926505623100954747762612543818
383 266 1 1 1 0.024000000000000000000000000000000000000 -0.64047224852577537221502832703165566226
384 329 1 1 1 0.021000000000000000000000000000000000000 -2.0534777751907289508850291786963664293
386 85 1 1 0 0.40000000000000000000000000000000000000 3.6711108180908731339264140360742224065
386 87 0 0 0 0.023000000000000000000000000000000000000 3.5692929864166884952442729676354641967
386 133 0 0 0 0.068000000000000000000000000000000000000 1.2375616121747549220942923454027878616
386 175 0 0 0 0.015000000000000000000000000000000000000 -0.29334502453330323057563767725704415977
386 203 1 1 0 0.30500000000000000000000000000000000000 -0.0025273012347660391105759434598110150363
386 253 0 0 0 0.075000000000000000000000000000000000000 -0.42373773743755122555994815707597943295
386 309 1 1 1 0.019000000000000000000000000000000000000 -1.4371326721713994199327885505293435285
387 166 0 0 0 0.014000000000000000000000000000000000000 -0.92523091172794358699825003193664061144
387 268 1 1 1 0.16500000000000000000000000000000000000 -0.62844273497475477377027527843930854696
388 63 0 0 0 0.018000000000000000000000000000000000000 4.9165440935762073393215739219013406773
388 129 0 0 0 0.016000000000000000000000000000000000000 1.5039351590362145697010234358007102807
388 171 0 0 0 0.015000000000000000000000000000000000000 -0.52031629525614240450737421287628566286
388 185 1 1 0 0.32900000000000000000000000000000000000 -0.089556508778361557289981474038965403973
388 245 1 1 1 0.019000000000000000000000000000000000000 -0.30832002648253826002875847401802233029
388 301 0 0 0 0.082000000000000000000000000000000000000 -1.2178148778331177152071631866889410870
389 70 2 2 2 0.026000000000000000000000000000000000000 4.5109974547548359753494146858323149925
391 22 1 1 0 0.39800000000000000000000000000000000000 8.7717554108097253937053737149542038026
391 82 2 2 2 0.022000000000000000000000000000000000000 3.8808108756157457801832844696908266306
391 118 1 1 0 0.23800000000000000000000000000000000000 2.1213115465383048584915218772824952539
391 142 0 0 0 0.018000000000000000000000000000000000000 0.77763193530098994414348775161256644636
391 174 2 2 1 0.32800000000000000000000000000000000000 -0.42810941001268901554766978997259307005
391 218 0 0 0 0.12500000000000000000000000000000000000 -0.049824516434536392568162567458518605980
391 226 1 1 1 0.025000000000000000000000000000000000000 -0.10428264615457297978634689986091209773
391 248 3 3 3 0.036000000000000000000000000000000000000 -0.32120923011301399350708865547891703998
391 274 1 1 1 0.027000000000000000000000000000000000000 -0.67849586404903925473160781146776491180
391 356 0 0 0 0.020000000000000000000000000000000000000 -2.9126472909276163400473782492664908881
392 183 0 0 0 0.014000000000000000000000000000000000000 -0.15411504625090657833557582207951354714
393 134 1 1 1 0.21200000000000000000000000000000000000 1.3187621404714407340675011402204532206
393 158 1 1 0 0.39500000000000000000000000000000000000 -0.84303080090869942191375934266999681133
394 187 0 0 0 0.029000000000000000000000000000000000000 -0.10160388228279478321471396560319253069
394 189 1 1 1 0.10200000000000000000000000000000000000 -0.075180656562833465874976226812957773909
394 201 1 1 0 0.33800000000000000000000000000000000000 -0.0022904559449998697117849899421744605462
394 319 1 1 1 0.14200000000000000000000000000000000000 -1.5247697765475779480485388909008998379
395 234 0 0 0 0.017000000000000000000000000000000000000 -0.15127472550666598296929079815412886637
395 298 2 2 2 0.032000000000000000000000000000000000000 -1.0471046392769354253732935370210196399
396 97 1 1 1 0.026000000000000000000000000000000000000 3.1930086203107031440877625411337783109
396 193 0 0 0 0.11000000000000000000000000000000000000 -0.044605570592571944451649845088087547345
396 199 0 0 0 0.095000000000000000000000000000000000000 -0.0098549424564682829269728017184396188821
396 269 1 1 0 0.23900000000000000000000000000000000000 -0.55178088952522782379870016654281125674
397 282 1 1 1 0.31100000000000000000000000000000000000 -0.73852063459062147203821733971298452525
397 306 1 1 1 0.026000000000000000000000000000000000000 -1.1764677024366285121851008269120037721
398 57 1 1 1 0.027000000000000000000000000000000000000 5.3982955999323042545704786224132325054
398 161 1 1 1 0.080000000000000000000000000000000000000 -1.0646983601178414047329510046190278797
398 183 1 1 0 0.31200000000000000000000000000000000000 -0.21757212058292067970035306680997343382
398 299 2 2 2 0.020000000000000000000000000000000000000 -1.0230070705781448528448577972122770621
399 8 2 2 2 0.017000000000000000000000000000000000000 12.376147322027974045214600938952508226
401 114 0 2 0 0.30400000000000000000000000000000000000 2.4540888254879516203767595505009815383
401 266 1 1 1 0.023000000000000000000000000000000000000 -0.46468977254444664839097161325131233987
401 286 1 1 0 0.33000000000000000000000000000000000000 -0.75711589044554270667578562290042544980
401 380 1 3 1 0.56100000000000000000000000000000000000 -3.8747497975585203745114096281074172730
402 269 2 2 2 0.024000000000000000000000000000000000000 -0.49574044612721344751794017413941537547
402 347 1 1 0 0.32600000000000000000000000000000000000 -2.1379915059394370869414429184426666249
403 22 1 1 1 0.023000000000000000000000000000000000000 8.8780904664618349031485568774530422553
403 94 1 1 1 0.022000000000000000000000000000000000000 3.4166842139056546102310154172422143762
403 116 1 1 1 0.021000000000000000000000000000000000000 2.3871262916718024116404721708219154328
403 136 1 1 1 0.020000000000000000000000000000000000000 1.3960960412039846157537711833821430580
403 142 1 1 1 0.017000000000000000000000000000000000000 1.0539933727186362046893514363603888420
403 150 1 1 1 0.017000000000000000000000000000000000000 0.51865587497523353530253592467280408906
403 206 2 2 2 0.085000000000000000000000000000000000000 -0.0017002017838063525854522294064416844173
403 218 0 2 0 0.40000000000000000000000000000000000000 -0.018453014809220529539937975141479337313
403 224 0 0 0 0.013000000000000000000000000000000000000 -0.046007012470820056287230711044132881978
403 268 0 0 0 0.013000000000000000000000000000000000000 -0.47353471039018958945282627083183919547
403 284 1 1 0 0.30700000000000000000000000000000000000 -0.70300355481799442174461881274035072171
403 334 0 0 0 0.018000000000000000000000000000000000000 -1.7225007411489718013645627725730019200
403 346 0 0 0 0.077000000000000000000000000000000000000 -2.0766968290133378233994771354005249311
403 388 0 0 0 0.018000000000000000000000000000000000000 -4.4807273233128087275107608619303862277
404 33 1 1 0 0.43500000000000000000000000000000000000 7.4517429162792370084081523577572209982
404 69 0 2 0 0.45500000000000000000000000000000000000 4.7184937388804129641093253874729087264
404 187 0 0 0 0.061000000000000000000000000000000000000 -0.18770491571071444159097554955923462957
404 327 2 2 2 0.022000000000000000000000000000000000000 -1.5224261885029879292826784178366067446
404 341 0 0 0 0.071000000000000000000000000000000000000 -1.8961330120158191422880157162794321695
405 146 1 1 0 0.33200000000000000000000000000000000000 0.84892248097553639703895193913990065728
405 244 1 1 1 0.018000000000000000000000000000000000000 -0.18783661822815054466289441970379079716
406 67 1 1 1 0.094000000000000000000000000000000000000 4.8533316060124256246038551587409951918
406 89 0 0 0 0.051000000000000000000000000000000000000 3.6907974817465825938201134857902906058
406 127 1 1 0 0.32000000000000000000000000000000000000 1.9063918192323392930095746822522004421
406 169 1 1 0 0.22100000000000000000000000000000000000 -2.5256471353365656437259912782090409207
406 179 1 1 0 0.23300000000000000000000000000000000000 -0.51639427923376830446511662036418410444
406 197 0 0 0 0.014000000000000000000000000000000000000 -0.052152038071767581776554974245654327125
406 223 0 0 0 0.016000000000000000000000000000000000000 -0.032560157872228246134314989181655091540
406 257 1 1 0 0.20600000000000000000000000000000000000 -0.31541405582428742296019828888580972835
406 263 1 1 0 0.26300000000000000000000000000000000000 -0.38543547216154486817589241121190875465
406 283 0 0 0 0.015000000000000000000000000000000000000 -0.65573287479050668993895493276097299751
406 349 2 2 1 0.49300000000000000000000000000000000000 -2.0903838396023536501720372618234159395
406 353 0 0 0 0.024000000000000000000000000000000000000 -2.2244106551038793528168877530604819756
407 20 1 1 1 0.025000000000000000000000000000000000000 9.2475239737567635104590037783682175069
407 30 2 2 2 0.024000000000000000000000000000000000000 7.8174406513684896612130056127918285037
407 86 0 0 0 0.016000000000000000000000000000000000000 3.8488127360191876552475664681296309117
407 98 0 0 0 0.020000000000000000000000000000000000000 3.2722074454911458495976142318419443901
407 104 1 1 1 0.089000000000000000000000000000000000000 2.9932728820466940427675233141984286682
407 106 2 2 2 0.022000000000000000000000000000000000000 2.9010186477337432150703294477549447234
407 146 1 1 1 0.018000000000000000000000000000000000000 0.89496591046972473850595839049167941207
407 232 2 2 2 0.022000000000000000000000000000000000000 -0.081193786279002593043237336132302748611
407 244 0 0 0 0.013000000000000000000000000000000000000 -0.17678028683257869594342909821626097517
407 302 1 1 1 0.098000000000000000000000000000000000000 -0.95461252594153961764483937777643433922
407 314 2 2 2 0.028000000000000000000000000000000000000 -1.1823581149697275203342808090221696858
407 342 1 1 0 0.15900000000000000000000000000000000000 -1.8518806841419669644290023793578771367
407 358 0 0 0 0.018000000000000000000000000000000000000 -2.3729718210988250818302689191897629751
408 103 0 2 0 0.32100000000000000000000000000000000000 3.0511887963974813842753221579789248455
408 109 0 0 0 0.016000000000000000000000000000000000000 2.7752518042927497167559436380788279350
409 186 1 1 0 0.24800000000000000000000000000000000000 -0.27512251187554793249303645879241166121
409 290 0 0 0 0.075000000000000000000000000000000000000 -0.73034477442185662999735678304287991810
409 370 1 1 0 0.44200000000000000000000000000000000000 -2.7980882828374841699824956597051119782
410 19 0 0 0 0.020000000000000000000000000000000000000 9.4531268040916007771076546466323850616
410 179 2 2 2 0.026000000000000000000000000000000000000 -0.63075680732819492082100513689155130378
410 193 1 1 1 0.16600000000000000000000000000000000000 -0.12582551102572452670773247749036838813
410 269 0 0 0 0.026000000000000000000000000000000000000 -0.42708849309708304334838121570613035452
410 277 1 1 0 0.37900000000000000000000000000000000000 -0.53114536715759453671248612450991199971
410 367 1 1 1 0.45700000000000000000000000000000000000 -2.6250144676016331249619751703454959916
410 389 1 1 0 0.32400000000000000000000000000000000000 -3.9142762311386267494977735200331141430
411 124 0 0 0 0.061000000000000000000000000000000000000 2.1229902110397685033678317925164685936
411 268 2 2 2 0.10400000000000000000000000000000000000 -0.40670060891930728360619552674969882223
411 278 1 1 0 0.32200000000000000000000000000000000000 -0.53554067460245272629069109691190110208
411 292 2 2 2 0.024000000000000000000000000000000000000 -0.73938360121233159233226947259380150866
412 35 0 0 0 0.071000000000000000000000000000000000000 7.3115295338217051994430806866784315840
412 215 2 2 2 0.028000000000000000000000000000000000000 -0.00067039674012481235364144066735505204986
412 237 0 0 0 0.077000000000000000000000000000000000000 -0.096039415311230470536480920829191740866
412 247 0 0 0 0.070000000000000000000000000000000000000 -0.17680231020417230636118080014670827813
412 319 1 1 0 0.37800000000000000000000000000000000000 -1.2052851324043712240099545022002253945
412 329 0 0 0 0.018000000000000000000000000000000000000 -1.4186842669285677326368498157937010035
412 391 0 0 0 0.016000000000000000000000000000000000000 -3.9229392458775547535396957769837711831
412 407 2 2 2 0.021000000000000000000000000000000000000 -6.4490803890189283673301741391296935810
413 94 1 1 0 0.36400000000000000000000000000000000000 3.5260945602133475165279888222371546826
413 176 0 0 0 0.073000000000000000000000000000000000000 -1.0824655538437725380492281964404277249
413 214 3 3 3 0.028000000000000000000000000000000000000 -1.0552766196024363017084844935242609188 E-5
413 226 1 1 0 0.25000000000000000000000000000000000000 -0.028776832883419205237670728760862801689
413 232 1 1 0 0.35900000000000000000000000000000000000 -0.059694292824436054059868674545047436813
413 258 1 1 0 0.30100000000000000000000000000000000000 -0.27835969274266918594563443964601797926
413 284 0 2 0 0.39100000000000000000000000000000000000 -0.59979282371921053004707892253848269261
413 292 0 2 0 0.45500000000000000000000000000000000000 -0.71750706947156425694658754083149742160
414 37 2 2 2 0.025000000000000000000000000000000000000 7.1297391333968855322868846249692798001
414 197 1 1 0 0.23000000000000000000000000000000000000 -0.094712125557550133212045209873104647970
414 281 0 0 0 0.021000000000000000000000000000000000000 -0.54868508443734444218085631658541130949
414 301 1 1 1 0.031000000000000000000000000000000000000 -0.84917395149250600075008079593346854611
414 323 1 1 1 0.023000000000000000000000000000000000000 -1.2551908220344258056823465833610695225
415 86 0 0 0 0.021000000000000000000000000000000000000 3.9313843276880036906725822898500907096
415 96 0 0 0 0.019000000000000000000000000000000000000 3.4538642365305641093811917568763835249
415 112 1 1 1 0.021000000000000000000000000000000000000 2.7242967940984944614182304822376211009
415 278 1 1 0 0.32500000000000000000000000000000000000 -0.49966992710874653242911833419963032446
415 376 0 0 0 0.018000000000000000000000000000000000000 -2.8245083453392814684552721381189611753
416 185 2 2 2 0.022000000000000000000000000000000000000 -0.43397695575534748127386016506970160754
416 207 1 1 1 0.019000000000000000000000000000000000000 -0.017989367904566558697345061530119404376
416 287 0 0 0 0.080000000000000000000000000000000000000 -0.61301474992346623683648301072247072957
416 321 0 0 0 0.022000000000000000000000000000000000000 -1.1834747727897624078430711594303503265
417 116 1 1 0 0.27000000000000000000000000000000000000 2.5688955939587335718593139179854517774
417 164 2 2 1 0.34700000000000000000000000000000000000 -0.29019590632261546840266104624474749456
417 332 1 1 0 0.35000000000000000000000000000000000000 -1.3966725986097640041662112713642366060
417 382 1 1 0 0.38600000000000000000000000000000000000 -3.0290567425220817069157375898876132076
418 23 1 1 1 0.019000000000000000000000000000000000000 8.8502844965082036875345636096997683676
418 61 1 1 0 0.36000000000000000000000000000000000000 5.3269611958013030494814433223085591705
418 79 1 1 0 0.36800000000000000000000000000000000000 4.3129937375715492734827183003639506076
418 113 0 0 0 0.023000000000000000000000000000000000000 2.7157738564859813585011208557994902439
418 117 0 0 0 0.017000000000000000000000000000000000000 2.5365004509805272899877880081439181071
418 119 0 0 0 0.021000000000000000000000000000000000000 2.4465635001488817705407449602802490956
418 127 0 2 0 0.40000000000000000000000000000000000000 2.0819694109342126242112316724189936089
418 191 0 0 0 0.018000000000000000000000000000000000000 -0.24886224452512663191249901234266439889
418 193 0 0 0 0.018000000000000000000000000000000000000 -0.19845175644688384782449795277662619410
418 211 1 1 0 0.30100000000000000000000000000000000000 -0.0070121108153294266807032043999531617534
418 215 1 1 1 0.080000000000000000000000000000000000000 -0.00042855698691454984406390824264205634384
418 233 2 2 2 0.029000000000000000000000000000000000000 -0.049533949006214218585607615761668643146
418 263 1 1 0 0.24500000000000000000000000000000000000 -0.29817325077973927727755867213953251576
418 289 1 1 1 0.027000000000000000000000000000000000000 -0.62179013019453328485788652136034509338
418 295 2 2 2 0.033000000000000000000000000000000000000 -0.70944310300268722762410210934774334144
418 349 1 1 1 0.029000000000000000000000000000000000000 -1.7904882638009759438141960026611555591
418 359 1 1 1 0.021000000000000000000000000000000000000 -2.0804965309896328582106184872715454271
418 387 1 1 1 0.024000000000000000000000000000000000000 -3.2521017965095128812936691949872806304
418 397 1 1 0 0.34000000000000000000000000000000000000 -3.9486724177853416560684949873613035797
419 78 1 1 0 0.36300000000000000000000000000000000000 4.3744118466099058566608545447867442109
419 132 0 0 0 0.070000000000000000000000000000000000000 1.8621881501212752998701474132598275200
419 210 1 1 1 0.019000000000000000000000000000000000000 -0.011784428871857908581063673534854483092
421 168 1 1 1 0.078000000000000000000000000000000000000 -0.62453772291019389341968250876257484934
422 95 0 0 0 0.10100000000000000000000000000000000000 3.5745750697727121525186780558099364226
422 201 1 1 1 0.16900000000000000000000000000000000000 -0.092224616955758391531848817145636739585
422 299 0 0 0 0.021000000000000000000000000000000000000 -0.72706541437611334181126839694042452527
422 319 1 1 0 0.38300000000000000000000000000000000000 -1.0585559173386693674493993889866768447
422 355 0 0 0 0.023000000000000000000000000000000000000 -1.8628058004931497152338396110980051746
422 371 0 0 0 0.018000000000000000000000000000000000000 -2.3659842104357772074108397751128844843
423 88 2 2 1 0.50200000000000000000000000000000000000 3.9149171846394088121287569489636233827
423 104 1 1 1 0.019000000000000000000000000000000000000 3.1756839847742549343108515322614049355
423 136 1 1 0 0.35800000000000000000000000000000000000 1.7319007152014280852774765669712019222
423 214 0 0 0 0.066000000000000000000000000000000000000 -0.0057909867202902627916171115992391152576
423 332 1 1 0 0.42300000000000000000000000000000000000 -1.2955528422812472960926364966164394874
423 382 1 1 1 0.099000000000000000000000000000000000000 -2.7684030940785807669485414244045906797
424 129 2 2 2 0.022000000000000000000000000000000000000 2.0738869535734780503854425694896515295
424 161 1 1 1 0.016000000000000000000000000000000000000 0.27418174084363925184739133875937909236
424 187 1 1 1 0.018000000000000000000000000000000000000 -0.51283417973941446903119409983768699524
424 203 1 1 1 0.020000000000000000000000000000000000000 -0.079578841852887368919527773504640315559
424 259 1 1 0 0.37100000000000000000000000000000000000 -0.22043910972691743846339203545733759676
425 254 0 0 0 0.090000000000000000000000000000000000000 -0.16995515477544528313111836165063064084
425 292 0 0 0 0.079000000000000000000000000000000000000 -0.59633495675068922383403504662361143653
426 11 1 1 1 0.022000000000000000000000000000000000000 11.495375274023136179633018217458812005
426 41 0 0 0 0.015000000000000000000000000000000000000 6.8631310738143095545469034685845583785
426 223 0 0 0 0.070000000000000000000000000000000000000 -0.0012775792321465619788316075898535120436
426 311 2 2 2 0.22700000000000000000000000000000000000 -0.86976873811897936229332202874384284793
426 349 0 2 0 0.35500000000000000000000000000000000000 -1.6214783944155424646484761620449621989
426 379 0 0 0 0.079000000000000000000000000000000000000 -2.5326275045467736124301502643431913568
427 24 0 0 0 0.017000000000000000000000000000000000000 8.7755033534388714184208862308838169713
427 46 1 1 1 0.019000000000000000000000000000000000000 6.4543967476148440217714182953599429846
427 68 0 0 0 0.067000000000000000000000000000000000000 4.9918891675912624659726597689227897137
427 134 2 2 1 0.41200000000000000000000000000000000000 1.8863990306764427318253996863168658359
427 212 0 0 0 0.076000000000000000000000000000000000000 -0.020209317311295683401446012833499622126
427 284 0 0 0 0.076000000000000000000000000000000000000 -0.47402884036037304582020428026799143625
427 298 1 1 0 0.42300000000000000000000000000000000000 -0.66088761000556955571644145260228226392
427 314 1 1 0 0.40800000000000000000000000000000000000 -0.90695201468113052037069969419990682785
427 328 0 0 0 0.078000000000000000000000000000000000000 -1.1550370763710877124637726940762673958
427 376 0 0 0 0.015000000000000000000000000000000000000 -2.3875646056563471370061850760657121309
428 99 0 2 0 0.42600000000000000000000000000000000000 3.4541909247206063583523627640091804423
428 133 1 1 1 0.019000000000000000000000000000000000000 1.9470220320822177171604968128540971547
428 161 1 1 0 0.26700000000000000000000000000000000000 0.39381091598668832423038413526492212402
428 187 0 0 0 0.11400000000000000000000000000000000000 -0.62097429078629300679596921423791599878
428 207 1 1 0 0.35500000000000000000000000000000000000 -0.058167616866944698426134278428484721625
428 209 0 0 0 0.016000000000000000000000000000000000000 -0.041526532387043124281198395315212282570
428 265 1 1 1 0.088000000000000000000000000000000000000 -0.25460703316102249987469277458276099968
428 351 0 0 0 0.075000000000000000000000000000000000000 -1.6302181400380416505800274190035386760
428 371 1 1 1 0.077000000000000000000000000000000000000 -2.1876337423307008828046475025701223277
429 16 0 0 0 0.079000000000000000000000000000000000000 10.212882466869424852713617441361575270
429 268 2 2 2 0.14400000000000000000000000000000000000 -0.27840888846405000990207697064065031810
430 31 0 0 0 0.071000000000000000000000000000000000000 7.8961881940678182769290332091815139492
430 89 2 2 2 0.026000000000000000000000000000000000000 3.9365250533530678765332865359510541718
430 143 1 1 1 0.10600000000000000000000000000000000000 1.5021463749440555398455487611551927608
430 269 0 0 0 0.090000000000000000000000000000000000000 -0.28222215730752899530963614284494409102
430 307 0 0 0 0.092000000000000000000000000000000000000 -0.76188998671598403165782620776031827652
430 337 1 1 1 0.12500000000000000000000000000000000000 -1.2855567868767984485139729449779162169
431 364 1 1 1 0.077000000000000000000000000000000000000 -1.9019458025497181073765767724794164784
431 374 0 0 0 0.079000000000000000000000000000000000000 -2.2004885627512512377322699306144138771
432 299 1 1 1 0.022000000000000000000000000000000000000 -0.62619887090646047891551391799321336507
433 230 2 2 1 0.38300000000000000000000000000000000000 -0.0065715645391105568702607289203061651614
433 246 1 1 1 0.042000000000000000000000000000000000000 -0.076044699745034241678335537245965317178
433 280 1 1 0 0.31900000000000000000000000000000000000 -0.37988935746204413088190700322527617781
433 372 0 0 0 0.077000000000000000000000000000000000000 -2.0840396905874724237897817407832985523
434 17 1 1 1 0.020000000000000000000000000000000000000 10.041507858244470306481384533357129969
434 43 0 0 0 0.016000000000000000000000000000000000000 6.7582742250586486028048473351862102893
434 71 0 0 0 0.071000000000000000000000000000000000000 4.8873058382355875545927764292046198305
434 83 1 1 1 0.022000000000000000000000000000000000000 4.2647389321593291358557016571657596090
434 181 1 1 0 0.25100000000000000000000000000000000000 -2.2475419182914259311210201245374239974
434 199 0 0 0 0.017000000000000000000000000000000000000 -0.23105962230620373242970829941179620408
434 233 2 2 1 0.55200000000000000000000000000000000000 -0.012839702858437692941828167578173227560
434 247 0 0 0 0.088000000000000000000000000000000000000 -0.078731743077891718522273068300034596317
434 307 1 1 1 0.022000000000000000000000000000000000000 -0.71972828733540912039007074151163641833
434 347 0 0 0 0.014000000000000000000000000000000000000 -1.4279636153655565982455233201079630515
434 365 1 1 0 0.39700000000000000000000000000000000000 -1.8602548576543676573770557052530002278
434 383 2 2 1 0.45000000000000000000000000000000000000 -2.4173380209770955237400647143573476857
434 421 2 2 1 0.48500000000000000000000000000000000000 -4.8642533860889827708647256055783549859
436 95 0 0 0 0.018000000000000000000000000000000000000 3.7170069762355025704074160449058582538
436 117 0 0 0 0.019000000000000000000000000000000000000 2.7529470215520544054083485021890539814
436 299 1 1 0 0.39800000000000000000000000000000000000 -0.58889911222006912555575739205692661546
436 329 0 0 0 0.015000000000000000000000000000000000000 -1.0483031272047720726812723881735700037
436 381 1 1 0 0.39000000000000000000000000000000000000 -2.2873431612272270776048681525647394641
437 14 1 1 1 0.020000000000000000000000000000000000000 10.743558922899707485727479817725934874
437 34 1 1 1 0.093000000000000000000000000000000000000 7.6252511843428259270982117147505252345
437 44 0 0 0 0.016000000000000000000000000000000000000 6.6999957005207790152819639239801311219
437 74 0 0 0 0.13300000000000000000000000000000000000 4.7522079446989463683052840866393443628
437 82 1 1 0 0.18300000000000000000000000000000000000 4.3421845844754456825331569097750084273
437 116 0 0 0 0.071000000000000000000000000000000000000 2.8072731982958744317915752128618620032
437 142 1 1 0 0.26500000000000000000000000000000000000 1.6616898807133690140721341323804680008
437 208 1 1 1 0.017000000000000000000000000000000000000 -0.094016879415139287443451873343501649337
437 272 1 1 1 0.024000000000000000000000000000000000000 -0.26852385795486772924344456289726064081
437 284 0 0 0 0.058000000000000000000000000000000000000 -0.39581540884717584576046809565283915379
437 294 1 1 1 0.022000000000000000000000000000000000000 -0.51544528088142590502384843378431652564
437 326 0 0 0 0.016000000000000000000000000000000000000 -0.98375570381989446242994107084034815294
437 338 1 1 0 0.33400000000000000000000000000000000000 -1.1985058540420452066788817033601202789
437 352 1 1 0 0.43000000000000000000000000000000000000 -1.4844016774755713756749714550431454461
438 35 1 1 1 0.022000000000000000000000000000000000000 7.5301052871202386555779042391534694573
438 97 1 1 0 0.44200000000000000000000000000000000000 3.6463709971837976809510447309898959955
438 137 1 1 0 0.32300000000000000000000000000000000000 1.9068366680093269006564292674821224535
438 227 1 1 0 0.45400000000000000000000000000000000000 -1.5219358544213509504105926648180557699 E-5
438 293 2 2 2 0.043000000000000000000000000000000000000 -0.49463494230047708657975208752201880970
438 367 1 1 0 0.36500000000000000000000000000000000000 -1.8242395101580561503344700572576861452
439 340 0 0 0 0.018000000000000000000000000000000000000 -1.2070795859020756787903845952202387085
440 263 2 2 2 0.048000000000000000000000000000000000000 -0.17024720835350937886120195869677304325
441 34 0 0 0 0.075000000000000000000000000000000000000 7.6576892018728619557171418172738373298
441 86 1 1 0 0.16600000000000000000000000000000000000 4.1847102727042919268475537035208429950
441 188 0 0 0 0.067000000000000000000000000000000000000 -1.0727428375471216355105294739416158389
442 71 0 0 0 0.016000000000000000000000000000000000000 4.9583620593142485623543976948328595994
442 109 1 1 0 0.30800000000000000000000000000000000000 3.1615952097431429794619056693477765169
442 229 3 3 3 0.023000000000000000000000000000000000000 -8.2590005539732117292766163129745584642 E-6
442 271 0 0 0 0.017000000000000000000000000000000000000 -0.22960712124489322019768816946260420928
442 349 1 1 0 0.34800000000000000000000000000000000000 -1.3371954986325110864379043603223130591
442 409 1 1 1 0.023000000000000000000000000000000000000 -3.2400644084093938741640780002769152233
442 419 1 1 0 0.42400000000000000000000000000000000000 -3.8861075858971527920135019944120294031
443 190 1 1 1 0.018000000000000000000000000000000000000 -0.92756616129133447545503596094063257418
443 310 0 0 0 0.016000000000000000000000000000000000000 -0.67239123867969703660137901663006554663
444 7 0 0 0 0.087000000000000000000000000000000000000 13.212431323917275878846113726523465049
444 29 1 1 1 0.17800000000000000000000000000000000000 8.2458268395953386567181040036782109838
444 145 2 2 2 0.027000000000000000000000000000000000000 1.6279087120578801774121531580110868653
444 179 1 1 0 0.33200000000000000000000000000000000000 -0.93709526809734715555052643722496265722
444 223 0 0 0 0.017000000000000000000000000000000000000 -0.010234794750862194487008636069275618982
444 227 1 1 0 0.40900000000000000000000000000000000000 -0.0016495870736377868138585650323779924485
444 301 1 1 0 0.35800000000000000000000000000000000000 -0.54409625745028083192807181993385867805
444 349 2 2 2 0.028000000000000000000000000000000000000 -1.3057506022958506169164924879095506164
445 28 1 1 0 0.38800000000000000000000000000000000000 8.3777365172770546792128531005576463387
445 46 2 2 2 0.069000000000000000000000000000000000000 6.6045875993234485536525411552756445629
445 158 1 1 1 0.099000000000000000000000000000000000000 0.98770496287758423953200998223761990034
445 192 1 1 0 0.22000000000000000000000000000000000000 -0.81074349554627096725629524524186264268
445 206 0 0 0 0.015000000000000000000000000000000000000 -0.18724754004406841488659917602420490149
445 218 1 1 0 0.32000000000000000000000000000000000000 -0.036705263942337749445913773841308836145
445 236 0 0 0 0.070000000000000000000000000000000000000 -0.0058086586978570996293753355384795519991
445 262 0 0 0 0.072000000000000000000000000000000000000 -0.13877987580229073829360331291686500420
446 35 0 0 0 0.015000000000000000000000000000000000000 7.5946148877745762781794029560754026167
446 143 2 2 2 0.025000000000000000000000000000000000000 1.7498759328637617186419294962075927548
446 187 2 2 2 0.035000000000000000000000000000000000000 -1.7638949956507144114556715563136864729
446 209 0 0 0 0.016000000000000000000000000000000000000 -0.14070036693878224083562127553238110830
446 215 1 1 0 0.30700000000000000000000000000000000000 -0.064638322205092668966543986100219726832
446 247 1 1 1 0.10400000000000000000000000000000000000 -0.041669299464213700938650966144431719476
446 303 1 1 1 0.021000000000000000000000000000000000000 -0.55222849072727103841683016407428977233
446 319 1 1 1 0.092000000000000000000000000000000000000 -0.77030581788779717980569681884716487788
447 92 0 0 0 0.019000000000000000000000000000000000000 3.9602212662746290520725830014121736831
447 118 1 1 0 0.31100000000000000000000000000000000000 2.8346881627420463213001840740660274368
447 352 0 0 0 0.093000000000000000000000000000000000000 -1.3183842169805072866529939706036236953
448 355 0 0 0 0.095000000000000000000000000000000000000 -1.3624799361967328832273371482194993700
449 78 1 1 1 0.11300000000000000000000000000000000000 4.6513197216147026382010375834114039478
449 264 1 1 0 0.36700000000000000000000000000000000000 -0.13611953091041079981453544880143639427
449 266 1 1 1 0.093000000000000000000000000000000000000 -0.15135336568139086673953306663909381574
449 310 1 1 0 0.35800000000000000000000000000000000000 -0.61608023833499822231934955575502554794
450 131 2 2 2 0.047000000000000000000000000000000000000 2.3252691589590218268286224790331075402
451 38 2 2 2 0.023000000000000000000000000000000000000 7.3408833936109920422068404016647424796
451 122 0 0 0 0.019000000000000000000000000000000000000 2.7124977817378350067487902483148943555
451 134 1 1 0 0.37700000000000000000000000000000000000 2.2109763971131803133401208471913183276
451 152 3 3 3 0.028000000000000000000000000000000000000 1.4057163006727249863635274275763742955
451 172 0 2 0 0.36500000000000000000000000000000000000 0.21532612757210540303388086623601513610
451 214 3 3 3 0.024000000000000000000000000000000000000 -0.10228628590996025783605820181013774758
451 254 0 0 0 0.016000000000000000000000000000000000000 -0.063267035502613274442517771624513834685
451 280 0 0 0 0.017000000000000000000000000000000000000 -0.26174615179558456287617372247330945513
451 332 0 0 0 0.017000000000000000000000000000000000000 -0.91246707917756060438529400891229868600
451 382 0 0 0 0.015000000000000000000000000000000000000 -1.9314951092583257582659439541903929758
451 386 1 1 1 0.020000000000000000000000000000000000000 -2.0419715617668614786069868570316867520
452 45 0 0 0 0.015000000000000000000000000000000000000 6.7408189411976730294714821931273484436
452 221 1 1 0 0.43700000000000000000000000000000000000 -0.039577534672165110689979879496226247092
452 319 1 1 1 0.12400000000000000000000000000000000000 -0.70950961525578402556738165449712576098
452 329 1 1 0 0.35300000000000000000000000000000000000 -0.85481073623275411912826878562846677478
452 341 1 1 1 0.028000000000000000000000000000000000000 -1.0470618365767774192600544454140120065
453 244 1 1 0 0.37000000000000000000000000000000000000 -0.015159488753115334593937865415776947357
453 262 0 2 0 0.47600000000000000000000000000000000000 -0.10538003335636849199416728322021920808
453 398 0 0 0 0.017000000000000000000000000000000000000 -2.3575152303032963547142831156945659504
454 99 0 0 0 0.017000000000000000000000000000000000000 3.7135970725680567242240011267558510674
454 217 0 0 0 0.018000000000000000000000000000000000000 -0.083534630954901310795437924145191624484
454 267 1 1 0 0.25700000000000000000000000000000000000 -0.13656379241522295094133811210768502304
454 309 1 1 0 0.41000000000000000000000000000000000000 -0.55927535157747182948357890069897378537
454 323 1 1 0 0.34400000000000000000000000000000000000 -0.74574347362942182196247260014948192679
454 371 0 0 0 0.020000000000000000000000000000000000000 -1.6002421943540242801223438266333676274
454 377 2 2 1 0.47900000000000000000000000000000000000 -1.7401136348168404574403555333309839852
456 127 1 1 0 0.30700000000000000000000000000000000000 2.5626823868560197462618730068490141285
456 281 1 1 0 0.31100000000000000000000000000000000000 -0.24235226853996078017938889228289399527
457 70 0 2 0 0.44600000000000000000000000000000000000 5.1419555835589455651252350850622574357
457 154 3 3 3 0.028000000000000000000000000000000000000 1.4067752872146712804646184852337470661
457 280 0 0 0 0.070000000000000000000000000000000000000 -0.22785955066945402095762242270320881623
457 322 0 0 0 0.093000000000000000000000000000000000000 -0.70225624371628388282197199693836506188
457 348 2 2 1 0.36900000000000000000000000000000000000 -1.1018438475807244721625472657926473757
457 380 0 0 0 0.086000000000000000000000000000000000000 -1.7523694765815828104432170247453918898
457 440 1 1 1 0.028000000000000000000000000000000000000 -4.4817597655506796896996410794263783587
458 93 0 0 0 0.023000000000000000000000000000000000000 4.0168914500032021649792862525216831717
458 171 1 1 0 0.27900000000000000000000000000000000000 0.48311021213615375847351586929806930483
458 209 1 1 1 0.024000000000000000000000000000000000000 -0.25596293390551282174498210383047582923
458 249 0 0 0 0.087000000000000000000000000000000000000 -0.022695394041119440784333628806547806904
458 301 0 0 0 0.083000000000000000000000000000000000000 -0.43275919311875329727392407062960252319
458 305 1 1 0 0.40100000000000000000000000000000000000 -0.47846722655484904757581462171254272398
458 319 0 0 0 0.017000000000000000000000000000000000000 -0.65247266657071385905029031304127253305
458 323 1 1 1 0.21200000000000000000000000000000000000 -0.70629554478143891991246398635744550037
458 341 0 0 0 0.028000000000000000000000000000000000000 -0.97305633469803842196941267844740342166
459 22 1 1 1 0.021000000000000000000000000000000000000 9.3349534729396559752397214940081450109
459 56 1 1 1 0.026000000000000000000000000000000000000 5.9977769724338696607080438176706890093
460 89 0 0 0 0.018000000000000000000000000000000000000 4.2171614771487830994910506301196100246
460 163 0 0 0 0.017000000000000000000000000000000000000 1.0052570898025323218581433051069261414
460 233 0 0 0 0.019000000000000000000000000000000000000 -0.0051802124532781395820667768680983123558
460 247 1 1 1 0.024000000000000000000000000000000000000 -0.012954031377323758524305261472239554920
460 251 2 2 2 0.10700000000000000000000000000000000000 -0.026020539734697736241077933666944526624
460 443 0 0 0 0.018000000000000000000000000000000000000 -4.4933326860059890478822095303212960456
461 204 0 2 0 0.37400000000000000000000000000000000000 -0.47937970973636555806827879449705101961
461 230 1 1 1 0.15800000000000000000000000000000000000 -0.015540440615697523894962124672293099053
461 252 0 0 0 0.018000000000000000000000000000000000000 -0.027744400094922084381348193890658233306
461 280 1 1 0 0.45300000000000000000000000000000000000 -0.20669344504554017922867108178208964857
461 318 1 1 1 0.023000000000000000000000000000000000000 -0.61243065580753036537415760926746739960
461 342 1 1 1 0.019000000000000000000000000000000000000 -0.95352912997382168808829462470880790926
461 374 1 1 1 0.022000000000000000000000000000000000000 -1.5408985122478706417232752293876233177
461 442 2 2 2 0.034000000000000000000000000000000000000 -4.3002682786538428384472206669535041513
462 71 3 3 3 0.027000000000000000000000000000000000000 5.1292669367218011210842008062125230983
463 322 0 0 0 0.016000000000000000000000000000000000000 -0.64617461156340316442247472476538033400
463 406 0 0 0 0.077000000000000000000000000000000000000 -2.3320594733656073608207065400496808131
463 434 1 1 0 0.50000000000000000000000000000000000000 -3.5551678610572375156643684726535562550
464 65 3 3 3 0.028000000000000000000000000000000000000 5.4818548765958096687955262656240834608
464 201 1 1 0 0.35300000000000000000000000000000000000 -0.74330768219701113652397429712324993182
464 217 0 0 0 0.018000000000000000000000000000000000000 -0.14767670768428253541171691224041524488
464 247 1 1 1 0.024000000000000000000000000000000000000 -0.0076847105036875095352373935344426612633
464 303 1 1 1 0.020000000000000000000000000000000000000 -0.41146886706970467132472049551537433128
464 371 0 0 0 0.014000000000000000000000000000000000000 -1.4282420368590031938393705958311793502
464 407 0 0 0 0.019000000000000000000000000000000000000 -2.3360164327546425104345817065004604534
465 52 0 0 0 0.10900000000000000000000000000000000000 6.3180150128504185902662688740830590981
465 146 0 0 0 0.031000000000000000000000000000000000000 1.8832016872085001597456773079501815311
465 206 0 2 0 0.44400000000000000000000000000000000000 -0.46872811927640149202674086458352988639
466 185 0 0 0 0.020000000000000000000000000000000000000 -0.49482875345902665762210119003753079012
466 275 0 0 0 0.082000000000000000000000000000000000000 -0.14341612787663026513123119759008878012
466 323 0 0 0 0.089000000000000000000000000000000000000 -0.63218135467989383026517920846323811974
466 427 1 1 1 0.030000000000000000000000000000000000000 -3.0342686080666204334921523062703623007
467 138 1 1 1 0.031000000000000000000000000000000000000 2.2417907063559897272599348533188107061
467 308 1 1 0 0.42500000000000000000000000000000000000 -0.44474760084075099066228122921201905684
467 312 1 1 1 0.18200000000000000000000000000000000000 -0.49001947402856858480295817585732551912
467 380 1 1 1 0.51100000000000000000000000000000000000 -1.5650641937028446885383730864755399735
467 434 0 0 0 0.016000000000000000000000000000000000000 -3.3389573789049878260515442608690284129
468 83 2 2 2 0.12700000000000000000000000000000000000 4.5691056943166672705403366644519907428
468 181 0 0 0 0.063000000000000000000000000000000000000 0.0081525683168068380959298897470858451903
468 281 2 2 2 0.031000000000000000000000000000000000000 -0.18018506504670461244354783348393799307
468 337 1 1 0 0.29800000000000000000000000000000000000 -0.80218283336688296130304667174660773535
469 34 0 2 0 0.45700000000000000000000000000000000000 7.8764721973717887688953122737323199282
469 62 2 2 2 0.024000000000000000000000000000000000000 5.6995853434941373335121766227647318444
469 74 0 0 0 0.017000000000000000000000000000000000000 5.0277260092194501151627734885357869523
469 142 0 0 0 0.018000000000000000000000000000000000000 2.1023780804832057944699694305345281327
469 158 0 0 0 0.017000000000000000000000000000000000000 1.4088111679000632184811608871232167750
469 164 2 2 2 0.18100000000000000000000000000000000000 1.1182648133014969165160078880470838501
469 176 0 0 0 0.070000000000000000000000000000000000000 0.42297766160649017399965360124626453959
469 244 0 0 0 0.070000000000000000000000000000000000000 -0.00026219336425786703026155742783464400890
469 248 1 1 0 0.35200000000000000000000000000000000000 -0.0045155945948263056102152056150822212739
469 262 1 1 0 0.19400000000000000000000000000000000000 -0.052318691572991305549475160646507147557
469 298 0 0 0 0.015000000000000000000000000000000000000 -0.32638308735242194165644688254404546781
469 326 0 0 0 0.090000000000000000000000000000000000000 -0.64395454206340285473624162712457402737
469 346 1 1 0 0.33400000000000000000000000000000000000 -0.92383576646183116741320720083539559740
469 382 1 1 0 0.22000000000000000000000000000000000000 -1.5730478651343048462971110503627064326
469 404 0 0 0 0.019000000000000000000000000000000000000 -2.1142041620522093126323845209157947405
469 424 1 1 1 0.023000000000000000000000000000000000000 -2.7868120571740172031449844523640902636
470 157 0 0 0 0.065000000000000000000000000000000000000 1.4703780476042398561898213552040261093
470 211 1 1 1 0.018000000000000000000000000000000000000 -0.35865933184653437381014280429428770137
470 267 0 0 0 0.018000000000000000000000000000000000000 -0.075926133808333466207784250036954458875
471 80 1 1 0 0.32700000000000000000000000000000000000 4.7402565474237728845708375199298779654
471 184 1 1 0 0.36700000000000000000000000000000000000 -0.16247968572898344680187271906634185237
471 218 1 1 1 0.13800000000000000000000000000000000000 -0.18794534656992041152489492305646411026
471 236 1 1 0 0.35500000000000000000000000000000000000 -0.011985799689357750276922730997456583996
471 310 2 2 2 0.050000000000000000000000000000000000000 -0.43774255461163258285389436615519396094
471 380 2 2 2 0.16300000000000000000000000000000000000 -1.4969687945742629193400185455836573973
471 394 0 0 0 0.016000000000000000000000000000000000000 -1.8084741784535695445834304329810822365
472 115 0 0 0 0.083000000000000000000000000000000000000 3.2177999396893324627797997414157471490
472 221 1 1 1 0.086000000000000000000000000000000000000 -0.14356810312232855424102685499162134727
472 305 1 1 0 0.30200000000000000000000000000000000000 -0.37762064143110621066180693802874833747
472 319 1 1 1 0.023000000000000000000000000000000000000 -0.53246755410676171838028143011313797917
472 407 1 1 1 0.026000000000000000000000000000000000000 -2.1259604442578705735366040142328894502
473 46 1 1 1 0.033000000000000000000000000000000000000 6.8255368449117370496910185651023313431
473 92 1 1 0 0.35700000000000000000000000000000000000 4.1954492465025534708572299608780947052
473 116 0 0 0 0.019000000000000000000000000000000000000 3.1874372502684709485290312922961207839
473 118 1 1 0 0.38200000000000000000000000000000000000 3.1073986064878414027965079699919510992
473 142 1 1 1 0.024000000000000000000000000000000000000 2.1516915481268587309770404470060118550
473 182 2 2 2 0.035000000000000000000000000000000000000 0.087428479776294901804747767331366823113
473 194 2 2 2 0.026000000000000000000000000000000000000 -1.8714707151973653742513135462104609530
473 224 1 1 1 0.019000000000000000000000000000000000000 -0.10775949522650840273496510961525928951
473 226 0 0 0 0.015000000000000000000000000000000000000 -0.084403818642880673014014528868855134539
473 248 0 2 0 0.45600000000000000000000000000000000000 -0.0016627054041692138864645778316730666008
473 298 1 1 0 0.27000000000000000000000000000000000000 -0.30191111149556358864869357545843129965
473 304 0 0 0 0.018000000000000000000000000000000000000 -0.36079560102375165273716151388174014753
473 318 1 1 0 0.44900000000000000000000000000000000000 -0.51289643918137813600031372766162004814
473 326 1 1 0 0.39400000000000000000000000000000000000 -0.60897470595581322418166178746086596721
473 346 1 1 0 0.42200000000000000000000000000000000000 -0.87986097559803620355316389022620259418
473 362 0 0 0 0.022000000000000000000000000000000000000 -1.1323177143401990519614478222400538004
473 428 1 1 1 0.028000000000000000000000000000000000000 -2.8022244042922141338225428092799817879
473 458 1 1 0 0.52100000000000000000000000000000000000 -4.7636455503604481023814337849720119326
474 23 1 1 1 0.11500000000000000000000000000000000000 9.2918358729870588689980286450024901361
474 37 0 0 0 0.021000000000000000000000000000000000000 7.6135590115629821745932458764385361499
474 121 0 0 0 0.021000000000000000000000000000000000000 2.9980484541410600409344184644201973495
474 257 1 1 0 0.38700000000000000000000000000000000000 -0.020353268341019668356285379586233621231
474 397 1 1 1 0.036000000000000000000000000000000000000 -1.8202698688803050801177184549318810188
474 439 2 2 2 0.043000000000000000000000000000000000000 -3.2599522145434256087692684471624246739
474 461 1 1 1 0.026000000000000000000000000000000000000 -5.0195693771985957251235309606347433819
475 98 2 2 2 0.079000000000000000000000000000000000000 3.9500156122752698576499887611697452932
475 134 0 0 0 0.077000000000000000000000000000000000000 2.4951658026040984097295379919775065850
475 332 1 1 0 0.36900000000000000000000000000000000000 -0.66732618669356350846446387527218473663
476 83 2 2 2 0.031000000000000000000000000000000000000 4.6365054080275097855775725279931409290
476 157 0 0 0 0.017000000000000000000000000000000000000 1.5598922590664098534950352150552960251
476 173 1 1 1 0.025000000000000000000000000000000000000 0.77021307402014111790280916963785530972
476 223 1 1 0 0.44200000000000000000000000000000000000 -0.14159729891273383587292421384602064206
476 349 1 1 0 0.38300000000000000000000000000000000000 -0.89168004353829277571989886844496159573
476 389 0 2 0 0.45300000000000000000000000000000000000 -1.6007148040327880402866410938890170277
476 437 0 0 0 0.015000000000000000000000000000000000000 -3.0725982406181643585898258302606631475
477 188 1 1 1 0.019000000000000000000000000000000000000 -0.33399132824225537429127831743789369058
477 272 0 0 0 0.012000000000000000000000000000000000000 -0.081761495217041521351051733991986129971
477 316 1 1 0 0.41800000000000000000000000000000000000 -0.46012093653506699176484954949918599008
477 422 1 1 1 0.023000000000000000000000000000000000000 -2.4520356115954784847102656638051687613
478 93 1 3 1 0.57900000000000000000000000000000000000 4.1942332801823717629831540013382357825
478 145 0 0 0 0.073000000000000000000000000000000000000 2.0912615473388290715456135011148527009
478 219 1 1 1 0.078000000000000000000000000000000000000 -0.23506776697302137908435265019916449291
478 275 0 2 0 0.49900000000000000000000000000000000000 -0.096248274479344934376049365551611619374
478 301 0 0 0 0.016000000000000000000000000000000000000 -0.30050259450388524190859823924178652759
478 325 0 0 0 0.021000000000000000000000000000000000000 -0.55530494394572192276393593900620208446
478 341 1 1 0 0.40600000000000000000000000000000000000 -0.75823058463965734199643926341721223652
478 391 1 1 0 0.35600000000000000000000000000000000000 -1.6085420064789913444006641181255550877
479 258 2 2 2 0.070000000000000000000000000000000000000 -0.015146930691548032344248351887478517707
481 14 0 2 0 0.52600000000000000000000000000000000000 11.078118409829161158859731482872675818
481 58 1 1 1 0.017000000000000000000000000000000000000 6.0410866843967891656558930847715048029
481 68 1 1 1 0.019000000000000000000000000000000000000 5.4473402005690227301624008638193403026
481 82 1 1 0 0.34800000000000000000000000000000000000 4.7257462432496944319171446007629282730
481 212 0 0 0 0.064000000000000000000000000000000000000 -0.51967740554279046356384883325041682118
481 272 1 1 0 0.51000000000000000000000000000000000000 -0.069093392929056882615334367000708968955
481 304 0 2 0 0.53200000000000000000000000000000000000 -0.31091764746218262410655882163150970847
481 320 1 1 1 0.087000000000000000000000000000000000000 -0.47496088713099303668028401828438752784
481 322 1 1 1 0.026000000000000000000000000000000000000 -0.49728003604712816447947982745071855252
481 352 1 1 1 0.017000000000000000000000000000000000000 -0.88200392947640046822459250604647338032
481 388 0 0 0 0.016000000000000000000000000000000000000 -1.4956015606042229967859220473938290016
481 418 1 1 1 0.018000000000000000000000000000000000000 -2.2182887407555332423849832763348800852
481 422 1 1 1 0.10200000000000000000000000000000000000 -2.3387609417721750463223611177224636319
481 434 1 1 1 0.035000000000000000000000000000000000000 -2.7537282305594628426889047448751424346
482 187 1 1 1 0.078000000000000000000000000000000000000 -0.042788090733951986662439840205477238020
482 203 1 1 0 0.28000000000000000000000000000000000000 -1.5071350182390163177760216308679177003
482 221 1 1 1 0.11800000000000000000000000000000000000 -0.23126737714948553499889443320019294455
482 259 1 1 1 0.022000000000000000000000000000000000000 -0.013451031008112222427831098313074709755
482 265 0 0 0 0.070000000000000000000000000000000000000 -0.033575250057724099829446626829329914115
482 299 1 1 0 0.32700000000000000000000000000000000000 -0.25957345094062615224508220141475920808
482 415 0 0 0 0.022000000000000000000000000000000000000 -2.1087380420262541741520343990369780071
483 76 2 2 2 0.024000000000000000000000000000000000000 5.0383355531293467542096504450764168909
483 296 0 0 0 0.021000000000000000000000000000000000000 -0.22844722905096312914512229032439021022
483 452 1 1 0 0.28000000000000000000000000000000000000 -3.5114851305535399995607543668675170410
484 119 1 1 1 0.027000000000000000000000000000000000000 3.1755913858773441187583590949430718587
484 145 0 0 0 0.020000000000000000000000000000000000000 2.1636863442259514757316960978539951645
484 219 1 1 0 0.24200000000000000000000000000000000000 -0.30547388694039805366665263215417858061
484 323 0 0 0 0.074000000000000000000000000000000000000 -0.48604727305439265851185138879241040599
485 98 2 2 1 0.56000000000000000000000000000000000000 4.0374289761184227296753879523690473081
485 104 0 0 0 0.075000000000000000000000000000000000000 3.7859170821798840699348912302072846705
485 124 0 0 0 0.072000000000000000000000000000000000000 2.9906062206484492113925161044474823039
485 236 1 1 0 0.24500000000000000000000000000000000000 -0.047240155257000850943498581180838890446
485 292 0 0 0 0.066000000000000000000000000000000000000 -0.18630103979242944739073390897131123481
485 394 0 0 0 0.016000000000000000000000000000000000000 -1.5517379212404773574081878123254671901
487 228 1 1 0 0.30500000000000000000000000000000000000 -0.14392343785879260500216402117358802246
487 238 1 1 0 0.36800000000000000000000000000000000000 -0.040298708396066242357366749690184272023
487 266 2 2 1 0.39700000000000000000000000000000000000 -0.026975062153462674493511635339193014493
487 364 0 0 0 0.015000000000000000000000000000000000000 -0.99439937299421965360971936314318442852
487 374 1 1 0 0.37400000000000000000000000000000000000 -1.1535576267884511670544525380779485229
488 51 0 0 0 0.019000000000000000000000000000000000000 6.5648393628349564802519335362212108261
488 65 0 0 0 0.018000000000000000000000000000000000000 5.6713805365038520801241566806190706421
488 133 0 0 0 0.014000000000000000000000000000000000000 2.6744835237051046128242974164985503568
488 143 0 0 0 0.015000000000000000000000000000000000000 2.2888053366757394864342199484592873702
488 147 1 1 1 0.093000000000000000000000000000000000000 2.1321120722169024661434387875005518142
488 201 1 1 0 0.24400000000000000000000000000000000000 -2.3716906930264527217246389815147348757
488 217 1 1 1 0.020000000000000000000000000000000000000 -0.43475067505508907250312694959853668028
488 301 1 1 0 0.42700000000000000000000000000000000000 -0.24474005414230963824758949665026660567
488 303 1 1 0 0.28400000000000000000000000000000000000 -0.26199790874709678839821095558174474355
488 329 0 0 0 0.085000000000000000000000000000000000000 -0.52322213509188682527759239677511719696
488 355 0 0 0 0.018000000000000000000000000000000000000 -0.85195162908667613947735086381988091580
488 411 1 1 0 0.34200000000000000000000000000000000000 -1.8743040239105684104017678927194611145
489 38 1 1 0 0.42300000000000000000000000000000000000 7.6295371094343735729972894698275185033
489 106 1 1 0 0.31200000000000000000000000000000000000 3.7392931773682707806762262093644160617
489 148 1 1 0 0.36000000000000000000000000000000000000 2.1045667036511804306634985722958726261
489 242 1 1 1 0.024000000000000000000000000000000000000 -0.023679314298600913198596094900331444099
489 302 2 2 1 0.47300000000000000000000000000000000000 -0.24800672791572700853534751846583906151
489 424 0 0 0 0.024000000000000000000000000000000000000 -2.1911369185767060438297010040515317644
489 454 1 1 0 0.28600000000000000000000000000000000000 -3.3159525795097185870134990625988602400
490 17 2 2 2 0.026000000000000000000000000000000000000 10.465470611421379096263639402448234226
490 71 1 1 0 0.30600000000000000000000000000000000000 5.3540089019843507773513373241296138845
491 246 1 1 0 0.31500000000000000000000000000000000000 -0.012052310291751986279156452554884874439
491 440 0 0 0 0.014000000000000000000000000000000000000 -2.6426098875631230293616637802008686434
492 89 1 1 0 0.43600000000000000000000000000000000000 4.4899896736100730104164926961939463675
492 157 0 0 0 0.070000000000000000000000000000000000000 1.7806534097235933308469166925420947611
492 239 0 0 0 0.016000000000000000000000000000000000000 -0.050149542225623606322000696451060826641
492 257 1 1 0 0.32500000000000000000000000000000000000 -0.00084124380202975395456602794444077084685
492 271 2 2 1 0.48900000000000000000000000000000000000 -0.035561026592676066449128649713588704582
492 289 1 1 0 0.32500000000000000000000000000000000000 -0.13419753666223818550267010025784319480
492 401 0 0 0 0.080000000000000000000000000000000000000 -1.5785107017187234254995172917560306800
493 18 1 1 1 0.027000000000000000000000000000000000000 10.287184328038326805453536932312000309
493 56 2 2 2 0.031000000000000000000000000000000000000 6.2607590280030655294135578590139032699
493 86 0 0 0 0.023000000000000000000000000000000000000 4.6348577201346853961384569522779622845
493 148 1 3 1 0.48900000000000000000000000000000000000 2.1518563362999759491092325546457186949
493 164 0 0 0 0.069000000000000000000000000000000000000 1.5000337090985002140640002797306161640
493 194 2 2 2 0.023000000000000000000000000000000000000 -0.30165679220687194912453149546880938542
493 196 1 1 1 0.066000000000000000000000000000000000000 -0.52946184095351153703408896996404911428
493 214 0 0 0 0.021000000000000000000000000000000000000 -0.71157521141759621136563991443487621961
493 244 1 1 0 0.34600000000000000000000000000000000000 -0.023585242417707120178723520107110619402
493 278 0 0 0 0.074000000000000000000000000000000000000 -0.065026028006102382382553383845987863837
493 284 1 1 1 0.021000000000000000000000000000000000000 -0.098465646502591800893672043306555961238
493 326 1 1 1 0.11100000000000000000000000000000000000 -0.45374764185910643462592432299409524571
493 368 1 1 1 0.029000000000000000000000000000000000000 -0.98711620046483272092237116410477549019
493 404 0 0 0 0.018000000000000000000000000000000000000 -1.6237902218099981256424503538226155447
493 424 1 1 0 0.28900000000000000000000000000000000000 -2.0961048012471753697688047710279724535
494 17 1 1 1 0.020000000000000000000000000000000000000 10.493853191972046674296831384579202518
494 21 0 0 0 0.018000000000000000000000000000000000000 9.7553327599492644669002957631493707852
494 23 0 0 0 0.073000000000000000000000000000000000000 9.4367360460576388105931294822816995362
494 41 0 2 0 0.52800000000000000000000000000000000000 7.3947983925491105104399165138336652782
494 115 0 0 0 0.014000000000000000000000000000000000000 3.4255006989547205578988161212523705304
494 157 1 1 0 0.25200000000000000000000000000000000000 1.8066514808744158129214991171014456550
494 173 1 1 1 0.022000000000000000000000000000000000000 1.1058360812602970493653053289588064244
494 191 1 1 0 0.21800000000000000000000000000000000000 0.012781795342061056219652686922565971461
494 193 1 1 1 0.22200000000000000000000000000000000000 -0.16387663471327814578407969544925665849
494 203 0 2 0 0.43800000000000000000000000000000000000 -2.0645792921025059409877428250680308755
494 263 0 0 0 0.072000000000000000000000000000000000000 -0.0077460751440590070645118705145337079643
494 287 1 1 1 0.021000000000000000000000000000000000000 -0.11342101916330407566794018566099978832
494 307 2 2 2 0.022000000000000000000000000000000000000 -0.26437136969710508964511884488617551316
494 331 0 0 0 0.071000000000000000000000000000000000000 -0.50054367668260663581728631810074659686
494 353 2 2 2 0.030000000000000000000000000000000000000 -0.76592874889703231554513533698707129650
494 395 1 1 0 0.29900000000000000000000000000000000000 -1.4284866750884140387625760493857618369
494 463 1 1 1 0.021000000000000000000000000000000000000 -3.5517982409130973631719015396269997968
496 133 1 1 1 0.018000000000000000000000000000000000000 2.7567548536531652638092025005212723681
496 309 1 1 1 0.027000000000000000000000000000000000000 -0.27092892994773906115260149305754281971
496 323 1 1 1 0.035000000000000000000000000000000000000 -0.40240592674939809858690104829388604147
496 335 1 1 0 0.33700000000000000000000000000000000000 -0.52999763715322762125274678440472470085
496 377 2 2 2 0.024000000000000000000000000000000000000 -1.0907985033299064681282944617499564122
496 405 1 1 1 0.021000000000000000000000000000000000000 -1.5936323779491941337422393872169588332
496 407 0 0 0 0.016000000000000000000000000000000000000 -1.6351094834520218467915092020453304893
497 52 1 1 0 0.32100000000000000000000000000000000000 6.5606836899675576457265206569605638649
497 86 0 0 0 0.017000000000000000000000000000000000000 4.6668774491163576900245986327914698854
497 106 1 1 1 0.10900000000000000000000000000000000000 3.8090310446497800073002965745340583493
497 166 1 1 0 0.45000000000000000000000000000000000000 1.4712056533244772344903253895113875016
497 206 1 1 0 0.19300000000000000000000000000000000000 -4.2562868603012692782028805902458603095
497 242 0 0 0 0.067000000000000000000000000000000000000 -0.046129673698638950175242481980927349988
497 244 1 1 1 0.021000000000000000000000000000000000000 -0.033659957096998842672280422929502978003
497 282 1 1 1 0.021000000000000000000000000000000000000 -0.074110400962122657900336025222138008863
497 288 2 2 2 0.024000000000000000000000000000000000000 -0.10877979654899075523144781476517746205
497 354 1 1 1 0.067000000000000000000000000000000000000 -0.75102177544829063624550166737388168354
497 358 1 1 0 0.38500000000000000000000000000000000000 -0.80375632544937907640006558975551015165
497 388 1 1 0 0.36100000000000000000000000000000000000 -1.2593872993002480771627908637242135037
497 404 0 0 0 0.085000000000000000000000000000000000000 -1.5567856640855707913531327756368362369
497 458 0 0 0 0.085000000000000000000000000000000000000 -3.1504487141821729656921296376853147005
497 460 0 0 0 0.018000000000000000000000000000000000000 -3.2452269024317370769467686385698288871
498 29 0 0 0 0.017000000000000000000000000000000000000 8.6507850981828977338122650891438235363
498 85 1 1 1 0.088000000000000000000000000000000000000 4.7210190103291207320017232419091932310
498 199 1 1 0 0.21500000000000000000000000000000000000 -0.66169858470483331029517451880541677308
498 233 0 2 0 0.31400000000000000000000000000000000000 -0.14617377323467042762417500644606935816
498 293 1 1 0 0.29800000000000000000000000000000000000 -0.13739601167410712653254596976940550649
499 114 0 0 0 0.020000000000000000000000000000000000000 3.5094810966570881875703917798861251123
499 130 1 1 1 0.051000000000000000000000000000000000000 2.8995414702876426616578855667188016743
499 246 1 1 1 0.019000000000000000000000000000000000000 -0.028232455442449852947303377806861386084
499 282 1 1 0 0.38800000000000000000000000000000000000 -0.068170609033100121304786203153058104042
499 306 0 0 0 0.069000000000000000000000000000000000000 -0.23003096719680018480146265051310217527
499 470 0 0 0 0.070000000000000000000000000000000000000 -3.6890295835257126014660424807149533574
501 74 1 1 0 0.22000000000000000000000000000000000000 5.2810243171390926069097315699206972528
501 178 0 0 0 0.12400000000000000000000000000000000000 0.98190069098767540942917000152945708629
501 202 1 1 0 0.27200000000000000000000000000000000000 -0.94065678687991292446467584307402809345
501 206 2 2 1 0.38200000000000000000000000000000000000 -2.1346577203751846051740292126461362495
501 292 2 2 2 0.036000000000000000000000000000000000000 -0.11930679306652586801895558850837563601
501 316 1 1 1 0.027000000000000000000000000000000000000 -0.30513781620579284700124182852430983541
501 368 0 0 0 0.017000000000000000000000000000000000000 -0.90107967311163025351241874405435283388
501 416 0 0 0 0.016000000000000000000000000000000000000 -1.7394865646011850198742607090388792874
502 51 0 0 0 0.018000000000000000000000000000000000000 6.6674966609210797456702031330852386522
502 253 2 2 2 0.023000000000000000000000000000000000000 -0.0079588300641771866334928430578757641489
502 287 1 3 1 0.48600000000000000000000000000000000000 -0.085891735689702457205057115779796144039
502 341 3 3 3 0.20700000000000000000000000000000000000 -0.55172409011811464181490267258193701129
502 369 1 1 0 0.28500000000000000000000000000000000000 -0.90480961691281431291698692555077287901
502 391 2 2 2 0.13900000000000000000000000000000000000 -1.2440469885324400654959792355490901710
502 411 1 1 0 0.42100000000000000000000000000000000000 -1.6160788442361113216346201096192604317
502 485 0 0 0 0.020000000000000000000000000000000000000 -4.6477494645740573108018032055386875652
503 228 1 1 0 0.38500000000000000000000000000000000000 -0.29452032386659891098168220860828764931
503 286 0 0 0 0.017000000000000000000000000000000000000 -0.077279958586543991928018101955531842321
503 370 0 0 0 0.078000000000000000000000000000000000000 -0.90853262091290796604092454069255953423
503 410 2 2 2 0.030000000000000000000000000000000000000 -1.5792045270330151265872935153531725043
503 470 1 1 0 0.46500000000000000000000000000000000000 -3.4721711958184634274658758738998143793
504 11 1 1 1 0.019000000000000000000000000000000000000 12.080869269209747942711861620217163782
504 163 2 2 2 0.022000000000000000000000000000000000000 1.6931263934658771918027538354106643664
505 146 0 2 0 0.39100000000000000000000000000000000000 2.3631711770873532513538644926317411999
505 218 0 2 0 0.38000000000000000000000000000000000000 -0.80161226289026263306944366143562720271
505 428 0 2 0 0.60100000000000000000000000000000000000 -1.9377785536543645980213503959335962890
505 452 0 0 0 0.019000000000000000000000000000000000000 -2.6237566114955848662093701449244045482
505 484 0 0 0 0.019000000000000000000000000000000000000 -4.2844539075793449465176482311541820388
506 21 1 1 0 0.27900000000000000000000000000000000000 9.8393145541614183018643881582452520064
506 31 1 1 0 0.41400000000000000000000000000000000000 8.4718860862165681989840942530908763600
506 47 3 3 3 0.027000000000000000000000000000000000000 6.9911475055906770676805808838791767068
506 83 0 0 0 0.081000000000000000000000000000000000000 4.8768975923094904876563501887645836747
506 103 0 0 0 0.078000000000000000000000000000000000000 4.0065808271502543278418038611105145305
506 107 1 1 1 0.022000000000000000000000000000000000000 3.8455819077022874310010080146881843213
506 109 1 1 0 0.35200000000000000000000000000000000000 3.7662854898994087129042966474299559718
506 151 1 1 1 0.11300000000000000000000000000000000000 2.1860760973826376817903672418879618977
506 157 0 0 0 0.020000000000000000000000000000000000000 1.9562790012429784475274419058424935929
506 183 2 2 2 0.029000000000000000000000000000000000000 0.81813163702073907462305608652114054776
506 197 1 1 1 0.094000000000000000000000000000000000000 -0.10207014593680241403717380372334079666
506 205 1 1 1 0.096000000000000000000000000000000000000 -1.1274600263657034965469514930246852521
506 229 0 0 0 0.076000000000000000000000000000000000000 -0.30422705142662792735095999730431642336
506 239 0 0 0 0.067000000000000000000000000000000000000 -0.11540051168761627482860399818676208654
506 257 0 0 0 0.072000000000000000000000000000000000000 -0.0039326400454886861391147612095176864010
506 287 0 0 0 0.023000000000000000000000000000000000000 -0.073551730834365632522990221994190534988
506 293 1 1 1 0.063000000000000000000000000000000000000 -0.10747224735968235381439670187055987789
506 313 3 3 3 0.027000000000000000000000000000000000000 -0.25215683265004515859343233075966849262
506 331 0 0 0 0.070000000000000000000000000000000000000 -0.41718818584978405007288664537891653809
506 359 1 1 0 0.16000000000000000000000000000000000000 -0.73314650253349486578301520063997407928
506 373 1 3 1 0.53900000000000000000000000000000000000 -0.91966015804523821414669422564473467539
506 383 1 1 0 0.35500000000000000000000000000000000000 -1.0662064401796361141494273669430222171
506 387 1 1 1 0.037000000000000000000000000000000000000 -1.1282767781822967703627246364802066326
506 395 1 1 1 0.11000000000000000000000000000000000000 -1.2589449302249320862132488191954518664
506 409 0 0 0 0.020000000000000000000000000000000000000 -1.5116098996619889317808747601414331427
506 411 1 1 1 0.028000000000000000000000000000000000000 -1.5505612764550037250398565682925980869
506 443 1 1 0 0.25200000000000000000000000000000000000 -2.3113764807663677164804208937794298477
506 463 0 0 0 0.078000000000000000000000000000000000000 -3.0066531227778531270352520926728575319
506 499 1 1 0 0.35000000000000000000000000000000000000 -6.2201164291709994615656711452062951767
507 158 1 1 0 0.33300000000000000000000000000000000000 1.9295094556707389903657421394594198712
507 206 1 1 0 0.30600000000000000000000000000000000000 -1.2586389976145681071886813836356662819
507 362 0 0 0 0.019000000000000000000000000000000000000 -0.76221754922418859058294477743046470597
508 77 1 1 0 0.43800000000000000000000000000000000000 5.1821845300477719679254430915142143019
508 209 2 2 2 0.071000000000000000000000000000000000000 -2.2083038972091521986480445160981749318
508 213 0 0 0 0.015000000000000000000000000000000000000 -1.7624643855172131546896329746421211363
508 255 0 2 0 0.53100000000000000000000000000000000000 -0.010638089617961185911875860814224315881
508 273 0 0 0 0.018000000000000000000000000000000000000 -0.013524999421052796942033161605355686371
508 291 1 1 0 0.31500000000000000000000000000000000000 -0.089068493925664723146336031825988197012
508 395 0 2 0 0.38100000000000000000000000000000000000 -1.2328277018111801812910349599866435208
508 451 1 1 0 0.46700000000000000000000000000000000000 -2.5018371700043483902646886682586015233
509 140 0 0 0 0.10000000000000000000000000000000000000 2.6275208964930977711445393133298910062
509 308 2 2 1 0.52700000000000000000000000000000000000 -0.19789744711200872704059320793564529032
509 322 0 0 0 0.072000000000000000000000000000000000000 -0.31362794079095316792999222525479894589
509 380 0 0 0 0.019000000000000000000000000000000000000 -0.98794148256695703968735500268327014631
509 418 2 2 2 0.027000000000000000000000000000000000000 -1.6419162986957656602378853786447715502
509 440 2 2 2 0.028000000000000000000000000000000000000 -2.1549846722127346701878675875112759380
509 492 0 0 0 0.078000000000000000000000000000000000000 -4.6722027861175138518479584244953457083
509 506 0 0 0 0.016000000000000000000000000000000000000 -7.7091543617102699337031948151542952194
510 307 0 0 0 0.016000000000000000000000000000000000000 -0.18592068365595960437956003447152824211
511 38 2 2 2 0.022000000000000000000000000000000000000 7.7860638922272587566875405487278506455
511 116 0 0 0 0.076000000000000000000000000000000000000 3.5377243940860034983910346619994229859
511 178 2 2 1 0.52100000000000000000000000000000000000 1.1500070995245112007359834516205471840
511 188 0 0 0 0.084000000000000000000000000000000000000 0.64587837031930653720144102727736947396
511 192 2 2 2 0.022000000000000000000000000000000000000 0.40791892578461391570829432815253971228
511 202 0 0 0 0.013000000000000000000000000000000000000 -0.39739588142624457102776441375836214809
511 212 1 1 0 0.25900000000000000000000000000000000000 -3.4952214228082251857150788016989180533
511 248 1 1 0 0.34300000000000000000000000000000000000 -0.051780199263223569436187882783494475268
511 254 1 1 0 0.30400000000000000000000000000000000000 -0.019034762601826300566628122349504809232
511 302 0 0 0 0.018000000000000000000000000000000000000 -0.14639880485267778994038448140887773641
511 306 0 0 0 0.019000000000000000000000000000000000000 -0.17426552255829563257640228835191953650
511 344 1 1 0 0.41300000000000000000000000000000000000 -0.51775976540602577456268952805336347583
511 358 1 1 0 0.33200000000000000000000000000000000000 -0.67738638158631444298206941001377777816
511 388 1 1 1 0.024000000000000000000000000000000000000 -1.0846647485328066688321479184792849561
511 404 0 2 0 0.51900000000000000000000000000000000000 -1.3462545135639102699446544399484313387
511 412 1 1 0 0.27000000000000000000000000000000000000 -1.4918259441264744544139451293460975384
511 458 1 1 1 0.10600000000000000000000000000000000000 -2.6452667421570589322507728964086907839
511 464 1 1 1 0.11700000000000000000000000000000000000 -2.8634948703034048258255953274338583209
511 478 2 2 2 0.024000000000000000000000000000000000000 -3.5004397726065398205462328949226615759
513 212 0 0 0 0.020000000000000000000000000000000000000 -3.1554998445931266640792103020848046709
513 436 1 1 1 0.087000000000000000000000000000000000000 -1.9668796810023750474834962695609115824
513 488 1 1 1 0.019000000000000000000000000000000000000 -4.0028249606531870001388975629313919092
514 69 1 1 0 0.27400000000000000000000000000000000000 5.6421264543379012076162664190115186635
514 209 1 1 1 0.038000000000000000000000000000000000000 -1.2954385391933265529063985139303162162
514 217 0 0 0 0.022000000000000000000000000000000000000 -1.3977378106076390770687750862170927354
514 235 2 2 2 0.028000000000000000000000000000000000000 -0.24586087146827405735226684144545227933
514 253 0 0 0 0.018000000000000000000000000000000000000 -0.030208252254243201271995283891366175809
514 267 1 1 0 0.36300000000000000000000000000000000000 -0.00012697709821219501925007265516949622684
514 299 1 1 0 0.28800000000000000000000000000000000000 -0.11574707732792541525803208151636660826
514 403 1 1 0 0.39500000000000000000000000000000000000 -1.2883854308733408052999869992934809108
514 473 1 1 0 0.45300000000000000000000000000000000000 -3.1209299318380934843727220516652786304
515 38 1 1 0 0.31200000000000000000000000000000000000 7.8137642646197837703302035920675938278
515 116 0 0 0 0.019000000000000000000000000000000000000 3.5721453430279139836991462577771054531
515 248 1 1 0 0.30800000000000000000000000000000000000 -0.066817840012550933480792888194776264966
515 298 1 1 0 0.40300000000000000000000000000000000000 -0.10621612161513133674056491991152789334
515 374 1 1 0 0.31500000000000000000000000000000000000 -0.84344261805333053860666963327456260072
515 388 1 1 1 0.12100000000000000000000000000000000000 -1.0392324642210258733753257361302457086
515 428 1 1 0 0.37000000000000000000000000000000000000 -1.7474960155486952938858522149552345253
516 11 0 2 0 0.47700000000000000000000000000000000000 12.162775073705826706696407839943314843
516 23 2 2 2 0.024000000000000000000000000000000000000 9.5893870001684983631212973157736724839
516 197 0 0 0 0.015000000000000000000000000000000000000 0.20050850412817221786067476208695310760
516 383 1 1 0 0.29600000000000000000000000000000000000 -0.95630769842603130652667143668369554688
516 397 0 0 0 0.067000000000000000000000000000000000000 -1.1650253534094135057231290905722465149
517 28 0 0 0 0.016000000000000000000000000000000000000 8.9060224738189280424599609780646085853
517 34 0 0 0 0.076000000000000000000000000000000000000 8.2216232791819314993371889432365126120
517 62 1 1 0 0.35000000000000000000000000000000000000 6.0613209967492736524004266200858419981
517 80 1 1 0 0.41700000000000000000000000000000000000 5.1028521951650689833907085025058195763
517 106 1 1 0 0.34200000000000000000000000000000000000 3.9763488292911300743846974136910701495
517 134 1 1 0 0.39900000000000000000000000000000000000 2.9245504626843249496353426032144518524
517 146 1 1 1 0.025000000000000000000000000000000000000 2.4896552385045543275280666259139792472
517 230 1 1 1 0.19000000000000000000000000000000000000 -0.43079697017867382934139582380068173291
517 232 1 1 1 0.023000000000000000000000000000000000000 -0.36180425825547507249342719623829977119
517 244 1 1 0 0.35800000000000000000000000000000000000 -0.11780661343198782477698942213394977146
517 258 0 0 0 0.090000000000000000000000000000000000000 -0.015332260620761457236807809989062217369
517 288 1 1 1 0.025000000000000000000000000000000000000 -0.048731824434841634705433140439217002076
517 314 0 0 0 0.017000000000000000000000000000000000000 -0.20659501186307731347048103876045799052
517 316 1 1 0 0.35800000000000000000000000000000000000 -0.22192016843891375870944919043836097327
517 334 1 1 0 0.35000000000000000000000000000000000000 -0.37688169795564601031165554629160116915
517 380 1 1 0 0.37500000000000000000000000000000000000 -0.90445597891215035190775677039400472806
517 384 1 1 0 0.32100000000000000000000000000000000000 -0.95993529665625181214856079478763471070
518 53 2 2 1 0.46700000000000000000000000000000000000 6.6417841952950702342745129247990598419
518 97 1 1 0 0.31800000000000000000000000000000000000 4.3505064407269188910201931310663409192
518 179 0 2 0 0.34600000000000000000000000000000000000 1.2146044086000980107400656896720094083
518 193 2 2 2 0.080000000000000000000000000000000000000 0.50707073621450957469230841416842349083
518 199 0 2 0 0.45300000000000000000000000000000000000 0.11104922263272000861392432928158691401
518 219 0 0 0 0.014000000000000000000000000000000000000 -1.3400330019282441143253856147976119174
518 223 1 1 0 0.25000000000000000000000000000000000000 -0.85178716384514346138871740297678654616
518 241 1 1 0 0.34300000000000000000000000000000000000 -0.16692588113972516716763452731544814028
518 253 0 0 0 0.066000000000000000000000000000000000000 -0.041210828087980037602252901592140747628
518 257 1 1 0 0.25100000000000000000000000000000000000 -0.020937218756784248612196902177242990683
518 271 0 2 0 0.53900000000000000000000000000000000000 -0.0011483762539937524842794583983810235873
518 299 0 0 0 0.072000000000000000000000000000000000000 -0.10191360003258003606051939987324921976
518 367 0 2 0 0.49100000000000000000000000000000000000 -0.72683292322900620719771745895203332306
518 425 1 1 1 0.022000000000000000000000000000000000000 -1.6340576565375683573239383144932138125
518 431 2 2 2 0.026000000000000000000000000000000000000 -1.7583027065842508889143748856362724305
518 439 1 1 0 0.35500000000000000000000000000000000000 -1.9373606643779022266186712565965788764
518 461 0 0 0 0.077000000000000000000000000000000000000 -2.5374321435451232839345144400039478937
518 463 0 0 0 0.016000000000000000000000000000000000000 -2.6025762962102650996866090836150572798
519 148 1 1 0 0.34200000000000000000000000000000000000 2.4376217870407214964124955998103911731
519 332 1 1 0 0.44000000000000000000000000000000000000 -0.34645406606063334256627745666171674324
519 376 1 1 0 0.44600000000000000000000000000000000000 -0.83160162955348688260349765898837760576
519 482 0 0 0 0.021000000000000000000000000000000000000 -3.3230873604845795581257381302120360875
520 47 1 1 1 0.041000000000000000000000000000000000000 7.0892810782992703891756541283520992030
520 197 1 1 1 0.037000000000000000000000000000000000000 0.30430125286960927853958173382352679224
520 283 1 1 0 0.38700000000000000000000000000000000000 -0.023618427366310063134338078640477833175
520 469 1 1 1 0.017000000000000000000000000000000000000 -2.7469771646717031752154133514161119342
520 487 1 1 1 0.11300000000000000000000000000000000000 -3.5317028305617912314356799265546268145
521 70 0 0 0 0.018000000000000000000000000000000000000 5.6388961399091121092760619404101016549
521 186 0 2 0 0.46200000000000000000000000000000000000 0.93879782904281943468433348260212408025
521 220 0 0 0 0.016000000000000000000000000000000000000 -1.3892044411742713155017050119805985352
521 402 1 1 0 0.41000000000000000000000000000000000000 -1.1831333592397319029884828671305882448
521 434 0 0 0 0.018000000000000000000000000000000000000 -1.7690442530016609927664750599259488528
522 37 1 1 0 0.41300000000000000000000000000000000000 7.9563167343195263065919736380119949465
522 181 1 1 1 0.023000000000000000000000000000000000000 1.1872329527419698254105577018549154927
522 263 0 0 0 0.022000000000000000000000000000000000000 -0.0081468099957122494352524908418241219247
522 269 1 1 1 0.10800000000000000000000000000000000000 -0.00021113656623391367526391817261370397506
522 283 1 1 1 0.36100000000000000000000000000000000000 -0.020278096393902658980205037002849454910
522 413 1 1 1 0.019000000000000000000000000000000000000 -1.3514657673484983570483446806276171418
522 479 0 0 0 0.014000000000000000000000000000000000000 -3.0628728709402684787545666478019639085
523 374 0 0 0 0.016000000000000000000000000000000000000 -0.76938299694371425497345038623552518508
523 418 0 0 0 0.015000000000000000000000000000000000000 -1.4251252614771209767963054986987952873
523 492 0 0 0 0.012000000000000000000000000000000000000 -3.6538092607579145356812077689532343281
524 85 1 1 0 0.33500000000000000000000000000000000000 4.9203179066485013400114281491934415122
524 87 1 1 1 0.019000000000000000000000000000000000000 4.8295671207344721394239154757981818582
524 111 0 0 0 0.087000000000000000000000000000000000000 3.8381345242140561314327192635906579388
524 147 1 1 0 0.33600000000000000000000000000000000000 2.5246736122220019749376514978490698098
524 209 0 0 0 0.014000000000000000000000000000000000000 -0.61160928119898964090301285374380431300
524 253 1 1 0 0.32400000000000000000000000000000000000 -0.061467502331388243063713050668991771356
524 295 0 0 0 0.016000000000000000000000000000000000000 -0.062729879751498303647042871285679676158
524 369 0 0 0 0.017000000000000000000000000000000000000 -0.69977693773833926377441123905879024259
524 371 1 1 0 0.39200000000000000000000000000000000000 -0.72379346297890807458736809634597404441
524 411 0 0 0 0.019000000000000000000000000000000000000 -1.2910328276807904051997842270187504242
524 445 0 0 0 0.078000000000000000000000000000000000000 -1.9586858869325387109697657391128878945
524 477 1 1 0 0.45000000000000000000000000000000000000 -2.9089986062290262856346955813344649388
526 33 1 1 1 0.022000000000000000000000000000000000000 8.3880584337580241672285132691691792808
526 123 1 1 1 0.020000000000000000000000000000000000000 3.4053199346435862449035660143868709019
526 145 2 2 1 0.44000000000000000000000000000000000000 2.6159768770777832749392170962799914530
526 187 1 3 1 0.59400000000000000000000000000000000000 0.97631746415273272013174192965266442207
526 253 1 1 1 0.021000000000000000000000000000000000000 -0.069290722478818557494732773421010002723
526 259 2 2 1 0.45000000000000000000000000000000000000 -0.029744411158612264785970249862839022433
526 295 0 0 0 0.015000000000000000000000000000000000000 -0.057501764042216375584171275837976126522
526 309 1 1 0 0.36200000000000000000000000000000000000 -0.13437795831511238779577221424780792464
526 319 3 3 3 0.031000000000000000000000000000000000000 -0.20314078019578962329188785255697489076
526 323 0 0 0 0.019000000000000000000000000000000000000 -0.23346360306055355843654814356624465888
526 329 0 0 0 0.015000000000000000000000000000000000000 -0.28175753642637748718336810262142319113
526 407 1 1 0 0.34500000000000000000000000000000000000 -1.2010676929423954351066041382211663803
526 497 1 1 0 0.45900000000000000000000000000000000000 -3.7830750326626389315683393104660963371
526 511 0 0 0 0.015000000000000000000000000000000000000 -4.9508740655219035577582218018416271242
527 46 0 0 0 0.082000000000000000000000000000000000000 7.2144264351806489465839659564314925556
527 54 0 0 0 0.016000000000000000000000000000000000000 6.6364634905001673353142198678023449051
527 56 2 2 2 0.024000000000000000000000000000000000000 6.5043176867475070075101781440357081162
527 118 1 1 0 0.39400000000000000000000000000000000000 3.5982618695967283989554087171764331052
527 152 0 0 0 0.019000000000000000000000000000000000000 2.3760975487620605579458529042537209619
527 176 1 1 1 0.020000000000000000000000000000000000000 1.4720255939822265796303563643586924485
527 242 0 0 0 0.027000000000000000000000000000000000000 -0.22379801173980123817693795126081670276
527 274 0 0 0 0.019000000000000000000000000000000000000 -0.00020036177722697676455466062879475851744
527 296 0 0 0 0.018000000000000000000000000000000000000 -0.059515330003710058543350608796115633627
527 334 0 0 0 0.081000000000000000000000000000000000000 -0.31893900877805900383739486961999643563
527 342 1 1 1 0.030000000000000000000000000000000000000 -0.39121474792783356826364677724987510592
527 344 1 1 1 0.028000000000000000000000000000000000000 -0.41013130757279494901316534119820900351
527 366 0 0 0 0.091000000000000000000000000000000000000 -0.64035319799683731922437676331788057449
527 368 1 1 0 0.38800000000000000000000000000000000000 -0.66332503919052965992034878223677105043
527 376 0 0 0 0.022000000000000000000000000000000000000 -0.75877061095373916957353122896756862553
527 386 0 0 0 0.083000000000000000000000000000000000000 -0.88646361115071448493967791746627351380
527 394 0 0 0 0.015000000000000000000000000000000000000 -0.99584635445403985656852567868416335452
527 404 1 1 1 0.085000000000000000000000000000000000000 -1.1425534892649987412302173190504100102
527 416 1 1 1 0.020000000000000000000000000000000000000 -1.3352448397269249295510653082027364820
527 474 1 1 0 0.47600000000000000000000000000000000000 -2.7013665008662213346597602606322557618
528 73 1 1 1 0.023000000000000000000000000000000000000 5.5313888394136133493395688666451164544
528 101 1 1 1 0.022000000000000000000000000000000000000 4.2638062081887944296571795606815739754
528 157 1 1 0 0.42500000000000000000000000000000000000 2.2065612272352982236991171195973937367
529 238 0 0 0 0.036000000000000000000000000000000000000 -0.34329392384350915189781751232398113882
529 264 0 0 0 0.019000000000000000000000000000000000000 -0.015293562305178140290545519825438395512
529 266 1 1 0 0.26900000000000000000000000000000000000 -0.0094328703562149353840993243446244398600
529 342 0 0 0 0.072000000000000000000000000000000000000 -0.37916433399867995492405864007925511896
529 364 0 0 0 0.015000000000000000000000000000000000000 -0.60236257760270414285905939949217296382
529 374 0 0 0 0.018000000000000000000000000000000000000 -0.71733364557548890652783108334205092905
530 107 1 1 1 0.025000000000000000000000000000000000000 4.0410487668712729288700173169124078017
530 131 0 0 0 0.092000000000000000000000000000000000000 3.1509243243267935334047850857171023017
530 271 1 1 0 0.26800000000000000000000000000000000000 -0.0016182985044467096683208102284698344529
530 277 1 1 0 0.37900000000000000000000000000000000000 -0.00094380825758436178485152957854742714149
530 331 2 2 1 0.51900000000000000000000000000000000000 -0.27762338903323192254656305835272116232
530 401 2 2 1 0.38300000000000000000000000000000000000 -1.0637893767337583146151821104827165450
530 457 0 2 0 0.40300000000000000000000000000000000000 -2.1256393969308454438935794838166700536
531 50 1 1 1 0.028000000000000000000000000000000000000 6.9419944915992881536085532195550978590
531 58 2 2 2 0.028000000000000000000000000000000000000 6.4039798588587585573842423534744080398
531 76 1 1 1 0.022000000000000000000000000000000000000 5.4006748127453569785197843057916377810
531 146 1 1 0 0.34400000000000000000000000000000000000 2.6293226333652555907299950011569772399
531 166 1 1 0 0.28600000000000000000000000000000000000 1.9101520432119832544107593817741106236
531 244 0 0 0 0.019000000000000000000000000000000000000 -0.22056905204838411371489957630788017254
531 272 1 1 1 0.026000000000000000000000000000000000000 -0.0011738351690479425825987506097023668949
531 412 2 2 1 0.53000000000000000000000000000000000000 -1.2188311907594013220821995538345962466
531 514 0 0 0 0.069000000000000000000000000000000000000 -4.7468901616256611214142236642616263739
532 47 1 1 0 0.30500000000000000000000000000000000000 7.1711746483471535701805765808406438916
532 73 0 0 0 0.015000000000000000000000000000000000000 5.5597903840905323338920729949230767673
532 83 1 1 0 0.33700000000000000000000000000000000000 5.0712143523855646115339144191542033894
532 139 0 0 0 0.012000000000000000000000000000000000000 2.8853470836061071120468611151338857477
532 173 1 1 0 0.39500000000000000000000000000000000000 1.6566348018169232565293536659826414668
532 181 0 0 0 0.015000000000000000000000000000000000000 1.3352878037616499221828796328848147914
532 187 0 0 0 0.017000000000000000000000000000000000000 1.0746387672854936153064983547878836507
532 199 1 1 0 0.30200000000000000000000000000000000000 0.46129730644672543710690089013745657222
532 235 0 0 0 0.10100000000000000000000000000000000000 -0.49687688018828097346578850718888339552
532 311 1 1 0 0.37700000000000000000000000000000000000 -0.12494537907443375099742992678619446057
532 319 0 0 0 0.015000000000000000000000000000000000000 -0.17720685830987996837693239639723675268
532 337 1 1 1 0.021000000000000000000000000000000000000 -0.31748624797892368400875949367722426485
532 377 0 0 0 0.072000000000000000000000000000000000000 -0.72780134914540532592619529965457215560
532 417 0 0 0 0.019000000000000000000000000000000000000 -1.2865432056032728776776753322291003018
532 473 1 1 1 0.025000000000000000000000000000000000000 -2.5231604227314105843807915269632822597
532 491 1 1 0 0.36600000000000000000000000000000000000 -3.1829513558085723767255400737624394897
533 58 1 1 1 0.12000000000000000000000000000000000000 6.4176979284377477024205335956620913526
533 132 2 2 2 0.027000000000000000000000000000000000000 3.1417450107565411434450107059366791258
533 134 0 0 0 0.016000000000000000000000000000000000000 3.0708653064574358052859535398857677987
533 146 1 1 0 0.27700000000000000000000000000000000000 2.6486434539617841943701553914739574184
533 176 0 0 0 0.081000000000000000000000000000000000000 1.5520048802879423916322773286981020153
533 214 0 0 0 0.075000000000000000000000000000000000000 -0.80069746503199820691462510296933636616
533 248 0 0 0 0.021000000000000000000000000000000000000 -0.16659419660013689384126204256518777013
533 274 0 0 0 0.020000000000000000000000000000000000000 -0.00050647986609874670947569869488292900458
533 280 1 1 1 0.029000000000000000000000000000000000000 -0.0021936512116426096984686762390622414315
533 302 2 2 2 0.027000000000000000000000000000000000000 -0.071997792415813233382924705707554141383
533 316 1 1 0 0.40800000000000000000000000000000000000 -0.15290083668695498711441260105639626892
533 418 1 1 1 0.10600000000000000000000000000000000000 -1.2900672351695015014295400854973810589
533 424 0 2 0 0.55700000000000000000000000000000000000 -1.3905603954960879583148193757107216969
533 428 0 2 0 0.50400000000000000000000000000000000000 -1.4605925842146686801162498351387412158
533 448 0 0 0 0.018000000000000000000000000000000000000 -1.8545613035935589464226544429690832534
534 79 1 1 0 0.33200000000000000000000000000000000000 5.2749516473384109251935157431435666291
534 163 1 1 0 0.40100000000000000000000000000000000000 2.0545357062851224513003668592825809478
534 215 1 1 0 0.27300000000000000000000000000000000000 -0.89136132367697972542360973623231690231
534 233 0 0 0 0.015000000000000000000000000000000000000 -0.63845617775908046826817176647904835644
534 281 1 1 0 0.30900000000000000000000000000000000000 -0.0027156488757954859710623170289082214052
534 317 0 2 0 0.34600000000000000000000000000000000000 -0.15557815265529526890797271829177813539
534 401 2 2 1 0.52100000000000000000000000000000000000 -1.0205955449729779908215042793167914986
535 18 1 1 0 0.43000000000000000000000000000000000000 10.572644335557078931628382461498212023
535 62 0 0 0 0.096000000000000000000000000000000000000 6.1872866931742312110947309885231317125
535 172 0 0 0 0.076000000000000000000000000000000000000 1.7322601991367155142046823510643131561
535 224 0 0 0 0.068000000000000000000000000000000000000 -1.8661539751501164952839970028771644115
535 374 0 0 0 0.019000000000000000000000000000000000000 -0.66804827496287950801041758532555994064
535 452 0 0 0 0.081000000000000000000000000000000000000 -1.9056730838541910076623121456159670027
536 55 1 1 0 0.25000000000000000000000000000000000000 6.6313282143589090637113615249321964955
536 133 2 2 2 0.037000000000000000000000000000000000000 3.1326728132207870355916408180694429374
536 143 1 1 0 0.42900000000000000000000000000000000000 2.7820988895029249215313556514689291234
536 145 1 1 0 0.38800000000000000000000000000000000000 2.7122655215054008473552767507843485635
536 209 1 1 1 0.019000000000000000000000000000000000000 -0.12887797488001291486779797698584975978
536 249 1 1 1 0.15500000000000000000000000000000000000 -0.17282764398641045453397478471696124135
536 301 1 1 1 0.024000000000000000000000000000000000000 -0.059265756914521833812163545203526152089
536 325 2 2 2 0.022000000000000000000000000000000000000 -0.20267238069806485693495412549061125586
536 333 1 1 1 0.017000000000000000000000000000000000000 -0.26356418553359335152665211630221015363
536 377 2 2 2 0.023000000000000000000000000000000000000 -0.69453851128530484082826716768785433653
536 403 2 2 2 0.022000000000000000000000000000000000000 -1.0276089701535867836071515036622062823
536 407 1 1 1 0.018000000000000000000000000000000000000 -1.0849210458692472110363693153495915649
536 437 1 1 0 0.37700000000000000000000000000000000000 -1.5811164169054751064931777350218261900
537 86 1 1 0 0.29600000000000000000000000000000000000 4.9700833675070921624506932783347355899
537 278 1 1 0 0.34200000000000000000000000000000000000 -1.0834729717919749361646282798337183225 E-7
537 334 1 1 0 0.24500000000000000000000000000000000000 -0.26658352028762047668889089316496064849
537 376 1 1 0 0.50700000000000000000000000000000000000 -0.67492085685712444091712781167818848923
537 422 1 1 0 0.36600000000000000000000000000000000000 -1.3040963215650710029822843803656651390
537 478 1 1 0 0.42700000000000000000000000000000000000 -2.5402368089142528115407406415566490960
538 209 0 0 0 0.065000000000000000000000000000000000000 -0.064672499735540250241172561743693640728
538 221 1 1 0 0.37700000000000000000000000000000000000 -2.0242468733996893565139884474502735741
538 279 3 3 3 0.031000000000000000000000000000000000000 -3.4841613785699886852461295839571889405 E-5
538 287 1 1 0 0.31700000000000000000000000000000000000 -0.0088556593680070520194412995534313479198
538 365 1 1 0 0.25100000000000000000000000000000000000 -0.54696645767499689720352696472759905360
538 451 2 2 2 0.053000000000000000000000000000000000000 -1.8287181469671814010337542918457043364
538 469 1 1 0 0.42900000000000000000000000000000000000 -2.2569308097275540180500336156135791120
539 12 2 2 2 0.025000000000000000000000000000000000000 12.011692115196250151961808751649762728
539 20 0 0 0 0.069000000000000000000000000000000000000 10.230753141387015295212251759455957502
539 58 1 1 1 0.023000000000000000000000000000000000000 6.4585147626771393203282562737043371086
539 202 1 1 0 0.26800000000000000000000000000000000000 0.43890515838753262580024888057907933550
539 260 1 1 1 0.022000000000000000000000000000000000000 -0.063326824139495018483532392853780660055
539 274 0 2 0 0.41800000000000000000000000000000000000 -0.0035712195512693558389900778709293626178
539 292 1 1 1 0.024000000000000000000000000000000000000 -0.019660260704614632700083248579211009181
539 334 0 0 0 0.016000000000000000000000000000000000000 -0.25674994646118763986425137171110645999
539 354 2 2 2 0.026000000000000000000000000000000000000 -0.43053682630611334508472710482223524867
539 376 0 0 0 0.018000000000000000000000000000000000000 -0.65903664933436565589503291054699037417
539 394 0 0 0 0.075000000000000000000000000000000000000 -0.87626076805483279514493510090221474940
539 464 2 2 2 0.036000000000000000000000000000000000000 -2.1068493719375508937486435109771752463
539 496 1 1 1 0.13400000000000000000000000000000000000 -3.1206851948305668825759809023987329922
540 71 0 0 0 0.021000000000000000000000000000000000000 5.7198422761572538478558675163572398444
540 239 2 2 2 0.024000000000000000000000000000000000000 -0.47771871804586286240828855703487456134
541 138 1 1 1 0.021000000000000000000000000000000000000 3.0016416960762748233685570432268770016
541 170 1 1 0 0.36700000000000000000000000000000000000 1.8781514326572739832668398779362310930
541 222 0 0 0 0.057000000000000000000000000000000000000 -1.9178887975211728603216494423521745080
541 238 1 1 1 0.24100000000000000000000000000000000000 -0.53969770713681514227474284528689496635
541 286 1 1 0 0.42000000000000000000000000000000000000 -0.0044111141814422741770239493737284022063
541 294 1 1 0 0.26300000000000000000000000000000000000 -0.022322593081394882836306716410139687657
541 306 3 3 3 0.16800000000000000000000000000000000000 -0.069431115032128652663744196680840909960
541 408 1 1 0 0.29000000000000000000000000000000000000 -1.0450316352233063132072608585603839794
542 91 0 0 0 0.017000000000000000000000000000000000000 4.7857603313759626628822547826459579396
542 95 1 1 1 0.019000000000000000000000000000000000000 4.6159107217551671292677214010134327351
542 161 2 2 1 0.34500000000000000000000000000000000000 2.2123055155261206232290033295330195462
542 247 2 2 2 0.025000000000000000000000000000000000000 -0.26331810081379175210010287304750810429
542 253 1 1 0 0.34500000000000000000000000000000000000 -0.15448395874600700268943423967899205139
542 319 1 1 0 0.25600000000000000000000000000000000000 -0.13809456334466323740537612171096970575
542 327 1 1 1 0.12800000000000000000000000000000000000 -0.19106344807381157458736358354934526746
542 329 1 1 0 0.33500000000000000000000000000000000000 -0.20527107054338794024693722320026018444
542 371 1 1 0 0.39300000000000000000000000000000000000 -0.58150800281043467102592298942946337062
542 381 1 1 0 0.38500000000000000000000000000000000000 -0.69201256077827833615528495568342200634
542 451 1 1 0 0.41300000000000000000000000000000000000 -1.7589340375010341327125460162871416464
542 459 0 0 0 0.080000000000000000000000000000000000000 -1.9297621848890897982409291236391789782
542 485 1 1 1 0.023000000000000000000000000000000000000 -2.6200189047693690176599249601408086706
543 38 0 0 0 0.082000000000000000000000000000000000000 8.0015971655291815258128045178373857059
543 106 1 1 0 0.29200000000000000000000000000000000000 4.1804789864391097284245294805851109636
543 136 2 2 2 0.036000000000000000000000000000000000000 3.0887257752340036524205642378172543061
543 158 1 1 1 0.11000000000000000000000000000000000000 2.3278284973601198605429658003981811138
543 178 1 1 1 0.065000000000000000000000000000000000000 1.6022839297690967521958819453233272338
543 224 0 0 0 0.014000000000000000000000000000000000000 -2.6556090884412742584620926909275995778
543 502 1 1 1 0.022000000000000000000000000000000000000 -3.2197949597055961227503650724327196390
544 327 0 0 0 0.078000000000000000000000000000000000000 -0.18270390306307014670503172543847388522
544 341 1 1 0 0.45200000000000000000000000000000000000 -0.28774663399094591481146318411208366354
544 413 1 1 1 0.085000000000000000000000000000000000000 -1.0838512813638353817058115210845634264
545 14 1 1 1 0.026000000000000000000000000000000000000 11.513435629714103952422920201613657253
545 38 0 0 0 0.068000000000000000000000000000000000000 8.0146254828403306402799599666805161867
545 44 0 0 0 0.072000000000000000000000000000000000000 7.4934584088525286128881711178612937986
545 188 1 1 1 0.13000000000000000000000000000000000000 1.2285253747481904568624641731405446361
545 344 0 0 0 0.10000000000000000000000000000000000000 -0.30718695780484870319898886475679819349
545 356 1 1 1 0.075000000000000000000000000000000000000 -0.41244491577232930329651880620263740644
545 398 1 1 0 0.31300000000000000000000000000000000000 -0.87134924015485553550674131339376267380
547 286 1 1 0 0.44900000000000000000000000000000000000 -0.0010235397995722646888916344710333245288
547 476 1 1 0 0.47600000000000000000000000000000000000 -2.2349056585259729470447651935303222935
547 532 0 0 0 0.016000000000000000000000000000000000000 -5.0198169894094853790286139632417902656
548 75 0 0 0 0.018000000000000000000000000000000000000 5.5695780972016617789689688149804883512
548 119 1 1 1 0.031000000000000000000000000000000000000 3.7316453001625486326225358561653697364
548 123 1 1 0 0.38900000000000000000000000000000000000 3.5876089519879795180144450370699145145
548 133 0 2 0 0.47300000000000000000000000000000000000 3.2357382742910841735771967548194844086
548 217 0 0 0 0.019000000000000000000000000000000000000 -0.43575640129654990682537101454012287202
548 275 1 1 0 0.33000000000000000000000000000000000000 -0.010845630376435806797065914513085198360
548 299 0 0 0 0.055000000000000000000000000000000000000 -0.025965818518934602393088522498482101100
548 301 1 1 0 0.23200000000000000000000000000000000000 -0.032577218482779144136853454080427546316
548 341 0 0 0 0.014000000000000000000000000000000000000 -0.26782369969083144444345040537238349495
548 355 1 1 0 0.41700000000000000000000000000000000000 -0.38556796628069543390705934156837729344
548 387 1 1 0 0.32900000000000000000000000000000000000 -0.71235332317108681346671234197962051392
549 154 1 1 1 0.029000000000000000000000000000000000000 2.5251304551743560372860234562412972826
549 158 0 0 0 0.018000000000000000000000000000000000000 2.3879797919591013064723731663787191774
549 172 0 0 0 0.021000000000000000000000000000000000000 1.8967136209376948443815195586142680312
549 302 2 2 1 0.51100000000000000000000000000000000000 -0.034151230614731966138660533372917780667
549 430 1 1 1 0.023000000000000000000000000000000000000 -1.2814079927346132351887062802985674747
549 466 1 1 1 0.067000000000000000000000000000000000000 -1.9535280372863550542661267817574676870
549 496 2 2 2 0.028000000000000000000000000000000000000 -2.7756774098726718798692695302825731098
550 17 0 0 0 0.016000000000000000000000000000000000000 10.868537237397397473004690705666717363
550 163 0 2 0 0.50400000000000000000000000000000000000 2.2253762508339134109305459395462413419
550 227 0 0 0 0.015000000000000000000000000000000000000 -2.7693382169069748678300856781432993817
550 229 1 1 1 0.091000000000000000000000000000000000000 -2.4820913291511975239001206726647985152
551 40 1 1 0 0.34700000000000000000000000000000000000 7.8715497418603971599207201647248202260
551 78 2 2 2 0.026000000000000000000000000000000000000 5.4422983541916744064376070721066874636
551 98 1 1 1 0.019000000000000000000000000000000000000 4.5576977558528651652031638259671712084
551 100 2 2 2 0.032000000000000000000000000000000000000 4.4768355272554174144256968181577856426
551 112 2 2 2 0.023000000000000000000000000000000000000 4.0125635285632175262405656494604173774
551 138 1 1 1 0.10400000000000000000000000000000000000 3.0888519365553564627227216296529820674
551 142 1 1 1 0.10300000000000000000000000000000000000 2.9522219658197235860233657904959492882
551 144 1 1 1 0.020000000000000000000000000000000000000 2.8841321515987517484829341929511520132
551 208 1 1 1 0.017000000000000000000000000000000000000 0.35001065029456633369184415702587547499
551 242 1 1 1 0.020000000000000000000000000000000000000 -0.55806712023402451741512778882501541534
551 244 1 1 1 0.038000000000000000000000000000000000000 -0.47256568483344205104666394953171715995
551 248 0 0 0 0.016000000000000000000000000000000000000 -0.34043020916516724219126257684890949836
551 278 0 0 0 0.076000000000000000000000000000000000000 -0.0072977546677959508127040818833652348120
551 298 0 0 0 0.016000000000000000000000000000000000000 -0.018292694398410027862371467468955246125
551 338 0 0 0 0.015000000000000000000000000000000000000 -0.23085961306869413294017573986818823686
551 346 1 1 1 0.019000000000000000000000000000000000000 -0.29266229060791210941863364922881938162
551 350 1 1 0 0.32300000000000000000000000000000000000 -0.32552550564217565259267929362805325149
551 352 2 2 2 0.037000000000000000000000000000000000000 -0.34243381741189301630143295923917718028
551 404 1 1 0 0.42200000000000000000000000000000000000 -0.89181364971920829575377565578571086345
551 408 2 2 2 0.028000000000000000000000000000000000000 -0.94344318987862395616987643656153526869
551 428 1 1 0 0.41400000000000000000000000000000000000 -1.2261757353155895001344847562398178143
551 436 1 1 0 0.33400000000000000000000000000000000000 -1.3523714354596136130748966754667921352
552 167 0 0 0 0.016000000000000000000000000000000000000 2.1069263308896588402816120089545676515
552 211 1 1 0 0.38000000000000000000000000000000000000 0.18352330418293408622661790189712006229
552 251 0 2 0 0.48300000000000000000000000000000000000 -0.27585149839732409623273171411551657136
552 347 0 0 0 0.021000000000000000000000000000000000000 -0.29565937765589839658394671898505870866
552 349 1 1 1 0.10000000000000000000000000000000000000 -0.31196079880512673010351798889790256792
552 407 1 1 0 0.49700000000000000000000000000000000000 -0.92083323839134802256635490242753655343
552 449 2 2 1 0.47900000000000000000000000000000000000 -1.5620708874096874914416236134757051899
553 36 0 0 0 0.017000000000000000000000000000000000000 8.2575275532077428320691931006615824121
553 74 0 0 0 0.016000000000000000000000000000000000000 5.6540256739514220839074291234834365603
553 76 2 2 2 0.023000000000000000000000000000000000000 5.5539250743366958922841586789919607333
553 82 1 1 0 0.34500000000000000000000000000000000000 5.2661453483234518234548843049818354824
553 136 1 1 1 0.34700000000000000000000000000000000000 3.1743873094916700181267673433891689345
553 160 0 0 0 0.026000000000000000000000000000000000000 2.3589726823228865856460417471979625157
553 172 0 2 0 0.40100000000000000000000000000000000000 1.9414527507527299312729457280447237781
553 206 1 1 0 0.30900000000000000000000000000000000000 0.50932036209205241023743549979385346708
553 226 0 2 0 0.31000000000000000000000000000000000000 -1.5900895441192912240705756951464588668
553 230 0 2 0 0.37500000000000000000000000000000000000 -2.6821503477734756421494525989993409916
553 344 1 1 0 0.41300000000000000000000000000000000000 -0.26695921801687118567242511945467924592
553 382 0 0 0 0.016000000000000000000000000000000000000 -0.61817602475094837548290371766364128579
553 404 0 0 0 0.014000000000000000000000000000000000000 -0.87332688403118716780335325046839754185
553 410 1 1 1 0.019000000000000000000000000000000000000 -0.95022981467878201996894903701717522866
553 412 1 1 0 0.28400000000000000000000000000000000000 -0.97662304093223145376775210153583783050
553 542 0 0 0 0.018000000000000000000000000000000000000 -5.5840212113806251224233249422728600885
554 57 0 0 0 0.083000000000000000000000000000000000000 6.6215764548132412039472431439866223278
554 117 1 1 1 0.025000000000000000000000000000000000000 3.8510490215867368374495074581532852292
554 143 0 0 0 0.075000000000000000000000000000000000000 2.9445342863419880301168705998758046614
554 177 1 1 0 0.27400000000000000000000000000000000000 1.7728053096911537907244435585520814015
554 183 1 1 0 0.36600000000000000000000000000000000000 1.5495052805027080801329375181370308683
554 187 0 2 0 0.35000000000000000000000000000000000000 1.3944293915373301892010482839292854570
554 209 0 0 0 0.067000000000000000000000000000000000000 0.35798193446547129505824548325261353882
554 235 1 1 0 0.37100000000000000000000000000000000000 -1.2206702966838524958727355273302500717
554 253 0 0 0 0.071000000000000000000000000000000000000 -0.25187728709501820606347247454178755287
554 299 0 0 0 0.016000000000000000000000000000000000000 -0.016662519644477947427814630824371525442
554 323 0 0 0 0.073000000000000000000000000000000000000 -0.11993956140358723598962731304789101537
554 339 1 1 0 0.29000000000000000000000000000000000000 -0.22471475049012825990804666593247733211
554 391 0 0 0 0.017000000000000000000000000000000000000 -0.70966017860259595484396903825021138943
554 517 0 0 0 0.019000000000000000000000000000000000000 -3.4402030085512132548401476010881112865
554 519 0 2 0 0.43500000000000000000000000000000000000 -3.5397498987877734044575316272375676305
556 115 0 2 0 0.41800000000000000000000000000000000000 3.9394256832397718225548205961647273967
556 133 2 2 2 0.034000000000000000000000000000000000000 3.3023267809617460258857444788518859819
556 143 1 1 0 0.33900000000000000000000000000000000000 2.9619680237860894595197409908079373375
556 203 0 0 0 0.021000000000000000000000000000000000000 0.72468010079972057511352842495481883271
556 247 1 1 1 0.026000000000000000000000000000000000000 -0.44323798876164820210739019974529255125
556 301 1 1 0 0.27200000000000000000000000000000000000 -0.019087820088981336426821816735480737806
556 339 0 0 0 0.018000000000000000000000000000000000000 -0.21590524820462694683734012997302391396
556 371 2 2 1 0.46500000000000000000000000000000000000 -0.48556865230297187243850959204601353072
556 413 1 1 1 0.025000000000000000000000000000000000000 -0.96036610452049263790085864156520526405
556 437 1 1 0 0.38200000000000000000000000000000000000 -1.3051823523787878767287242772125779016
556 549 1 1 1 0.018000000000000000000000000000000000000 -6.3848867210311013811251262910667982988
557 154 2 2 2 0.022000000000000000000000000000000000000 2.6006929488350486493639159275588139346
557 234 2 2 1 0.36200000000000000000000000000000000000 -1.6404261259356708419869100667916417062
557 322 0 0 0 0.069000000000000000000000000000000000000 -0.10456113296713490188119075015839912440
557 374 1 1 1 0.13100000000000000000000000000000000000 -0.50824342746000244857877432224009730015
557 522 1 1 0 0.36800000000000000000000000000000000000 -3.5494159631220723804190162757342424505
558 121 1 1 1 0.10800000000000000000000000000000000000 3.7377613127928885339154240314334643114
558 131 1 1 1 0.084000000000000000000000000000000000000 3.3874816083811315345649738356090236745
558 167 1 1 0 0.41500000000000000000000000000000000000 2.1695119242521602947736866562492228863
558 233 0 0 0 0.014000000000000000000000000000000000000 -2.1081205558054544090915193630844854301
558 311 1 1 0 0.34500000000000000000000000000000000000 -0.049379105052341244634238774163055223292
558 343 1 1 0 0.31400000000000000000000000000000000000 -0.23603135737707554406491877554586731015
559 22 0 0 0 0.020000000000000000000000000000000000000 10.024992489600303155141240145008695369
559 76 1 1 0 0.41000000000000000000000000000000000000 5.5944838439653709322682038753630790571
559 94 1 1 1 0.019000000000000000000000000000000000000 4.7796680748488059566669620023050892844
559 108 0 0 0 0.072000000000000000000000000000000000000 4.2230230655029400468060840924452930995
559 122 1 1 1 0.022000000000000000000000000000000000000 3.7099220169905921394108230378679927297
559 136 0 0 0 0.078000000000000000000000000000000000000 3.2245002013553030586616490737214114101
559 152 1 1 1 0.019000000000000000000000000000000000000 2.6862172270746735901052868462811880572
559 178 0 0 0 0.016000000000000000000000000000000000000 1.7943499625297870127194382002263722683
559 218 0 0 0 0.018000000000000000000000000000000000000 -0.13145105114055164502291959919789079812
559 232 1 1 1 0.020000000000000000000000000000000000000 -3.3142487469307899107199916192633904727
559 246 0 0 0 0.067000000000000000000000000000000000000 -0.53609313980423079300386737735266492827
559 272 0 0 0 0.014000000000000000000000000000000000000 -0.047291184738634998858562121577520263885
559 310 0 0 0 0.069000000000000000000000000000000000000 -0.043259586061633296492779710912956401161
559 328 0 0 0 0.012000000000000000000000000000000000000 -0.13208222497975116938244469503287519058
559 340 1 1 0 0.26900000000000000000000000000000000000 -0.21004159810431998260667997650666573423
559 398 1 1 1 0.021000000000000000000000000000000000000 -0.74916604634660888515393533839539524811
559 448 2 2 2 0.12400000000000000000000000000000000000 -1.4457232033967771047272008281652699475
559 484 1 1 1 0.021000000000000000000000000000000000000 -2.1739910314956369632326682517346631376
559 508 0 2 0 0.52200000000000000000000000000000000000 -2.8781744566748434376043894981266336504
560 79 1 1 1 0.021000000000000000000000000000000000000 5.4553881624389899903421557911663237708
560 137 1 1 1 0.023000000000000000000000000000000000000 3.1988286660009872320621008491234791827
560 157 0 0 0 0.086000000000000000000000000000000000000 2.5280004931164374610353787215919648260
560 307 1 1 0 0.35800000000000000000000000000000000000 -0.030599359234993453405648367826166188380
560 353 1 1 0 0.42300000000000000000000000000000000000 -0.30342084723659973285657246363001160041
560 463 2 2 1 0.45100000000000000000000000000000000000 -1.7008897036924429709337635960342105782
561 28 2 2 2 0.029000000000000000000000000000000000000 9.1929108273425102489842603993370335160
561 344 0 0 0 0.021000000000000000000000000000000000000 -0.22988574418743584990524874099219752728
562 93 1 1 0 0.42500000000000000000000000000000000000 4.8425501052463807489556499208104031105
562 143 1 1 0 0.38300000000000000000000000000000000000 3.0135818849560397937717828331506960320
562 153 1 1 1 0.024000000000000000000000000000000000000 2.6800803091470780419748120269571807167
562 217 1 1 1 0.018000000000000000000000000000000000000 0.033949702155175154290828200373039838194
562 327 2 2 1 0.39600000000000000000000000000000000000 -0.11618408543057752739816264612798937306
562 387 0 0 0 0.016000000000000000000000000000000000000 -0.60541759812034581762076436275101369070
562 395 0 0 0 0.020000000000000000000000000000000000000 -0.69135991280555544741237656005071983781
562 453 0 0 0 0.077000000000000000000000000000000000000 -1.4897757143608856972319099994276727285
562 483 3 3 3 0.039000000000000000000000000000000000000 -2.0880812325837672000776308091889631982
562 497 0 0 0 0.087000000000000000000000000000000000000 -2.4464229588736080331311452874761549675
562 511 1 1 1 0.020000000000000000000000000000000000000 -2.8878698750332392250554560764607225773
562 551 1 1 0 0.37100000000000000000000000000000000000 -5.6123397591482282934294381363895954291
563 228 1 1 1 0.071000000000000000000000000000000000000 -1.1102728690003484977631272740430188931
563 354 2 2 2 0.44200000000000000000000000000000000000 -0.29633339962109830505311737454974898671
563 406 1 1 0 0.33600000000000000000000000000000000000 -0.80918984083582743316355703662824773856
563 418 1 1 1 0.10600000000000000000000000000000000000 -0.95778456364135974642160450872421696710
563 444 1 1 1 0.024000000000000000000000000000000000000 -1.3286533880444531928873708162191366863
563 494 0 0 0 0.016000000000000000000000000000000000000 -2.3403073847611281123993338475176980439
563 550 1 1 1 0.024000000000000000000000000000000000000 -5.3222045212506674587341627592810893252
564 157 1 1 0 0.36400000000000000000000000000000000000 2.5653075366067769956282407201211456683
564 199 1 1 0 0.31600000000000000000000000000000000000 1.0423285625660899309987108211301504913
564 311 1 1 1 0.022000000000000000000000000000000000000 -0.036761694325597126035170743728833376323
564 379 2 2 1 0.50900000000000000000000000000000000000 -0.51115073186151925404909718503290995076
564 409 0 0 0 0.017000000000000000000000000000000000000 -0.83639458973117636844829264419650536700
564 437 0 0 0 0.016000000000000000000000000000000000000 -1.2098727097452276599092641049873936698
564 521 1 1 1 0.10400000000000000000000000000000000000 -3.2023660113991522598207041532945144229
565 14 0 2 0 0.52400000000000000000000000000000000000 11.638970988447037613022403815951789285
565 152 0 2 0 0.53800000000000000000000000000000000000 2.7402597906181969229061543180898798802
565 208 2 2 1 0.52000000000000000000000000000000000000 0.63911257159416766235048411093823267542
565 212 1 1 0 0.29800000000000000000000000000000000000 0.42443040212382623038055696359814451564
565 238 0 0 0 0.066000000000000000000000000000000000000 -1.4982515242389172909870961113686750547
565 356 0 0 0 0.018000000000000000000000000000000000000 -0.30221352848611478538605158916392875684
565 424 0 0 0 0.021000000000000000000000000000000000000 -1.0168795588178746347103945399061122400
565 458 0 0 0 0.021000000000000000000000000000000000000 -1.5343687841167445838710782811601314910
565 472 2 2 2 0.14900000000000000000000000000000000000 -1.7957881807826456147024102755798375225
566 69 1 1 0 0.38400000000000000000000000000000000000 6.0006934290610337969777331460662708813
566 247 1 1 1 0.10600000000000000000000000000000000000 -0.63645332329055081420710636159388777485
566 267 0 0 0 0.016000000000000000000000000000000000000 -0.11923578294502668171848916193882828367
566 371 1 1 0 0.41700000000000000000000000000000000000 -0.42392418315328549116492569995558036760
566 377 0 0 0 0.070000000000000000000000000000000000000 -0.47920831447435737107622258398022321373
566 407 1 1 0 0.37200000000000000000000000000000000000 -0.79551700424732675467371458274907480669
566 413 0 0 0 0.017000000000000000000000000000000000000 -0.86724486799680391270480005235069469726
566 423 1 1 1 0.18700000000000000000000000000000000000 -0.99377997877271317139851804296150020949
566 437 0 0 0 0.027000000000000000000000000000000000000 -1.1871801398999428824812081092159734759
566 545 1 1 0 0.41700000000000000000000000000000000000 -4.4863614186665076561013224016808814269
567 226 2 2 2 0.024000000000000000000000000000000000000 -0.59419716212507421357974081172615039116
567 248 0 0 0 0.013000000000000000000000000000000000000 -0.60726663816927221695749756525946979787
567 268 0 0 0 0.016000000000000000000000000000000000000 -0.11332462411400345826435444452386756514
567 368 0 0 0 0.015000000000000000000000000000000000000 -0.39157853674019951461799590805598450822
568 177 1 1 0 0.37600000000000000000000000000000000000 1.9298517236239770304738380452588300654
568 209 0 0 0 0.014000000000000000000000000000000000000 0.64439564108964060658504762644800167261
568 249 0 0 0 0.014000000000000000000000000000000000000 -0.57976354577121859210884871858737499707
568 267 1 1 1 0.016000000000000000000000000000000000000 -0.13032911965113326524212906929847589970
568 329 1 1 0 0.45900000000000000000000000000000000000 -0.10800614805590130019748154571145903678
568 407 0 0 0 0.015000000000000000000000000000000000000 -0.77882729901211028067127097784628493367
568 475 1 1 0 0.38300000000000000000000000000000000000 -1.8056298316212999297096938813504868155
568 505 1 1 0 0.34000000000000000000000000000000000000 -2.5229425055981703670637158312582149288
568 511 1 1 0 0.39800000000000000000000000000000000000 -2.7052969642606456492136862717953783293
568 533 0 2 0 0.63500000000000000000000000000000000000 -3.5844060167048046008330868608437937581
569 42 0 0 0 0.079000000000000000000000000000000000000 7.8124503052815607374164883401549451564
569 198 0 0 0 0.018000000000000000000000000000000000000 1.1584025743425395738034942608700220201
569 286 2 2 2 0.033000000000000000000000000000000000000 -0.0097028420339389159158524414718089194863
569 322 0 0 0 0.018000000000000000000000000000000000000 -0.070172305893284280476731119213882202930
569 348 0 0 0 0.079000000000000000000000000000000000000 -0.22344995835249084505872490154912923972
569 366 0 0 0 0.022000000000000000000000000000000000000 -0.36332790716470058549796883843528645648
569 406 1 1 0 0.42900000000000000000000000000000000000 -0.75915957302983687522309289481337243361
569 418 1 1 1 0.11000000000000000000000000000000000000 -0.90172241038914921124108864126489905121
570 53 1 1 1 0.020000000000000000000000000000000000000 6.9873876200273185703011101611179507537
570 101 0 0 0 0.017000000000000000000000000000000000000 4.5726459056350157336999636735281069640
571 170 1 1 0 0.37700000000000000000000000000000000000 2.1993929217795926569724138528169826700
571 318 1 1 0 0.27000000000000000000000000000000000000 -0.048413032379354880958056674218617411145
571 340 0 0 0 0.015000000000000000000000000000000000000 -0.16201575985371646753422255969736854131
572 19 0 0 0 0.015000000000000000000000000000000000000 10.617333434843554251438502749880385271
572 61 1 1 0 0.46700000000000000000000000000000000000 6.4912714179285291761276283729770574773
572 131 0 0 0 0.078000000000000000000000000000000000000 3.4985220430843705591090993773412874350
572 159 0 0 0 0.018000000000000000000000000000000000000 2.5727475979030607208171251415134605398
572 181 1 1 0 0.31300000000000000000000000000000000000 1.8343047891131324725292293626435600485
572 223 0 0 0 0.023000000000000000000000000000000000000 -0.12592541928685144364242286434897120754
572 313 1 1 1 0.12600000000000000000000000000000000000 -0.028753967072433913398729077305790490139
572 331 0 0 0 0.022000000000000000000000000000000000000 -0.10630939200117080840566213130174292586
572 359 1 1 0 0.28800000000000000000000000000000000000 -0.29121310640238816138122642322576569759
572 367 0 0 0 0.017000000000000000000000000000000000000 -0.35554802010725156353828410671819562068
572 397 1 1 0 0.39600000000000000000000000000000000000 -0.63770516715481742810697468620635971996
572 401 1 1 0 0.45400000000000000000000000000000000000 -0.68023199990794728486829608399648075625
572 415 1 1 1 0.023000000000000000000000000000000000000 -0.83875253729822414757257727667291001784
572 431 0 2 0 0.45900000000000000000000000000000000000 -1.0399817221828460519902329711248978476
572 509 0 0 0 0.020000000000000000000000000000000000000 -2.5357534482629470900764044886325029779
573 122 1 1 0 0.32600000000000000000000000000000000000 3.8163633599592410153694371998713704133
573 142 1 1 0 0.30400000000000000000000000000000000000 3.1386473073922614424658407469391944095
573 148 0 0 0 0.088000000000000000000000000000000000000 2.9414003449291460487749632064067235270
573 278 0 2 0 0.47100000000000000000000000000000000000 -0.052358046812471547109330303767554244527
573 320 1 1 0 0.57000000000000000000000000000000000000 -0.051923965589432275381166085368095978126
573 326 1 1 0 0.40300000000000000000000000000000000000 -0.078218584051364443199323288892434666796
573 386 0 0 0 0.10100000000000000000000000000000000000 -0.52028072074068391788980198148741899946
573 442 1 1 0 0.42800000000000000000000000000000000000 -1.1813717291732284237720361551390574011
573 454 1 1 0 0.33800000000000000000000000000000000000 -1.3616708733480789498824180305279170352
574 23 0 0 0 0.016000000000000000000000000000000000000 9.9621552118639741166191906611619627459
574 101 1 1 0 0.26200000000000000000000000000000000000 4.6004873243803602095121583603738421712
574 137 0 0 0 0.067000000000000000000000000000000000000 3.3125108771810912973847647217127906895
574 185 2 2 1 0.41000000000000000000000000000000000000 1.7158779902278300292512422664581893488
574 197 0 0 0 0.019000000000000000000000000000000000000 1.2683891953428161636454077384410001214
574 271 1 1 0 0.26700000000000000000000000000000000000 -0.11670947770959721101169553349377337735
574 275 0 0 0 0.053000000000000000000000000000000000000 -0.078030556433214722426792955347542917674
574 277 0 0 0 0.013000000000000000000000000000000000000 -0.062480329143592436928533723895617653245
574 323 1 1 0 0.35100000000000000000000000000000000000 -0.062086815007198727401627056935450146693
574 341 1 1 1 0.13200000000000000000000000000000000000 -0.15714415868142792460070417959016178347
574 353 1 1 0 0.36100000000000000000000000000000000000 -0.23721128295267585337746469503767352684
574 361 1 1 0 0.21700000000000000000000000000000000000 -0.29698211665587844945822333429867330408
574 419 1 1 0 0.34000000000000000000000000000000000000 -0.86920280565439793812231966661811107416
574 421 1 1 1 0.10900000000000000000000000000000000000 -0.89347643457429492405080535717081781946
574 509 1 1 0 0.37600000000000000000000000000000000000 -2.4850498553462263929765525747562240954
574 521 1 1 1 0.021000000000000000000000000000000000000 -2.8564550211395975311466054630808844041
575 76 2 2 1 0.47200000000000000000000000000000000000 5.7002145698720117827938573481317965113
575 148 1 1 0 0.43300000000000000000000000000000000000 2.9582672234752139539745256187579522770
575 176 1 1 1 0.022000000000000000000000000000000000000 2.0381497492616275963468365614360213622
575 314 1 1 0 0.35100000000000000000000000000000000000 -0.026775184609086025520379340840288284599
575 328 1 1 0 0.43400000000000000000000000000000000000 -0.082325592678962525293257593118414793371
575 498 1 1 1 0.024000000000000000000000000000000000000 -2.1774953365071651941724780338716283946
575 524 1 1 0 0.43600000000000000000000000000000000000 -2.9292721018822574313265121502579128014
576 161 1 1 0 0.28400000000000000000000000000000000000 2.5438270652141848494255986139913545595
577 138 1 1 0 0.39800000000000000000000000000000000000 3.3031012559654342543437274016926366838
577 140 0 2 0 0.38700000000000000000000000000000000000 3.2370019624055109728790593204252585289
577 186 0 0 0 0.085000000000000000000000000000000000000 1.7147076835315297426562177918524255758
577 312 2 2 1 0.52100000000000000000000000000000000000 -0.018134668656424899714985344979176957922
577 402 1 1 0 0.36900000000000000000000000000000000000 -0.65368767062564712755656764822776883618
577 430 0 2 0 0.40400000000000000000000000000000000000 -0.97814432243626549147472059380229646221
577 434 1 1 1 0.095000000000000000000000000000000000000 -1.0298840760589941268457348852377233481
577 494 2 2 2 0.087000000000000000000000000000000000000 -2.0455213065183886316161761922503819923
578 87 0 0 0 0.016000000000000000000000000000000000000 5.2089463249838003529765799298409706661
578 203 1 1 0 0.34100000000000000000000000000000000000 1.0816843750371443098017478724428146722
578 217 1 1 0 0.34200000000000000000000000000000000000 0.41764265803957560367806865408028781650
578 291 1 1 1 0.16200000000000000000000000000000000000 -0.0086140412694579630166362791873433654427
578 319 4 4 4 0.035000000000000000000000000000000000000 -0.037734867695752998985857967010279254287
578 517 1 1 1 0.022000000000000000000000000000000000000 -2.6136154313338794763688445223508510116
579 86 1 1 1 0.17100000000000000000000000000000000000 5.2597224636257472927846615712366240594
579 106 1 1 0 0.34800000000000000000000000000000000000 4.4418483787258792762445990006324903505
579 134 1 1 0 0.40700000000000000000000000000000000000 3.4517715453277818409046790390891600503
579 152 0 0 0 0.016000000000000000000000000000000000000 2.8620459990983688404943351056072198813
579 188 0 0 0 0.015000000000000000000000000000000000000 1.6667370767231622408944007722079682411
579 226 1 1 0 0.26300000000000000000000000000000000000 -0.14724695716641329533131631210184776200
579 238 1 1 1 0.024000000000000000000000000000000000000 -2.0987103629721539520804946669824330844
579 292 1 1 0 0.33700000000000000000000000000000000000 -0.0075562277282280337670514535383044431763
579 394 1 1 0 0.26100000000000000000000000000000000000 -0.55851970487763373475161157075250759496
579 446 1 1 0 0.30600000000000000000000000000000000000 -1.1724803637202676719818912806684764405
579 488 1 1 0 0.42300000000000000000000000000000000000 -1.8815994592457314327978524979898568723
579 502 1 1 0 0.33500000000000000000000000000000000000 -2.1902568445607613107328016031992226225
580 43 1 1 0 0.41000000000000000000000000000000000000 7.7968810102228334235216271341112222430
580 53 2 2 1 0.49300000000000000000000000000000000000 7.0499489129942650421149612276307495214
580 69 1 1 1 0.019000000000000000000000000000000000000 6.0908609798266922049163218638363457095
580 127 0 0 0 0.015000000000000000000000000000000000000 3.6956752062110200263493505323179723385
580 181 1 1 0 0.34200000000000000000000000000000000000 1.9209905108656245453272413409845066126
580 257 1 1 1 0.016000000000000000000000000000000000000 -0.46675988658640132972148237915063890068
580 281 0 0 0 0.015000000000000000000000000000000000000 -0.054918385632915847148668097256839975912
581 22 0 0 0 0.015000000000000000000000000000000000000 10.159912149563130625873142676300607881
581 46 1 1 1 0.017000000000000000000000000000000000000 7.5630394377458561806426304568653171537
581 48 0 0 0 0.069000000000000000000000000000000000000 7.4111838738566676577473848581334586949
581 82 0 0 0 0.017000000000000000000000000000000000000 5.4536595898843802200353619428156406005
581 104 0 0 0 0.016000000000000000000000000000000000000 4.5321066553833480145117093687590662522
581 108 0 0 0 0.021000000000000000000000000000000000000 4.3803117734636614504126592388765852780
581 124 0 0 0 0.067000000000000000000000000000000000000 3.8061124889122889828079664068220547697
581 136 0 0 0 0.075000000000000000000000000000000000000 3.4007194968598948443545005189609451879
581 152 0 0 0 0.078000000000000000000000000000000000000 2.8789800027956895823824355786521366080
581 186 2 2 2 0.028000000000000000000000000000000000000 1.7598038922555247830636766959926616783
581 212 0 0 0 0.072000000000000000000000000000000000000 0.73075227871456661537235408516780164819
581 214 1 1 0 0.30900000000000000000000000000000000000 0.63367134287829529288374406123787077598
581 254 1 1 0 0.26400000000000000000000000000000000000 -0.61336765675593904700629613640463008631
581 262 2 2 2 0.29900000000000000000000000000000000000 -0.32749297180155428688357334548770949020
581 284 0 0 0 0.016000000000000000000000000000000000000 -0.039967676932773745119070489164203969921
581 328 1 1 1 0.021000000000000000000000000000000000000 -0.066671108730852803746987081093466021439
581 362 3 3 3 0.036000000000000000000000000000000000000 -0.27127342307306695608197875929726865087
581 388 1 1 0 0.37900000000000000000000000000000000000 -0.48851207851503868734433459428211717673
581 398 2 2 2 0.032000000000000000000000000000000000000 -0.58453370740442052186275094931836347028
581 422 0 0 0 0.079000000000000000000000000000000000000 -0.84426279346317018263969988348321216629
581 436 1 1 0 0.30800000000000000000000000000000000000 -1.0167879664446086074182076928239951989
581 514 1 1 1 0.020000000000000000000000000000000000000 -2.4518066954603576309341835208399669737
581 526 0 0 0 0.016000000000000000000000000000000000000 -2.8112681986227427866536783266607643781
581 566 1 1 0 0.34000000000000000000000000000000000000 -5.1259461496079680311167995536393142333
582 23 1 1 1 0.023000000000000000000000000000000000000 10.010550745626256119505093380179398792
582 29 0 0 0 0.017000000000000000000000000000000000000 9.1987300446809923680587479761530867245
582 67 0 2 0 0.48400000000000000000000000000000000000 6.2116874403232847490643614458115233215
582 89 1 1 1 0.092000000000000000000000000000000000000 5.1482748931850002632691030014531825661
582 131 0 0 0 0.081000000000000000000000000000000000000 3.5752122079574573128467432731804107061
582 197 0 0 0 0.093000000000000000000000000000000000000 1.3737320188054920244063970807700241230
582 323 0 0 0 0.028000000000000000000000000000000000000 -0.044163164297843009933801423353364111015
582 353 0 0 0 0.084000000000000000000000000000000000000 -0.20339469694116740132479429580397642396
582 419 2 2 1 0.59900000000000000000000000000000000000 -0.80115754096573471806988849452781534579
582 421 1 1 1 0.023000000000000000000000000000000000000 -0.82415653088946019254102215289995886805
582 491 2 2 2 0.038000000000000000000000000000000000000 -1.8911837160600297855187346993314363716
582 523 1 1 0 0.34500000000000000000000000000000000000 -2.6868608025728741546106477070071079635
583 46 0 0 0 0.018000000000000000000000000000000000000 7.5752858469640096760525104256237928893
583 62 0 0 0 0.017000000000000000000000000000000000000 6.5014200987664359353612394310481648719
583 114 0 2 0 0.43100000000000000000000000000000000000 4.1735499527212131298363008482981282787
583 122 0 2 0 0.58500000000000000000000000000000000000 3.8900537657563022577345635461290212127
583 124 1 1 1 0.020000000000000000000000000000000000000 3.8208141388927465229129645912830685232
583 166 0 0 0 0.063000000000000000000000000000000000000 2.4457135420020102862663491108951908802
583 172 1 1 0 0.32800000000000000000000000000000000000 2.2508905956123486144299645697882516928
583 184 2 2 2 0.028000000000000000000000000000000000000 1.8507697476816688765008814904816761972
583 192 1 1 0 0.34200000000000000000000000000000000000 1.5704218005701275091097661934018442114
583 196 2 2 2 0.086000000000000000000000000000000000000 1.4239389803074300317545699266587598460
583 206 1 1 1 0.031000000000000000000000000000000000000 1.0299220932773745669506839999186433773
583 218 1 1 0 0.30300000000000000000000000000000000000 0.46544931343425149312532879566438888356
583 236 0 0 0 0.012000000000000000000000000000000000000 -1.0927900103720883142473905169231746591
583 254 1 1 1 0.017000000000000000000000000000000000000 -0.65861327133701480424795889874543128334
583 284 1 1 0 0.27600000000000000000000000000000000000 -0.045404481981315530132081894073220668667
583 292 0 0 0 0.065000000000000000000000000000000000000 -0.012301296560178704927029733328282702475
583 296 2 2 1 0.49700000000000000000000000000000000000 -0.0040900805437819345785076906894577165801
583 316 2 2 1 0.49000000000000000000000000000000000000 -0.020090184086168424178398311631304537179
583 322 1 1 0 0.30900000000000000000000000000000000000 -0.038571452889579258733350180656411350873
583 366 0 0 0 0.020000000000000000000000000000000000000 -0.29194413969365927490157100964024192016
583 376 2 2 2 0.023000000000000000000000000000000000000 -0.37156196550713560240537881942693157003
583 406 2 2 2 0.10700000000000000000000000000000000000 -0.65181510285693358453268315774633908103
583 428 0 0 0 0.087000000000000000000000000000000000000 -0.89828368128873132303664162324251197561
583 432 0 0 0 0.019000000000000000000000000000000000000 -0.94722141259546885792125413075596696563
583 452 1 1 0 0.28000000000000000000000000000000000000 -1.2138582315897932863078794577912359674
583 464 1 1 1 0.019000000000000000000000000000000000000 -1.3941027784115728176299337870044072770
583 490 1 1 1 0.024000000000000000000000000000000000000 -1.8540370276720335681933588140535683016
583 496 0 0 0 0.080000000000000000000000000000000000000 -1.9776291694583552612781297937868071856
583 538 2 2 2 0.023000000000000000000000000000000000000 -3.1801658549537527083716709587323736940
583 544 0 0 0 0.021000000000000000000000000000000000000 -3.4372963503127038999733745749576731353
584 129 1 1 0 0.37700000000000000000000000000000000000 3.6576241900022852801944105359045553608
584 133 1 1 0 0.51400000000000000000000000000000000000 3.5234311861235979930392793884370229882
584 265 1 1 1 0.024000000000000000000000000000000000000 -0.28803977443640174839924724526072057241
584 285 1 1 1 0.023000000000000000000000000000000000000 -0.042503255817171146564878830581299110217
584 381 2 2 2 0.026000000000000000000000000000000000000 -0.40835176727652211708092674672961741799
584 385 1 1 1 0.029000000000000000000000000000000000000 -0.44328428870127373781950381518945854570
584 417 2 2 1 0.45100000000000000000000000000000000000 -0.76245877585280087961588279040291986935
584 469 1 1 0 0.36800000000000000000000000000000000000 -1.4613559654037377927618874069735793142
584 473 1 1 0 0.53700000000000000000000000000000000000 -1.5275893794029873291950583704572595936
584 493 0 0 0 0.017000000000000000000000000000000000000 -1.8975445626822368774364544665622922328
584 497 1 1 1 0.019000000000000000000000000000000000000 -1.9808001736432191771489402498584021840
584 515 0 0 0 0.060000000000000000000000000000000000000 -2.4074081275542724828312613795414295201
584 551 0 0 0 0.017000000000000000000000000000000000000 -3.7391655879647704058687729096833122200
586 77 0 0 0 0.019000000000000000000000000000000000000 5.7221771146088257228446758442713932373
586 93 0 0 0 0.015000000000000000000000000000000000000 5.0052246708646891566112251161697517554
586 117 1 1 0 0.26100000000000000000000000000000000000 4.0872801371067005252787365365193865545
586 187 1 1 1 0.017000000000000000000000000000000000000 1.7805135097466577551177328624589654125
586 217 0 0 0 0.013000000000000000000000000000000000000 0.57585711828504730696815252657659433695
586 247 0 2 0 0.37200000000000000000000000000000000000 -1.4687519805572822275535141034237084743
586 287 1 1 0 0.40600000000000000000000000000000000000 -0.037080361372749688193425566665454373486
586 355 2 2 1 0.60800000000000000000000000000000000000 -0.20057504631960929014884699271926331676
586 369 0 0 0 0.072000000000000000000000000000000000000 -0.30043860055398785289410417191422656579
586 391 0 0 0 0.015000000000000000000000000000000000000 -0.48540398191757238849677818359280098580
586 437 0 0 0 0.023000000000000000000000000000000000000 -0.98182566953434798769224489331804437447
586 493 1 1 0 0.28900000000000000000000000000000000000 -1.8635621495600316859923792785062638708
586 551 0 2 0 0.52600000000000000000000000000000000000 -3.6401875749914992745652871615246040805
587 70 1 1 1 0.020000000000000000000000000000000000000 6.0820459469390469869571464259512185754
587 154 1 1 1 0.021000000000000000000000000000000000000 2.8652433988787013304411233883638025843
587 264 1 1 0 0.40000000000000000000000000000000000000 -0.34580163925122333979910201393647061907
587 286 0 0 0 0.014000000000000000000000000000000000000 -0.045109468088692735785524911527141419056
587 322 1 1 0 0.25900000000000000000000000000000000000 -0.031226236825144950386667655186486391949
587 348 1 1 0 0.29200000000000000000000000000000000000 -0.15281134437579925247368121450701838509
587 414 0 0 0 0.072000000000000000000000000000000000000 -0.70655213235110187262183026911087256175
587 498 1 1 0 0.33200000000000000000000000000000000000 -1.9482151195094971879678513858548554021
588 61 1 1 0 0.36000000000000000000000000000000000000 6.5915891996995123246157784697473420622
588 107 1 1 0 0.29400000000000000000000000000000000000 4.4661241143100453593922463498868007601
588 115 0 0 0 0.016000000000000000000000000000000000000 4.1727505693504384685150676878140751897
588 193 1 1 0 0.34200000000000000000000000000000000000 1.5934573116247441319500709858971423572
588 211 0 0 0 0.075000000000000000000000000000000000000 0.89184313934030425063394812392086137502
588 283 0 2 0 0.29200000000000000000000000000000000000 -0.067952649137175495885740969745214132632
588 401 0 0 0 0.080000000000000000000000000000000000000 -0.56699500270899757743521211193710528001
588 457 0 0 0 0.11100000000000000000000000000000000000 -1.2298914678211730388694665231929207379
589 28 2 2 1 0.46300000000000000000000000000000000000 9.3637543450937098947157468535483365580
589 74 1 1 0 0.36100000000000000000000000000000000000 5.8891262094991268870989589661018201458
589 78 0 0 0 0.019000000000000000000000000000000000000 5.6930384460602796927555594385704683126
589 92 0 0 0 0.015000000000000000000000000000000000000 5.0667210346646051858396220568885278891
589 108 1 1 0 0.46400000000000000000000000000000000000 4.4355312878573932028695561252284274540
589 166 0 0 0 0.018000000000000000000000000000000000000 2.5002704982270528692268626624440917321
589 176 0 0 0 0.020000000000000000000000000000000000000 2.1785545235208221245434118238764520248
589 182 0 0 0 0.017000000000000000000000000000000000000 1.9813484939833797323001979660571555435
589 188 1 1 1 0.023000000000000000000000000000000000000 1.7790525571611466597012283057012646230
589 202 0 0 0 0.019000000000000000000000000000000000000 1.2740827528986387641051059554776140279
589 212 1 1 1 0.021000000000000000000000000000000000000 0.86361563474391481590165414790398471748
589 214 1 1 0 0.29500000000000000000000000000000000000 0.77340268998416076640109909392986030696
589 262 1 1 0 0.34200000000000000000000000000000000000 -0.43182103790135643309245221029111577456
589 308 0 0 0 0.015000000000000000000000000000000000000 -0.0010500873207426450136042282856044829339
589 316 3 3 3 0.20200000000000000000000000000000000000 -0.012382993808555735200084783060351439264
589 358 0 0 0 0.069000000000000000000000000000000000000 -0.20839535169068003458082329778327439754
589 384 1 1 1 0.020000000000000000000000000000000000000 -0.40612095558629926679046774526476058691
589 398 1 1 0 0.40500000000000000000000000000000000000 -0.53176710997269188576833454600101477354
589 414 1 1 1 0.021000000000000000000000000000000000000 -0.69160386203158287778997311132348910221
589 428 0 0 0 0.080000000000000000000000000000000000000 -0.84645595760591063723632221008600510935
589 436 0 0 0 0.016000000000000000000000000000000000000 -0.94175399849172584116732325706092886707
589 448 2 2 2 0.036000000000000000000000000000000000000 -1.0949548894603826867638339002350870505
589 478 0 0 0 0.091000000000000000000000000000000000000 -1.5435267030272647743028149609527964763
589 538 1 1 0 0.43900000000000000000000000000000000000 -2.9727875525136267370388027418696154826
589 542 1 1 1 0.032000000000000000000000000000000000000 -3.1202581246005090259648171453218635052
589 568 1 1 1 0.088000000000000000000000000000000000000 -4.5567899975926182523952383809668362673
590 37 0 2 0 0.45800000000000000000000000000000000000 8.3895091780572870141382871312017110503
590 77 1 1 1 0.025000000000000000000000000000000000000 5.7475718913367748821670060415403614160
590 79 1 1 0 0.47300000000000000000000000000000000000 5.6517100096984207602652333603290480354
590 103 1 1 0 0.33200000000000000000000000000000000000 4.6318093807701077833125616693340121423
590 173 1 1 0 0.38600000000000000000000000000000000000 2.2852416812670984050431268511552446088
590 261 0 0 0 0.013000000000000000000000000000000000000 -0.48251713403223081896298099987467129523
590 303 0 0 0 0.057000000000000000000000000000000000000 -0.00066456103339872757120506722976461031627
590 337 2 2 1 0.44000000000000000000000000000000000000 -0.084415295960215085925337532133283138601
590 373 0 0 0 0.14200000000000000000000000000000000000 -0.31176552001867381939481259713904405394
590 389 1 1 0 0.34700000000000000000000000000000000000 -0.44367520467337813848857461652939641009
590 467 0 2 0 0.50900000000000000000000000000000000000 -1.3545006680299980043367255521408645269
591 74 1 1 1 0.028000000000000000000000000000000000000 5.9017023003307491478574995278471937539
591 122 1 1 1 0.021000000000000000000000000000000000000 3.9476872761884117014621392943185593847
591 154 1 1 0 0.34300000000000000000000000000000000000 2.8985242210715539054787577201303032531
591 188 1 1 0 0.32200000000000000000000000000000000000 1.8008024342905047631870093343456765268
591 332 0 0 0 0.018000000000000000000000000000000000000 -0.059734217923345000060793403385814597913
591 514 2 2 2 0.024000000000000000000000000000000000000 -2.2279953305328579802994620998046746634
592 175 1 1 1 0.018000000000000000000000000000000000000 2.2397907290549682399028059249836402737
592 207 1 1 1 0.020000000000000000000000000000000000000 1.1186924630536926190274041307805517899
592 301 0 0 0 0.019000000000000000000000000000000000000 -0.0034945480732160046132701308870450367887
592 371 1 1 0 0.35200000000000000000000000000000000000 -0.28708945745193670972641193956629584466
592 451 0 0 0 0.091000000000000000000000000000000000000 -1.1044935156300298584644368549707158575
592 535 1 1 0 0.44300000000000000000000000000000000000 -2.7804861949339289936801301021655656466
592 539 3 3 3 0.033000000000000000000000000000000000000 -2.9123851971642774644139785024422188514
592 581 0 0 0 0.021000000000000000000000000000000000000 -5.7035342117563926769319708805128842644
593 156 0 2 0 0.53600000000000000000000000000000000000 2.8517880694383001079000866902922864893
593 170 1 1 0 0.32900000000000000000000000000000000000 2.4090810021460230703923321570778020101
593 308 1 1 1 0.085000000000000000000000000000000000000 -0.00011846139602847399988068015328448894460
593 364 1 1 0 0.37700000000000000000000000000000000000 -0.23248145304461293811005448878099684004
593 406 0 0 0 0.088000000000000000000000000000000000000 -0.58238769267680854317174052035337343893
593 430 1 1 0 0.39900000000000000000000000000000000000 -0.83604963489269479181556609720611029948
593 434 0 0 0 0.079000000000000000000000000000000000000 -0.88244379115720723260428414044713205622
593 450 1 1 1 0.027000000000000000000000000000000000000 -1.0812190106289257755055759051202271068
593 506 0 0 0 0.022000000000000000000000000000000000000 -2.0090861651672357601994076161291257861
594 139 1 1 0 0.37400000000000000000000000000000000000 3.4021144474906451418359614661033553328
594 271 1 1 0 0.27500000000000000000000000000000000000 -0.25718646375473327633308895090322320006
594 461 0 0 0 0.020000000000000000000000000000000000000 -1.2205052910964880917602607267023696964
595 296 1 1 1 0.022000000000000000000000000000000000000 -0.018216852127827315405550888221365096402
596 55 0 2 0 0.40000000000000000000000000000000000000 7.0146027522007081241606826445532266778
596 183 1 1 0 0.25300000000000000000000000000000000000 2.0194624373155626816843344637437411343
596 185 1 1 0 0.32800000000000000000000000000000000000 1.9538035511544686667632735701656782219
596 203 0 2 0 0.49400000000000000000000000000000000000 1.3268608682368414393054326562640112498
596 273 2 2 2 0.028000000000000000000000000000000000000 -0.23623079689913976076182409184177928630
596 309 0 2 0 0.36500000000000000000000000000000000000 -2.5911294677262654214174091079616080831 E-5
596 335 1 1 0 0.38800000000000000000000000000000000000 -0.060517944648519426567993811718047136182
596 393 0 2 0 0.43000000000000000000000000000000000000 -0.44405837794523633913992823318530281400
596 405 0 2 0 0.50400000000000000000000000000000000000 -0.55312112860870140032433568403148050941
596 511 2 2 2 0.48300000000000000000000000000000000000 -2.0613815753537788001502196498165231838
596 517 1 1 0 0.40900000000000000000000000000000000000 -2.1963223906884493806808451020550212519
596 531 1 1 1 0.084000000000000000000000000000000000000 -2.5537271442776225653904172018920970889
596 581 1 1 0 0.33500000000000000000000000000000000000 -5.1707833397666136770938196511765748666
597 14 0 0 0 0.061000000000000000000000000000000000000 11.830824338032412435418006471596832054
597 184 2 2 2 0.024000000000000000000000000000000000000 1.9968123523744303439738524800157187585
597 278 1 1 0 0.25400000000000000000000000000000000000 -0.16353161634259070445747938774510262333
597 376 0 2 0 0.37500000000000000000000000000000000000 -0.30098957252969029113828037193257620048
597 382 1 1 0 0.33600000000000000000000000000000000000 -0.34727736767457524518789209813107613755
597 502 2 2 1 0.45500000000000000000000000000000000000 -1.8585887250117088134727340787429754311
598 11 1 1 1 0.079000000000000000000000000000000000000 12.675995028065951596458797653372482087
598 29 1 1 1 0.021000000000000000000000000000000000000 9.2938765474936973831805647637149321842
598 59 1 1 1 0.021000000000000000000000000000000000000 6.7734957976859958621086645960271895512
598 71 1 1 0 0.43500000000000000000000000000000000000 6.0981898687104025508078330908292733993
598 73 2 2 2 0.026000000000000000000000000000000000000 5.9956803132008606530315874590401627052
598 81 2 2 2 0.022000000000000000000000000000000000000 5.6084689594467695900386554306133823616
598 133 1 1 0 0.32700000000000000000000000000000000000 3.6277328542597942737359151277350914242
598 181 1 1 0 0.46100000000000000000000000000000000000 2.1042366400901707031293756201965410706
598 191 0 0 0 0.10900000000000000000000000000000000000 1.7747555575502512337112282210963501135
598 199 0 0 0 0.018000000000000000000000000000000000000 1.4975004376124011132992275427844567864
598 269 0 2 0 0.47600000000000000000000000000000000000 -0.34442408449576508432205159197338855620
598 277 0 0 0 0.020000000000000000000000000000000000000 -0.18462143656036295635002345154999795909
598 295 1 1 0 0.44700000000000000000000000000000000000 -0.027420265379376514260885715004989930449
598 301 1 1 1 0.028000000000000000000000000000000000000 -0.0087626417778632831974578950420080523096
598 311 0 0 0 0.020000000000000000000000000000000000000 -0.00022597175004572799573083230406378253452
598 359 1 1 1 0.095000000000000000000000000000000000000 -0.17983969744177560319020474384565185069
598 361 1 1 0 0.40600000000000000000000000000000000000 -0.19242508793459071179215131955220364620
598 371 2 2 2 0.059000000000000000000000000000000000000 -0.25986830872641154006473214690820838913
598 381 1 1 0 0.45500000000000000000000000000000000000 -0.33440691980035002544402847317249091117
598 409 1 1 0 0.38400000000000000000000000000000000000 -0.57830815332801209890562960754328871067
598 479 0 0 0 0.076000000000000000000000000000000000000 -1.4416933576135756815030193858387514280
598 503 0 0 0 0.015000000000000000000000000000000000000 -1.8616945771410599960771129590238627630
598 521 1 1 0 0.33600000000000000000000000000000000000 -2.2496412445338204962634385856480693370
599 182 0 2 0 0.45300000000000000000000000000000000000 2.0817375712172733260883731088108431382
599 186 0 0 0 0.072000000000000000000000000000000000000 1.9515466407679923111033937598146206280
599 294 1 1 0 0.32600000000000000000000000000000000000 -0.034018830408434509278931478968777412160
599 390 1 1 0 0.42700000000000000000000000000000000000 -0.40178432301201843115400146599693326968
599 402 1 1 0 0.31900000000000000000000000000000000000 -0.50641093180137110760650567426891191290
599 476 0 0 0 0.069000000000000000000000000000000000000 -1.3828827771013161474885379310432774230
599 560 0 0 0 0.014000000000000000000000000000000000000 -3.4858191471155049528613220366620264890
600 49 1 1 0 0.42900000000000000000000000000000000000 7.4524641917390211480485852229949592593
600 299 1 1 1 0.28700000000000000000000000000000000000 -0.016595627730620228955057486131196103743
601 414 0 0 0 0.068000000000000000000000000000000000000 -0.60682500669046787636147093033342263053
602 113 1 1 1 0.018000000000000000000000000000000000000 4.3407864662264433466517265410803154798
602 199 0 0 0 0.011000000000000000000000000000000000000 1.5444425324004583624176379059412670300
603 508 0 2 0 0.49500000000000000000000000000000000000 -1.8771428257234598282251205845007106635
604 201 0 0 0 0.059000000000000000000000000000000000000 1.4973822456468079359406366639183920694
606 109 1 1 0 0.39800000000000000000000000000000000000 4.5127913395930970166427837530080707131
607 266 1 1 0 0.32000000000000000000000000000000000000 -0.58409185103582009614328108227065846972
609 172 0 0 0 0.019000000000000000000000000000000000000 2.4890582194944381925938797212177562913
610 127 0 0 0 0.076000000000000000000000000000000000000 3.9116866164789281487560838673021278890
611 292 1 1 1 0.16100000000000000000000000000000000000 -0.083879422695789343508040049881265950617
611 404 1 1 1 0.030000000000000000000000000000000000000 -0.45350476356621380160039823573312579948
611 446 1 1 0 0.46000000000000000000000000000000000000 -0.86910418006019691951757589318593500451
614 145 1 1 0 0.31400000000000000000000000000000000000 3.3607860426007000600487509249555406584
614 583 2 2 1 0.35500000000000000000000000000000000000 -3.9398608824558654895302281112794100747
616 239 1 1 1 0.021000000000000000000000000000000000000 -0.043650644416948247358673083855514009390
620 461 1 1 0 0.27300000000000000000000000000000000000 -0.96578464096484422071522334302836629852
622 301 0 0 0 0.065000000000000000000000000000000000000 -0.057076298615221471528887456383215551070
622 413 1 1 1 0.019000000000000000000000000000000000000 -0.46809931187359692801678473292789053498
622 511 1 1 0 0.38400000000000000000000000000000000000 -1.6453135511148646379757454696344698886
622 533 1 1 1 0.049000000000000000000000000000000000000 -2.0553141551098572835072450648912292811
622 589 2 2 2 0.031000000000000000000000000000000000000 -3.8515780378590994341027075220634026976
623 34 0 2 0 0.60800000000000000000000000000000000000 8.8791168308421793443953227288418118592
623 44 0 0 0 0.018000000000000000000000000000000000000 7.9691062384112292435595027999321941582
623 92 0 0 0 0.085000000000000000000000000000000000000 5.2818511311598033091057237815367619722
623 194 1 1 0 0.29400000000000000000000000000000000000 1.9342512108833380056122090022710788438
623 458 2 2 2 0.12700000000000000000000000000000000000 -0.90546446528097636992169088562709438350
623 482 1 1 0 0.30700000000000000000000000000000000000 -1.2003333569611536526248906088466236041
623 554 1 1 0 0.34600000000000000000000000000000000000 -2.5255959327457443396108799151073904223
626 115 0 0 0 0.023000000000000000000000000000000000000 4.4279682421709916261512896978827607538
626 133 1 1 0 0.32200000000000000000000000000000000000 3.8254962713389845769899547616589197522
628 341 0 0 0 0.080000000000000000000000000000000000000 -0.021609933600700283784127203748720074800
628 527 1 1 0 0.41200000000000000000000000000000000000 -1.8388741387944482617404101619586433340
629 38 0 0 0 0.019000000000000000000000000000000000000 8.5212440580638933628575899621235993538
629 376 2 2 2 0.027000000000000000000000000000000000000 -0.17041831642469189195344254545883102315
629 398 3 3 3 0.034000000000000000000000000000000000000 -0.31425377439005356082308004339677356953
631 308 1 1 0 0.28200000000000000000000000000000000000 -0.042179157171665855777664290547098991188
632 391 1 1 0 0.31900000000000000000000000000000000000 -0.25255132409243270198000110071807087838
632 481 0 0 0 0.017000000000000000000000000000000000000 -1.0986033368639166354682058223161272004
633 346 0 0 0 0.084000000000000000000000000000000000000 -0.027683668853015872974120708226617566875
633 514 0 0 0 0.084000000000000000000000000000000000000 -1.5481076609247132880569158756451045427
634 403 2 2 2 0.033000000000000000000000000000000000000 -0.32754896348250812850889160068700379309
637 76 1 1 1 0.026000000000000000000000000000000000000 6.0802278633833944828184270680834441306
638 83 0 0 0 0.018000000000000000000000000000000000000 5.7594360987215803057521232066957347719
638 223 1 3 1 0.46900000000000000000000000000000000000 1.1218342999613303133775832525161722054
638 239 1 1 0 0.30900000000000000000000000000000000000 0.44398736084229995675273931649883889190
638 421 0 2 0 0.51200000000000000000000000000000000000 -0.44654186092595461120184885399265594194
638 461 0 0 0 0.015000000000000000000000000000000000000 -0.81879333093895330650158947230299943453
642 271 1 1 1 0.020000000000000000000000000000000000000 -1.4038201938451856163283440093038905542
643 498 1 1 0 0.30500000000000000000000000000000000000 -1.2071385783693729035385849666108043190
644 59 1 1 0 0.39000000000000000000000000000000000000 7.0406913510902880733019734344326168794
644 127 1 1 1 0.024000000000000000000000000000000000000 4.1385487096542367151227039808785282777
646 397 0 2 0 0.47600000000000000000000000000000000000 -0.23543958191084688441308877377587314211
646 509 0 0 0 0.018000000000000000000000000000000000000 -1.3223928026923812968225711693137018232
647 438 0 2 0 0.54000000000000000000000000000000000000 -0.53873293569128769869058978475092950131
647 574 1 1 0 0.30000000000000000000000000000000000000 -2.4917098556255411651304252912764735394
649 250 0 0 0 0.015000000000000000000000000000000000000 0.070507319038659256915458015242771570818
649 268 1 1 0 0.31900000000000000000000000000000000000 -2.9075349736744729407279879816283751306
649 362 0 0 0 0.088000000000000000000000000000000000000 -0.050361026418058060605289873084554513465
652 209 0 2 0 0.46200000000000000000000000000000000000 1.7514095804399153195786545068604945612
652 323 1 1 0 0.34200000000000000000000000000000000000 -0.022535207829844957556541029690837485567
652 393 1 1 1 0.10200000000000000000000000000000000000 -0.18893888051221651833378976132931876100
653 198 1 1 1 0.073000000000000000000000000000000000000 2.0938002892947208376891870018587364849
654 59 0 0 0 0.077000000000000000000000000000000000000 7.0960653383621774243985284830129723505
655 66 1 1 1 0.027000000000000000000000000000000000000 6.6972317363144395529436050381194840706
655 248 0 2 0 0.49200000000000000000000000000000000000 0.31183494390547168138269767790631370081
657 316 1 1 0 0.40100000000000000000000000000000000000 -0.069354854451209179357874246943189008041
658 31 1 1 1 0.022000000000000000000000000000000000000 9.3952927016671117436923306843186185193
658 79 0 2 0 0.56400000000000000000000000000000000000 6.0570739649976056810885144750594328395
658 211 1 1 0 0.31000000000000000000000000000000000000 1.7490468541626592707331925619889958001
658 241 1 1 0 0.35300000000000000000000000000000000000 0.69253863115165290955939584717708915516
658 311 1 1 0 0.31300000000000000000000000000000000000 -0.11344152271997760919819480232793625627
659 560 0 0 0 0.017000000000000000000000000000000000000 -1.9652754450581484156165990532621001890
661 340 1 1 0 0.33900000000000000000000000000000000000 -0.00042379643505211522191922433001955158662
661 406 0 2 0 0.42900000000000000000000000000000000000 -0.23408703554711201756963170288567804331
662 259 0 0 0 0.072000000000000000000000000000000000000 -0.18968612297759998957620829617824863108
662 339 1 1 1 0.026000000000000000000000000000000000000 -0.0012441886486805274129206045975770728236
662 497 0 0 0 0.018000000000000000000000000000000000000 -1.0192324107782040437321007597635936282
664 323 2 2 2 0.020000000000000000000000000000000000000 -0.047768089947467693267974170433594479519
664 469 0 0 0 0.079000000000000000000000000000000000000 -0.71311467371624546851376095341670151515
666 379 0 2 0 0.32900000000000000000000000000000000000 -0.078581308462424943841272895612859409936
667 124 0 0 0 0.015000000000000000000000000000000000000 4.3798623313482552517370109837888960047
667 188 0 0 0 0.016000000000000000000000000000000000000 2.4997922112084860368340638335663044291
667 254 0 0 0 0.014000000000000000000000000000000000000 0.23562282031777089458983897571575143529
667 334 1 1 1 0.019000000000000000000000000000000000000 -0.012470254987206127311862091239052035586
668 339 0 0 0 0.067000000000000000000000000000000000000 -0.0042920720506698773212743126755818256853
668 377 1 1 0 0.30100000000000000000000000000000000000 -0.066232172534815282579907467279552901669
669 266 0 0 0 0.016000000000000000000000000000000000000 -0.53207971039688418332107440796551733745
670 61 0 0 0 0.076000000000000000000000000000000000000 7.0631323695897437046655956798962482147
670 233 0 0 0 0.016000000000000000000000000000000000000 1.1635017015652704080821172395140113441
670 331 2 2 1 0.48400000000000000000000000000000000000 -0.025674190713108626307037771460103686671
671 118 1 1 0 0.37300000000000000000000000000000000000 4.6027765077380085863236237290798084907
671 202 0 0 0 0.092000000000000000000000000000000000000 2.1356974704783448682354431619365996858
671 272 0 0 0 0.026000000000000000000000000000000000000 -1.1515557673579917863810942317328433628
672 331 0 0 0 0.021000000000000000000000000000000000000 -0.029319546360387169684639093964321077797
673 266 1 1 0 0.22600000000000000000000000000000000000 -0.39417828014419678093418964702853012874
674 177 1 1 0 0.30100000000000000000000000000000000000 2.8603656617173985487950462432136329770
674 333 0 0 0 0.014000000000000000000000000000000000000 -0.025589886180574926887954509863278859026
676 543 1 1 0 0.28900000000000000000000000000000000000 -1.4629941404295227802445431613544184546
677 590 1 1 0 0.46000000000000000000000000000000000000 -2.2532760108626690314593133992164930662
677 658 1 1 0 0.31000000000000000000000000000000000000 -4.9790231041590041657163417522148050755
678 127 0 0 0 0.019000000000000000000000000000000000000 4.3492726814649916327647573569564780865
679 52 0 0 0 0.092000000000000000000000000000000000000 7.6815075627733722900970970081994429265
679 88 1 1 0 0.35600000000000000000000000000000000000 5.7735538098373189773473853630748439437
679 124 0 0 0 0.023000000000000000000000000000000000000 4.4518149911542264823597274938383395414
679 302 1 1 0 0.29900000000000000000000000000000000000 -0.43279806474524802797163235403301349332
679 344 0 0 0 0.020000000000000000000000000000000000000 -0.0050784103667008361304530263231763295637
679 494 2 2 2 0.17300000000000000000000000000000000000 -0.85250982197275383724502685633889259444
679 608 1 1 1 0.023000000000000000000000000000000000000 -2.6304500437862906435715848256225584625
682 53 0 0 0 0.037000000000000000000000000000000000000 7.6293997204090649793457766200417079461
682 59 1 1 1 0.055000000000000000000000000000000000000 7.2464337906445471347918544190635712799
682 383 1 1 1 0.032000000000000000000000000000000000000 -0.059305629014350267513628547047550826890
682 487 1 1 0 0.26000000000000000000000000000000000000 -0.76268704459788454969422244155023690499
682 529 1 1 0 0.36700000000000000000000000000000000000 -1.2168658178837788039828229560197788598
682 553 0 0 0 0.019000000000000000000000000000000000000 -1.5366501667616642882872763776176802022
683 318 1 1 0 0.26100000000000000000000000000000000000 -0.16409538562259391199059962758436237694
683 598 1 1 1 0.047000000000000000000000000000000000000 -2.3121869467986596758031824955845493873
684 233 1 1 0 0.37000000000000000000000000000000000000 1.3259858436877586388097468639670173294
686 249 0 2 0 0.46900000000000000000000000000000000000 0.78296694267965432326826565669209736221
689 172 0 2 0 0.44800000000000000000000000000000000000 3.1042688398115301549075273101467578526
689 206 1 1 0 0.29000000000000000000000000000000000000 2.1752480721065676355372901278510871605
689 304 1 1 0 0.34200000000000000000000000000000000000 -0.50859392537617768826097368418279459192
689 508 1 1 0 0.28100000000000000000000000000000000000 -0.92070210076037293931484357641597065752
689 584 0 0 0 0.091000000000000000000000000000000000000 -1.9387563386669944519213424137519147933
691 520 2 2 1 0.48300000000000000000000000000000000000 -1.0326584054805543424721071958820126522
692 209 2 2 2 0.045000000000000000000000000000000000000 2.1168236130225431974562184670555845770
692 309 0 2 0 0.40100000000000000000000000000000000000 -0.39974378836886489021559878338406595987
692 323 0 2 0 0.43300000000000000000000000000000000000 -0.15469323939846650066810642749331036482
694 209 1 1 0 0.32800000000000000000000000000000000000 2.1335897805290384729990918392727984851
694 437 0 0 0 0.017000000000000000000000000000000000000 -0.30039452692682283187689455212560765391
697 202 1 3 1 0.56900000000000000000000000000000000000 2.3498432857232984377633906846089190794
697 304 2 2 2 0.022000000000000000000000000000000000000 -0.64377929174099445416966043205416342889
697 326 1 1 0 0.44400000000000000000000000000000000000 -0.14732549845687140623163215984844298689
697 568 1 1 1 0.021000000000000000000000000000000000000 -1.5773037000725729375478792533667405104
698 215 1 1 0 0.30600000000000000000000000000000000000 2.0004223505027033728174033009811186606
698 217 1 1 0 0.28500000000000000000000000000000000000 1.9442566095807243376965404016030905160
698 511 1 1 0 0.32400000000000000000000000000000000000 -0.88397706874554238419455541621610180756
698 565 1 1 0 0.36500000000000000000000000000000000000 -1.5229133340855334677288559378860976305
703 248 1 1 0 0.38100000000000000000000000000000000000 1.0438649978334164046818342281339554620
703 364 1 1 0 0.38100000000000000000000000000000000000 -7.9304690189752283765875405886217407614 E-7
703 382 0 2 0 0.48700000000000000000000000000000000000 -0.022237748691223191201437081418343772470
703 486 0 0 0 0.073000000000000000000000000000000000000 -0.62140661389713060389540290278645497796
703 584 1 1 1 0.024000000000000000000000000000000000000 -1.7437270480419943561661999729403001684
703 606 1 1 1 0.029000000000000000000000000000000000000 -2.1223731970732283504147445284696468999
706 111 2 2 2 0.33700000000000000000000000000000000000 5.0414322722056446936092943581203649626
706 155 0 2 0 0.51400000000000000000000000000000000000 3.6841690617523452434083433241445018422
706 253 0 0 0 0.017000000000000000000000000000000000000 0.90435950618895706755427764336140087982
706 497 1 1 0 0.46400000000000000000000000000000000000 -0.69832592020717755901094612682431276403
707 74 1 1 0 0.36200000000000000000000000000000000000 6.5592998956673268218223555146532420851
707 92 1 1 0 0.35900000000000000000000000000000000000 5.7584829102508760698059430202500484476
707 96 0 0 0 0.016000000000000000000000000000000000000 5.5992385462873350136890606602976015854
707 272 0 0 0 0.097000000000000000000000000000000000000 0.089533662691176501303326804557951706301
707 316 2 2 2 0.023000000000000000000000000000000000000 -0.39211639053064773855191268251278458602
708 41 1 1 0 0.48600000000000000000000000000000000000 8.6703945208616095001921446258610986844
710 259 1 1 1 0.021000000000000000000000000000000000000 0.73349282052246065709057746270593599924
710 577 1 1 0 0.29900000000000000000000000000000000000 -1.5547774080032725287635971223198755554
711 122 1 1 0 0.36400000000000000000000000000000000000 4.7001178248496991766811938304719092614
712 275 1 1 1 0.021000000000000000000000000000000000000 0.029283667072864197672133845206638789523
712 427 1 1 0 0.47900000000000000000000000000000000000 -0.17755827228350188314838331377641073776
712 535 0 0 0 0.017000000000000000000000000000000000000 -1.0241252554868450815261947127683037057
713 28 2 2 2 0.15400000000000000000000000000000000000 10.032578395192216800797721013870399211
713 86 1 1 1 0.027000000000000000000000000000000000000 6.0400158294847602680847149154009684053
713 218 1 1 1 0.030000000000000000000000000000000000000 2.0446923061712528153893983414688514184
713 244 1 1 0 0.41700000000000000000000000000000000000 1.2907455027936127296087353470460548155
713 262 1 1 1 0.026000000000000000000000000000000000000 0.65859286632787013046500299515879314557
713 302 0 0 0 0.13700000000000000000000000000000000000 -1.2712253524700165119592277803688042319
713 314 1 1 0 0.31900000000000000000000000000000000000 -0.52823286339557423632901944576713288294
713 344 1 1 1 0.030000000000000000000000000000000000000 -0.062936484766071164351342895287599036359
713 446 1 1 0 0.39300000000000000000000000000000000000 -0.28197933147388265443236316390562023197
713 526 1 1 0 0.38100000000000000000000000000000000000 -0.92375039191811555032140376528125504906
713 608 1 1 0 0.51800000000000000000000000000000000000 -2.0021240632949961293339669981409128276
713 636 1 1 0 0.34900000000000000000000000000000000000 -2.5716450133250905902989102956580917029
714 103 0 0 0 0.018000000000000000000000000000000000000 5.3708183800330212896823135964620033510
716 253 0 2 0 0.40900000000000000000000000000000000000 1.0297461431495865762315466738534094165
716 329 1 1 1 0.021000000000000000000000000000000000000 -0.22070642095686096171293440382027018749
716 417 1 1 0 0.37000000000000000000000000000000000000 -0.11793140207810279917292772050750507744
716 485 0 0 0 0.083000000000000000000000000000000000000 -0.54099190643589719147740002330583535867
716 551 1 1 0 0.41000000000000000000000000000000000000 -1.1664363751940849823044893097300459697
717 88 2 2 2 0.026000000000000000000000000000000000000 5.9757402111943212851398029789478366210
717 262 1 1 0 0.26400000000000000000000000000000000000 0.71626748428586634303763230425127252402
717 328 1 1 0 0.34400000000000000000000000000000000000 -0.24286187246545224491219332447649086831
717 556 0 0 0 0.077000000000000000000000000000000000000 -1.2151379936882753455527385995590850205
718 395 1 1 0 0.39200000000000000000000000000000000000 -0.034244611152071251113308401309641692230
718 403 0 2 0 0.46000000000000000000000000000000000000 -0.058573149183148187830159959159093790324
718 517 1 1 1 0.10700000000000000000000000000000000000 -0.80198490672003862506496521133849345149
719 238 1 1 1 0.073000000000000000000000000000000000000 1.5349185935382358258985865344682137699
721 58 1 1 1 0.020000000000000000000000000000000000000 7.5063007484646847304695987015251863268
721 358 0 0 0 0.015000000000000000000000000000000000000 -0.020115339629264819984454709441393700415
721 544 1 1 0 0.35600000000000000000000000000000000000 -1.0476950740218940310293443654450859014
721 628 1 1 0 0.32100000000000000000000000000000000000 -2.2464328149276437045317508884687873192
722 267 1 1 1 0.16000000000000000000000000000000000000 0.59066612076828806797371617535085045569
723 404 0 0 0 0.019000000000000000000000000000000000000 -0.052659699945611033518179156577051758365
724 423 2 2 2 0.034000000000000000000000000000000000000 -0.12386839088066240143924351252358759408
725 164 1 1 1 0.024000000000000000000000000000000000000 3.5533080717540908068456126850969732312
727 494 1 3 1 0.67000000000000000000000000000000000000 -0.55297766601805288281263852684580100814
727 616 1 1 0 0.32900000000000000000000000000000000000 -1.9352655488731735628160034023587060118
728 277 0 0 0 0.085000000000000000000000000000000000000 0.24683317488584631069510920129331229863
730 523 0 0 0 0.017000000000000000000000000000000000000 -0.77809985938638610455053862626243586640
731 28 1 1 1 0.023000000000000000000000000000000000000 10.119725981433184801780064521662239676
731 94 0 0 0 0.017000000000000000000000000000000000000 5.8027377481621999648517178668230735572
731 276 0 0 0 0.020000000000000000000000000000000000000 0.34768678594100625277614354736786407403
731 314 1 1 1 0.22200000000000000000000000000000000000 -0.89557914727730359946039370219960746761
731 478 1 1 0 0.39500000000000000000000000000000000000 -0.41591635991675452421395857589345635750
732 137 1 1 1 0.044000000000000000000000000000000000000 4.3526782506844812679251704545008081062
732 409 0 0 0 0.070000000000000000000000000000000000000 -0.052567846694257341495890239554787546423
733 532 0 0 0 0.12900000000000000000000000000000000000 -0.84052037640918844808151746280634211805
734 253 1 1 1 0.020000000000000000000000000000000000000 1.2346541583887108186636202434397821279
734 371 1 1 0 0.39300000000000000000000000000000000000 -0.0062753695822045059637241381348736479021
736 187 1 1 1 0.017000000000000000000000000000000000000 3.0205874972288826290450204739778226602
736 209 1 1 1 0.018000000000000000000000000000000000000 2.4601470787718583872048446859790278068
736 309 0 0 0 0.13100000000000000000000000000000000000 -1.6787998754634607449587697714174205140
736 505 0 0 0 0.086000000000000000000000000000000000000 -0.59099678345362486116652100467152720439
736 551 1 1 1 0.023000000000000000000000000000000000000 -1.0033905644511037823503057809940514005
737 58 0 0 0 0.014000000000000000000000000000000000000 7.5845467961803760933543664757088349898
737 278 1 1 1 0.018000000000000000000000000000000000000 0.35969168231350086397074852794816580654
737 422 0 0 0 0.018000000000000000000000000000000000000 -0.088376210194499116556185459561375869216
737 436 0 0 0 0.015000000000000000000000000000000000000 -0.14843435741251037734454243740101000642
737 574 3 3 3 0.024000000000000000000000000000000000000 -1.2436110442339506802592986800013617626
737 604 1 1 0 0.36200000000000000000000000000000000000 -1.6244731032499134403557618480587995798
738 67 2 2 2 0.039000000000000000000000000000000000000 7.0733649306644081803622206127626671247
738 419 1 1 0 0.34700000000000000000000000000000000000 -0.075031874097403349101434522186422596478
739 574 1 1 0 0.40700000000000000000000000000000000000 -1.2258039894876307534186056815266949126
740 151 1 1 0 0.23300000000000000000000000000000000000 3.9963628257114361502632330310153751819
740 229 0 0 0 0.081000000000000000000000000000000000000 1.9723143845272913830045665300726049672
741 524 1 1 0 0.45600000000000000000000000000000000000 -0.71833271116584810802498953577171550079
742 109 1 1 0 0.33500000000000000000000000000000000000 5.3018250064594692280115958458056430172
742 397 0 0 0 0.075000000000000000000000000000000000000 -0.010622910919677090698853254081410756904
742 493 2 2 2 0.030000000000000000000000000000000000000 -0.47039370088190932568157592639817419017
742 523 1 1 1 0.089000000000000000000000000000000000000 -0.70386177075935121947388666961560602949
743 182 1 1 0 0.35500000000000000000000000000000000000 3.1929441230163196244312620799652260848
744 271 0 0 0 0.025000000000000000000000000000000000000 0.74836351745372384155286362024335199399
745 124 0 2 0 0.50900000000000000000000000000000000000 4.8198546118625404920284788055219635797
745 514 1 1 0 0.34700000000000000000000000000000000000 -0.61318599935409272163088016618049801236
746 213 1 1 0 0.37500000000000000000000000000000000000 2.4308580169701382343721950885794106762
746 339 1 1 0 0.27600000000000000000000000000000000000 -0.27950507859325050712164801946771485913
746 473 1 1 0 0.33000000000000000000000000000000000000 -0.32018649354925233699192909860165079952
746 493 0 0 0 0.075000000000000000000000000000000000000 -0.45166055746411367962849084162861299891
746 519 0 0 0 0.020000000000000000000000000000000000000 -0.64765940317415841379528191646123899517
746 703 1 1 0 0.31300000000000000000000000000000000000 -3.7036997315302462096925682318423874594
747 254 1 1 1 0.022000000000000000000000000000000000000 1.3397063198264753348398324308701174693
747 412 0 0 0 0.023000000000000000000000000000000000000 -0.037003757252821553223577473680932554450
748 43 0 0 0 0.074000000000000000000000000000000000000 8.6962087917102070750455518608676821783
748 251 1 1 0 0.36200000000000000000000000000000000000 1.4376179323214325984558416269816546544
748 449 1 1 0 0.21700000000000000000000000000000000000 -0.17959051910977597367861400485665113528
749 122 1 1 0 0.31600000000000000000000000000000000000 4.9042699633744295466719896170465215631
749 166 1 1 0 0.35400000000000000000000000000000000000 3.6430681972166336870363534304042263532
749 274 1 1 1 0.037000000000000000000000000000000000000 0.70486258203902220455599863205002697966
749 404 0 0 0 0.017000000000000000000000000000000000000 -0.016203068109072319138638837600088650592
749 562 0 0 0 0.022000000000000000000000000000000000000 -1.0160626661383729533859113134087702967
749 638 0 0 0 0.020000000000000000000000000000000000000 -1.9904495401633058204213422561279047460
749 694 2 2 2 0.029000000000000000000000000000000000000 -3.2699259676649724439214217965903909451
751 322 1 1 1 0.13100000000000000000000000000000000000 -0.93423251357422919568317216455008005007
752 237 0 0 0 0.076000000000000000000000000000000000000 1.8597238328494605340397525485389516379
752 407 1 1 0 0.47000000000000000000000000000000000000 -0.018871907632444531669401551876981629583
752 543 2 2 2 0.026000000000000000000000000000000000000 -0.81546445228938731476704697519050010456
753 226 0 0 0 0.085000000000000000000000000000000000000 2.1532019010720228129695070991091010220
754 61 2 2 2 0.024000000000000000000000000000000000000 7.4860455453611266123814318788199293018
755 708 2 2 2 0.029000000000000000000000000000000000000 -3.5661527278415475253031705145045905701
758 329 1 1 0 0.27400000000000000000000000000000000000 -0.71297206913860089508812495641603719423
758 527 0 0 0 0.085000000000000000000000000000000000000 -0.64488643191825649840842930420911284034
758 553 1 1 0 0.40300000000000000000000000000000000000 -0.86634312512882475044860613779350849063
758 721 0 0 0 0.019000000000000000000000000000000000000 -3.9999181562860180498977066592261152742
758 737 1 1 0 0.32900000000000000000000000000000000000 -5.0017909022578819689027720505172406243
759 248 1 1 1 0.020000000000000000000000000000000000000 1.6243983398757908651120536432983744088
760 139 1 1 0 0.36500000000000000000000000000000000000 4.4457983343905537409709306738482560594
760 199 0 0 0 0.080000000000000000000000000000000000000 2.8747781723452300121855688345290942219
760 241 1 1 0 0.42100000000000000000000000000000000000 1.8208621340319987277307404677279383137
761 438 1 1 0 0.31500000000000000000000000000000000000 -0.096968441177886589445297025632688394637
761 460 1 1 0 0.45000000000000000000000000000000000000 -0.19543888707616107364953225546166058797
762 311 0 0 0 0.017000000000000000000000000000000000000 -1.5036777869599522263247446905307512277
762 547 1 1 0 0.34400000000000000000000000000000000000 -0.78736533375787017388611213884365469799
763 136 0 0 0 0.021000000000000000000000000000000000000 4.5490597472757670266101610605598235097
763 202 0 2 0 0.57300000000000000000000000000000000000 2.8204128307362163826481734203824376310
763 212 1 1 1 0.023000000000000000000000000000000000000 2.5750245102822373491485697940914030422
763 472 1 1 0 0.39300000000000000000000000000000000000 -0.25229840324108115718868446816165004287
763 656 2 2 1 0.79500000000000000000000000000000000000 -2.0924638219386294571146406857231093275
764 115 0 0 0 0.029000000000000000000000000000000000000 5.2088312043158674943160680385299912346
764 497 0 0 0 0.090000000000000000000000000000000000000 -0.39898575204437716090150701739483723349
764 671 0 0 0 0.022000000000000000000000000000000000000 -2.3527662904320209409134729518556970108
764 699 1 1 0 0.44500000000000000000000000000000000000 -3.0045642329683510203146334733044861495
764 713 0 2 0 0.51900000000000000000000000000000000000 -3.4410911360029677875037366047436960524
766 177 0 0 0 0.019000000000000000000000000000000000000 3.4587936943481383213759943050597032043
766 319 0 0 0 0.026000000000000000000000000000000000000 -2.4490236442978379036708514832886442239
766 473 0 0 0 0.093000000000000000000000000000000000000 -0.24761638671526557202091159654948767264
766 697 1 1 0 0.42600000000000000000000000000000000000 -2.9012702144162153287759226178284611142
767 88 1 1 0 0.46700000000000000000000000000000000000 6.2240622205817465783293851589668240268
767 134 2 2 2 0.026000000000000000000000000000000000000 4.6288468069850327023574139120857309185
767 388 1 1 0 0.30100000000000000000000000000000000000 -0.0058354738066546239048261960565171659349
767 586 1 1 0 0.40000000000000000000000000000000000000 -1.1218485752685715847073837331259547923
767 652 0 0 0 0.020000000000000000000000000000000000000 -1.9688864144061734639126464807544698862
769 154 1 1 0 0.37400000000000000000000000000000000000 4.0747722788308718203755587118080218474
769 174 1 1 0 0.43200000000000000000000000000000000000 3.5521177830397798818595303039795579802
769 238 0 2 0 0.31500000000000000000000000000000000000 1.9716598964218552425259107597344946705
769 470 0 0 0 0.017000000000000000000000000000000000000 -0.22177887123445703078304737366502639724
769 574 2 2 2 0.10000000000000000000000000000000000000 -0.98692116517555791451767921764160618122
769 582 1 1 0 0.31700000000000000000000000000000000000 -1.0655120089685131668367523212936713595
772 145 2 2 2 0.054000000000000000000000000000000000000 4.3382733267834751838707648992000768957
772 493 1 1 0 0.36200000000000000000000000000000000000 -0.34131814630015979567373366315305187933
772 623 0 0 0 0.015000000000000000000000000000000000000 -1.4989137718515671406278813849464035379
773 308 1 1 0 0.36700000000000000000000000000000000000 -0.58503646202379070310815347861583047466
775 194 0 0 0 0.025000000000000000000000000000000000000 3.0913271271260517877010814436062407649
776 225 1 1 0 0.35500000000000000000000000000000000000 2.3472890235484449528155138111885636056
776 517 0 0 0 0.015000000000000000000000000000000000000 -0.48005935519059961317734404052516837063
777 556 1 1 0 0.45000000000000000000000000000000000000 -0.77243476722742226251836282095648356285
778 237 1 1 0 0.28200000000000000000000000000000000000 2.0664867205244621607528190302084768375
778 341 1 1 0 0.28400000000000000000000000000000000000 -0.58184640265770569285278178678262854511
778 407 0 0 0 0.019000000000000000000000000000000000000 -0.0011362442396689737948222579716004650654
778 531 3 3 3 0.032000000000000000000000000000000000000 -0.57011827210647042528881615857482825616
778 679 1 1 0 0.31700000000000000000000000000000000000 -2.2713612196015021962928382789221368434
778 713 1 1 0 0.33300000000000000000000000000000000000 -3.0373661640684980391514739178964102575
779 12 1 1 1 0.020000000000000000000000000000000000000 13.293079938497416342331836927524230990
779 86 0 0 0 0.073000000000000000000000000000000000000 6.3650701397145331658418993641566532274
779 226 0 0 0 0.076000000000000000000000000000000000000 2.3441264999883009694641545139051923088
779 268 0 0 0 0.069000000000000000000000000000000000000 1.2496340436963055210637512458808774164
779 352 2 2 2 0.022000000000000000000000000000000000000 -0.31418028323493427171717378705481374056
779 398 1 1 1 0.11800000000000000000000000000000000000 -0.0018399080204548060994655807077441642928
779 460 1 1 0 0.40700000000000000000000000000000000000 -0.14468933814205565170938400913223755068
779 464 0 0 0 0.019000000000000000000000000000000000000 -0.16269161404601498774711795891821934716
779 502 0 2 0 0.33600000000000000000000000000000000000 -0.36902566497299675859104999012871037962
779 632 2 2 1 0.58300000000000000000000000000000000000 -1.5410640046461607882879106794594255329
781 18 1 1 0 0.24000000000000000000000000000000000000 11.891212800353648265690538380801660430
781 112 1 1 0 0.38700000000000000000000000000000000000 5.3932764612639237395072892797871303701
781 208 0 0 0 0.018000000000000000000000000000000000000 2.7908182063537983024740984779565351029
781 304 0 0 0 0.023000000000000000000000000000000000000 -0.098362346232065070132748136568832415653
781 346 1 1 0 0.36500000000000000000000000000000000000 -0.46849378424850025376450512493816888097
781 382 1 1 0 0.30000000000000000000000000000000000000 -0.039027516747980950739130536008530600067
781 428 1 1 0 0.35400000000000000000000000000000000000 -0.030232595108271100388081162534460345181
781 472 0 0 0 0.085000000000000000000000000000000000000 -0.19500072737318322073881654777413258586
781 662 2 2 2 0.025000000000000000000000000000000000000 -1.9390725653071962839376521891856655678
782 89 2 2 2 0.028000000000000000000000000000000000000 6.2536516334348859748368883516521601615
782 133 0 0 0 0.075000000000000000000000000000000000000 4.7350352731787774977297694570287814833
782 191 0 0 0 0.014000000000000000000000000000000000000 3.2063731134341225709407577939633654511
782 331 1 1 1 0.12000000000000000000000000000000000000 -1.2958511054993297807416053537454965014
783 482 1 1 0 0.31200000000000000000000000000000000000 -0.23967677336957077907584822754757428113
783 574 0 0 0 0.016000000000000000000000000000000000000 -0.89087169668414043499610982471484229507
784 253 2 2 2 0.023000000000000000000000000000000000000 1.7076221835534259150542583630764639114
785 766 2 2 1 0.50100000000000000000000000000000000000 -5.2394538078527980790475579349109328029
786 313 1 1 0 0.28300000000000000000000000000000000000 -0.57036793886724798514826385529903786391
786 373 1 1 0 0.33800000000000000000000000000000000000 -0.10197639311093419131719841119018867512
787 286 2 2 1 0.44300000000000000000000000000000000000 0.77129863317237111255477024751768688377
787 396 0 0 0 0.014000000000000000000000000000000000000 -0.0089806835454906615563628394418933524058
787 654 0 0 0 0.016000000000000000000000000000000000000 -1.7467895411266499861642360019541972344
788 143 1 1 1 0.023000000000000000000000000000000000000 4.4771922268631724771357198185382319463
788 161 1 1 0 0.31400000000000000000000000000000000000 3.9910065587734429496013994015654189982
788 469 0 0 0 0.015000000000000000000000000000000000000 -0.16105512196673273191220222715007576119
788 493 0 0 0 0.070000000000000000000000000000000000000 -0.28245486737800635630225893760137224465
788 551 0 0 0 0.076000000000000000000000000000000000000 -0.66910804625494661972434059817691820893
789 674 1 1 0 0.37300000000000000000000000000000000000 -2.0211907648736749778645134385182472227
790 211 0 0 0 0.017000000000000000000000000000000000000 2.7765293272230193017998464173083389529
790 559 0 0 0 0.018000000000000000000000000000000000000 -0.72113071860184148425403591469584805297
790 673 0 0 0 0.14000000000000000000000000000000000000 -1.9916522895647623554688613100937408524
791 232 1 1 0 0.45400000000000000000000000000000000000 2.2837349889322592856899043208194303901
791 236 0 0 0 0.019000000000000000000000000000000000000 2.1872723806886436529966846679515896553
791 542 1 1 1 0.027000000000000000000000000000000000000 -0.58559070239851124224973551988047557519
792 79 1 1 1 0.021000000000000000000000000000000000000 6.7339207834292993428946001225014888182
792 211 1 1 1 0.022000000000000000000000000000000000000 2.7891537916595547460575370024140244116
792 281 0 0 0 0.014000000000000000000000000000000000000 0.99411590358703503935211313369105433903
793 44 1 1 1 0.021000000000000000000000000000000000000 8.8209016209787285285755559222290363382
793 166 0 2 0 0.50600000000000000000000000000000000000 3.8886508111859388607956131653430006198
793 758 1 1 0 0.42900000000000000000000000000000000000 -4.1788230546120318328770714858198223559
794 129 0 0 0 0.019000000000000000000000000000000000000 4.9142106074407560332107495995663591741
794 213 1 1 0 0.27300000000000000000000000000000000000 2.7545688546852497918456064256372366642
794 403 1 1 0 0.21800000000000000000000000000000000000 -0.0042295849837210414088063605551063984793
794 473 1 1 0 0.27800000000000000000000000000000000000 -0.16298703316794826973963185485143069118
794 493 1 1 0 0.48600000000000000000000000000000000000 -0.26201991300655917100238405515725032475
796 93 1 1 0 0.22100000000000000000000000000000000000 6.1573997417873929699240529196754478022
796 301 0 0 0 0.068000000000000000000000000000000000000 0.32832294671588939488979465333167692198
796 583 1 1 0 0.31800000000000000000000000000000000000 -0.88621378556420378515923856289231089691
796 667 1 1 0 0.43700000000000000000000000000000000000 -1.8246996678723642309960207862078163347
797 342 1 1 1 0.056000000000000000000000000000000000000 -0.91686590175556123698789749949488502966
797 468 1 1 1 0.020000000000000000000000000000000000000 -0.13354339374814390383433219654783632736
797 638 1 1 1 0.080000000000000000000000000000000000000 -1.4369800928595965244737781030657417267
797 644 1 1 0 0.34900000000000000000000000000000000000 -1.5089746972101959859561970558592371016
797 682 1 1 0 0.32300000000000000000000000000000000000 -2.0398331284069983148132029357737396539
798 281 0 0 0 0.075000000000000000000000000000000000000 1.0594982221596839615065608567350813285
798 421 0 0 0 0.12800000000000000000000000000000000000 -0.0036098592772888446533550387910134458242
799 98 1 1 0 0.45900000000000000000000000000000000000 5.9781610103525009468434069412714560419
799 134 0 0 0 0.088000000000000000000000000000000000000 4.7901348114965735280496467684925319241
799 316 0 0 0 0.016000000000000000000000000000000000000 -0.40802337652961591309501850827690733312
799 386 0 2 0 0.43000000000000000000000000000000000000 -0.060330175560202232797556940085742644314
799 422 1 1 0 0.33900000000000000000000000000000000000 -0.0040385001839943832920492729996484594738
799 656 0 0 0 0.021000000000000000000000000000000000000 -1.6399163155526860635598401439135647114
799 706 0 2 0 0.46300000000000000000000000000000000000 -2.4348008098290054593584481641282385152
801 332 0 0 0 0.012000000000000000000000000000000000000 -4.2723524177475418619739384533209674166
801 662 0 0 0 0.017000000000000000000000000000000000000 -1.6974642654393535146103834792809928872
802 221 1 1 0 0.37500000000000000000000000000000000000 2.6179307830129048425312036021905916065
802 319 1 1 0 0.35500000000000000000000000000000000000 -0.54120438862595216886021166752142076868
802 329 2 2 1 0.41400000000000000000000000000000000000 -1.8886664104259467745112167915233002456
802 371 0 2 0 0.43400000000000000000000000000000000000 -0.19025911865800962701134178462097712855
802 779 0 0 0 0.033000000000000000000000000000000000000 -4.9409444058538870622001380430725422009
803 152 2 2 2 0.033000000000000000000000000000000000000 4.3066444787952264897024727523969970167
803 166 0 0 0 0.024000000000000000000000000000000000000 3.9416649639935509857777227446581362044
803 184 1 1 1 0.030000000000000000000000000000000000000 3.4961970019883079687349972183888091752
803 356 0 2 0 0.43000000000000000000000000000000000000 -0.46182981601863404616727002063893584769
803 530 1 1 1 0.11600000000000000000000000000000000000 -0.44732280718932233856139392843661742742
803 544 1 1 0 0.40200000000000000000000000000000000000 -0.54146932264184782364782130581112932557
803 674 0 0 0 0.021000000000000000000000000000000000000 -1.8409585405551940568127098937424804060
805 316 0 2 0 0.41000000000000000000000000000000000000 -0.25304334157341419274889087662492670103
805 398 0 0 0 0.071000000000000000000000000000000000000 -0.024778369541853224911904534735210177285
806 11 2 2 2 0.032000000000000000000000000000000000000 13.714124073554331426218538703066101330
806 197 0 0 0 0.083000000000000000000000000000000000000 3.2031191655090188650176853052679798992
806 211 2 2 2 0.028000000000000000000000000000000000000 2.8758183557805765364471734836583587059
806 449 1 1 0 0.27500000000000000000000000000000000000 -0.048758749716384831137502259829047709589
806 503 1 1 1 0.068000000000000000000000000000000000000 -0.27562837187978507929767253262548698085
806 547 1 1 1 0.026000000000000000000000000000000000000 -0.54821250165176435978381367867680437127
806 601 0 0 0 0.085000000000000000000000000000000000000 -0.98126379525370637020406406787996270272
807 404 1 1 0 0.28800000000000000000000000000000000000 -0.012675411401576667495975386559459084953
807 466 2 2 1 0.44700000000000000000000000000000000000 -0.10259726628937053245243614516530475035
807 488 1 1 0 0.43700000000000000000000000000000000000 -0.19636298010670615295013286564749088998
808 413 1 1 0 0.42800000000000000000000000000000000000 -0.0017150762538111510632809287177263195940
808 427 2 2 2 0.15200000000000000000000000000000000000 -0.0042685232459910209107069195392171190439
808 445 1 1 0 0.48200000000000000000000000000000000000 -0.035422430422124782095517368039465921116
808 549 1 1 0 0.47200000000000000000000000000000000000 -0.55269872555789113277633328538233010550
808 655 1 1 1 0.028000000000000000000000000000000000000 -1.5346066571615190785278171503038600606
809 312 2 2 2 0.038000000000000000000000000000000000000 0.052465761818760330345297014305502980839
811 374 0 0 0 0.085000000000000000000000000000000000000 -0.20390278907901225007162295369056218613
811 532 1 1 1 0.12700000000000000000000000000000000000 -0.42648970348379806889973014760127145768
812 409 0 0 0 0.017000000000000000000000000000000000000 -0.0083173733724067386353753837772826911867
812 607 0 0 0 0.029000000000000000000000000000000000000 -0.99516930117865829887066931458262527544
813 22 1 1 0 0.41200000000000000000000000000000000000 11.332126277961051784904422601670901324
813 386 0 0 0 0.022000000000000000000000000000000000000 -0.10065390630550607692943406876442480454
814 83 1 1 1 0.031000000000000000000000000000000000000 6.6542466528686459193205551601976262242
814 151 1 1 0 0.35300000000000000000000000000000000000 4.3886500312998539386109598893196343868
814 233 0 2 0 0.50600000000000000000000000000000000000 2.4173245746093943054926316755263644292
814 281 0 0 0 0.077000000000000000000000000000000000000 1.2226784806981539690445653997946116317
814 287 1 1 1 0.021000000000000000000000000000000000000 1.0485864279209233135942047774255719973
814 331 1 1 0 0.22200000000000000000000000000000000000 -1.2978047960273643380507549079009522474
814 433 0 2 0 0.42600000000000000000000000000000000000 -0.0073015405482106606537552511532956840334
814 443 1 1 0 0.29000000000000000000000000000000000000 -0.023610609772719687409892243728354311680
814 467 0 0 0 0.074000000000000000000000000000000000000 -0.091579202997550645122351102771774664976
814 593 1 1 0 0.21800000000000000000000000000000000000 -0.85910480378726699517640807452702562541
814 597 2 2 1 0.45100000000000000000000000000000000000 -0.89323622035522860406474233762046496600
814 643 2 2 2 0.030000000000000000000000000000000000000 -1.3401708326630652860711869580392704187
815 332 0 0 0 0.079000000000000000000000000000000000000 -1.3922896963445347357016689572867019960
816 431 1 1 0 0.32300000000000000000000000000000000000 -0.0040579217380109953480511432368943641650
816 497 3 3 3 0.031000000000000000000000000000000000000 -0.21335370109061527461719015232793034035
817 68 1 1 0 0.44500000000000000000000000000000000000 7.3846781336088089178377931466653361987
817 166 1 1 0 0.42800000000000000000000000000000000000 4.0143027446563652734292144091010386171
817 188 1 1 0 0.40400000000000000000000000000000000000 3.4773915599478879216325802509448541323
817 206 1 1 1 0.048000000000000000000000000000000000000 3.0570116477546774807036387460467286147
817 268 2 2 1 0.44300000000000000000000000000000000000 1.5976744703660706987733510453141494232
817 314 1 1 1 0.029000000000000000000000000000000000000 0.10475135742453166744314059130596650327
817 322 1 1 1 0.035000000000000000000000000000000000000 -0.33372073756919954841109313157157455515
817 352 0 0 0 0.021000000000000000000000000000000000000 -0.83679270008452295728667571397639416135
817 404 1 1 1 0.029000000000000000000000000000000000000 -0.024587324017123717968462761221371494707
817 426 2 2 2 0.035000000000000000000000000000000000000 -0.00054324764965895793775290727121645852157
817 536 1 1 0 0.32600000000000000000000000000000000000 -0.42689032701033784886074672498155375051
817 586 2 2 2 0.027000000000000000000000000000000000000 -0.78348361272805455236555200583284998149
817 674 1 1 0 0.47500000000000000000000000000000000000 -1.6814538661628299151450121922441365153
817 712 0 0 0 0.017000000000000000000000000000000000000 -2.2531208928453684364774432898927409416
817 718 1 1 0 0.42300000000000000000000000000000000000 -2.3611083245087843715360740271262038937
817 752 0 0 0 0.017000000000000000000000000000000000000 -3.1256184787715360941249458170064966540
818 161 0 0 0 0.059000000000000000000000000000000000000 4.1465952259453447411425030984715042731
818 209 2 2 2 0.024000000000000000000000000000000000000 2.9937811170712401431560818536885741917
818 391 0 0 0 0.075000000000000000000000000000000000000 -0.083426393930501435500611653546260014292
818 519 1 1 0 0.30800000000000000000000000000000000000 -0.32214298910685421125990885767022161872
818 531 2 2 2 0.040000000000000000000000000000000000000 -0.39214341245878280197484768802636441844
818 763 1 1 0 0.40200000000000000000000000000000000000 -3.4281582932210139323761180202366976705
821 114 2 2 2 0.13400000000000000000000000000000000000 5.5151449783664287078347972032480711935
821 530 1 1 0 0.30500000000000000000000000000000000000 -0.37454298870777435321138456487963832092
821 598 1 3 1 0.58700000000000000000000000000000000000 -0.85827139528629046894687914709806353148
822 91 0 0 0 0.021000000000000000000000000000000000000 6.3549009262029635837425472283660467382
822 193 1 1 0 0.35300000000000000000000000000000000000 3.3869783865375929821377225585685839976
822 367 1 1 0 0.42200000000000000000000000000000000000 -0.40082288997489398048483835073196440744
822 431 0 0 0 0.081000000000000000000000000000000000000 -0.0016715054542783449750895946559903106554
822 613 1 1 0 0.37600000000000000000000000000000000000 -0.98188689539438664805501069591701299982
823 396 0 0 0 0.017000000000000000000000000000000000000 -0.068505514735277341454058911614581930304
823 646 0 0 0 0.020000000000000000000000000000000000000 -1.2961041221216558777584595400360625484
824 77 2 2 2 0.036000000000000000000000000000000000000 6.9694616447436821055301287488229663931
824 287 1 1 0 0.36600000000000000000000000000000000000 1.1508442758562810810356914619581060941
826 23 1 1 0 0.39400000000000000000000000000000000000 11.232500625603723502105582384605829984
826 109 1 1 0 0.37400000000000000000000000000000000000 5.7062331864686606428408575025526484577
826 113 0 0 0 0.020000000000000000000000000000000000000 5.5711560723256210716884907518312282279
826 197 1 1 0 0.36700000000000000000000000000000000000 3.3158997792040136534355578985446594142
826 241 0 0 0 0.021000000000000000000000000000000000000 2.3128230751624082583843333240125298483
826 347 0 0 0 0.017000000000000000000000000000000000000 -1.6419298766432268055385565381645387576
826 397 0 0 0 0.019000000000000000000000000000000000000 -0.070893953213105114680475897932299584473
826 485 1 1 0 0.43500000000000000000000000000000000000 -0.13342713476795108342516646424068319855
826 487 1 1 0 0.30900000000000000000000000000000000000 -0.14157354331438800465947406840921397188
826 527 1 1 1 0.025000000000000000000000000000000000000 -0.33856804100171230763706701930254223891
827 350 2 2 1 0.46000000000000000000000000000000000000 -1.3008331806782320262749124520465296762
827 636 1 1 0 0.35600000000000000000000000000000000000 -1.1622987662237371665618167449945256506
827 806 1 1 0 0.35800000000000000000000000000000000000 -5.1551152346653486399169327844952757312
828 709 1 1 1 0.080000000000000000000000000000000000000 -2.0471616039244144279360970662729262377
829 418 0 0 0 0.018000000000000000000000000000000000000 -0.0076706694967344265296339475050871657218
829 574 0 0 0 0.078000000000000000000000000000000000000 -0.62781133953927126944366259634985786477
830 127 0 0 0 0.017000000000000000000000000000000000000 5.1459889522793847048588911009474309283
830 361 0 0 0 0.014000000000000000000000000000000000000 -0.68238433211671170275535718958877560839
831 404 1 1 0 0.44000000000000000000000000000000000000 -0.048765322153719766848933139829483685238
831 434 1 1 0 0.26800000000000000000000000000000000000 -0.00080805553458418447964047647660514019307
831 502 1 1 0 0.28000000000000000000000000000000000000 -0.19399895505798034505570545321706049379
831 632 0 0 0 0.067000000000000000000000000000000000000 -1.0943140689974332150086417448462905472
832 253 2 2 2 0.027000000000000000000000000000000000000 2.0769607176093955437686374724649150315
832 531 1 1 1 0.018000000000000000000000000000000000000 -0.33953596278247293264642786657617258573
833 212 2 2 2 0.027000000000000000000000000000000000000 3.0125771925317563565053014733533893507
833 278 1 1 0 0.34800000000000000000000000000000000000 1.4770120531994122504808291105912001884
833 404 1 1 0 0.28900000000000000000000000000000000000 -0.052994647632776429149005160081585901524
833 478 1 1 0 0.39000000000000000000000000000000000000 -0.091923896888775460946800769145061698539
833 554 1 1 1 0.030000000000000000000000000000000000000 -0.47381964113182803596348440399627258351
833 662 0 0 0 0.073000000000000000000000000000000000000 -1.3834316757555609055718301253123853945
834 55 0 0 0 0.070000000000000000000000000000000000000 8.2117861200557066588784844521578370423
834 167 1 1 0 0.31600000000000000000000000000000000000 4.0751935058528450296518860160392027751
834 361 3 3 3 0.29200000000000000000000000000000000000 -0.75580440431138375308119767007528624514
834 757 2 2 1 0.55000000000000000000000000000000000000 -2.8566190410003994656631360922447171262
835 478 0 0 0 0.018000000000000000000000000000000000000 -0.087988353329782788093170483955086579873
836 59 0 0 0 0.015000000000000000000000000000000000000 7.9717094406062368875321009551016562865
836 137 1 1 1 0.076000000000000000000000000000000000000 4.8806099888098267709935481556026110018
836 201 1 1 1 0.12400000000000000000000000000000000000 3.2789913845971720659760439631159797393
836 277 0 0 0 0.016000000000000000000000000000000000000 1.5280478282119883626339168063227380111
836 371 2 2 2 0.11600000000000000000000000000000000000 -0.45266111755959731875097998632854979368
836 607 0 0 0 0.015000000000000000000000000000000000000 -0.84250892643724741593763273917055025728
836 641 0 0 0 0.017000000000000000000000000000000000000 -1.1437043170151414283858274475455694815
836 643 0 0 0 0.015000000000000000000000000000000000000 -1.1630633296508836252958069983765648164
836 745 1 1 1 0.023000000000000000000000000000000000000 -2.5572222594378578234641676351063388491
838 371 0 0 0 0.013000000000000000000000000000000000000 -0.47494338376295182159289425553043986379
838 515 1 1 1 0.10400000000000000000000000000000000000 -0.23546988002038626990646168418175484637
838 581 1 1 0 0.25400000000000000000000000000000000000 -0.63328325447538460206346605552091188757
839 498 0 0 0 0.015000000000000000000000000000000000000 -0.15533446481100048572857943515592105993
839 602 1 1 0 0.32300000000000000000000000000000000000 -0.78521160600910803772796736382800759453
842 145 1 1 0 0.35400000000000000000000000000000000000 4.6858760600923916251611017921542414266
842 253 1 1 0 0.38100000000000000000000000000000000000 2.1466248174593277770143650804426181528
842 427 0 0 0 0.017000000000000000000000000000000000000 -0.0046127179369939769238570301724803720918
842 621 0 0 0 0.085000000000000000000000000000000000000 -0.92233625324488787319916697986797225408
842 649 1 1 0 0.42600000000000000000000000000000000000 -1.1764922096666254886412094542843455155
842 699 2 2 2 0.026000000000000000000000000000000000000 -1.7375891696579420136245636800563836113
843 62 0 0 0 0.024000000000000000000000000000000000000 7.8253137086770710336295410136689579500
843 466 1 1 0 0.32200000000000000000000000000000000000 -0.039538186417951140402272718744431554372
843 788 1 1 0 0.51300000000000000000000000000000000000 -3.4821174821016784633275271523697071262
844 129 1 1 0 0.40700000000000000000000000000000000000 5.1502172083535311988973597954563061816
844 143 0 2 0 0.49300000000000000000000000000000000000 4.7500037439142284016606911350040797322
844 235 1 1 1 0.024000000000000000000000000000000000000 2.5640468227544150449100460759484865011
844 333 1 1 0 0.42900000000000000000000000000000000000 -0.35631817857530106076930466378056589652
844 437 0 0 0 0.023000000000000000000000000000000000000 -7.0227707668699157539245550611025389521 E-7
844 597 1 1 0 0.36800000000000000000000000000000000000 -0.71955564875516074179152506119951498715
844 703 1 1 0 0.35400000000000000000000000000000000000 -1.7682085854673279098292141382366944331
844 707 0 0 0 0.071000000000000000000000000000000000000 -1.8216995425976053880477644163936418735
846 67 0 0 0 0.018000000000000000000000000000000000000 7.5620321670813668089972323810761340453
846 373 0 0 0 0.081000000000000000000000000000000000000 -0.51611879920346261023504214318451458747
846 463 1 1 0 0.29300000000000000000000000000000000000 -0.028895484305776603475685236311617311498
846 749 1 1 0 0.44800000000000000000000000000000000000 -2.4623218539401242741374533111571532721
847 218 0 0 0 0.023000000000000000000000000000000000000 2.9584985763359043960345186433792865413
847 284 0 2 0 0.47900000000000000000000000000000000000 1.4432536106584159140096326101900544371
847 362 0 2 0 0.42400000000000000000000000000000000000 -1.0078068018501198880149998067592579647
847 394 0 0 0 0.021000000000000000000000000000000000000 -0.16759155276541964145220114736637975080
847 556 2 2 1 0.43500000000000000000000000000000000000 -0.42881028810866076619005604673784224379
848 55 1 1 1 0.026000000000000000000000000000000000000 8.2706336477915996634562683832957961785
848 351 1 1 1 0.018000000000000000000000000000000000000 -4.1746954226404497012279668632032175288
848 703 1 1 1 0.035000000000000000000000000000000000000 -1.7249524514912602847802967501506703506
848 791 0 0 0 0.017000000000000000000000000000000000000 -3.4286966333522467695531398092078417195
849 136 1 1 0 0.40400000000000000000000000000000000000 4.9691272209021524572563396952002400577
849 548 1 1 1 0.088000000000000000000000000000000000000 -0.37411075076021766272915915933122582549
850 311 2 2 2 0.025000000000000000000000000000000000000 0.70315210224021441083098194001722296524
851 98 0 0 0 0.017000000000000000000000000000000000000 6.2104645211333774371690236481962352354
851 172 1 1 0 0.48600000000000000000000000000000000000 4.0363271890698764499272498918772428288
851 228 0 0 0 0.019000000000000000000000000000000000000 2.7609670752703180495204019880134416271
851 262 1 1 0 0.38300000000000000000000000000000000000 2.0033483618639033273703185148823199075
851 290 0 0 0 0.014000000000000000000000000000000000000 1.3230350604860732007530700856842151763
851 334 3 3 3 0.028000000000000000000000000000000000000 -0.24971728443133162391793725262514766575
851 422 1 1 1 0.020000000000000000000000000000000000000 -0.021473106081744474306437725325904228957
851 514 1 1 0 0.23000000000000000000000000000000000000 -0.19363168067199717023565340277271707509
851 566 0 0 0 0.084000000000000000000000000000000000000 -0.47399958472439131091836367794134752951
851 584 1 1 1 0.022000000000000000000000000000000000000 -0.59163667102769829958028919534571967263
851 664 2 2 1 0.40600000000000000000000000000000000000 -1.2557483970944343025749036094523691023
851 802 1 1 0 0.23100000000000000000000000000000000000 -3.7056037058544936443821072896822052939
852 149 0 0 0 0.015000000000000000000000000000000000000 4.6248505091429540644397158057621277937
852 709 1 1 0 0.39400000000000000000000000000000000000 -1.7595579743900052022329100048257172081
853 182 0 0 0 0.086000000000000000000000000000000000000 3.8073270040389236034692918216808582789
853 294 0 0 0 0.084000000000000000000000000000000000000 1.2351294392232162707885455425242072233
853 456 0 2 0 0.45300000000000000000000000000000000000 -0.010098278887135785582979709527297800278
853 666 0 0 0 0.092000000000000000000000000000000000000 -1.2601545978392572446350447660404258568
854 169 1 1 1 0.022000000000000000000000000000000000000 4.1241497452064436438495754349327175177
854 227 1 1 1 0.20200000000000000000000000000000000000 2.8005011114112002574260540927503938392
854 293 1 1 0 0.32600000000000000000000000000000000000 1.2709774449389738624874833592096137980
854 499 0 0 0 0.081000000000000000000000000000000000000 -0.12404635906801859058954468044198061390
854 509 0 2 0 0.36100000000000000000000000000000000000 -0.16406660924909791777053285205149076149
854 647 0 0 0 0.075000000000000000000000000000000000000 -1.0715750810163801409496597402526670184
854 823 2 2 2 0.47700000000000000000000000000000000000 -4.5250406438256515817370089729929917422
856 299 0 0 0 0.13500000000000000000000000000000000000 1.1273021222035497199773549012360549185
856 453 2 2 2 0.026000000000000000000000000000000000000 -0.0048512363011586782250125707364440094350
856 537 1 1 1 0.022000000000000000000000000000000000000 -0.28994734024228138067628451729397705802
857 364 1 1 0 0.26500000000000000000000000000000000000 -1.1790613339034506817129840367358806421
857 606 0 0 0 0.020000000000000000000000000000000000000 -0.71811383099878184828491078476322493473
857 742 0 0 0 0.081000000000000000000000000000000000000 -2.1737045816771353105803829949379977634
858 389 2 2 2 0.030000000000000000000000000000000000000 -0.29318323921737153145521733102497843039
859 308 1 1 0 0.32300000000000000000000000000000000000 0.89923485396164396263899634348777960042
859 474 1 1 0 0.34100000000000000000000000000000000000 -0.037535847627073585470950979779803453131
861 146 1 1 1 0.36100000000000000000000000000000000000 4.7467770010975316167862515079855155910
861 652 2 2 1 0.41900000000000000000000000000000000000 -1.0688492351044393656051869588986474246
862 279 2 2 2 0.024000000000000000000000000000000000000 1.6879373710721508097582180521820876802
862 473 1 1 0 0.42500000000000000000000000000000000000 -0.031547500355877031252286175834380950785
862 685 1 1 1 0.094000000000000000000000000000000000000 -1.3829358134987380480006848884620055064
862 799 1 1 0 0.49300000000000000000000000000000000000 -3.2784026136920195011808385531613621099
863 506 1 1 0 0.29300000000000000000000000000000000000 -0.13064235284649759166013788329322977475
863 616 1 1 1 0.030000000000000000000000000000000000000 -0.76082328380149883440678201109176479078
865 382 0 0 0 0.11700000000000000000000000000000000000 -0.49939668843954462461881141375942343910
866 77 0 0 0 0.023000000000000000000000000000000000000 7.1481554279664334412610469008937032619
866 201 1 1 0 0.54800000000000000000000000000000000000 3.4388585866261762868663509614811439761
866 497 0 0 0 0.017000000000000000000000000000000000000 -0.092136142945847102330874074717787557884
866 679 2 2 1 0.46400000000000000000000000000000000000 -1.2885416109270137842792541204009816177
866 681 0 0 0 0.025000000000000000000000000000000000000 -1.3087176229928548664390822595925596451
866 793 1 3 1 0.53400000000000000000000000000000000000 -3.0212669386500357991696399069567838020
867 218 1 1 0 0.36000000000000000000000000000000000000 3.0702123826643083570499500301039531793
868 67 2 2 2 0.024000000000000000000000000000000000000 7.6534704611484488961597940323601298612
868 89 1 1 0 0.30600000000000000000000000000000000000 6.6340650111823774366024424907626296769
868 101 0 0 0 0.019000000000000000000000000000000000000 6.1723657570798423474276784384508481477
868 197 1 1 0 0.41200000000000000000000000000000000000 3.5386472015879937471557750935558381240
868 353 1 1 0 0.23300000000000000000000000000000000000 -1.3037844675030469770920252045607476518
868 379 1 1 0 0.31500000000000000000000000000000000000 -0.62924774157899845339959948731503072164
868 523 1 1 0 0.36600000000000000000000000000000000000 -0.18808372734744535276194703351474554558
868 659 1 1 0 0.41100000000000000000000000000000000000 -1.0840494123031996695716672003175564965
868 727 1 1 1 0.023000000000000000000000000000000000000 -1.8203254549864117783365338661200626472
869 104 0 0 0 0.079000000000000000000000000000000000000 6.0688579190164019407600552851791861504
869 206 2 2 1 0.53100000000000000000000000000000000000 3.3435656436674515541444037103635897565
869 218 1 1 0 0.29900000000000000000000000000000000000 3.0811276861231033742592699551950580705
869 262 0 0 0 0.017000000000000000000000000000000000000 2.1269813963567731124695432558390139715
869 400 0 0 0 0.062000000000000000000000000000000000000 -0.21245912513417970471737279941150062827
869 442 3 3 3 0.034000000000000000000000000000000000000 -0.0033512491796375363327632219090634116034
869 478 1 1 0 0.28500000000000000000000000000000000000 -0.034086321691469314917832735410219296647
869 536 1 1 0 0.42700000000000000000000000000000000000 -0.24473024794234386973351967008522550107
869 764 0 0 0 0.087000000000000000000000000000000000000 -2.3663564047686681505943962609060156449
869 848 2 2 2 0.12100000000000000000000000000000000000 -5.2422241898424402406917526320165811008
871 46 2 2 2 0.026000000000000000000000000000000000000 8.9944583675440982859536421523524599941
871 118 0 0 0 0.018000000000000000000000000000000000000 5.6077775100685150990388518217062226600
871 242 1 1 0 0.32000000000000000000000000000000000000 2.5751937830464259860749762606319255511
871 244 1 1 1 0.078000000000000000000000000000000000000 2.5321184457610974422216690555760121718
871 472 1 1 0 0.37500000000000000000000000000000000000 -0.019908292022240531408612553755038876867
871 592 1 1 1 0.022000000000000000000000000000000000000 -0.55395964100768715949951787017245460646
871 662 1 1 0 0.34200000000000000000000000000000000000 -1.0905268254403326338638618054162293719
872 207 0 0 0 0.016000000000000000000000000000000000000 3.3372175127872959864057085573599113543
872 473 1 1 0 0.33000000000000000000000000000000000000 -0.020722509077271754412148755886928679512
873 436 1 1 0 0.29600000000000000000000000000000000000 -0.014645072929478008678239079080626299477
873 466 1 1 0 0.36100000000000000000000000000000000000 -0.0092166265446852682078264359723239793465
874 127 0 0 0 0.022000000000000000000000000000000000000 5.3432510273481009363859716586683814598
874 193 0 0 0 0.025000000000000000000000000000000000000 3.6589383691030032211733515830930140284
874 197 0 0 0 0.082000000000000000000000000000000000000 3.5690611958504716511873001891970234710
874 281 0 2 0 0.46800000000000000000000000000000000000 1.7319557292611899229558203505157197202
874 397 1 1 0 0.42300000000000000000000000000000000000 -0.28195385633400670362539794195545078808
874 419 1 1 1 0.099000000000000000000000000000000000000 -0.076547950241642758056621392216629846578
874 479 0 0 0 0.017000000000000000000000000000000000000 -0.030305375967480880031764226606496643348
874 491 1 1 0 0.45100000000000000000000000000000000000 -0.059795553968788305789610191474788878516
874 533 1 1 1 0.070000000000000000000000000000000000000 -0.21641237466667386859585072333925732951
874 545 0 0 0 0.025000000000000000000000000000000000000 -0.27346165134870056513189399247418712837
874 673 0 0 0 0.075000000000000000000000000000000000000 -1.1702685435938375056772632827326594468
874 691 0 2 0 0.41300000000000000000000000000000000000 -1.3463547815224947385749437901411956821
874 769 0 0 0 0.072000000000000000000000000000000000000 -2.3768692403533173783323209863435924105
875 292 0 0 0 0.063000000000000000000000000000000000000 1.4774240016078083750798892366910911975
876 209 0 0 0 0.15500000000000000000000000000000000000 3.3142606747849317038886689793770226011
877 266 2 2 1 0.30200000000000000000000000000000000000 2.0920454054019212009031330653156882855
877 282 0 0 0 0.077000000000000000000000000000000000000 1.7311330964064292053281547015794924287
877 670 1 1 0 0.33200000000000000000000000000000000000 -1.1214700851479864743261192100552537633
878 299 1 1 0 0.22500000000000000000000000000000000000 1.3281386423427046219061881002031676450
878 319 1 1 1 0.14900000000000000000000000000000000000 0.77345505403696662100714442145656680605
878 669 0 0 0 0.016000000000000000000000000000000000000 -1.1055554636965919365306497018156916357
878 763 1 3 1 0.64000000000000000000000000000000000000 -2.2182554896271000343383903735456150638
879 166 1 1 1 0.027000000000000000000000000000000000000 4.3161012722708214096099840000225506764
879 298 1 1 0 0.23600000000000000000000000000000000000 1.3619673007635190793829122052237129127
879 326 1 1 0 0.20800000000000000000000000000000000000 0.55891395152391063559738850612431098502
879 508 0 0 0 0.064000000000000000000000000000000000000 -0.10405344838659384521134084562572367134
880 19 0 0 0 0.076000000000000000000000000000000000000 12.118469920896982029834063550803151791
881 230 1 1 0 0.38700000000000000000000000000000000000 2.8893065133713703534387188856360622770
881 354 0 0 0 0.028000000000000000000000000000000000000 -0.82545757420492953510790316366766267208
881 406 1 1 0 0.41900000000000000000000000000000000000 -0.20704427295094190447788275436729746464
881 804 1 1 0 0.33700000000000000000000000000000000000 -2.9558817415856438533402736524635278788
883 476 1 1 0 0.34300000000000000000000000000000000000 -0.015764334242384266710916158779795497921
883 846 1 1 0 0.29700000000000000000000000000000000000 -4.2709313814494829764669410084323384989
884 103 1 1 0 0.38100000000000000000000000000000000000 6.1674294990811936748969196259673979126
884 139 2 2 2 0.023000000000000000000000000000000000000 5.0410386808100663529820537993684450086
884 383 1 1 0 0.40000000000000000000000000000000000000 -0.74080176767196246066895484660598871227
884 457 1 1 0 0.30300000000000000000000000000000000000 -1.7524773150168729041028793166255771304 E-5
884 653 2 2 1 0.53200000000000000000000000000000000000 -0.93061436395134935485027446823058530347
886 185 0 0 0 0.019000000000000000000000000000000000000 3.8993600666886912141809754866901916819
886 247 1 1 1 0.023000000000000000000000000000000000000 2.5575757812753350118790000203620062938
886 291 1 1 1 0.023000000000000000000000000000000000000 1.5890433957925270371534326121335151301
886 413 1 1 0 0.29100000000000000000000000000000000000 -0.15964640554079048501007019381232008856
886 451 1 1 0 0.30300000000000000000000000000000000000 -0.0030526693632323826637511584229619958598
886 501 1 1 0 0.38900000000000000000000000000000000000 -0.069026753111742933028761330700874774822
886 533 1 1 0 0.41600000000000000000000000000000000000 -0.18449076832147466868174300367117456197
886 767 0 0 0 0.086000000000000000000000000000000000000 -2.1720246628112522444434409634460889424
887 260 1 1 0 0.46700000000000000000000000000000000000 2.2870934828027451917585334247735528834
888 71 0 2 0 0.52000000000000000000000000000000000000 7.5280407528043038600748238334542830938
889 148 1 1 0 0.35600000000000000000000000000000000000 4.8190020762945639459653444284803196081
889 352 1 1 0 0.37800000000000000000000000000000000000 -0.43376526110016194752005932495479206184
889 376 0 0 0 0.081000000000000000000000000000000000000 -1.3247633722332844302007925308441363471
889 424 0 0 0 0.077000000000000000000000000000000000000 -0.088839942130347682202166693201884549668
889 568 1 1 0 0.34600000000000000000000000000000000000 -0.34281782648721995574016844098860712112
889 662 1 1 0 0.44500000000000000000000000000000000000 -0.97390347502369039235382935711667669600
889 746 0 0 0 0.096000000000000000000000000000000000000 -1.8385639845583241556692207846653730809
889 794 2 2 1 0.42300000000000000000000000000000000000 -2.5908712632124984225509148079973505997
890 97 1 1 0 0.50300000000000000000000000000000000000 6.4119771853763197208076558545206441895
890 113 1 1 0 0.28500000000000000000000000000000000000 5.8500323836954086598987775548044732432
890 589 0 0 0 0.019000000000000000000000000000000000000 -0.45657398498463095504014453408191539377
890 617 2 2 2 0.030000000000000000000000000000000000000 -0.63293058497872654420015418506148659277
891 194 1 1 1 0.023000000000000000000000000000000000000 3.7201253626618962123674323519277070387
891 758 0 0 0 0.015000000000000000000000000000000000000 -1.9771040940135424584201874192167990122
892 77 0 0 0 0.017000000000000000000000000000000000000 7.2542008651854210264276740621372822123
892 87 1 1 0 0.37800000000000000000000000000000000000 6.8150762313652903341992985625297574449
892 115 0 2 0 0.58200000000000000000000000000000000000 5.7931132183759833088228556522451292412
892 213 1 1 0 0.38200000000000000000000000000000000000 3.3103444901898082036230540194533762946
892 235 0 0 0 0.067000000000000000000000000000000000000 2.8445993812528966278646731191119509067
892 287 1 1 0 0.27700000000000000000000000000000000000 1.7271011754019539460529305661673628004
892 551 3 3 3 0.028000000000000000000000000000000000000 -0.24853383047697229504289748873379218227
892 689 1 1 0 0.45300000000000000000000000000000000000 -1.1899563272807429233502407940039368473
892 703 0 0 0 0.017000000000000000000000000000000000000 -1.3240820787850975232279518688342376925
893 42 2 2 2 0.029000000000000000000000000000000000000 9.4012493061281031269372039485495307688
893 134 0 0 0 0.078000000000000000000000000000000000000 5.2207305165776504664829281667105868664
893 206 0 0 0 0.017000000000000000000000000000000000000 3.4662925078632669112325542789352712815
893 254 1 1 1 0.052000000000000000000000000000000000000 2.4513552314667563052246850351845906385
893 368 1 1 1 0.020000000000000000000000000000000000000 -2.4552368119945438526574748956684592071
893 508 0 0 0 0.079000000000000000000000000000000000000 -0.078038482256417701161818224896126007109
893 614 1 1 0 0.28000000000000000000000000000000000000 -0.59931761373045080801245776798837144512
893 644 0 0 0 0.074000000000000000000000000000000000000 -0.80937583768880487600023677712893278629
893 682 0 0 0 0.017000000000000000000000000000000000000 -1.1194801960862878071481745933305458342
893 784 0 0 0 0.065000000000000000000000000000000000000 -2.3477620431200838206695578622053381692
893 856 1 1 1 0.022000000000000000000000000000000000000 -4.2908924330928437258673366498677939452
894 113 0 0 0 0.015000000000000000000000000000000000000 5.8666919482766895936082193556285169536
894 379 0 0 0 0.015000000000000000000000000000000000000 -1.2404771653516382291854901135426606276
894 691 0 2 0 0.40100000000000000000000000000000000000 -1.1941617324075863748489228427485289600
895 62 0 0 0 0.014000000000000000000000000000000000000 8.0376183641097309505297043721042835867
895 106 1 1 1 0.020000000000000000000000000000000000000 6.1073011646340697727713871030132668623
895 244 1 1 0 0.32500000000000000000000000000000000000 2.6728977073457268317165124824662141620
895 568 1 1 1 0.040000000000000000000000000000000000000 -0.32289053567168448742510916986446225195
895 634 0 0 0 0.064000000000000000000000000000000000000 -0.72610689819973640939917106710640713527
895 686 1 1 1 0.022000000000000000000000000000000000000 -1.1415644058157571627570928728446810697
895 874 0 0 0 0.015000000000000000000000000000000000000 -5.2940392552067416468133794002948486864
896 649 0 0 0 0.098000000000000000000000000000000000000 -0.83065585888671565683753084689488342791
897 118 0 0 0 0.018000000000000000000000000000000000000 5.7179072265740473204545953767623913924
898 187 1 1 0 0.37100000000000000000000000000000000000 3.9107960730794292312259435393548220561
898 209 0 0 0 0.015000000000000000000000000000000000000 3.4265446332549032784574936491782905067
898 249 1 1 1 0.019000000000000000000000000000000000000 2.5856677852019381843788911142484683245
898 301 0 2 0 0.39400000000000000000000000000000000000 1.4456694871566826027637476109691627139
898 323 0 0 0 0.075000000000000000000000000000000000000 0.86996789213329222588721638512068641688
898 413 0 0 0 0.075000000000000000000000000000000000000 -0.21641927925045585950463608264201051814
898 447 0 0 0 0.078000000000000000000000000000000000000 -0.017649445063479423557214523662167499158
898 481 1 3 1 0.58200000000000000000000000000000000000 -0.011323685722358442396218598670016486043
898 597 1 1 0 0.30100000000000000000000000000000000000 -0.47246339735097911938303982251742319753
898 667 1 1 0 0.37700000000000000000000000000000000000 -0.96004511939905482002601157080143207955
898 737 0 0 0 0.016000000000000000000000000000000000000 -1.6366506790894375078011206492036325686
898 779 1 1 0 0.31200000000000000000000000000000000000 -2.1967893762247217565627935430670084193
899 94 1 1 0 0.35500000000000000000000000000000000000 6.5630167501628301872049593442738705103
899 158 3 3 3 0.23300000000000000000000000000000000000 4.6051760491632552181753991380526916788
899 178 1 1 0 0.18600000000000000000000000000000000000 4.1219421176564239714206103286338799113
899 298 0 0 0 0.013000000000000000000000000000000000000 1.5250856506169391669257868706458253368
899 304 1 1 1 0.017000000000000000000000000000000000000 1.3810871155469690935253859558879156147
899 366 1 1 1 0.15900000000000000000000000000000000000 -1.3597667594805812055653456681781381684
899 374 1 1 1 0.19900000000000000000000000000000000000 -2.6312374654088955594058932821735380834
899 382 0 0 0 0.015000000000000000000000000000000000000 -1.1660277159380642178462098367107066846
899 416 2 2 1 0.46900000000000000000000000000000000000 -0.18894201345229422897337609839728364971
899 452 0 0 0 0.071000000000000000000000000000000000000 -0.0095064947944791776813752390748688246658
899 484 0 2 0 0.42600000000000000000000000000000000000 -0.014813260874442863730023128973234250254
899 536 1 1 1 0.11300000000000000000000000000000000000 -0.16478317059182626620442856521237857016
899 542 0 2 0 0.50200000000000000000000000000000000000 -0.18943622162813273098958827408550581522
899 766 1 1 0 0.51600000000000000000000000000000000000 -1.9936404807349188412194821925029534673
901 122 2 2 2 0.027000000000000000000000000000000000000 5.6097546789977858932423324547426157841
901 292 1 1 1 0.020000000000000000000000000000000000000 1.6793502382187827947923877144456004369
901 448 0 0 0 0.017000000000000000000000000000000000000 -0.018715078148413734139318133219650878108
901 488 0 2 0 0.35900000000000000000000000000000000000 -0.019471880794409486777832494403141942865
901 502 2 2 2 0.19200000000000000000000000000000000000 -0.048953599339930513806558162571047651155
901 604 0 0 0 0.079000000000000000000000000000000000000 -0.50231385248794974299162412254552298570
901 628 0 0 0 0.085000000000000000000000000000000000000 -0.65548404080472029594661445905385915583
902 47 1 1 1 0.093000000000000000000000000000000000000 9.0417667198178148811255617856512179964
902 83 1 1 1 0.025000000000000000000000000000000000000 7.0249135895306288821769499459458563725
902 101 1 1 0 0.39300000000000000000000000000000000000 6.3132595776087793493053226599012574495
902 181 0 0 0 0.078000000000000000000000000000000000000 4.0663589573616725931331021138508244362
902 239 0 2 0 0.57100000000000000000000000000000000000 2.8162503187062340451401684049378348235
902 293 1 1 1 0.020000000000000000000000000000000000000 1.6639374710710823165165232180077555890
902 337 1 1 0 0.32200000000000000000000000000000000000 0.47526837532899197293712831207223764973
902 599 1 1 0 0.29700000000000000000000000000000000000 -0.46858967048497229792901762337388070791
902 631 0 0 0 0.014000000000000000000000000000000000000 -0.67105596726765490918252489799315030307
902 701 0 2 0 0.51200000000000000000000000000000000000 -1.2294784157791179406283461050732908162
903 802 0 0 0 0.086000000000000000000000000000000000000 -2.5076308776509814656459082693724630075
904 141 2 2 2 0.036000000000000000000000000000000000000 5.0722421569549642907172583237156433729
904 209 0 0 0 0.016000000000000000000000000000000000000 3.4563907703755420866999453742110521782
904 253 0 0 0 0.018000000000000000000000000000000000000 2.5371957941405153095242387735209034871
904 377 2 2 2 0.042000000000000000000000000000000000000 -2.2520963404028099062890630830380164164
904 391 2 2 2 0.025000000000000000000000000000000000000 -0.76841497521937723012725914000192555366
904 407 1 1 0 0.36400000000000000000000000000000000000 -0.33842679624644895989904725397437930480
905 506 1 1 0 0.37100000000000000000000000000000000000 -0.053433512853445177432499414465357178406
905 866 0 0 0 0.12900000000000000000000000000000000000 -4.2212213567543882204576704123935825815
906 7 0 0 0 0.017000000000000000000000000000000000000 15.691706417921826936205063805690883460
906 139 1 1 0 0.29000000000000000000000000000000000000 5.1357229857550624897911429667707836407
906 241 1 1 0 0.20600000000000000000000000000000000000 2.7968235133057422843301286531339507050
908 91 1 1 0 0.37600000000000000000000000000000000000 6.7168034655278632000069786337060514621
908 159 1 1 1 0.018000000000000000000000000000000000000 4.6196883917343836442434798012849947917
908 427 1 1 0 0.33000000000000000000000000000000000000 -0.12899646309976845389602997307247211151
908 517 0 0 0 0.076000000000000000000000000000000000000 -0.079436660298555990355838993036602311617
908 687 1 1 1 0.025000000000000000000000000000000000000 -1.0638214263292853313633976232034199309
908 725 1 1 0 0.34000000000000000000000000000000000000 -1.4178889887706161377462993948573851771
908 731 1 1 1 0.023000000000000000000000000000000000000 -1.4803085408549299915065313258645949231
908 775 0 0 0 0.018000000000000000000000000000000000000 -2.0120608786896838139069172860346579434
909 502 1 1 0 0.35900000000000000000000000000000000000 -0.038448511188228775607663852963446732067
909 554 0 0 0 0.026000000000000000000000000000000000000 -0.21490772302737393174198621086503435886
909 818 1 1 1 0.10300000000000000000000000000000000000 -2.7096887511164265571771484632886506860
911 434 1 1 0 0.23300000000000000000000000000000000000 -0.091707640907757282592758600515489818480
911 442 0 0 0 0.086000000000000000000000000000000000000 -0.052301496203149541982163140735902563869
911 476 0 0 0 0.019000000000000000000000000000000000000 -0.00089294155248503515584379362957435897446
911 532 1 1 0 0.44200000000000000000000000000000000000 -0.12296212191258373928574536679764028419
911 742 1 1 0 0.36100000000000000000000000000000000000 -1.5729535906851184865079107494148803101
912 23 0 0 0 0.017000000000000000000000000000000000000 11.577590225490476492975077105987160321
913 76 0 0 0 0.017000000000000000000000000000000000000 7.3842176563017956712907826775707269866
913 122 2 2 2 0.025000000000000000000000000000000000000 5.6593508911258314226543200497163228808
913 224 0 0 0 0.080000000000000000000000000000000000000 3.1855044735802611741906044263254102036
913 284 0 0 0 0.020000000000000000000000000000000000000 1.9408290181081768374112589031858641739
913 298 1 1 0 0.36300000000000000000000000000000000000 1.6316433916447786206499149282949865614
913 354 1 1 0 0.38500000000000000000000000000000000000 -0.032834552726073057538332661638167520989
913 388 1 1 0 0.44700000000000000000000000000000000000 -1.1619999316867517782154388401537851169
913 444 1 1 0 0.38000000000000000000000000000000000000 -0.048246310252683179626246061589457613969
913 466 0 0 0 0.015000000000000000000000000000000000000 -0.0021345713037824624455074904951806171709
913 536 0 0 0 0.021000000000000000000000000000000000000 -0.13312285092502896603131697659583283752
913 556 0 0 0 0.020000000000000000000000000000000000000 -0.21300866266444184872700126760975515388
913 626 0 2 0 0.48000000000000000000000000000000000000 -0.58815639713943800766373007501557676889
913 632 0 0 0 0.089000000000000000000000000000000000000 -0.62675714802959111859192546709361692259
913 634 2 2 2 0.032000000000000000000000000000000000000 -0.63985388898164773019015839710828790995
914 305 0 2 0 0.48000000000000000000000000000000000000 1.4777725937527368187488541555640391133
914 325 1 1 0 0.42200000000000000000000000000000000000 0.97465535819439293821277071954077062765
914 477 1 1 0 0.30300000000000000000000000000000000000 -0.00068214280765802225902280664942265427026
914 511 1 1 0 0.49700000000000000000000000000000000000 -0.053351870159270666564956235911070678152
914 549 1 1 1 0.089000000000000000000000000000000000000 -0.18103780920961704756644041357752991870
914 731 0 0 0 0.020000000000000000000000000000000000000 -1.4302262659776869088790425116885505264
916 111 1 1 0 0.35000000000000000000000000000000000000 6.0228554154349672678562501423144514099
916 253 1 1 1 0.28900000000000000000000000000000000000 2.6059446942224301476936887581434326475
916 355 1 1 0 0.29200000000000000000000000000000000000 -0.025302854559515906156192038065765062588
916 451 0 0 0 0.069000000000000000000000000000000000000 -0.029841656691544351067277808703219509552
916 575 1 1 1 0.11400000000000000000000000000000000000 -0.29168676521999589871197454458812265715
917 100 0 0 0 0.015000000000000000000000000000000000000 6.4098855903782517664906844606064869055
917 158 2 2 2 0.028000000000000000000000000000000000000 4.6837659614235550511696064106228743052
917 268 1 1 0 0.31900000000000000000000000000000000000 2.3035297778696758837184627285370823875
917 344 0 0 0 0.14400000000000000000000000000000000000 0.42715169339766991263815021397590931598
917 422 1 1 1 0.022000000000000000000000000000000000000 -0.21350271627553636071081789062617639865
917 446 1 1 0 0.25800000000000000000000000000000000000 -0.048037337295950646910657803736326349738
917 480 0 0 0 0.075000000000000000000000000000000000000 -0.0012654970932763227876172593915827883250
917 526 0 0 0 0.073000000000000000000000000000000000000 -0.091289665832933970568969667923043372682
917 562 1 1 0 0.37100000000000000000000000000000000000 -0.22857543628342600078329194756792662418
917 596 1 1 0 0.37300000000000000000000000000000000000 -0.39611262443896849197543535363253492777
917 664 1 1 0 0.44500000000000000000000000000000000000 -0.82910056380205626583862320933470045091
917 832 0 0 0 0.024000000000000000000000000000000000000 -2.8494200084770989204802873540096004645
918 671 1 1 0 0.37600000000000000000000000000000000000 -0.87593791158934142669881789295889640004
919 438 2 2 2 0.025000000000000000000000000000000000000 -0.090610829281870089750430774815876399706
919 506 1 1 0 0.33000000000000000000000000000000000000 -0.035139589878395492921349780901166521112
919 646 0 0 0 0.087000000000000000000000000000000000000 -0.69192523819288152446940378122061385864
919 786 1 1 0 0.33600000000000000000000000000000000000 -2.0343169995293423668586985620634793706
919 852 1 1 0 0.33800000000000000000000000000000000000 -3.2828482419066061558328693949402503652
920 67 0 0 0 0.014000000000000000000000000000000000000 7.8602821349748948304223107766431768243
920 543 1 1 1 0.022000000000000000000000000000000000000 -0.14371920620380059405129444610609897568
921 388 0 0 0 0.015000000000000000000000000000000000000 -1.4934255459347745761070767363722126415
921 536 0 0 0 0.019000000000000000000000000000000000000 -0.11658094471663051531688457885337159390
921 668 1 1 1 0.019000000000000000000000000000000000000 -0.83721796483893731662315525809273323128
922 411 0 0 0 0.016000000000000000000000000000000000000 -0.41371926121275389302585728491995393870
922 611 2 2 1 0.50300000000000000000000000000000000000 -0.46125649875052887377769737961270921777
922 713 1 1 0 0.36800000000000000000000000000000000000 -1.1973747911665531042009446516898879344
922 781 1 1 0 0.64400000000000000000000000000000000000 -1.9322814765268685645094662820030627054
923 20 1 1 0 0.44100000000000000000000000000000000000 12.105987629712516085458894743096647572
923 34 2 2 1 0.41500000000000000000000000000000000000 10.256204506749661320524331183118055540
923 62 0 2 0 0.50100000000000000000000000000000000000 8.1466830033289530362012132609881856546
923 118 0 2 0 0.47600000000000000000000000000000000000 5.8244185654013533112907470567464835199
923 218 0 0 0 0.076000000000000000000000000000000000000 3.3602102695824134556162936105581621747
923 342 1 1 1 0.018000000000000000000000000000000000000 0.56921056264773406178607085921269345963
923 388 1 1 0 0.20400000000000000000000000000000000000 -1.6052209166437255078394528232939747720
923 496 1 1 1 0.022000000000000000000000000000000000000 -0.013494627683775917838382601427383347837
923 524 1 1 0 0.34300000000000000000000000000000000000 -0.074933988979747927010884911482578575656
923 694 1 1 0 0.44200000000000000000000000000000000000 -1.0278382368436963885652174020823557774
923 904 1 1 0 0.36000000000000000000000000000000000000 -5.5238878500944082938617341195884783847
925 232 1 1 1 0.019000000000000000000000000000000000000 3.0821134942913807357707097917414611665
925 244 1 1 0 0.26400000000000000000000000000000000000 2.8384023348068059346816533907789920487
925 428 1 1 1 0.17100000000000000000000000000000000000 -0.18925178556633792835076863593745733578
925 538 1 1 1 0.085000000000000000000000000000000000000 -0.11546198883617243641731772551993787844
926 427 0 0 0 0.015000000000000000000000000000000000000 -0.20425475316611021971412701384580888486
926 803 2 2 2 0.031000000000000000000000000000000000000 -2.1924522339488275568480993164534311404
926 817 0 2 0 0.44900000000000000000000000000000000000 -2.4142399111056788134742647432831603555
927 382 1 1 0 0.24100000000000000000000000000000000000 -2.4501888416722693070735487840061023531
928 129 1 1 1 0.057000000000000000000000000000000000000 5.5109792923323185378036689054617887046
928 143 0 0 0 0.021000000000000000000000000000000000000 5.1188964805994692824573035310954876274
928 589 0 0 0 0.021000000000000000000000000000000000000 -0.32317310256315507640897918589547148100
928 623 3 3 3 0.052000000000000000000000000000000000000 -0.50759890974908709162916112516302826087
928 649 1 1 1 0.021000000000000000000000000000000000000 -0.66981148200501881368767157168141806471
928 833 1 1 0 0.42200000000000000000000000000000000000 -2.6690703886567833079554566456320590815
929 126 0 0 0 0.026000000000000000000000000000000000000 5.6035343924996566687875219149910752260
929 418 1 1 0 0.31700000000000000000000000000000000000 -0.34266287913642636424003409723531512971
929 534 2 2 1 0.43200000000000000000000000000000000000 -0.094776613435694486600762830466909440787
929 670 1 1 1 0.10200000000000000000000000000000000000 -0.80964962198126575221364725758717631490
931 268 2 2 2 0.030000000000000000000000000000000000000 2.3867236387551566778322791860938284716
931 334 0 0 0 0.015000000000000000000000000000000000000 0.89415016816644458351333277798356532759
931 664 0 0 0 0.077000000000000000000000000000000000000 -0.75708121699134101093690787483190943276
931 902 1 1 0 0.43200000000000000000000000000000000000 -4.7952535459830182322024394327642836320
932 267 0 0 0 0.017000000000000000000000000000000000000 2.4128007725640260664370759400619024766
932 309 0 0 0 0.064000000000000000000000000000000000000 1.5236931699134574452989809206683912185
932 371 1 1 0 0.30100000000000000000000000000000000000 -0.56083662494439416692201533053206788348
932 721 1 1 0 0.26600000000000000000000000000000000000 -1.1997476250641431327237480261787579879
932 745 0 0 0 0.028000000000000000000000000000000000000 -1.4262549306020414590892591597494924411
933 418 0 0 0 0.021000000000000000000000000000000000000 -0.37384431144831956317419894619597720994
934 497 1 1 0 0.32300000000000000000000000000000000000 -0.0074777388143352791249243176449823898669
934 535 0 0 0 0.073000000000000000000000000000000000000 -0.088984341256202562507151620389846999653
934 725 2 2 2 0.037000000000000000000000000000000000000 -1.2216543056992018841923648125293511315
934 731 2 2 1 0.48100000000000000000000000000000000000 -1.2763324492027002216891281246438168399
935 346 1 1 1 0.079000000000000000000000000000000000000 0.58336826018370679870842183596201350490
935 606 1 1 0 0.38800000000000000000000000000000000000 -0.38713221016875324712398326695278544616
936 803 1 1 0 0.39100000000000000000000000000000000000 -2.0681703935287217084645531587794865846
937 174 0 2 0 0.42900000000000000000000000000000000000 4.3843924362838543236393276832227320319
937 372 1 1 0 0.33400000000000000000000000000000000000 -0.49578920083446818205349731459750036287
937 580 0 2 0 0.48300000000000000000000000000000000000 -0.25392358426639571252430383459020950854
937 638 1 1 1 0.30800000000000000000000000000000000000 -0.56086429199400456208421524418448496674
937 814 1 1 0 0.32100000000000000000000000000000000000 -2.2141803099761573343876714346252523848
938 41 0 0 0 0.022000000000000000000000000000000000000 9.6578984209207898038264490537881938673
938 107 0 2 0 0.53000000000000000000000000000000000000 6.2452295597375239873495745688106034449
938 283 1 1 0 0.32000000000000000000000000000000000000 2.1229402335473012469596680608049644922
938 373 1 1 0 0.23500000000000000000000000000000000000 -0.53493624758819294248654629976495465847
938 547 1 1 1 0.021000000000000000000000000000000000000 -0.12033347360161627056767115936979427780
938 619 1 1 0 0.40900000000000000000000000000000000000 -0.44675018889513783385907236877227231180
938 653 1 1 0 0.32900000000000000000000000000000000000 -0.65038787902638749765261443204115487535
938 751 0 0 0 0.068000000000000000000000000000000000000 -1.4382739178262581048358804962655491060
938 881 0 0 0 0.070000000000000000000000000000000000000 -3.6093098260973771701425386228032627677
939 106 1 1 0 0.37300000000000000000000000000000000000 6.2835428113551942715019042754761465941
939 356 1 1 0 0.27900000000000000000000000000000000000 0.29465424102462360983490686703019303497
939 562 1 1 0 0.29300000000000000000000000000000000000 -0.17310326759651484186347724422779271244
939 752 1 1 1 0.020000000000000000000000000000000000000 -1.4402693735410325926330521779449650857
940 173 2 2 2 0.025000000000000000000000000000000000000 4.4205890910679267441438378780807367006
940 269 2 2 1 0.61200000000000000000000000000000000000 2.4186551895342090437754519262034744255
940 331 1 1 0 0.33900000000000000000000000000000000000 1.0595628185818038210405812131689521095
940 929 0 2 0 0.55400000000000000000000000000000000000 -6.5126866895090260462090491443096076319
941 228 1 3 1 0.51500000000000000000000000000000000000 3.2434516140705280851870937968560239556
941 402 1 1 0 0.27000000000000000000000000000000000000 -1.0184539489891846222695448889273504434
942 139 0 0 0 0.019000000000000000000000000000000000000 5.2847985519270527640613315388995594550
943 44 0 0 0 0.016000000000000000000000000000000000000 9.4291492732537542793396736652757688161
943 206 3 3 3 0.031000000000000000000000000000000000000 3.7058580810923210290255089118780493887
943 308 1 1 0 0.38900000000000000000000000000000000000 1.6270662706281053484716568790134956872
943 334 0 0 0 0.070000000000000000000000000000000000000 1.0091831756508240693578482056090538407
943 478 1 1 1 0.091000000000000000000000000000000000000 -0.0048273836186317516983958735976187184917
943 514 2 2 2 0.029000000000000000000000000000000000000 -0.025022780663136312390504462134280844966
943 542 0 0 0 0.032000000000000000000000000000000000000 -0.094629906486393147384670464111690690600
943 586 1 1 0 0.37000000000000000000000000000000000000 -0.26421530683460121660648696513974484726
943 706 1 1 0 0.27100000000000000000000000000000000000 -1.0036378399670589899079227794109945390
943 734 1 1 1 0.088000000000000000000000000000000000000 -1.2396581692725935436757516295455203497
943 784 0 0 0 0.072000000000000000000000000000000000000 -1.7510374946775929956426345265162828944
943 824 0 2 0 0.58300000000000000000000000000000000000 -2.2866706346987100041786456462658914813
944 155 1 1 0 0.36500000000000000000000000000000000000 4.8730149911752072176324421746250511261
944 427 0 0 0 0.083000000000000000000000000000000000000 -0.30755000715966773519863808057708162546
944 475 0 0 0 0.020000000000000000000000000000000000000 -0.0089789233666878567763021298429649489436
944 559 1 1 1 0.091000000000000000000000000000000000000 -0.15042475335974351615934734292682890468
944 573 1 1 1 0.021000000000000000000000000000000000000 -0.20519484083164654415492706484695749442
944 707 1 1 0 0.40600000000000000000000000000000000000 -1.0056256495081071812968390819718120777
946 41 0 0 0 0.017000000000000000000000000000000000000 9.6876303228580300253981963005367931140
946 167 1 1 0 0.41400000000000000000000000000000000000 4.5875150305540815717162925723504635312
946 211 0 2 0 0.45800000000000000000000000000000000000 3.6152264298427613207198413342213985952
946 349 0 0 0 0.070000000000000000000000000000000000000 0.61654474539237830995469667056567793605
946 391 0 0 0 0.017000000000000000000000000000000000000 -3.2160131795053444836320339919997328063
946 449 1 1 1 0.10600000000000000000000000000000000000 -0.10154207437575150086979369258468359519
946 503 1 1 0 0.25300000000000000000000000000000000000 -0.0070792237249346769633356536782241926689
946 509 1 1 1 0.020000000000000000000000000000000000000 -0.014383099015346469562650704040754619467
946 533 0 0 0 0.019000000000000000000000000000000000000 -0.063846646211999976287496494167748770458
946 673 0 0 0 0.11900000000000000000000000000000000000 -0.74550404881941295342770201293154119187
946 687 1 1 0 0.32000000000000000000000000000000000000 -0.84345660706122725264747635658647677212
946 707 1 1 0 0.43400000000000000000000000000000000000 -0.99383542467791854314597423804989402652
946 743 0 0 0 0.070000000000000000000000000000000000000 -1.3002886361149662463566122849409227626
946 823 0 0 0 0.022000000000000000000000000000000000000 -2.2317603707585052126648943560654105292
947 364 0 0 0 0.014000000000000000000000000000000000000 0.10324985494639041296727831531894920988
947 532 0 2 0 0.51700000000000000000000000000000000000 -0.059769050467592045481550752641417623979
947 744 0 0 0 0.018000000000000000000000000000000000000 -1.3022709940493091808508346167930929425
949 136 0 2 0 0.56100000000000000000000000000000000000 5.3958445614817649243827353225345190412
949 284 2 2 1 0.47300000000000000000000000000000000000 2.1699103739136875576608095682497895033
949 298 2 2 1 0.38700000000000000000000000000000000000 1.8824821623727111174797692788903742767
949 322 2 2 2 0.022000000000000000000000000000000000000 1.3557151323623997385576398954678421950
949 362 1 1 0 0.30700000000000000000000000000000000000 0.21245305013239759881830343780937520885
949 542 1 1 1 0.12000000000000000000000000000000000000 -0.084250703894175601320829479172490037607
949 592 1 1 0 0.43700000000000000000000000000000000000 -0.27452214111066873305790499105300922683
949 602 1 1 1 0.11600000000000000000000000000000000000 -0.32158058610548385030212510562694448153
949 794 1 1 1 0.091000000000000000000000000000000000000 -1.8102040323023866626722246913053818695
949 892 1 1 0 0.31900000000000000000000000000000000000 -3.6301530651629418845350036997239989664
950 229 2 2 1 0.31300000000000000000000000000000000000 3.2671276962498270680766912511985201125
950 467 2 2 1 0.37500000000000000000000000000000000000 -0.031913556916751919253381383711162106918
950 499 1 1 1 0.036000000000000000000000000000000000000 -0.0021574692373698015257025282318561899978
951 302 1 1 0 0.29000000000000000000000000000000000000 1.8117358010613549231294627415602041026
951 362 1 1 0 0.29000000000000000000000000000000000000 0.24124109532658311060378557659338186023
951 566 1 1 1 0.028000000000000000000000000000000000000 -0.16100274756410718484532311915202741164
951 652 1 1 0 0.42500000000000000000000000000000000000 -0.58782269175107655736871967312054951426
952 193 1 1 0 0.43800000000000000000000000000000000000 4.0236078333602174754184988609220863388
952 401 1 1 0 0.36900000000000000000000000000000000000 -1.5005971963053052119264913218686906042
952 479 1 1 0 0.34500000000000000000000000000000000000 -0.0090138815364702254860164587861808456187
952 491 0 2 0 0.57300000000000000000000000000000000000 -0.00013942901139617959796607211944556791185
952 523 1 1 0 0.40800000000000000000000000000000000000 -0.032766643145700358564450053336607856134
952 643 1 1 1 0.095000000000000000000000000000000000000 -0.53009175119930648356083626387416307159
952 691 0 0 0 0.064000000000000000000000000000000000000 -0.84090066481183508271249965157995222876
952 739 1 1 0 0.44600000000000000000000000000000000000 -1.2218996604664076380574947872785447612
953 174 0 0 0 0.086000000000000000000000000000000000000 4.4527002725976839790923416121501844493
953 238 0 0 0 0.084000000000000000000000000000000000000 3.1023704838076222366865992234169562440
953 286 2 2 2 0.12400000000000000000000000000000000000 2.1537372991222610346376642058789291586
953 812 0 2 0 0.49900000000000000000000000000000000000 -1.9934945589308001339278848210314676795
954 551 1 1 1 0.023000000000000000000000000000000000000 -0.10296137796553957622389794773180299314
954 863 0 2 0 0.53500000000000000000000000000000000000 -2.7974543380398831396455552309923824409
955 56 1 1 0 0.32900000000000000000000000000000000000 8.6263223708847998081339080942118547174
955 178 1 1 1 0.13400000000000000000000000000000000000 4.3694129041667488477707865289966438830
955 394 0 0 0 0.053000000000000000000000000000000000000 -2.6780761908620713256508569975710006966
955 794 0 0 0 0.075000000000000000000000000000000000000 -1.7513070897499950499863890568056157412
955 878 0 0 0 0.082000000000000000000000000000000000000 -3.1015533726966955575299948499311259097
956 253 1 1 1 0.031000000000000000000000000000000000000 2.8222867511329462315593106765852674490
956 329 1 1 0 0.42300000000000000000000000000000000000 1.2470931309985843706291528115589592149
956 407 1 1 0 0.28800000000000000000000000000000000000 -1.1096332547314336198450216086231426379
956 451 2 2 1 0.37900000000000000000000000000000000000 -0.11906866827331922991813553830536447048
956 539 0 0 0 0.096000000000000000000000000000000000000 -0.064806890639672147601166124712867771525
956 703 1 1 1 0.079000000000000000000000000000000000000 -0.90690006149641213234972139697605738141
956 749 1 1 0 0.40400000000000000000000000000000000000 -1.2834050698132706938995260771953672477
956 815 1 1 0 0.37200000000000000000000000000000000000 -1.9993075115674356546669422839677473257
956 851 0 0 0 0.023000000000000000000000000000000000000 -2.5408517002432445713415813880976177107
958 87 1 1 0 0.33600000000000000000000000000000000000 7.0722454245498916676908479234502238787
958 217 0 0 0 0.13900000000000000000000000000000000000 3.5473237711919026722964684646609662309
958 505 2 2 2 0.081000000000000000000000000000000000000 -0.0033130326166034170273425226333859436039
958 721 0 2 0 0.51900000000000000000000000000000000000 -1.0332426362543558325551377402224104864
958 771 0 0 0 0.096000000000000000000000000000000000000 -1.4777718346980824696130434464974520479
958 799 0 0 0 0.017000000000000000000000000000000000000 -1.7803907911095786347839038196656617142
959 62 1 1 0 0.39800000000000000000000000000000000000 8.2819743154208332325657268898534520475
959 146 1 1 0 0.41100000000000000000000000000000000000 5.1653503852852156552402778239254030818
959 262 0 0 0 0.024000000000000000000000000000000000000 2.6621230320614228663267272056395692714
959 314 0 2 0 0.40900000000000000000000000000000000000 1.6102875550899424304775614792356178978
959 466 1 1 0 0.39200000000000000000000000000000000000 -0.049611011165003396882087139829614626482
959 614 1 1 0 0.38200000000000000000000000000000000000 -0.34909516823934601623141558652109113530
959 674 1 1 0 0.31800000000000000000000000000000000000 -0.69116401010074826864476112355106637914
959 752 1 1 0 0.37800000000000000000000000000000000000 -1.2892846995538637051039071548535783704
959 758 0 0 0 0.072000000000000000000000000000000000000 -1.3444643307409347629507675228164931323
959 922 2 2 1 0.56900000000000000000000000000000000000 -4.4171824305555525788749500150643260506
961 532 0 0 0 0.018000000000000000000000000000000000000 -0.041204079755069648164539916509471506792
961 590 1 1 0 0.38000000000000000000000000000000000000 -0.23295433216730056306336867941588489947
961 616 0 0 0 0.017000000000000000000000000000000000000 -0.35264703213278675368522576833555693293
961 638 1 1 1 0.093000000000000000000000000000000000000 -0.46759501120626883892474631528476492595
962 27 2 2 2 0.024000000000000000000000000000000000000 11.204887041753284986601825419818286575
962 227 1 1 0 0.34000000000000000000000000000000000000 3.3644261799570084697099743590159372459
962 311 1 1 0 0.37100000000000000000000000000000000000 1.6957451667836641674051764277576767517
962 379 0 0 0 0.023000000000000000000000000000000000000 -0.32562948212258582698990337423219418041
962 401 1 1 0 0.21800000000000000000000000000000000000 -2.3126606931758452824440246107099420975
962 571 0 0 0 0.090000000000000000000000000000000000000 -0.15530393005145342804582812497631486474
962 929 1 1 0 0.21500000000000000000000000000000000000 -4.6250006412513924071064481163422110176
963 164 1 1 0 0.40500000000000000000000000000000000000 4.7298405470656901710863769455511579540
963 346 0 0 0 0.072000000000000000000000000000000000000 0.88020397033656745990166580993238244213
964 247 0 0 0 0.090000000000000000000000000000000000000 2.9801943072533626658248617281100917342
964 471 1 1 1 0.090000000000000000000000000000000000000 -0.040666451630992431666413812374688054910
964 583 0 0 0 0.085000000000000000000000000000000000000 -0.19660476528400602141105468770715006944
964 763 0 0 0 0.055000000000000000000000000000000000000 -1.3542160333463266772795256034301203093
964 779 0 0 0 0.078000000000000000000000000000000000000 -1.5095708128911227501461380596771822323
964 803 0 0 0 0.017000000000000000000000000000000000000 -1.7687559896407925323165939979909386305
965 426 0 0 0 0.065000000000000000000000000000000000000 -0.50323688672049646692751942766568132599
965 778 0 0 0 0.022000000000000000000000000000000000000 -1.4913951340449817581331857507301013731
965 832 0 0 0 0.021000000000000000000000000000000000000 -2.1244621253925915958492005022163561290
966 383 1 1 0 0.33500000000000000000000000000000000000 -0.46434401123007136196216916715152417170
967 230 0 0 0 0.081000000000000000000000000000000000000 3.3283358216861699017444046636039023053
967 252 2 2 2 0.031000000000000000000000000000000000000 2.8980649148915766637138299638215846083
967 610 0 2 0 0.48500000000000000000000000000000000000 -0.30549137666141038509262382129495432588
967 638 2 2 1 0.62000000000000000000000000000000000000 -0.44601156855581770851358792140062207932
968 217 0 0 0 0.016000000000000000000000000000000000000 3.5930747387126439251218948781942171380
968 303 1 1 1 0.021000000000000000000000000000000000000 1.9022641355470344641289247160425484024
968 667 0 0 0 0.024000000000000000000000000000000000000 -0.60798613371012843945196884601371597731
968 799 0 0 0 0.015000000000000000000000000000000000000 -1.6861851917688414729819285866202286713
969 178 0 0 0 0.017000000000000000000000000000000000000 4.4282214741421066295241160539166769448
969 472 1 1 0 0.36700000000000000000000000000000000000 -0.045523967088562808118750333830764787340
969 802 1 1 0 0.33800000000000000000000000000000000000 -1.7102865125167646576119206473943534101
970 53 1 1 1 0.020000000000000000000000000000000000000 8.8749610665755009033437990843682792907
970 493 1 1 1 0.11600000000000000000000000000000000000 -0.0036521657597125575046321822288753175059
970 571 0 0 0 0.020000000000000000000000000000000000000 -0.13842804976160891634587949597848537720
970 859 1 1 0 0.40800000000000000000000000000000000000 -2.4659008120095595524857919258975463130
971 110 1 1 0 0.37400000000000000000000000000000000000 6.2706110564941502874300259437490665694
971 168 0 0 0 0.017000000000000000000000000000000000000 4.6673514263908260531805083657943057448
971 238 0 0 0 0.069000000000000000000000000000000000000 3.1899983639248391265954860363923260941
971 498 1 1 0 0.24100000000000000000000000000000000000 -0.00091104852033422369429749235895220537603
971 644 2 2 1 0.45500000000000000000000000000000000000 -0.46412095647564318657555468503780042208
971 740 1 1 1 0.080000000000000000000000000000000000000 -1.1066752825926052638082748891778355723
972 301 0 0 0 0.066000000000000000000000000000000000000 1.9681710532020202138277140108175516007
973 94 1 1 0 0.35300000000000000000000000000000000000 6.8494953019858765373610992802443759066
973 236 1 1 0 0.35800000000000000000000000000000000000 3.2386288948090522395230503196743891129
973 424 2 2 2 0.022000000000000000000000000000000000000 -0.65584295502219663132057814826668671634
973 446 1 1 1 0.10900000000000000000000000000000000000 -0.23268478062838366179079740461144892992
973 562 0 0 0 0.015000000000000000000000000000000000000 -0.10304262585684214777869864504992851252
973 608 0 0 0 0.075000000000000000000000000000000000000 -0.27911921683270931113064588499986309573
973 764 0 0 0 0.018000000000000000000000000000000000000 -1.2984371404822248182678066256110275339
973 794 0 0 0 0.084000000000000000000000000000000000000 -1.5885567326667433828522947179935433685
973 796 0 0 0 0.13700000000000000000000000000000000000 -1.6095345494014934553261931086452395334
974 203 1 1 0 0.34900000000000000000000000000000000000 3.9071718636801502582171761217312834572
974 259 3 3 3 0.032000000000000000000000000000000000000 2.7985206065824161544094658005712481553
974 335 1 1 0 0.34300000000000000000000000000000000000 1.2516458796841339529558388194476591681
974 377 0 2 0 0.44200000000000000000000000000000000000 -0.0047458606618512419698929932388271817163
974 437 1 1 0 0.35900000000000000000000000000000000000 -0.36307104848724108599592034895079249530
974 869 1 1 0 0.39200000000000000000000000000000000000 -2.5748820059698767940812383288079645220
976 91 0 0 0 0.020000000000000000000000000000000000000 6.9775193059248665377152063076234991063
976 437 1 1 0 0.32300000000000000000000000000000000000 -0.37844580854959923371948013553691103139
976 605 1 1 1 0.021000000000000000000000000000000000000 -0.25764339946550176656436317638846622698
976 703 1 1 0 0.50900000000000000000000000000000000000 -0.80352302236657318220704426764684382690
976 707 2 2 1 0.57000000000000000000000000000000000000 -0.83102718706453402336721900368777928455
976 767 1 1 1 0.022000000000000000000000000000000000000 -1.3042133397929263738384378692324673498
977 374 0 0 0 0.070000000000000000000000000000000000000 0.16282933312853526053354131938171210769
977 682 0 0 0 0.018000000000000000000000000000000000000 -0.66188051671395549514141396251132409831
977 816 0 0 0 0.018000000000000000000000000000000000000 -1.7936619251417154445446723694435262699
977 920 1 1 0 0.47000000000000000000000000000000000000 -3.6821090064246958965969574280968798574
978 89 0 0 0 0.084000000000000000000000000000000000000 7.0648195804826237504479189180512799873
978 791 1 1 1 0.095000000000000000000000000000000000000 -1.5164263933275417471406265117170434671
979 28 0 0 0 0.074000000000000000000000000000000000000 11.139182796035624345216784096154957136
979 94 0 0 0 0.019000000000000000000000000000000000000 6.8716814982294950517824124463881418796
979 142 2 2 2 0.031000000000000000000000000000000000000 5.3501316870206954498970524639973563590
979 266 0 0 0 0.062000000000000000000000000000000000000 2.6901162549365299667113955101416427138
979 332 0 0 0 0.015000000000000000000000000000000000000 1.3597599796922856554358423182876617040
979 334 0 0 0 0.016000000000000000000000000000000000000 1.3143461311930783024967980938383184872
979 358 1 1 0 0.27400000000000000000000000000000000000 0.70881777224964299746851978220105830973
979 370 1 1 1 0.020000000000000000000000000000000000000 0.33520968301644531774648051790649845526
979 384 2 2 2 0.021000000000000000000000000000000000000 -0.23777554026740642643721059819783395200
979 496 0 0 0 0.017000000000000000000000000000000000000 -0.0050668834242060157985152359665117191050
979 538 0 2 0 0.44700000000000000000000000000000000000 -0.033091928447465711198515051931721530727
979 568 1 1 1 0.11200000000000000000000000000000000000 -0.11096578406282308177099102534806866207
979 652 0 0 0 0.019000000000000000000000000000000000000 -0.47871710766184504728922283026629218484
979 656 1 1 0 0.45500000000000000000000000000000000000 -0.50071210226151931628647057565566219115
979 664 1 1 0 0.57100000000000000000000000000000000000 -0.54586675606244392574787978691311764068
979 838 1 1 0 0.38500000000000000000000000000000000000 -2.0432493408290435474011633069550555217
981 178 0 0 0 0.083000000000000000000000000000000000000 4.4777360702985081649715145248297838946
981 314 2 2 1 0.50200000000000000000000000000000000000 1.7609400918710786285429708429287159582
981 524 1 1 0 0.37400000000000000000000000000000000000 -0.0096097011803435141976527288043366703006
981 848 0 0 0 0.020000000000000000000000000000000000000 -2.1547669634560374847519946154127902285
982 33 1 1 0 0.43300000000000000000000000000000000000 10.576793277922228854115049394342684838
982 329 0 0 0 0.020000000000000000000000000000000000000 1.4490990874519410504560173472961607979
982 371 1 1 0 0.33500000000000000000000000000000000000 0.33979403363290784460181608828675537887
982 583 0 0 0 0.074000000000000000000000000000000000000 -0.15576630251605612333974267904752259122
982 679 0 0 0 0.13400000000000000000000000000000000000 -0.62213702146481865957083039758064587887
982 747 1 1 0 0.36900000000000000000000000000000000000 -1.0955922913150040414661522373375769313
982 803 0 0 0 0.020000000000000000000000000000000000000 -1.6057473714346945985614430592366212215
982 851 0 0 0 0.022000000000000000000000000000000000000 -2.1845450882078851189880470191839422164
983 532 1 1 0 0.35900000000000000000000000000000000000 -0.018837406002266629497026109751255248421
984 53 2 2 2 0.025000000000000000000000000000000000000 8.9253419761842810974230475916857130176
984 281 1 1 1 0.029000000000000000000000000000000000000 2.4299852443174929681407137458988529509
985 236 0 0 0 0.073000000000000000000000000000000000000 3.2949653657375328103834492246472675076
985 434 2 2 2 0.13900000000000000000000000000000000000 -0.52300900236868422843938559252960468409
985 548 0 0 0 0.018000000000000000000000000000000000000 -0.047138872154574610052585561787808305485
985 782 0 0 0 0.073000000000000000000000000000000000000 -1.3760567125951792711107089824845293164
986 59 0 0 0 0.016000000000000000000000000000000000000 8.5549958668366550893302416359798327300
986 181 1 1 0 0.49800000000000000000000000000000000000 4.4309553117324135793498818409178476774
986 211 1 1 0 0.21100000000000000000000000000000000000 3.7946686189109435893354240369092626678
986 223 1 1 0 0.33200000000000000000000000000000000000 3.5540999573447677647774472373481270066
986 271 1 1 1 0.073000000000000000000000000000000000000 2.6312901078920033202336608050720194224
986 433 1 3 0 0.40400000000000000000000000000000000000 -0.55944848236352055180979431135939958382
986 587 0 0 0 0.020000000000000000000000000000000000000 -0.16161577585266376330241952475137489428
986 601 1 1 0 0.27400000000000000000000000000000000000 -0.21519544335474412326580125604304587084
986 781 1 1 1 0.022000000000000000000000000000000000000 -1.3595786921741892695812468150617648273
988 119 1 1 1 0.26000000000000000000000000000000000000 6.0452752551923583369082930131314780342
988 251 3 3 3 0.029000000000000000000000000000000000000 3.0211050998152266626367292712347916583
988 321 3 3 3 0.025000000000000000000000000000000000000 1.6625966746200293076377215881486068037
988 469 0 0 0 0.055000000000000000000000000000000000000 -0.10116061920172330435358424442464167649
988 491 1 1 0 0.39000000000000000000000000000000000000 -0.019237290260914771488479791551721733001
988 517 0 2 0 0.45700000000000000000000000000000000000 -0.0011951197197821797344346919385562549875
988 553 1 1 1 0.020000000000000000000000000000000000000 -0.054839919725958047959027051799677636895
988 661 1 1 0 0.26300000000000000000000000000000000000 -0.49505964829906757706003668473431264320
988 671 0 0 0 0.021000000000000000000000000000000000000 -0.55097304347195194773280047305888935619
989 14 1 1 0 0.45700000000000000000000000000000000000 13.587033024361025828445888939864708948
989 56 1 1 0 0.41100000000000000000000000000000000000 8.7495048914453620346135869320979348978
989 96 2 2 2 0.025000000000000000000000000000000000000 6.8323702049019114213519145471513801750
989 194 1 1 0 0.28100000000000000000000000000000000000 4.1605467878916232226233903927313530198
989 208 1 1 1 0.020000000000000000000000000000000000000 3.8687773741170799463626820257029998445
989 254 0 0 0 0.073000000000000000000000000000000000000 2.9689021826881006055489198421664916695
989 268 1 1 0 0.33700000000000000000000000000000000000 2.7036863199001764878526256392010802126
989 284 2 2 1 0.49000000000000000000000000000000000000 2.4000091259298637119576164641085973359
989 326 1 1 0 0.34300000000000000000000000000000000000 1.5642266803507858066546676402464617866
989 362 2 2 2 0.13900000000000000000000000000000000000 0.69912782697341243761878948958479689270
989 406 0 0 0 0.056000000000000000000000000000000000000 -1.9572083205678876822839246476098244714
989 428 1 3 1 0.63100000000000000000000000000000000000 -0.75932653567846550488360491015400846374
989 488 2 2 1 0.32800000000000000000000000000000000000 -0.027132210912932308745196940635225005956
989 496 1 1 1 0.030000000000000000000000000000000000000 -0.011298262264758523983096427027191139207
989 562 0 0 0 0.018000000000000000000000000000000000000 -0.076370626988461098435675544309452318374
989 772 2 2 1 0.38000000000000000000000000000000000000 -1.2585517115913222998726168653872151260
989 824 0 0 0 0.078000000000000000000000000000000000000 -1.7707309684547773733614880660682278986
989 838 1 3 0 0.54800000000000000000000000000000000000 -1.9352992952819408139431818157718072561
989 892 1 1 0 0.40800000000000000000000000000000000000 -2.7469411482471024812272240028334535145
989 898 0 0 0 0.096000000000000000000000000000000000000 -2.8627932644609542978354779881849215193
989 902 1 1 0 0.42900000000000000000000000000000000000 -2.9441851027465753440115568590375086809
989 964 1 1 1 0.019000000000000000000000000000000000000 -5.1630939788948045087826638052927086867
991 186 2 2 2 0.025000000000000000000000000000000000000 4.3411853630874087828683058697244808766
991 738 0 0 0 0.078000000000000000000000000000000000000 -0.97423678767332082222673270764655734053
991 760 0 0 0 0.079000000000000000000000000000000000000 -1.1449582524441692874443550386507141646
991 836 0 0 0 0.016000000000000000000000000000000000000 -1.8905875002789934543463346584284926657
992 215 0 0 0 0.017000000000000000000000000000000000000 3.7399908114681109593954421359903335713
992 299 0 0 0 0.014000000000000000000000000000000000000 2.1286122015996464068950370936717593562
992 537 0 2 0 0.46200000000000000000000000000000000000 -0.019033160065429684624509410280661265350
992 789 1 1 0 0.43400000000000000000000000000000000000 -1.3893301495542812604676500399472909852
992 851 1 1 1 0.024000000000000000000000000000000000000 -2.0676107584979761139136662498112510466
992 893 1 1 1 0.025000000000000000000000000000000000000 -2.7153567230206449808913124784464105385
993 92 1 1 1 0.020000000000000000000000000000000000000 7.0003353564937049038047574792671851014
993 142 0 2 0 0.45900000000000000000000000000000000000 5.4039893574463284053920422468104269620
993 272 2 2 2 0.038000000000000000000000000000000000000 2.6487142097403098158562592990736259134
993 482 1 1 0 0.33300000000000000000000000000000000000 -0.051506189438127207639020498554418907752
993 554 1 1 0 0.29600000000000000000000000000000000000 -0.050643635535173199740781674932922859883
993 776 1 1 0 0.31400000000000000000000000000000000000 -1.2661278088633808244230170707816266679
993 778 0 0 0 0.075000000000000000000000000000000000000 -1.2835054998743698778900255654485993112
994 43 1 1 0 0.36700000000000000000000000000000000000 9.6941645666171725693327953749549518863
994 227 1 1 0 0.38900000000000000000000000000000000000 3.5111664003580169080941473452600844480
994 253 1 1 1 0.025000000000000000000000000000000000000 3.0121000474842203532893947613085418572
994 443 1 1 0 0.25700000000000000000000000000000000000 -0.41551599742896815866232770572839957376
994 659 0 0 0 0.017000000000000000000000000000000000000 -0.46277252097099414380387614139013501077
994 733 1 1 0 0.34400000000000000000000000000000000000 -0.92158659188676657989935110294099059302
994 773 1 1 1 0.11100000000000000000000000000000000000 -1.2337304801193330767667043035764330409
995 468 0 0 0 0.014000000000000000000000000000000000000 -0.12839878399273440939527888935813606004
995 542 1 1 0 0.36700000000000000000000000000000000000 -0.024439974446092604772491778895472623500
996 313 0 0 0 0.071000000000000000000000000000000000000 1.8776723090511142474871630557961660180
996 499 1 1 1 0.019000000000000000000000000000000000000 -0.012074372433778582663526608893751374750
996 677 0 2 0 0.51600000000000000000000000000000000000 -0.55418780320158545083510174445697633108
997 602 0 2 0 0.43500000000000000000000000000000000000 -0.19293010678987044225794043382132552142
998 221 1 1 0 0.29000000000000000000000000000000000000 3.6467316129700517916785660681942308591
998 249 0 0 0 0.074000000000000000000000000000000000000 3.1068783976840718221766016741355842213
998 301 1 1 0 0.37500000000000000000000000000000000000 2.1249159076109873373628934264964361343
998 413 1 1 0 0.21200000000000000000000000000000000000 -3.9507204703810845702095331893185808030
998 679 1 1 1 0.11000000000000000000000000000000000000 -0.55782275057508548843550860412510554193
998 697 0 2 0 0.50000000000000000000000000000000000000 -0.66396299118091195812302976412536327157
998 713 0 0 0 0.079000000000000000000000000000000000000 -0.76497868227139138330328270677897457049
998 731 1 1 0 0.38900000000000000000000000000000000000 -0.88658317962898559222893519221251995630
998 899 0 2 0 0.43900000000000000000000000000000000000 -2.7263176680252921730915336258367567611
998 913 0 2 0 0.57300000000000000000000000000000000000 -3.0026153667488493615589648979930744975
998 921 1 1 0 0.31600000000000000000000000000000000000 -3.1809279346521778931828834048710099464
998 949 2 2 2 0.14100000000000000000000000000000000000 -3.9895450450453320598268532230326810395
999 548 2 2 1 0.50600000000000000000000000000000000000 -0.031219878343218140368176055138158436502
999 562 1 1 1 0.21100000000000000000000000000000000000 -0.061703212639406639954110037329421254045
1000 209 0 0 0 0.019000000000000000000000000000000000000 3.8953753843012659766475440711862727250
