# (m, n) | omega(m^2+n^2) | omega(m^2-n^2) | omega(mn) | omega(m+n) | omega(m-n)
600 439 4 3 4 1 2
601 26 1 5 3 3 2
601 38 4 3 3 2 1
601 50 3 5 3 3 2
601 62 2 5 3 3 2
601 64 1 5 2 3 2
601 78 4 3 4 2 1
601 104 2 5 3 3 2
601 106 2 5 3 2 3
601 128 4 3 2 1 2
601 136 2 5 3 2 3
601 146 2 5 3 2 3
601 164 2 5 3 3 2
601 166 1 5 3 2 3
601 176 1 5 3 3 2
601 194 3 5 3 3 2
601 202 4 5 3 2 3
601 216 1 5 3 2 3
601 224 2 5 3 3 2
601 244 1 5 3 2 3
601 260 1 5 4 3 2
601 262 4 3 3 1 2
601 296 2 5 3 3 2
601 302 2 5 3 3 2
601 314 3 5 3 3 2
601 316 3 5 3 2 3
601 328 4 4 3 1 3
601 334 2 5 3 3 2
601 356 2 5 3 3 2
601 386 3 5 3 3 2
601 400 1 5 3 3 2
601 406 1 5 4 2 3
601 414 3 5 4 3 2
601 418 4 3 4 1 2
601 436 1 5 3 2 3
601 484 2 5 3 3 2
601 554 2 5 3 4 1
602 13 2 5 4 3 2
602 47 2 5 4 2 3
602 113 3 5 4 3 2
602 149 4 3 4 1 2
602 157 2 5 4 3 2
602 171 4 2 5 1 1
602 173 1 5 4 2 3
602 199 4 4 4 2 2
602 283 2 5 4 3 2
602 319 4 3 5 2 1
602 331 4 3 4 2 1
602 347 2 5 4 2 3
602 351 4 2 5 1 1
602 355 2 5 5 3 2
602 367 1 5 4 3 2
602 409 4 3 4 2 1
602 443 2 5 4 3 2
602 461 4 3 4 1 2
602 503 1 5 4 3 2
603 8 2 5 3 2 3
603 14 4 3 4 1 2
603 274 4 3 4 1 2
603 304 4 3 4 1 2
603 376 4 3 4 2 1
603 398 2 5 4 3 2
603 436 4 2 4 1 1
603 442 1 5 5 3 2
603 508 4 4 4 2 2
603 566 4 3 4 2 1
603 584 4 2 4 1 1
603 586 4 3 4 2 1
604 17 4 3 3 2 1
604 19 2 5 3 2 3
604 23 3 5 3 3 2
604 59 2 5 3 3 2
604 61 2 5 3 3 2
604 87 4 3 4 1 2
604 89 2 5 3 3 2
604 109 2 5 3 2 3
604 111 1 5 4 3 2
604 113 4 3 3 2 1
604 117 4 3 4 2 1
604 121 3 5 3 2 3
604 131 1 5 3 3 2
604 147 4 2 4 1 1
604 149 1 5 3 2 3
604 175 2 5 4 2 3
604 191 2 5 3 3 2
604 201 3 5 4 3 2
604 247 2 5 4 2 3
604 257 4 4 3 3 1
604 263 4 4 3 2 2
604 281 1 5 3 3 2
604 289 2 5 3 2 3
604 299 2 5 4 3 2
604 319 2 5 4 2 3
604 321 4 3 4 2 1
604 331 2 6 3 3 3
604 383 2 5 3 3 2
604 393 4 2 4 1 1
604 397 2 5 3 3 2
604 401 2 5 3 3 2
604 419 1 5 3 3 2
604 427 4 3 4 1 2
604 433 4 4 3 2 2
604 439 1 5 3 2 3
604 461 2 5 3 3 2
604 481 2 5 4 3 2
604 483 4 2 5 1 1
604 509 2 5 3 3 2
604 527 2 5 4 3 2
604 551 1 5 4 4 1
604 557 4 3 3 2 1
604 563 4 3 3 2 1
604 569 2 5 3 3 2
605 46 1 5 4 3 2
605 136 2 5 4 3 2
605 214 1 5 4 3 2
606 7 4 2 4 1 1
606 109 3 5 4 3 2
606 163 4 2 4 1 1
606 199 1 5 4 3 2
606 313 4 2 4 1 1
606 493 4 3 5 2 1
607 2 1 5 2 3 2
607 22 2 5 3 2 3
607 56 2 5 3 3 2
607 58 3 5 3 3 2
607 82 3 5 3 2 3
607 84 4 2 4 1 1
607 124 3 5 3 2 3
607 134 3 5 3 3 2
607 142 2 5 3 2 3
607 150 4 2 4 1 1
607 152 1 6 3 3 3
607 170 2 5 4 3 2
607 172 1 5 3 2 3
607 178 2 5 3 2 3
607 208 2 5 3 2 3
607 212 2 5 3 3 2
607 256 4 3 2 1 2
607 262 1 5 3 2 3
607 266 4 4 4 2 2
607 278 2 5 3 3 2
607 292 3 5 3 2 3
607 308 1 5 4 3 2
607 328 2 5 3 3 2
607 352 2 5 3 2 3
607 354 4 3 4 1 2
607 362 1 5 3 3 2
607 394 4 5 3 3 2
607 398 1 5 3 3 2
607 464 3 5 3 3 2
607 478 1 5 3 3 2
607 488 3 5 3 3 2
607 548 2 5 3 4 1
607 564 4 2 4 1 1
607 604 4 3 3 2 1
608 13 1 5 3 2 3
608 41 4 4 3 2 2
608 43 1 5 3 3 2
608 47 1 5 3 2 3
608 55 1 5 4 3 2
608 89 4 4 3 2 2
608 97 1 5 3 3 2
608 101 4 3 3 1 2
608 107 2 5 3 3 2
608 113 2 5 3 2 3
608 127 1 5 3 3 2
608 157 2 5 3 3 2
608 173 2 5 3 2 3
608 197 2 5 3 3 2
608 217 2 5 4 3 2
608 223 2 5 3 2 3
608 249 4 2 4 1 1
608 253 1 5 4 3 2
608 263 1 5 3 2 3
608 271 4 3 3 2 1
608 289 3 5 3 3 2
608 293 1 5 3 2 3
608 301 4 3 4 2 1
608 307 3 5 3 3 2
608 335 2 5 4 2 3
608 349 3 5 3 3 2
608 377 1 5 4 2 3
608 379 4 4 3 3 1
608 393 1 5 4 3 2
608 407 2 5 4 3 2
608 429 4 3 5 2 1
608 463 1 5 3 3 2
608 497 1 5 4 3 2
608 503 2 5 3 2 3
608 509 4 3 3 1 2
608 511 4 3 4 2 1
608 523 2 5 3 3 2
608 547 1 5 3 4 1
609 68 4 2 5 1 1
609 172 4 4 5 2 2
609 218 4 3 5 1 2
609 250 4 2 5 1 1
609 328 4 2 5 1 1
610 1 2 5 3 2 3
610 83 2 5 4 3 2
610 127 3 5 4 2 3
610 181 2 5 4 2 3
610 287 2 5 5 3 2
610 379 1 5 4 2 3
610 391 1 5 5 3 2
610 447 4 3 5 2 1
611 16 2 6 3 3 3
611 56 2 5 4 2 3
611 72 4 3 4 1 2
611 86 2 5 4 2 3
611 166 2 5 4 3 2
611 184 1 5 4 3 2
611 194 2 5 4 3 2
611 226 1 5 4 2 3
611 254 1 5 4 2 3
611 292 3 5 4 3 2
611 324 2 5 4 3 2
611 346 2 5 4 3 2
611 358 2 5 4 3 2
611 394 2 5 4 3 2
611 404 3 5 4 3 2
611 424 1 5 4 3 2
611 434 2 5 5 3 2
611 438 4 2 5 1 1
611 446 3 5 4 2 3
611 538 4 3 4 2 1
611 544 2 5 4 4 1
612 31 4 3 4 1 2
612 53 1 5 4 3 2
612 109 4 3 4 2 1
612 161 4 3 5 1 2
612 239 4 3 4 2 1
612 403 1 5 5 3 2
612 499 4 3 4 2 1
612 601 4 2 4 1 1
613 2 1 5 2 3 2
613 32 1 5 2 3 2
613 38 2 5 3 3 2
613 52 3 6 3 3 3
613 58 1 5 3 2 3
613 64 4 3 2 1 2
613 80 2 5 3 3 2
613 94 4 4 3 2 2
613 102 1 5 4 3 2
613 106 4 3 3 1 2
613 118 2 5 3 2 3
613 126 4 2 4 1 1
613 128 1 5 2 3 2
613 146 4 4 3 3 1
613 158 2 5 3 2 3
613 166 4 4 3 2 2
613 178 2 5 3 2 3
613 206 2 5 3 3 2
613 242 3 5 3 3 2
613 244 4 3 3 1 2
613 248 1 5 3 3 2
613 256 2 5 2 2 3
613 272 3 5 3 3 2
613 276 4 3 4 2 1
613 284 2 5 3 3 2
613 290 2 5 4 3 2
613 322 2 5 4 3 2
613 382 1 5 3 2 3
613 388 2 5 3 3 2
613 392 3 5 3 3 2
613 410 2 5 4 3 2
613 452 2 5 3 3 2
613 458 3 5 3 3 2
613 472 3 5 3 3 2
613 474 4 2 4 1 1
613 508 1 5 3 2 3
613 518 2 5 4 3 2
613 542 2 5 3 4 1
613 556 4 4 3 2 2
613 582 4 3 4 2 1
614 19 2 5 3 2 3
614 31 2 5 3 3 2
614 49 1 5 3 3 2
614 53 3 5 3 2 3
614 79 2 5 3 3 2
614 89 3 5 3 2 3
614 93 4 3 4 2 1
614 101 1 5 3 3 2
614 121 2 5 3 3 2
614 131 1 5 3 2 3
614 145 3 5 4 3 2
614 149 1 5 3 2 3
614 163 2 5 3 3 2
614 179 2 5 3 2 3
614 185 2 5 4 2 3
614 191 1 5 3 3 2
614 211 1 5 3 3 2
614 229 2 5 3 2 3
614 257 2 5 3 2 3
614 263 4 3 3 1 2
614 289 2 5 3 3 2
614 297 4 2 4 1 1
614 299 2 5 4 2 3
614 317 4 4 3 2 2
614 329 2 5 4 2 3
614 341 1 5 4 2 3
614 349 4 4 3 2 2
614 355 2 5 4 3 2
614 359 1 5 3 2 3
614 361 1 5 3 3 2
614 383 4 4 3 1 3
614 401 3 5 3 3 2
614 409 1 5 3 3 2
614 431 3 5 3 3 2
614 433 4 3 3 2 1
614 471 2 5 4 3 2
614 481 1 5 4 3 2
614 483 4 2 5 1 1
614 491 2 5 3 3 2
614 499 1 5 3 3 2
614 541 1 5 3 4 1
614 553 4 3 4 2 1
614 557 4 3 3 1 2
614 559 2 5 4 3 2
614 583 4 4 4 3 1
614 587 4 2 3 1 1
614 607 4 4 3 3 1
614 613 4 2 3 2 0
615 566 4 2 5 1 1
616 89 2 5 4 3 2
616 103 4 3 4 1 2
616 151 2 5 4 2 3
616 179 2 5 4 3 2
616 207 4 2 5 1 1
616 239 3 5 4 3 2
616 281 2 5 4 3 2
616 337 4 3 4 1 2
616 403 4 3 5 1 2
616 421 1 5 4 2 3
616 443 4 3 4 2 1
616 467 4 3 4 2 1
616 477 4 2 5 1 1
616 493 4 3 5 1 2
616 547 4 3 4 1 2
617 22 3 5 3 2 3
617 28 2 5 3 3 2
617 32 1 5 2 2 3
617 34 2 5 3 3 2
617 62 1 5 3 2 3
617 98 2 5 3 3 2
617 124 3 5 3 3 2
617 142 1 5 3 3 2
617 146 4 4 3 2 2
617 148 1 5 3 3 2
617 162 2 5 3 2 3
617 182 2 5 4 2 3
617 188 2 6 3 3 3
617 202 1 5 3 3 2
617 204 4 3 4 1 2
617 218 2 5 3 2 3
617 224 4 3 3 1 2
617 232 2 5 3 2 3
617 272 1 5 3 2 3
617 298 2 5 3 3 2
617 318 1 5 4 3 2
617 332 1 5 3 2 3
617 352 1 5 3 3 2
617 358 2 5 3 3 2
617 362 2 5 3 2 3
617 370 1 5 4 3 2
617 386 4 5 3 2 3
617 394 4 3 3 2 1
617 398 1 5 3 3 2
617 428 3 5 3 3 2
617 446 4 3 3 1 2
617 464 4 4 3 2 2
617 488 1 5 3 3 2
617 496 4 4 3 3 1
617 516 4 3 4 2 1
617 524 4 4 3 2 2
617 538 2 5 3 4 1
617 576 4 2 3 1 1
617 594 4 3 4 2 1
618 61 4 3 4 2 1
618 95 4 3 5 2 1
618 109 4 2 4 1 1
618 163 2 5 4 2 3
618 191 4 3 4 1 2
618 211 4 3 4 1 2
618 233 2 5 4 2 3
618 269 4 2 4 1 1
618 317 1 5 4 3 2
618 383 2 5 4 3 2
618 397 1 5 4 3 2
618 469 4 2 5 1 1
619 4 3 5 2 2 3
619 8 2 5 2 3 2
619 10 1 5 3 2 3
619 38 4 4 3 2 2
619 44 2 5 3 3 2
619 46 2 5 3 3 2
619 62 4 3 3 2 1
619 74 2 5 3 3 2
619 86 2 5 3 3 2
619 94 2 5 3 2 3
619 118 4 4 3 2 2
619 122 2 5 3 3 2
619 136 2 5 3 2 3
619 142 4 3 3 1 2
619 146 2 5 3 3 2
619 164 2 5 3 2 3
619 184 1 5 3 2 3
619 206 2 5 3 3 2
619 232 4 4 3 2 2
619 242 2 5 3 3 2
619 274 3 5 3 2 3
619 278 3 5 3 3 2
619 282 4 3 4 2 1
619 284 2 5 3 3 2
619 296 2 5 3 3 2
619 298 4 4 3 2 2
619 304 2 5 3 2 3
619 316 1 5 3 3 2
619 346 2 5 3 2 3
619 352 4 3 3 1 2
619 382 2 5 3 3 2
619 388 3 5 3 2 3
619 402 4 3 4 1 2
619 404 3 5 3 3 2
619 416 2 5 3 3 2
619 424 2 5 3 2 3
619 454 2 5 3 2 3
619 466 1 5 3 3 2
619 476 2 5 4 3 2
619 482 4 3 3 2 1
619 486 2 5 3 3 2
619 514 1 5 3 2 3
619 532 4 3 4 1 2
619 536 1 5 3 4 1
619 538 4 3 3 2 1
619 554 2 5 3 3 2
619 572 4 3 4 2 1
619 584 4 4 3 2 2
620 59 2 5 4 2 3
620 139 1 5 4 3 2
620 367 1 5 4 3 2
620 461 4 4 4 2 2
621 2 4 3 3 2 1
621 28 4 3 4 2 1
621 94 2 5 4 3 2
621 202 4 2 4 1 1
621 262 4 2 4 1 1
621 388 4 2 4 1 1
621 418 4 3 5 1 2
621 548 4 3 4 2 1
622 7 2 5 3 2 3
622 11 4 4 3 2 2
622 13 2 5 3 2 3
622 27 1 5 3 2 3
622 41 2 5 3 3 2
622 43 2 5 3 3 2
622 49 4 4 3 2 2
622 67 1 5 3 2 3
622 69 4 3 4 1 2
622 71 3 5 3 3 2
622 83 2 5 3 3 2
622 101 4 3 3 2 1
622 127 3 5 3 2 3
622 137 2 5 3 3 2
622 157 2 5 3 2 3
622 159 4 3 4 2 1
622 167 1 5 3 2 3
622 193 3 5 3 2 3
622 197 2 5 3 3 2
622 223 2 5 3 2 3
622 261 4 2 4 1 1
622 277 1 5 3 2 3
622 281 2 5 3 3 2
622 293 2 5 3 3 2
622 301 4 4 4 2 2
622 309 4 3 4 2 1
622 313 1 5 3 3 2
622 323 1 5 4 3 2
622 335 2 5 4 3 2
622 337 2 5 3 2 3
622 347 2 5 3 3 2
622 361 4 3 3 1 2
622 367 3 5 3 2 3
622 401 2 5 3 3 2
622 413 3 5 4 3 2
622 419 4 4 3 2 2
622 439 4 3 3 1 2
622 457 1 5 3 2 3
622 463 2 5 3 3 2
622 511 4 4 4 2 2
622 517 2 5 4 2 3
622 533 3 5 4 4 1
622 587 3 5 3 3 2
622 589 4 4 4 2 2
622 601 4 3 3 1 2
623 34 4 4 4 2 2
623 40 2 5 4 3 2
623 44 4 4 4 2 2
623 62 2 5 4 2 3
623 92 3 5 4 3 2
623 118 1 5 4 3 2
623 142 2 5 4 3 2
623 158 1 5 4 2 3
623 172 2 5 4 3 2
623 174 4 2 5 1 1
623 194 3 5 4 2 3
623 226 4 3 4 2 1
623 232 1 5 4 3 2
623 278 2 5 4 2 3
623 284 4 3 4 1 2
623 296 4 3 4 1 2
623 422 1 5 4 3 2
623 458 3 5 4 2 3
623 482 3 5 4 3 2
623 486 4 2 4 1 1
623 508 1 5 4 3 2
623 554 4 4 4 2 2
623 564 4 2 5 1 1
624 41 1 5 4 3 2
624 337 4 3 4 1 2
624 421 1 5 4 3 2
625 2 2 5 2 3 2
625 18 4 2 3 1 1
625 64 1 5 2 2 3
625 142 1 5 3 2 3
625 152 2 5 3 3 2
625 226 3 5 3 2 3
625 268 2 5 3 2 3
625 376 1 5 3 3 2
625 424 4 3 3 1 2
625 506 2 5 4 3 2
625 548 1 5 3 3 2
626 11 2 5 3 2 3
626 31 1 5 3 2 3
626 37 2 5 3 3 2
626 41 1 5 3 2 3
626 67 2 5 3 3 2
626 71 2 5 3 2 3
626 89 2 5 3 3 2
626 107 4 3 3 1 2
626 109 1 5 3 3 2
626 115 3 5 4 3 2
626 133 3 5 4 3 2
626 151 1 5 3 3 2
626 179 2 5 3 3 2
626 191 2 5 3 2 3
626 199 2 5 3 3 2
626 233 4 3 3 1 2
626 235 1 5 4 3 2
626 237 4 2 4 1 1
626 241 2 5 3 2 3
626 263 4 4 3 2 2
626 269 1 5 3 2 3
626 271 1 5 3 3 2
626 277 4 4 3 3 1
626 283 4 3 3 2 1
626 331 2 5 3 3 2
626 353 3 5 3 2 3
626 361 2 5 3 3 2
626 379 2 5 3 3 2
626 389 3 5 3 3 2
626 409 1 5 3 3 2
626 413 4 3 4 1 2
626 419 2 5 3 3 2
626 431 1 5 3 2 3
626 439 3 5 3 3 2
626 463 4 3 3 2 1
626 479 1 5 3 3 2
626 521 3 5 3 2 3
626 523 4 3 3 2 1
626 529 1 5 3 4 1
626 571 1 5 3 3 2
626 573 4 3 4 2 1
626 617 4 3 3 2 1
627 26 4 2 5 1 1
627 172 2 5 5 2 3
627 284 4 2 5 1 1
627 314 4 2 5 1 1
627 466 4 3 5 1 2
627 518 4 3 6 2 1
627 596 4 2 5 1 1
627 604 4 2 5 1 1
628 1 2 5 2 2 3
628 17 1 5 3 3 2
628 23 2 5 3 3 2
628 37 2 5 3 3 2
628 43 2 5 3 2 3
628 67 2 5 3 2 3
628 77 1 5 4 3 2
628 81 4 2 3 1 1
628 103 2 5 3 2 3
628 113 1 5 3 3 2
628 131 3 5 3 3 2
628 149 4 4 3 3 1
628 163 2 5 3 2 3
628 173 1 5 3 2 3
628 177 1 5 4 3 2
628 191 4 5 3 3 2
628 199 4 4 3 1 3
628 233 2 5 3 3 2
628 243 2 5 3 2 3
628 257 2 5 3 3 2
628 259 4 3 4 1 2
628 271 2 5 3 2 3
628 287 1 5 4 3 2
628 293 4 4 3 2 2
628 307 1 5 3 3 2
628 319 4 3 4 1 2
628 329 2 5 4 3 2
628 341 3 5 4 3 2
628 373 2 6 3 3 3
628 397 2 5 3 2 3
628 407 2 5 4 3 2
628 443 2 5 3 3 2
628 449 4 3 3 2 1
628 457 2 5 3 3 2
628 467 2 5 3 3 2
628 485 1 5 4 3 2
628 489 4 2 4 1 1
628 527 3 5 4 4 1
628 531 4 3 4 2 1
628 539 4 3 4 2 1
628 591 4 3 4 2 1
628 593 1 5 3 3 2
628 607 2 5 3 3 2
629 20 1 5 4 2 3
629 38 4 4 4 2 2
629 64 3 5 3 3 2
629 76 1 5 4 3 2
629 86 1 5 4 3 2
629 112 2 5 4 3 2
629 134 1 5 4 2 3
629 146 1 5 4 2 3
629 164 1 5 4 2 3
629 174 2 5 5 2 3
629 176 2 5 4 3 2
629 226 1 5 4 3 2
629 244 1 5 4 2 3
629 274 2 5 4 3 2
629 284 2 5 4 2 3
629 298 4 3 4 2 1
629 314 1 5 4 2 3
629 328 2 5 4 3 2
629 344 1 5 4 2 3
629 356 2 5 4 2 3
629 376 3 5 4 3 2
629 394 2 5 4 3 2
629 398 3 5 4 2 3
629 416 2 5 4 3 2
629 484 1 5 4 3 2
629 508 4 3 4 2 1
629 526 1 5 4 4 1
629 532 4 3 5 2 1
629 558 4 2 5 1 1
630 191 4 2 5 1 1
631 4 3 5 2 2 3
631 20 2 5 3 3 2
631 34 2 5 3 3 2
631 36 2 5 3 2 3
631 48 4 4 3 2 2
631 62 4 4 3 3 1
631 76 2 5 3 2 3
631 104 2 5 3 3 2
631 106 1 5 3 2 3
631 134 2 5 3 3 2
631 136 2 5 3 2 3
631 146 1 5 3 3 2
631 148 3 5 3 2 3
631 176 1 5 3 2 3
631 178 4 3 3 1 2
631 194 2 5 3 3 2
631 202 2 5 3 2 3
631 212 4 3 3 2 1
631 224 2 5 3 3 2
631 254 1 5 3 3 2
631 264 4 3 4 2 1
631 266 2 5 4 3 2
631 274 2 5 3 2 3
631 286 1 5 4 2 3
631 304 1 5 3 3 2
631 308 4 4 4 2 2
631 326 2 5 3 3 2
631 344 2 5 3 3 2
631 348 4 3 4 2 1
631 356 2 5 3 3 2
631 358 3 5 3 2 3
631 370 1 5 4 3 2
631 376 2 5 3 2 3
631 382 4 3 3 1 2
631 384 1 5 3 3 2
631 414 2 5 4 3 2
631 432 4 2 3 1 1
631 436 1 5 3 2 3
631 438 4 2 4 1 1
631 454 1 5 3 3 2
631 468 4 3 4 2 1
631 472 4 3 3 1 2
631 524 2 5 3 4 1
631 526 1 5 3 2 3
631 554 3 5 3 3 2
631 566 2 5 3 3 2
631 628 4 2 3 1 1
632 5 2 5 3 2 3
632 17 2 5 3 2 3
632 23 1 5 3 2 3
632 37 2 5 3 2 3
632 39 4 3 4 2 1
632 47 2 5 3 2 3
632 71 3 5 3 2 3
632 73 3 5 3 3 2
632 83 1 5 3 3 2
632 127 1 5 3 3 2
632 129 4 2 4 1 1
632 131 4 4 3 2 2
632 149 2 5 3 2 3
632 163 2 5 3 3 2
632 167 2 5 3 2 3
632 173 2 5 3 3 2
632 181 4 4 3 2 2
632 187 2 5 4 3 2
632 203 2 5 4 2 3
632 209 4 3 4 1 2
632 229 2 5 3 3 2
632 233 3 5 3 2 3
632 247 2 5 4 2 3
632 303 2 5 4 3 2
632 311 4 4 3 2 2
632 313 2 5 3 3 2
632 317 3 5 3 2 3
632 337 2 5 3 3 2
632 339 4 2 4 1 1
632 347 2 5 3 2 3
632 373 1 5 3 3 2
632 383 2 5 3 3 2
632 389 4 2 3 1 1
632 391 4 4 4 3 1
632 413 2 5 4 3 2
632 421 4 3 3 2 1
632 467 2 5 3 2 3
632 473 2 5 4 3 2
632 481 4 4 4 3 1
632 499 3 5 3 3 2
632 523 1 5 3 4 1
632 527 2 5 4 2 3
632 541 3 5 3 3 2
632 573 4 3 4 2 1
632 577 2 5 3 3 2
633 16 4 3 3 2 1
633 38 1 5 4 2 3
633 82 2 5 4 3 2
633 124 4 2 4 1 1
633 176 4 2 4 1 1
633 254 4 2 4 1 1
633 346 4 4 4 2 2
633 368 2 5 4 3 2
633 412 2 5 4 3 2
633 436 4 2 4 1 1
633 472 2 5 4 3 2
633 494 4 3 5 2 1
633 514 4 4 4 2 2
633 526 4 3 4 2 1
634 7 4 4 3 1 3
634 11 3 5 3 3 2
634 29 1 5 3 3 2
634 31 3 5 3 3 2
634 37 4 4 3 2 2
634 59 1 5 3 3 2
634 73 2 5 3 2 3
634 79 1 5 3 2 3
634 81 3 5 3 3 2
634 101 1 5 3 3 2
634 107 3 5 3 3 2
634 151 1 5 3 2 3
634 161 1 5 4 3 2
634 167 4 3 3 2 1
634 169 1 5 3 2 3
634 179 2 5 3 2 3
634 193 4 3 3 1 2
634 199 1 5 3 2 3
634 221 1 5 4 3 2
634 227 2 5 3 3 2
634 235 2 5 4 2 3
634 263 2 5 3 3 2
634 269 2 5 3 3 2
634 289 2 5 3 2 3
634 301 2 5 4 3 2
634 303 4 2 4 1 1
634 311 2 5 3 3 2
634 335 2 5 4 3 2
634 361 1 5 3 2 3
634 367 3 5 3 3 2
634 377 4 3 4 2 1
634 381 2 5 4 3 2
634 389 1 5 3 3 2
634 403 3 5 4 2 3
634 427 4 3 4 1 2
634 431 3 5 3 3 2
634 439 2 5 3 2 3
634 451 2 5 4 3 2
634 479 3 5 3 3 2
634 483 4 2 5 1 1
634 521 1 5 3 4 1
634 539 2 5 4 3 2
634 547 4 3 3 1 2
634 583 4 3 4 1 2
634 601 1 5 3 3 2
635 124 1 5 4 3 2
635 142 1 5 4 3 2
635 184 2 5 4 3 2
635 236 1 5 4 2 3
635 278 1 5 4 2 3
635 334 2 5 4 3 2
635 388 1 5 4 3 2
636 181 2 5 4 2 3
636 227 4 2 4 1 1
636 317 4 3 4 1 2
636 343 4 3 4 2 1
636 353 4 3 4 2 1
636 385 4 2 6 1 1
636 449 2 5 4 3 2
636 517 4 3 5 1 2
637 8 2 5 3 3 2
637 76 3 5 4 2 3
637 122 2 5 4 3 2
637 142 2 5 4 2 3
637 236 4 3 4 2 1
637 298 2 5 4 3 2
637 332 1 5 4 3 2
637 352 1 5 4 2 3
637 376 4 3 4 1 2
637 394 4 2 4 1 1
637 428 1 5 4 3 2
637 444 4 3 5 2 1
638 27 2 5 4 3 2
638 43 2 5 4 2 3
638 83 3 5 4 2 3
638 103 2 5 4 3 2
638 127 1 5 4 3 2
638 151 4 3 4 2 1
638 155 2 5 5 2 3
638 157 1 5 4 3 2
638 167 1 5 4 3 2
638 219 4 2 5 1 1
638 223 3 5 4 3 2
638 239 4 4 4 1 3
638 247 2 5 5 3 2
638 291 4 2 5 1 1
638 293 1 5 4 2 3
638 337 2 5 4 3 2
638 359 4 3 4 1 2
638 365 1 5 5 2 3
638 369 4 3 5 2 1
638 421 4 4 4 2 2
638 433 1 5 4 3 2
638 443 2 5 4 2 3
638 461 4 4 4 2 2
638 467 1 5 4 3 2
638 547 1 5 4 3 2
638 629 4 3 5 2 1
639 62 4 2 4 1 1
639 88 4 3 4 1 2
639 166 2 5 4 3 2
639 244 4 3 4 1 2
639 254 1 5 4 2 3
639 278 4 3 4 2 1
639 302 4 2 4 1 1
639 380 4 3 5 1 2
639 458 4 2 4 1 1
639 478 4 3 4 1 2
640 11 2 5 3 3 2
640 31 1 5 3 2 3
640 101 1 5 3 3 2
640 211 2 5 3 2 3
640 263 1 5 3 3 2
640 283 1 5 3 2 3
640 317 1 5 3 3 2
640 361 1 5 3 3 2
640 367 3 5 3 2 3
640 401 4 3 3 2 1
640 431 3 5 3 3 2
641 4 2 5 2 3 2
641 14 2 5 3 2 3
641 26 1 5 3 2 3
641 46 2 5 3 2 3
641 52 3 5 3 3 2
641 56 1 5 3 2 3
641 72 4 3 3 2 1
641 74 2 5 3 3 2
641 80 2 5 3 2 3
641 124 2 5 3 3 2
641 136 2 5 3 3 2
641 150 4 3 4 2 1
641 152 4 4 3 2 2
641 158 3 5 3 2 3
641 164 2 5 3 3 2
641 176 3 5 3 2 3
641 206 1 5 3 2 3
641 214 2 5 3 3 2
641 256 3 6 2 3 3
641 258 4 3 4 2 1
641 284 1 5 3 2 3
641 292 4 3 3 2 1
641 316 2 5 3 3 2
641 346 1 5 3 3 2
641 374 1 5 4 3 2
641 382 3 5 3 3 2
641 386 1 5 3 2 3
641 394 2 5 3 3 2
641 404 2 5 3 3 2
641 422 4 3 3 1 2
641 424 1 5 3 3 2
641 428 4 3 3 1 2
641 442 4 3 4 2 1
641 454 1 5 3 3 2
641 462 4 2 5 1 1
641 464 1 5 3 3 2
641 514 2 5 3 4 1
641 536 2 5 3 2 3
641 552 4 2 4 1 1
641 556 2 5 3 3 2
641 558 4 3 4 2 1
641 578 4 4 3 2 2
641 592 4 3 3 2 1
642 1 4 2 3 1 1
642 47 2 5 4 2 3
642 79 4 3 4 2 1
642 257 1 5 4 2 3
642 259 4 3 5 2 1
642 271 4 4 4 2 2
642 329 4 2 5 1 1
642 509 4 3 4 1 2
642 551 4 3 5 1 2
642 571 4 2 4 1 1
642 599 4 3 4 2 1
643 8 2 5 2 3 2
643 20 1 5 3 3 2
643 22 3 5 3 3 2
643 28 2 5 3 2 3
643 56 4 3 3 2 1
643 62 1 5 3 3 2
643 82 2 5 3 2 3
643 88 2 5 3 2 3
643 92 1 5 3 3 2
643 98 1 5 3 3 2
643 114 4 2 4 1 1
643 116 2 5 3 3 2
643 148 2 5 3 2 3
643 160 2 5 3 2 3
643 162 1 5 3 3 2
643 186 4 2 4 1 1
643 188 1 5 3 2 3
643 208 2 5 3 2 3
643 218 1 5 3 3 2
643 258 1 5 4 2 3
643 272 2 5 3 3 2
643 292 2 5 3 3 2
643 302 2 5 3 3 2
643 314 2 5 3 3 2
643 316 4 4 3 2 2
643 334 4 3 3 1 2
643 344 2 5 3 3 2
643 358 1 6 3 3 3
643 386 4 3 3 2 1
643 404 4 3 3 2 1
643 412 3 5 3 2 3
643 422 2 5 3 3 2
643 428 1 5 3 3 2
643 442 2 5 4 3 2
643 454 4 3 3 1 2
643 464 4 3 3 2 1
643 478 2 5 3 2 3
643 488 2 5 3 3 2
643 498 4 4 4 2 2
643 512 1 5 2 4 1
643 524 4 4 3 2 2
643 566 4 5 3 3 2
643 578 3 5 3 3 2
643 592 1 5 3 3 2
643 622 1 5 3 3 2
643 634 4 2 3 1 1
644 43 4 3 4 2 1
644 59 3 5 4 2 3
644 61 2 5 4 3 2
644 71 1 5 4 3 2
644 87 4 3 5 2 1
644 127 4 4 4 2 2
644 149 2 5 4 2 3
644 151 2 5 4 3 2
644 241 1 5 4 3 2
644 243 4 2 4 1 1
644 247 4 3 5 2 1
644 297 4 2 5 1 1
644 325 1 5 5 3 2
644 359 1 5 4 2 3
644 379 2 5 4 3 2
644 433 4 3 4 2 1
644 461 1 5 4 3 2
644 477 4 3 5 2 1
644 507 4 2 5 1 1
644 537 4 2 5 1 1
646 33 4 3 5 2 1
646 61 1 5 4 2 3
646 91 2 5 5 2 3
646 113 2 5 4 3 2
646 121 2 5 4 2 3
646 131 2 5 4 3 2
646 149 2 5 4 3 2
646 173 2 5 4 3 2
646 191 1 5 4 2 3
646 213 4 2 5 1 1
646 239 1 5 4 3 2
646 251 1 5 4 3 2
646 269 1 5 4 3 2
646 311 2 5 4 3 2
646 341 2 5 5 3 2
646 355 1 5 5 3 2
646 359 1 5 4 3 2
646 397 4 4 4 2 2
646 439 2 5 4 3 2
646 481 1 5 5 2 3
646 485 1 5 5 3 2
646 509 3 5 4 4 1
647 2 2 5 2 2 3
647 18 1 5 3 3 2
647 20 2 5 3 2 3
647 32 2 5 2 2 3
647 38 2 5 3 2 3
647 52 1 5 3 2 3
647 58 1 5 3 3 2
647 68 1 5 3 3 2
647 88 1 5 3 3 2
647 94 3 5 3 3 2
647 106 4 3 3 2 1
647 112 1 5 3 3 2
647 124 4 3 3 2 1
647 130 2 5 4 3 2
647 152 1 5 3 2 3
647 158 3 5 3 3 2
647 166 4 4 3 2 2
647 172 1 5 3 3 2
647 178 1 5 3 3 2
647 206 4 3 3 1 2
647 218 2 5 3 2 3
647 224 4 4 3 2 2
647 248 1 5 3 2 3
647 256 3 5 2 3 2
647 262 3 5 3 2 3
647 302 2 5 3 2 3
647 314 4 3 3 1 2
647 322 2 5 4 3 2
647 328 1 5 3 3 2
647 332 1 5 3 2 3
647 336 4 2 4 1 1
647 368 2 5 3 3 2
647 388 2 5 3 3 2
647 398 3 5 3 3 2
647 414 4 2 4 1 1
647 438 3 5 4 3 2
647 452 2 5 3 2 3
647 458 1 5 3 3 2
647 508 2 5 3 4 1
647 514 4 4 3 2 2
647 542 2 5 3 2 3
647 562 2 5 3 3 2
647 574 4 4 4 3 1
647 592 1 5 3 3 2
647 616 4 3 4 2 1
647 626 4 4 3 2 2
648 49 4 3 3 2 1
648 67 2 5 3 3 2
648 179 4 3 3 1 2
648 341 4 3 4 2 1
648 353 1 5 3 3 2
648 569 4 2 3 1 1
648 601 4 2 3 1 1
649 14 1 5 4 3 2
649 16 2 5 3 3 2
649 40 2 5 4 2 3
649 54 1 5 4 2 3
649 64 1 5 3 2 3
649 116 2 5 4 3 2
649 148 4 3 4 1 2
649 156 1 5 5 3 2
649 158 4 3 4 2 1
649 166 2 5 4 2 3
649 184 2 5 4 2 3
649 194 2 5 4 2 3
649 212 2 5 4 3 2
649 216 4 3 4 2 1
649 250 3 5 4 2 3
649 254 1 5 4 3 2
649 268 4 4 4 2 2
649 320 2 5 4 3 2
649 326 2 5 4 3 2
649 362 4 4 4 2 2
649 376 1 5 4 2 3
649 394 2 5 4 2 3
649 398 4 3 4 2 1
649 436 1 5 4 3 2
649 446 1 5 4 3 2
649 464 2 5 4 3 2
649 564 4 3 5 1 2
649 586 2 5 4 3 2
650 1 3 5 3 3 2
650 167 2 5 4 2 3
650 251 2 5 4 2 3
650 293 1 5 4 2 3
650 463 2 5 4 3 2
651 122 4 2 5 1 1
651 242 4 3 5 2 1
651 292 4 3 5 2 1
651 388 4 2 5 1 1
651 422 4 3 5 2 1
651 428 4 3 5 2 1
651 502 4 2 5 1 1
651 512 4 2 4 1 1
651 598 4 2 6 1 1
651 632 4 2 5 1 1
652 13 1 5 3 3 2
652 37 2 5 3 2 3
652 41 3 5 3 3 2
652 43 2 5 3 2 3
652 63 2 5 4 3 2
652 81 4 2 3 1 1
652 97 2 5 3 2 3
652 101 4 4 3 2 2
652 107 2 5 3 3 2
652 109 4 3 3 1 2
652 113 2 5 3 3 2
652 125 2 5 3 3 2
652 127 2 5 3 2 3
652 167 2 5 3 3 2
652 197 3 5 3 2 3
652 209 4 4 4 3 1
652 217 1 5 4 2 3
652 223 2 5 3 2 3
652 231 4 2 5 1 1
652 245 2 5 4 3 2
652 253 1 5 4 2 3
652 279 4 3 4 2 1
652 283 2 5 3 3 2
652 307 1 5 3 2 3
652 317 1 5 3 3 2
652 323 3 5 4 3 2
652 337 2 5 3 2 3
652 349 3 5 3 3 2
652 353 1 5 3 3 2
652 393 3 5 4 3 2
652 401 4 3 3 2 1
652 421 3 5 3 2 3
652 433 2 5 3 3 2
652 443 1 5 3 3 2
652 449 4 4 3 2 2
652 471 4 2 4 1 1
652 487 3 5 3 2 3
652 491 4 4 3 2 2
652 503 3 5 3 4 1
652 533 2 5 4 3 2
652 547 1 5 3 2 3
652 557 2 5 3 3 2
652 569 4 4 3 3 1
652 583 1 5 4 3 2
652 587 1 5 3 3 2
652 613 1 5 3 3 2
652 619 4 4 3 2 2
652 639 4 2 4 1 1
653 2 2 5 2 2 3
653 6 4 2 3 1 1
653 26 3 5 3 2 3
653 44 2 5 3 2 3
653 58 1 5 3 2 3
653 62 2 5 3 3 2
653 68 2 5 3 2 3
653 76 4 2 3 1 1
653 88 2 5 3 3 2
653 92 1 5 3 2 3
653 128 2 5 2 2 3
653 142 3 5 3 3 2
653 152 2 5 3 3 2
653 172 1 5 3 3 2
653 184 4 4 3 2 2
653 198 3 5 4 2 3
653 202 1 5 3 3 2
653 208 1 5 3 3 2
653 218 2 5 3 2 3
653 226 4 4 3 2 2
653 232 4 4 3 3 1
653 250 1 5 3 3 2
653 262 3 5 3 3 2
653 268 2 5 3 2 3
653 282 2 5 4 3 2
653 284 4 3 3 1 2
653 296 3 5 3 2 3
653 314 4 3 3 1 2
653 334 3 5 3 3 2
653 348 1 5 4 3 2
653 352 2 5 3 3 2
653 362 3 5 3 3 2
653 366 4 3 4 1 2
653 392 2 5 3 3 2
653 414 4 3 4 2 1
653 418 2 5 4 3 2
653 422 2 5 3 2 3
653 432 2 5 3 3 2
653 444 4 3 4 1 2
653 452 1 5 3 3 2
653 458 2 5 3 2 3
653 470 4 3 4 1 2
653 478 2 5 3 3 2
653 488 2 5 3 2 3
653 502 1 5 3 4 1
653 516 4 3 4 2 1
653 520 1 5 4 3 2
653 568 2 5 3 3 2
653 574 4 3 4 2 1
654 59 3 5 4 2 3
654 163 4 3 4 2 1
654 187 4 2 5 1 1
654 223 4 2 4 1 1
654 227 4 3 4 1 2
654 253 4 2 5 1 1
654 257 4 2 4 1 1
654 269 2 5 4 2 3
654 451 2 5 5 3 2
654 487 4 3 4 2 1
654 553 4 3 5 2 1
654 593 4 3 4 2 1
654 631 4 3 4 2 1
655 66 4 4 5 2 2
655 94 1 5 4 2 3
655 104 2 5 4 3 2
655 122 1 5 4 3 2
655 242 1 5 4 3 2
655 248 3 5 4 3 2
655 314 2 5 4 3 2
655 332 2 5 4 3 2
655 346 2 5 4 3 2
655 368 1 5 4 3 2
655 376 4 3 4 1 2
655 378 4 2 5 1 1
655 382 1 5 4 2 3
655 424 2 5 4 2 3
656 7 2 5 3 3 2
656 11 2 5 3 2 3
656 23 4 4 3 2 2
656 29 2 5 3 2 3
656 43 4 3 3 2 1
656 47 2 5 3 2 3
656 59 1 5 3 3 2
656 61 3 5 3 2 3
656 103 3 5 3 3 2
656 113 4 3 3 1 2
656 121 2 5 3 3 2
656 139 2 5 3 3 2
656 147 4 3 4 2 1
656 149 1 5 3 3 2
656 161 2 5 4 2 3
656 163 2 5 3 3 2
656 173 4 4 3 1 3
656 191 3 5 3 2 3
656 229 2 5 3 3 2
656 241 1 5 3 3 2
656 257 2 5 3 2 3
656 271 1 5 3 2 3
656 277 4 3 3 2 1
656 279 2 5 4 3 2
656 299 1 5 4 2 3
656 301 2 5 4 3 2
656 303 4 3 4 2 1
656 331 1 5 3 3 2
656 347 4 4 3 2 2
656 359 1 5 3 3 2
656 371 2 5 4 2 3
656 389 1 5 3 3 2
656 393 4 2 4 1 1
656 401 1 5 3 2 3
656 407 4 3 4 1 2
656 409 3 5 3 3 2
656 425 2 5 4 2 3
656 439 1 5 3 3 2
656 449 1 5 3 3 2
656 477 4 3 4 2 1
656 491 1 5 3 2 3
656 499 3 5 3 4 1
656 541 2 5 3 3 2
656 551 1 5 4 2 3
656 565 2 5 4 3 2
656 567 4 2 4 1 1
656 579 1 5 4 3 2
657 4 4 2 3 1 1
657 8 2 5 3 3 2
657 214 4 3 4 2 1
657 296 4 2 4 1 1
657 316 4 4 4 2 2
657 334 4 3 4 1 2
657 358 1 5 4 3 2
657 446 4 2 4 1 1
657 448 1 5 4 3 2
657 464 4 3 4 2 1
657 524 4 3 4 1 2
657 646 4 2 5 1 1
658 13 2 5 4 2 3
658 31 3 5 4 2 3
658 73 2 5 4 2 3
658 79 4 4 4 2 2
658 83 1 5 4 3 2
658 97 2 5 4 2 3
658 107 2 5 4 3 2
658 193 1 5 4 2 3
658 211 4 4 4 2 2
658 241 4 4 4 2 2
658 269 4 3 4 2 1
658 277 1 5 4 3 2
658 311 4 4 4 3 1
658 317 1 5 4 3 2
658 389 4 3 4 2 1
658 411 4 3 5 1 2
658 437 1 5 5 3 2
658 463 1 5 4 2 3
658 473 2 5 5 3 2
658 501 4 3 5 2 1
658 515 2 5 5 3 2
658 559 4 3 5 1 2
658 563 2 5 4 3 2
658 607 2 5 4 3 2
658 649 4 2 5 1 1
659 4 1 5 2 3 2
659 8 2 5 2 2 3
659 32 4 4 2 1 3
659 44 1 5 3 2 3
659 52 4 3 3 2 1
659 56 2 5 3 3 2
659 64 1 5 2 2 3
659 76 2 5 3 3 2
659 100 1 5 3 3 2
659 104 1 5 3 2 3
659 106 2 5 3 3 2
659 134 2 5 3 2 3
659 146 1 5 3 3 2
659 166 2 5 3 3 2
659 176 2 5 3 2 3
659 230 2 5 4 2 3
659 244 1 5 3 3 2
659 254 4 4 3 2 2
659 256 2 5 2 3 2
659 274 2 5 3 2 3
659 314 2 5 3 2 3
659 328 4 4 3 3 1
659 344 2 5 3 2 3
659 356 3 5 3 3 2
659 358 4 4 3 2 2
659 364 2 5 4 3 2
659 386 2 6 3 3 3
659 406 1 5 4 3 2
659 412 3 5 3 3 2
659 446 1 5 3 3 2
659 454 2 5 3 3 2
659 472 2 5 3 3 2
659 478 4 3 3 2 1
659 492 4 2 4 1 1
659 496 1 5 3 4 1
659 514 2 5 3 3 2
659 526 3 5 3 3 2
659 560 4 4 4 2 2
659 618 4 2 4 1 1
661 4 2 5 2 3 2
661 8 4 3 2 2 1
661 10 2 5 3 2 3
661 32 2 5 2 3 2
661 34 2 5 3 2 3
661 42 4 3 4 2 1
661 46 2 5 3 2 3
661 52 2 5 3 2 3
661 76 2 5 3 2 3
661 80 2 5 3 3 2
661 106 1 5 3 2 3
661 116 1 5 3 3 2
661 134 2 5 3 3 2
661 144 2 5 3 3 2
661 164 2 5 3 3 2
661 178 4 4 3 1 3
661 192 4 3 3 1 2
661 206 1 5 3 2 3
661 218 4 3 3 2 1
661 224 3 5 3 3 2
661 232 3 5 3 2 3
661 236 1 5 3 3 2
661 254 2 5 3 3 2
661 262 2 5 3 2 3
661 274 1 5 3 3 2
661 284 1 5 3 3 2
661 296 3 5 3 3 2
661 304 2 5 3 2 3
661 326 3 5 3 3 2
661 332 4 4 3 2 2
661 340 3 5 4 3 2
661 346 2 5 3 2 3
661 348 4 2 4 1 1
661 362 3 5 3 3 2
661 374 2 5 4 3 2
661 376 1 5 3 2 3
661 400 4 3 3 1 2
661 406 3 5 4 2 3
661 424 2 5 3 3 2
661 432 4 2 3 1 1
661 444 2 5 4 3 2
661 452 3 5 3 3 2
661 466 2 5 3 2 3
661 478 4 4 3 2 2
661 488 4 3 3 2 1
661 494 2 5 4 4 1
661 496 2 5 3 2 3
661 536 4 4 3 3 1
661 562 4 3 3 1 2
661 574 2 5 4 3 2
661 584 1 5 3 3 2
661 604 2 5 3 3 2
661 622 4 3 3 1 2
661 626 1 5 3 3 2
662 17 1 5 3 2 3
662 21 4 2 4 1 1
662 31 4 4 3 3 1
662 35 2 5 4 2 3
662 53 1 6 3 3 3
662 73 3 5 3 3 2
662 79 2 5 3 3 2
662 89 4 3 3 1 2
662 97 2 5 3 3 2
662 99 4 2 4 1 1
662 101 2 5 3 2 3
662 103 1 5 3 3 2
662 137 1 5 3 2 3
662 143 2 5 4 3 2
662 151 4 4 3 2 2
662 157 3 5 3 3 2
662 161 4 3 4 1 2
662 193 2 5 3 3 2
662 207 1 5 4 2 3
662 227 2 5 3 2 3
662 233 2 5 3 2 3
662 235 2 5 4 3 2
662 259 4 4 4 2 2
662 263 2 5 3 2 3
662 277 2 5 3 2 3
662 281 4 4 3 2 2
662 307 2 5 3 3 2
662 317 3 5 3 2 3
662 339 3 5 4 3 2
662 343 3 5 3 3 2
662 353 3 5 3 3 2
662 361 3 5 3 3 2
662 383 2 5 3 3 2
662 403 2 5 4 3 2
662 409 3 5 3 3 2
662 421 4 3 3 2 1
662 443 1 5 3 3 2
662 489 4 2 4 1 1
662 493 1 5 4 4 1
662 497 3 5 4 2 3
662 499 4 3 3 2 1
662 531 4 2 4 1 1
662 547 2 5 3 3 2
662 551 4 3 4 1 2
662 557 2 5 3 2 3
662 577 3 5 3 3 2
662 647 1 5 3 3 2
663 454 4 3 5 1 2
664 1 2 6 2 3 3
664 29 1 5 3 3 2
664 41 1 5 3 3 2
664 47 4 3 3 2 1
664 49 2 5 3 2 3
664 103 3 5 3 2 3
664 113 3 5 3 3 2
664 123 4 2 4 1 1
664 131 1 5 3 3 2
664 139 1 5 3 2 3
664 167 4 4 3 2 2
664 169 1 5 3 2 3
664 181 2 5 3 2 3
664 191 2 5 3 3 2
664 209 1 5 4 2 3
664 229 3 5 3 2 3
664 235 2 5 4 2 3
664 239 3 5 3 3 2
664 251 2 5 3 3 2
664 271 2 5 3 3 2
664 279 1 5 4 2 3
664 293 3 5 3 3 2
664 297 4 2 4 1 1
664 323 3 5 4 3 2
664 337 3 5 3 3 2
664 341 2 5 4 3 2
664 359 3 5 3 3 2
664 379 3 5 3 2 3
664 391 1 5 4 2 3
664 395 4 3 4 2 1
664 409 1 5 3 2 3
664 449 2 5 3 3 2
664 463 4 4 3 2 2
664 469 3 5 4 2 3
664 491 1 5 3 4 1
664 509 2 5 3 3 2
664 521 2 5 3 3 2
664 543 4 3 4 2 1
664 545 1 5 4 3 2
664 567 4 2 4 1 1
664 571 1 5 3 3 2
664 593 4 3 3 2 1
664 601 2 5 3 3 2
664 631 2 5 3 3 2
665 2 1 5 4 2 3
665 236 2 5 5 2 3
665 614 4 3 5 1 2
666 1 2 5 3 2 3
666 67 4 2 4 1 1
666 71 1 5 4 2 3
666 107 4 3 4 1 2
666 139 2 5 4 3 2
666 197 4 3 4 1 2
666 379 3 5 4 3 2
666 419 1 5 4 3 2
666 505 4 3 5 1 2
666 583 4 2 5 1 1
666 607 4 3 4 2 1
667 2 1 5 3 2 3
667 4 3 5 3 2 3
667 22 2 5 4 2 3
667 38 1 5 4 3 2
667 40 2 5 4 2 3
667 82 2 5 4 2 3
667 84 4 3 5 1 2
667 112 1 5 4 2 3
667 124 4 4 4 2 2
667 128 1 5 3 3 2
667 152 2 5 4 3 2
667 154 4 3 5 1 2
667 188 4 4 4 3 1
667 194 2 5 4 3 2
667 202 2 5 4 2 3
667 212 1 5 4 2 3
667 238 2 5 5 2 3
667 254 4 4 4 2 2
667 268 1 6 4 3 3
667 282 1 5 5 2 3
667 302 2 5 4 3 2
667 334 3 5 4 3 2
667 338 1 5 4 3 2
667 412 1 5 4 2 3
667 418 1 5 5 3 2
667 446 2 5 4 3 2
667 472 1 5 4 2 3
667 488 2 5 4 4 1
667 502 1 5 4 2 3
667 526 4 3 4 1 2
667 566 4 3 4 2 1
667 568 1 5 4 3 2
667 572 1 5 5 3 2
667 628 2 5 4 3 2
668 3 2 5 3 2 3
668 17 3 5 3 2 3
668 47 2 5 3 3 2
668 53 2 5 3 2 3
668 73 1 6 3 3 3
668 99 4 3 4 2 1
668 107 1 5 3 2 3
668 109 2 5 3 3 2
668 113 1 5 3 2 3
668 137 1 5 3 3 2
668 151 3 5 3 3 2
668 157 3 5 3 3 2
668 187 2 5 4 3 2
668 193 2 5 3 3 2
668 203 2 5 4 2 3
668 217 1 5 4 3 2
668 233 2 5 3 2 3
668 259 4 3 4 2 1
668 261 4 3 4 1 2
668 277 2 5 3 3 2
668 283 2 5 3 2 3
668 311 3 5 3 2 3
668 333 2 5 4 3 2
668 339 4 4 4 2 2
668 347 1 5 3 3 2
668 367 1 5 3 3 2
668 377 3 5 4 3 2
668 389 4 4 3 2 2
668 403 1 5 4 3 2
668 413 1 5 4 2 3
668 437 2 6 4 3 3
668 463 1 5 3 3 2
668 469 4 3 4 2 1
668 473 2 5 4 2 3
668 487 2 5 3 4 1
668 519 4 2 4 1 1
668 521 4 4 3 2 2
668 553 1 5 4 3 2
668 577 3 5 3 3 2
668 589 4 3 4 2 1
668 613 1 5 3 3 2
668 641 4 4 3 3 1
668 649 4 3 4 2 1
669 22 4 2 4 1 1
669 46 1 5 4 3 2
669 82 4 2 4 1 1
669 92 4 2 4 1 1
669 136 2 5 4 3 2
669 178 4 3 4 2 1
669 248 4 3 4 2 1
669 266 3 5 5 3 2
669 346 1 5 4 3 2
669 388 4 3 4 2 1
669 416 2 5 4 3 2
669 568 4 2 4 1 1
669 602 4 3 5 2 1
669 662 4 2 4 1 1
670 19 1 5 4 2 3
670 43 2 5 4 2 3
670 61 3 5 4 2 3
670 89 1 5 4 3 2
670 109 2 5 4 2 3
670 233 3 5 4 3 2
670 299 1 5 5 3 2
670 331 3 5 4 3 2
670 397 2 5 4 2 3
670 461 1 5 4 3 2
670 527 1 5 5 3 2
670 551 2 5 5 3 2
671 8 3 5 3 2 3
671 26 1 5 4 2 3
671 34 1 5 4 3 2
671 76 2 5 4 2 3
671 106 2 5 4 3 2
671 118 4 4 4 2 2
671 134 2 5 4 3 2
671 146 2 5 4 2 3
671 168 4 2 5 1 1
671 190 1 5 5 3 2
671 202 4 4 4 2 2
671 222 4 3 5 2 1
671 226 1 5 4 3 2
671 272 3 5 4 2 3
671 314 1 5 4 2 3
671 316 2 5 4 3 2
671 338 4 3 4 1 2
671 344 1 5 4 3 2
671 356 1 5 4 2 3
671 386 2 5 4 2 3
671 424 1 5 4 3 2
671 434 2 5 5 3 2
671 476 2 5 5 2 3
671 508 4 3 4 2 1
671 526 1 5 4 3 2
671 532 4 3 5 2 1
671 538 2 5 4 3 2
671 562 4 3 4 2 1
671 648 4 2 4 1 1
672 19 4 2 4 1 1
672 43 2 5 4 3 2
672 149 4 2 4 1 1
672 331 4 4 4 2 2
672 373 1 5 4 3 2
672 389 4 2 4 1 1
672 461 4 3 4 2 1
672 491 4 2 4 1 1
672 559 4 2 5 1 1
672 631 4 2 4 1 1
673 8 2 5 2 2 3
673 22 2 5 3 2 3
673 58 1 5 3 2 3
673 62 3 5 3 3 2
673 64 3 5 2 2 3
673 68 1 5 3 3 2
673 92 1 5 3 3 2
673 106 4 4 3 2 2
673 112 2 5 3 2 3
673 118 1 5 3 2 3
673 122 1 5 3 3 2
673 146 2 5 3 3 2
673 178 1 5 3 2 3
673 188 3 5 3 3 2
673 218 2 5 3 2 3
673 244 3 5 3 2 3
673 262 3 5 3 3 2
673 266 4 4 4 2 2
673 276 4 3 4 2 1
673 296 2 5 3 3 2
673 302 1 5 3 3 2
673 316 2 5 3 2 3
673 328 2 6 3 3 3
673 332 1 5 3 3 2
673 334 4 4 3 2 2
673 350 1 5 4 3 2
673 372 2 5 4 3 2
673 398 1 5 3 3 2
673 400 1 5 3 2 3
673 412 2 5 3 3 2
673 414 4 3 4 1 2
673 442 1 5 4 2 3
673 444 4 2 4 1 1
673 458 1 5 3 3 2
673 482 3 5 3 4 1
673 512 1 5 2 3 2
673 544 4 3 3 1 2
673 562 1 5 3 3 2
673 568 1 5 3 2 3
673 608 2 5 3 3 2
673 622 2 5 3 3 2
673 624 4 2 4 1 1
673 626 4 3 3 2 1
673 638 1 5 4 3 2
673 652 4 4 3 2 2
674 3 4 3 3 1 2
674 11 2 5 3 2 3
674 19 1 5 3 3 2
674 23 3 5 3 2 3
674 27 4 2 3 1 1
674 29 2 5 3 2 3
674 41 2 5 3 3 2
674 47 2 5 3 2 3
674 79 2 5 3 2 3
674 85 2 5 4 3 2
674 89 2 5 3 2 3
674 91 1 5 4 3 2
674 119 2 5 4 2 3
674 121 2 5 3 3 2
674 131 2 5 3 3 2
674 133 4 3 4 2 1
674 177 4 4 4 2 2
674 181 2 5 3 3 2
674 191 2 5 3 2 3
674 211 4 4 3 3 1
674 219 1 5 4 2 3
674 223 2 5 3 3 2
674 229 3 5 3 3 2
674 239 2 5 3 2 3
674 261 2 5 4 3 2
674 271 2 5 3 3 2
674 275 2 5 4 2 3
674 283 3 5 3 3 2
674 289 3 5 3 2 3
674 313 4 4 3 3 1
674 329 1 5 4 2 3
674 333 4 4 4 2 2
674 341 2 5 4 3 2
674 349 2 5 3 3 2
674 367 4 3 3 2 1
674 371 2 5 4 3 2
674 401 3 5 3 2 3
674 421 2 5 3 3 2
674 439 3 5 3 3 2
674 457 2 5 3 3 2
674 481 1 5 4 4 1
674 499 1 5 3 3 2
674 503 4 4 3 2 2
674 509 1 5 3 2 3
674 517 4 3 4 2 1
674 569 3 5 3 2 3
674 577 4 3 3 2 1
674 635 2 5 4 3 2
674 653 4 3 3 1 2
674 673 4 2 3 2 0
675 632 4 2 4 1 1
676 11 1 5 3 2 3
676 31 2 5 3 2 3
676 49 1 5 3 2 3
676 61 1 5 3 2 3
676 67 4 4 3 1 3
676 101 2 5 3 3 2
676 115 1 5 4 2 3
676 137 4 4 3 2 2
676 149 2 5 3 3 2
676 179 2 5 3 3 2
676 193 3 5 3 2 3
676 239 2 5 3 3 2
676 241 2 5 3 2 3
676 259 1 5 4 3 2
676 269 2 5 3 3 2
676 281 1 5 3 3 2
676 311 3 5 3 3 2
676 319 2 5 4 2 3
676 331 1 5 3 2 3
676 347 3 5 3 3 2
676 361 1 5 3 2 3
676 389 1 5 3 3 2
676 391 2 5 4 2 3
676 409 2 5 3 3 2
676 443 4 3 3 2 1
676 445 1 5 4 2 3
676 467 4 4 3 2 2
676 479 1 5 3 4 1
676 521 1 5 3 3 2
676 543 4 4 4 2 2
676 571 2 5 3 2 3
676 589 1 5 4 3 2
676 599 3 5 3 3 2
676 613 4 3 3 1 2
676 617 4 3 3 2 1
676 619 1 5 3 3 2
677 12 3 5 3 2 3
677 26 2 5 3 2 3
677 28 1 5 3 3 2
677 38 2 5 3 3 2
677 44 4 4 3 2 2
677 56 4 3 3 1 2
677 66 4 3 4 1 2
677 68 1 5 3 2 3
677 82 2 6 3 3 3
677 88 1 5 3 3 2
677 116 3 5 3 2 3
677 118 1 5 3 3 2
677 122 3 5 3 2 3
677 128 2 5 2 3 2
677 142 1 5 3 3 2
677 148 4 4 3 3 1
677 184 3 5 3 3 2
677 194 3 5 3 2 3
677 208 1 5 3 3 2
677 212 2 5 3 2 3
677 216 4 3 3 2 1
677 222 2 5 4 2 3
677 226 4 5 3 3 2
677 248 2 5 3 2 3
677 278 2 5 3 2 3
677 292 1 6 3 3 3
677 294 4 2 4 1 1
677 304 4 3 3 2 1
677 338 1 5 3 3 2
677 344 4 3 3 1 2
677 358 1 5 3 3 2
677 368 2 5 3 3 2
677 404 2 5 3 2 3
677 418 1 5 4 3 2
677 422 2 5 3 2 3
677 428 1 5 3 3 2
677 476 4 3 4 1 2
677 478 2 5 3 4 1
677 482 2 5 3 2 3
677 512 3 5 2 2 3
677 526 4 3 3 2 1
677 532 2 5 4 3 2
677 544 3 5 3 3 2
677 554 4 3 3 1 2
677 558 2 5 4 3 2
677 562 1 5 3 3 2
677 584 4 4 3 2 2
677 590 4 4 4 2 2
677 632 2 5 3 3 2
677 634 4 4 3 3 1
677 658 4 4 4 3 1
678 127 3 5 4 3 2
678 161 4 3 5 1 2
678 179 4 2 4 1 1
678 223 1 5 4 2 3
678 289 4 2 4 1 1
678 323 1 5 5 3 2
678 331 4 2 4 1 1
678 335 4 2 5 1 1
678 337 1 5 4 3 2
678 361 4 2 4 1 1
678 419 4 3 4 1 2
678 451 4 2 5 1 1
678 569 4 3 4 2 1
678 587 2 5 4 3 2
678 601 4 3 4 1 2
679 2 4 3 3 2 1
679 16 1 5 3 2 3
679 34 2 5 4 2 3
679 52 3 5 4 2 3
679 88 4 4 4 2 2
679 124 3 5 4 2 3
679 132 4 2 5 1 1
679 146 2 5 4 3 2
679 206 2 5 4 3 2
679 214 1 5 4 2 3
679 244 2 5 4 2 3
679 256 2 5 3 3 2
679 262 4 3 4 1 2
679 302 4 4 4 2 2
679 344 3 5 4 3 2
679 356 2 5 4 3 2
679 394 1 5 4 2 3
679 412 4 3 4 1 2
679 426 1 5 5 3 2
679 492 4 3 5 1 2
679 494 3 5 5 3 2
679 522 4 2 5 1 1
679 548 4 3 4 2 1
679 556 1 5 4 3 2
679 586 2 5 4 3 2
679 608 4 4 4 3 1
680 13 1 5 4 3 2
680 97 2 5 4 3 2
680 251 2 5 4 2 3
680 277 1 5 4 3 2
680 433 2 5 4 3 2
681 16 2 5 3 2 3
681 38 4 2 4 1 1
681 64 4 3 3 2 1
681 86 2 5 4 2 3
681 238 4 2 5 1 1
681 254 2 5 4 3 2
681 412 4 2 4 1 1
681 428 4 3 4 1 2
681 472 4 3 4 1 2
681 502 4 3 4 2 1
681 548 4 3 4 1 2
681 608 4 2 4 1 1
682 9 4 2 4 1 1
682 17 2 5 4 2 3
682 53 3 5 4 3 2
682 59 4 5 4 3 2
682 67 1 5 4 2 3
682 73 1 5 4 2 3
682 97 1 5 4 2 3
682 111 4 3 5 2 1
682 123 2 5 5 3 2
682 137 2 5 4 3 2
682 139 4 3 4 1 2
682 161 4 3 5 2 1
682 227 1 5 4 2 3
682 281 4 3 4 2 1
682 283 1 5 4 2 3
682 287 1 5 5 3 2
682 305 1 5 5 3 2
682 325 2 5 5 2 3
682 353 2 5 4 3 2
682 381 4 3 5 1 2
682 383 3 5 4 3 2
682 397 2 5 4 2 3
682 399 4 3 6 2 1
682 423 1 5 5 3 2
682 459 4 3 5 2 1
682 487 3 5 4 2 3
682 529 4 4 4 2 2
682 553 3 5 5 3 2
682 563 2 5 4 3 2
682 581 4 3 5 2 1
682 613 2 5 4 3 2
682 659 4 3 4 2 1
683 20 2 5 3 2 3
683 32 2 6 2 3 3
683 38 3 5 3 2 3
683 46 4 3 3 1 2
683 74 4 4 3 1 3
683 88 2 5 3 2 3
683 94 2 5 3 3 2
683 98 2 5 3 2 3
683 122 1 6 3 3 3
683 126 4 2 4 1 1
683 134 4 4 3 2 2
683 172 1 5 3 3 2
683 178 2 5 3 3 2
683 188 2 5 3 2 3
683 202 2 5 3 3 2
683 214 3 5 3 3 2
683 218 1 5 3 2 3
683 232 1 5 3 3 2
683 248 1 5 3 2 3
683 264 4 2 4 1 1
683 284 4 4 3 1 3
683 292 1 5 3 3 2
683 298 1 5 3 2 3
683 318 3 5 4 3 2
683 332 2 5 3 3 2
683 362 2 5 3 3 2
683 366 4 2 4 1 1
683 382 2 5 3 3 2
683 386 4 3 3 1 2
683 388 2 5 3 3 2
683 398 2 5 3 2 3
683 422 2 5 3 3 2
683 428 2 5 3 2 3
683 430 2 5 4 3 2
683 446 4 3 3 1 2
683 448 2 5 3 3 2
683 452 2 5 3 2 3
683 454 4 3 3 2 1
683 464 4 4 3 2 2
683 472 3 5 3 4 1
683 498 4 3 4 1 2
683 538 2 5 3 3 2
683 578 1 5 3 2 3
683 592 2 5 3 3 2
683 598 3 5 4 3 2
683 620 4 3 4 1 2
683 626 2 5 3 3 2
683 628 2 5 3 3 2
684 1 4 3 3 2 1
684 77 4 2 5 1 1
684 103 4 3 4 1 2
684 203 4 3 5 1 2
684 229 1 5 4 2 3
684 233 4 4 4 2 2
684 293 4 3 4 1 2
684 373 4 3 4 2 1
684 407 4 2 5 1 1
684 443 4 3 4 2 1
684 467 4 3 4 1 2
684 521 4 3 4 2 1
685 22 2 5 4 2 3
685 56 2 5 4 3 2
685 74 2 5 4 3 2
685 134 2 5 4 3 2
685 212 2 5 4 3 2
685 272 2 5 4 3 2
685 316 1 5 4 3 2
685 386 2 5 4 3 2
685 422 4 3 4 2 1
685 454 1 5 4 2 3
685 524 2 5 4 3 2
686 19 1 5 3 3 2
686 29 2 5 3 3 2
686 37 4 4 3 2 2
686 59 1 5 3 2 3
686 83 4 3 3 1 2
686 93 4 3 4 2 1
686 131 1 5 3 2 3
686 143 4 3 4 1 2
686 169 1 5 3 3 2
686 197 4 3 3 1 2
686 211 3 5 3 3 2
686 249 3 5 4 3 2
686 257 3 5 3 2 3
686 271 2 5 3 3 2
686 283 3 5 3 3 2
686 323 4 3 4 1 2
686 341 2 5 4 2 3
686 359 1 5 3 3 2
686 419 1 5 3 3 2
686 453 4 3 4 2 1
686 491 2 5 3 2 3
686 499 1 5 3 3 2
686 521 1 5 3 2 3
686 557 4 4 3 2 2
686 583 4 3 4 2 1
686 601 2 5 3 3 2
686 613 4 3 3 2 1
686 639 4 3 4 2 1
686 653 4 4 3 2 2
686 673 4 3 3 2 1
687 74 4 2 4 1 1
687 92 2 5 4 2 3
687 166 4 2 4 1 1
687 176 4 3 4 1 2
687 224 4 2 4 1 1
687 244 4 3 4 2 1
687 302 2 5 4 2 3
687 358 2 5 4 3 2
687 406 4 2 5 1 1
687 484 4 3 4 1 2
687 556 4 3 4 2 1
687 614 4 2 4 1 1
687 622 2 5 4 3 2
687 664 4 3 4 2 1
687 686 4 1 4 1 0
688 17 1 5 3 3 2
688 21 4 3 4 1 2
688 23 2 5 3 2 3
688 25 2 5 3 2 3
688 37 2 5 3 2 3
688 49 4 4 3 2 2
688 53 3 5 3 3 2
688 61 2 5 3 2 3
688 77 2 5 4 3 2
688 79 2 5 3 2 3
688 83 4 4 3 2 2
688 93 2 5 4 2 3
688 103 1 5 3 2 3
688 107 3 5 3 3 2
688 127 2 5 3 2 3
688 137 1 5 3 3 2
688 151 4 3 3 1 2
688 163 3 5 3 2 3
688 173 2 5 3 3 2
688 189 4 2 4 1 1
688 205 1 5 4 2 3
688 233 1 5 3 2 3
688 247 2 5 4 3 2
688 281 4 5 3 3 2
688 291 4 3 4 2 1
688 313 2 5 3 3 2
688 317 3 5 3 3 2
688 347 2 5 3 3 2
688 359 4 4 3 2 2
688 383 1 5 3 3 2
688 397 2 5 3 3 2
688 411 4 3 4 2 1
688 433 1 5 3 2 3
688 443 2 5 3 3 2
688 457 2 5 3 2 3
688 467 1 6 3 4 2
688 485 1 5 4 3 2
688 489 4 3 4 2 1
688 523 1 5 3 2 3
688 533 1 5 4 3 2
688 547 2 5 3 3 2
688 571 4 3 3 1 2
688 577 3 5 3 3 2
688 583 2 5 4 2 3
688 593 3 5 3 3 2
688 623 2 5 4 3 2
688 629 4 3 4 2 1
688 677 2 5 3 4 1
689 4 1 5 3 3 2
689 24 1 5 4 2 3
689 32 4 4 3 2 2
689 74 2 5 4 2 3
689 94 1 5 4 2 3
689 116 2 5 4 3 2
689 128 2 5 3 2 3
689 136 1 5 4 3 2
689 138 4 3 5 1 2
689 168 4 2 5 1 1
689 172 3 5 4 3 2
689 196 1 5 4 3 2
689 206 3 5 4 2 3
689 214 2 5 4 3 2
689 224 2 5 4 2 3
689 254 1 5 4 2 3
689 290 2 5 5 2 3
689 298 2 5 4 3 2
689 304 3 5 4 2 3
689 326 1 5 4 3 2
689 334 1 5 4 3 2
689 356 1 5 4 3 2
689 458 2 5 4 2 3
689 466 1 5 4 4 1
689 484 2 5 4 3 2
689 508 4 4 4 3 1
689 556 2 5 4 3 2
689 584 3 5 4 2 3
689 620 1 5 5 3 2
691 2 4 5 2 3 2
691 24 3 5 3 3 2
691 26 1 5 3 2 3
691 40 1 5 3 2 3
691 42 4 3 4 1 2
691 46 2 5 3 2 3
691 64 1 5 2 2 3
691 68 3 5 3 3 2
691 76 2 5 3 2 3
691 86 2 5 3 3 2
691 146 4 4 3 2 2
691 164 1 5 3 3 2
691 172 4 3 3 1 2
691 192 4 2 3 1 1
691 194 3 5 3 3 2
691 206 1 5 3 3 2
691 208 2 5 3 2 3
691 218 4 4 3 2 2
691 226 2 5 3 2 3
691 236 1 5 3 2 3
691 244 3 5 3 3 2
691 254 2 5 3 3 2
691 266 2 5 4 3 2
691 278 3 5 3 3 2
691 284 2 5 3 3 2
691 296 3 5 3 3 2
691 310 2 5 4 3 2
691 314 2 5 3 3 2
691 334 2 5 3 2 3
691 346 2 5 3 2 3
691 376 1 5 3 2 3
691 394 1 5 3 3 2
691 404 2 5 3 3 2
691 432 4 3 3 1 2
691 436 1 5 3 2 3
691 452 4 3 3 2 1
691 458 4 3 3 2 1
691 464 3 5 3 4 1
691 482 2 5 3 3 2
691 506 1 5 4 3 2
691 520 4 4 4 2 2
691 530 2 5 4 3 2
691 544 1 5 3 3 2
691 548 2 5 3 3 2
691 574 2 5 4 3 2
691 582 4 3 4 2 1
691 588 4 2 4 1 1
691 596 2 5 3 3 2
691 602 4 3 4 2 1
691 604 2 5 3 3 2
691 614 2 5 3 3 2
691 674 1 5 3 4 1
692 13 2 5 3 3 2
692 23 2 5 3 3 2
692 29 3 5 3 2 3
692 37 4 3 3 1 2
692 43 1 5 3 3 2
692 83 1 5 3 2 3
692 97 3 5 3 2 3
692 103 2 5 3 3 2
692 107 1 5 3 2 3
692 113 1 5 3 3 2
692 119 4 3 4 1 2
692 127 2 5 3 3 2
692 133 2 5 4 3 2
692 197 2 5 3 2 3
692 201 4 3 4 2 1
692 209 3 5 4 2 3
692 211 2 5 3 3 2
692 223 3 5 3 3 2
692 249 4 2 4 1 1
692 251 4 4 3 2 2
692 257 2 5 3 2 3
692 263 2 5 3 2 3
692 265 1 5 4 3 2
692 271 4 3 3 2 1
692 277 1 5 3 3 2
692 293 1 5 3 2 3
692 307 2 5 3 2 3
692 309 4 4 4 3 1
692 323 3 5 4 3 2
692 335 1 5 4 2 3
692 353 3 5 3 3 2
692 373 2 5 3 3 2
692 379 4 4 3 3 1
692 393 2 5 4 3 2
692 407 1 5 4 2 3
692 413 2 5 4 3 2
692 419 2 5 3 2 3
692 439 3 5 3 3 2
692 463 2 5 3 4 1
692 479 4 3 3 1 2
692 497 2 5 4 2 3
692 505 2 5 4 3 2
692 517 1 5 4 3 2
692 527 1 5 4 2 3
692 541 4 3 3 2 1
692 547 3 5 3 3 2
692 561 4 3 5 2 1
692 573 1 5 4 3 2
692 599 4 3 3 1 2
692 609 4 2 5 1 1
692 617 1 5 3 3 2
692 661 4 4 3 3 1
692 673 2 5 3 4 1
693 46 4 2 5 1 1
693 254 4 2 5 1 1
693 356 4 2 5 1 1
693 526 4 3 5 2 1
693 544 4 2 5 1 1
693 566 4 2 5 1 1
694 1 2 5 2 2 3
694 27 4 4 3 2 2
694 29 3 5 3 2 3
694 31 1 5 3 2 3
694 43 2 5 3 2 3
694 53 4 3 3 2 1
694 63 4 2 4 1 1
694 65 2 5 4 3 2
694 71 1 5 3 3 2
694 83 2 5 3 3 2
694 85 1 5 4 2 3
694 97 4 4 3 2 2
694 99 2 5 4 2 3
694 109 2 5 3 2 3
694 111 2 5 4 3 2
694 131 4 4 3 3 1
694 139 1 5 3 2 3
694 161 1 5 4 3 2
694 167 3 5 3 3 2
694 199 2 5 3 2 3
694 209 3 5 4 3 2
694 211 1 5 3 2 3
694 221 2 5 4 3 2
694 229 1 5 3 2 3
694 233 4 3 3 2 1
694 239 2 5 3 2 3
694 241 2 5 3 3 2
694 265 1 5 4 2 3
694 281 1 5 3 3 2
694 295 2 5 4 2 3
694 307 3 5 3 3 2
694 309 2 5 4 2 3
694 313 4 4 3 2 2
694 329 1 5 4 3 2
694 349 2 5 3 2 3
694 353 4 4 3 2 2
694 371 1 5 4 3 2
694 379 2 5 3 2 3
694 391 2 5 4 3 2
694 419 1 5 3 3 2
694 421 2 5 3 2 3
694 437 4 4 4 3 1
694 439 1 5 3 2 3
694 461 3 5 3 4 1
694 463 2 5 3 2 3
694 479 2 5 3 3 2
694 491 2 5 3 3 2
694 541 1 5 3 3 2
694 547 4 4 3 2 2
694 551 2 5 4 3 2
694 571 2 5 3 3 2
694 573 4 3 4 2 1
694 601 3 5 3 3 2
694 607 4 3 3 1 2
694 617 3 5 3 3 2
694 659 1 5 3 3 2
694 671 1 5 4 4 1
695 2 2 5 3 2 3
695 46 2 5 4 3 2
695 68 1 5 4 2 3
695 86 1 5 4 2 3
695 202 1 5 4 3 2
695 264 4 3 5 2 1
695 292 1 5 4 3 2
695 376 1 5 4 3 2
695 436 1 5 4 3 2
695 464 2 5 4 2 3
695 478 1 5 4 3 2
696 157 4 3 4 1 2
696 173 4 3 4 2 1
696 217 4 3 5 2 1
696 277 4 3 4 2 1
696 305 2 5 5 3 2
696 311 1 5 4 2 3
696 373 4 3 4 1 2
696 407 4 2 5 1 1
696 409 1 5 4 3 2
696 523 4 3 4 2 1
697 8 2 5 3 3 2
697 18 1 5 4 3 2
697 52 1 5 4 2 3
697 62 1 5 4 3 2
697 70 2 5 5 2 3
697 88 2 5 4 2 3
697 108 1 5 4 3 2
697 122 1 5 4 3 2
697 158 1 5 4 3 2
697 172 2 5 4 2 3
697 186 4 3 5 1 2
697 200 1 5 4 3 2
697 202 3 5 4 2 3
697 242 1 5 4 2 3
697 260 2 5 5 3 2
697 262 1 5 4 2 3
697 268 1 5 4 2 3
697 290 2 5 5 3 2
697 298 2 5 4 2 3
697 304 3 5 4 3 2
697 324 4 2 4 1 1
697 326 3 5 4 3 2
697 368 2 5 4 3 2
697 382 1 5 4 2 3
697 388 1 5 4 3 2
697 398 2 5 4 3 2
697 424 2 5 4 2 3
697 458 1 5 4 4 1
697 488 2 5 4 3 2
697 502 2 5 4 2 3
697 506 4 3 5 2 1
697 512 1 5 3 3 2
697 534 4 2 5 1 1
697 538 2 5 4 3 2
697 542 1 5 4 3 2
697 568 3 5 4 3 2
697 598 2 5 5 3 2
697 664 4 3 4 1 2
697 668 2 5 4 4 1
698 5 3 5 3 2 3
698 17 2 5 3 3 2
698 33 2 5 4 2 3
698 43 1 5 3 3 2
698 47 2 5 3 2 3
698 61 3 5 3 3 2
698 81 4 3 3 2 1
698 83 1 5 3 2 3
698 103 1 5 3 2 3
698 107 1 5 3 3 2
698 111 4 2 4 1 1
698 137 2 5 3 2 3
698 149 4 4 3 2 2
698 163 2 5 3 3 2
698 173 2 5 3 2 3
698 187 2 5 4 3 2
698 191 4 4 3 2 2
698 203 1 5 4 2 3
698 205 1 5 4 3 2
698 215 3 5 4 2 3
698 217 3 5 4 3 2
698 233 2 5 3 2 3
698 247 1 5 4 3 2
698 271 2 5 3 3 2
698 303 2 5 4 3 2
698 307 2 5 3 3 2
698 313 3 5 3 2 3
698 317 1 5 3 3 2
698 319 4 3 4 2 1
698 347 2 5 3 3 2
698 373 1 5 3 3 2
698 383 2 5 3 2 3
698 397 3 5 3 3 2
698 401 4 4 3 2 2
698 407 1 5 4 3 2
698 413 2 5 4 2 3
698 419 4 3 3 1 2
698 429 4 3 5 2 1
698 433 1 5 3 3 2
698 443 1 5 3 2 3
698 457 1 5 3 4 1
698 467 1 5 3 2 3
698 501 4 3 4 2 1
698 511 3 5 4 3 2
698 523 3 5 3 3 2
698 537 1 5 4 3 2
698 565 4 4 4 2 2
698 583 2 5 4 3 2
698 591 4 2 4 1 1
698 599 4 3 3 1 2
698 607 2 5 3 3 2
698 611 2 5 4 3 2
698 613 1 5 3 3 2
698 631 4 3 3 2 1
698 659 4 4 3 2 2
698 667 2 5 4 4 1
698 669 4 2 4 1 1
699 104 2 5 4 2 3
699 128 4 2 3 1 1
699 244 2 5 4 2 3
699 392 4 2 4 1 1
699 428 4 3 4 2 1
699 442 4 3 5 2 1
699 518 4 2 5 1 1
699 548 4 3 4 2 1
699 566 1 5 4 3 2
699 638 4 3 5 2 1
699 674 4 2 4 1 1
700 37 2 5 4 2 3
700 323 1 5 5 3 2
701 4 1 5 2 3 2
701 14 2 5 3 3 2
701 18 4 2 3 1 1
701 34 2 5 3 3 2
701 36 3 5 3 2 3
701 64 2 5 2 3 2
701 74 1 5 3 2 3
701 86 4 4 3 1 3
701 92 3 5 3 2 3
701 104 1 5 3 3 2
701 106 2 5 3 2 3
701 116 1 5 3 2 3
701 118 4 5 3 3 2
701 146 1 5 3 2 3
701 148 4 4 3 2 2
701 184 1 5 3 3 2
701 196 2 5 3 3 2
701 256 2 5 2 3 2
701 272 3 5 3 2 3
701 274 2 5 3 3 2
701 286 1 5 4 3 2
701 288 4 4 3 2 2
701 292 4 3 3 2 1
701 302 3 5 3 2 3
701 314 1 5 3 3 2
701 316 2 5 3 2 3
701 344 2 6 3 3 3
701 356 3 5 3 2 3
701 358 4 3 3 2 1
701 382 4 4 3 2 2
701 404 2 5 3 3 2
701 408 4 2 4 1 1
701 446 3 5 3 2 3
701 454 2 6 3 4 2
701 458 4 3 3 2 1
701 484 2 5 3 3 2
701 496 2 5 3 3 2
701 506 2 5 4 2 3
701 528 4 2 4 1 1
701 538 4 4 3 3 1
701 586 1 5 3 3 2
701 608 2 5 3 3 2
701 610 2 5 4 3 2
701 664 3 5 3 4 1
701 678 4 3 4 2 1
701 698 4 2 3 1 1
702 31 4 3 4 1 2
702 233 1 5 4 3 2
702 269 4 2 4 1 1
702 383 1 5 4 3 2
702 391 4 2 5 1 1
702 479 4 2 4 1 1
702 607 2 5 4 3 2
703 10 2 5 4 2 3
703 32 2 5 3 3 2
703 44 4 3 4 2 1
703 52 1 5 4 2 3
703 88 1 5 4 2 3
703 92 2 5 4 3 2
703 122 2 5 4 3 2
703 142 2 5 4 2 3
703 158 2 5 4 3 2
703 216 4 2 4 1 1
703 220 2 5 5 2 3
703 232 2 5 4 3 2
703 248 3 5 4 2 3
703 298 1 5 4 3 2
703 312 1 5 5 3 2
703 316 4 3 4 1 2
703 332 1 5 4 3 2
703 356 4 3 4 2 1
703 362 1 5 4 3 2
703 364 4 4 5 2 2
703 368 2 5 4 3 2
703 382 3 5 4 3 2
703 402 2 5 5 3 2
703 428 2 5 4 3 2
703 430 2 5 5 2 3
703 452 2 5 4 4 1
703 472 2 5 4 2 3
703 482 1 5 4 3 2
703 486 4 4 4 2 2
703 508 1 5 4 2 3
703 534 4 2 5 1 1
703 538 2 5 4 2 3
703 542 1 5 4 3 2
703 554 4 3 4 2 1
703 562 1 5 4 3 2
703 584 3 5 4 3 2
703 606 4 4 5 3 1
703 636 4 3 5 2 1
703 656 4 3 4 2 1
703 662 2 5 4 4 1
704 1 1 5 2 3 2
704 23 4 3 3 1 2
704 37 2 5 3 3 2
704 41 1 5 3 2 3
704 59 2 5 3 2 3
704 89 2 5 3 2 3
704 95 2 5 4 2 3
704 101 3 5 3 3 2
704 107 4 3 3 1 2
704 109 1 5 3 2 3
704 115 1 5 4 3 2
704 133 4 3 4 2 1
704 151 1 5 3 3 2
704 183 4 2 4 1 1
704 193 3 5 3 3 2
704 199 2 5 3 3 2
704 211 2 5 3 3 2
704 221 2 5 4 2 3
704 227 4 4 3 2 2
704 239 2 5 3 2 3
704 269 2 5 3 2 3
704 283 4 4 3 3 1
704 301 2 5 4 3 2
704 311 1 5 3 3 2
704 381 1 5 4 3 2
704 393 4 2 4 1 1
704 397 4 3 3 2 1
704 401 3 5 3 3 2
704 409 1 5 3 3 2
704 413 4 3 4 1 2
704 431 3 5 3 2 3
704 469 1 5 4 3 2
704 487 4 4 3 2 2
704 571 2 5 3 3 2
704 623 4 2 4 1 1
704 647 4 4 3 2 2
704 661 1 5 3 4 1
705 236 4 3 5 1 2
706 1 2 5 2 2 3
706 9 2 5 3 3 2
706 19 4 4 3 2 2
706 33 4 2 4 1 1
706 35 1 5 4 3 2
706 41 2 5 3 2 3
706 43 2 5 3 2 3
706 61 2 5 3 2 3
706 71 2 5 3 3 2
706 79 1 5 3 2 3
706 83 4 4 3 2 2
706 97 3 5 3 2 3
706 111 3 5 4 2 3
706 137 4 3 3 2 1
706 145 2 5 4 2 3
706 155 3 5 4 3 2
706 163 4 4 3 2 2
706 179 2 5 3 3 2
706 191 2 5 3 3 2
706 209 1 5 4 3 2
706 211 2 5 3 2 3
706 229 2 5 3 3 2
706 251 2 6 3 3 3
706 253 4 4 4 2 2
706 257 4 3 3 2 1
706 269 2 5 3 3 2
706 281 1 5 3 3 2
706 293 4 4 3 2 2
706 295 1 5 4 3 2
706 299 2 5 4 3 2
706 321 2 5 4 2 3
706 329 2 5 4 3 2
706 349 1 5 3 2 3
706 361 1 5 3 2 3
706 365 2 5 4 3 2
706 379 1 5 3 3 2
706 407 2 5 4 3 2
706 421 2 5 3 2 3
706 423 4 2 4 1 1
706 433 2 5 3 2 3
706 449 2 5 3 4 1
706 451 1 5 4 2 3
706 457 4 3 3 1 2
706 491 3 5 3 3 2
706 497 4 4 4 2 2
706 503 3 5 3 3 2
706 529 2 5 3 3 2
706 541 1 5 3 2 3
706 559 2 5 4 3 2
706 563 4 4 3 2 2
706 573 4 3 4 1 2
706 589 1 5 4 3 2
706 593 4 3 3 2 1
706 597 4 2 4 1 1
706 629 2 5 4 3 2
706 657 4 3 4 2 1
706 659 2 5 3 4 1
707 8 3 5 3 3 2
707 52 1 5 4 3 2
707 58 1 5 4 3 2
707 74 4 4 4 2 2
707 92 3 5 4 2 3
707 96 4 4 4 2 2
707 116 4 3 4 1 2
707 118 2 5 4 3 2
707 148 1 5 4 3 2
707 190 2 5 5 3 2
707 242 1 5 4 2 3
707 246 4 2 5 1 1
707 262 1 5 4 3 2
707 272 3 5 4 2 3
707 274 4 3 4 2 1
707 278 2 5 4 2 3
707 316 3 5 4 3 2
707 338 1 5 4 3 2
707 346 4 3 4 2 1
707 388 2 5 4 3 2
707 398 1 5 4 3 2
707 402 4 3 5 1 2
707 414 4 3 5 2 1
707 452 1 5 4 2 3
707 502 1 5 4 3 2
707 506 4 3 5 1 2
707 512 1 5 3 2 3
707 584 4 3 4 1 2
707 664 4 3 4 2 1
708 41 4 4 4 2 2
708 61 4 2 4 1 1
708 97 2 5 4 3 2
708 199 4 2 4 1 1
708 227 1 5 4 3 2
708 229 4 2 4 1 1
708 289 4 2 4 1 1
708 293 2 5 4 3 2
708 337 2 5 4 3 2
708 347 4 3 4 2 1
708 451 4 3 5 2 1
708 511 4 3 5 2 1
708 529 4 2 4 1 1
708 581 4 2 5 1 1
708 659 4 2 4 1 1
709 4 2 5 2 2 3
709 6 1 5 3 3 2
709 16 1 5 2 2 3
709 44 1 5 3 2 3
709 46 1 5 3 2 3
709 48 4 2 3 1 1
709 58 2 5 3 2 3
709 82 4 5 3 2 3
709 86 1 5 3 3 2
709 94 2 5 3 2 3
709 108 4 3 3 2 1
709 124 1 5 3 2 3
709 176 2 5 3 3 2
709 184 3 5 3 2 3
709 194 2 5 3 3 2
709 214 2 5 3 2 3
709 226 1 6 3 3 3
709 236 2 5 3 3 2
709 254 2 5 3 2 3
709 258 4 3 4 1 2
709 272 4 4 3 2 2
709 280 2 5 4 2 3
709 292 3 5 3 3 2
709 296 2 5 3 3 2
709 306 1 5 4 3 2
709 308 4 3 4 2 1
709 314 2 5 3 3 2
709 364 2 5 4 2 3
709 376 1 5 3 3 2
709 386 2 5 3 3 2
709 388 4 3 3 1 2
709 404 1 5 3 3 2
709 422 3 5 3 3 2
709 424 3 5 3 2 3
709 436 3 5 3 2 3
709 446 3 5 3 4 1
709 464 2 5 3 3 2
709 482 4 3 3 2 1
709 488 2 5 3 3 2
709 500 1 5 3 3 2
709 526 1 5 3 3 2
709 544 2 5 3 2 3
709 556 2 5 3 3 2
709 558 4 3 4 2 1
709 566 2 5 3 3 2
709 586 2 5 3 3 2
709 598 4 3 4 1 2
709 604 2 5 3 2 3
709 628 4 3 3 2 1
709 644 2 5 4 3 2
709 656 2 5 3 4 1
709 672 4 2 4 1 1
709 698 4 4 3 3 1
710 31 1 5 4 3 2
710 83 1 5 4 2 3
710 151 2 5 4 3 2
710 193 1 5 4 3 2
710 259 3 5 5 3 2
710 437 1 5 5 2 3
710 441 4 2 5 1 1
710 463 2 5 4 3 2
710 479 2 5 4 2 3
710 577 3 5 4 3 2
710 599 2 5 4 3 2
711 4 1 5 3 3 2
711 122 4 4 4 2 2
711 188 4 3 4 2 1
711 292 4 3 4 2 1
711 304 2 5 4 3 2
711 326 2 5 4 2 3
711 334 1 5 4 3 2
711 448 4 3 4 2 1
711 488 4 3 4 2 1
711 524 2 5 4 3 2
711 566 4 3 4 1 2
711 658 4 2 5 1 1
711 682 4 3 5 2 1
711 692 4 3 4 2 1
712 11 4 3 3 2 1
712 19 3 5 3 2 3
712 23 2 5 3 3 2
712 47 3 6 3 3 3
712 67 2 5 3 2 3
712 83 2 5 3 3 2
712 103 1 5 3 2 3
712 107 2 5 3 3 2
712 111 4 2 4 1 1
712 157 2 5 3 2 3
712 171 4 2 4 1 1
712 173 2 5 3 3 2
712 185 2 5 4 3 2
712 187 2 5 4 2 3
712 223 2 5 3 3 2
712 247 2 5 4 2 3
712 257 1 6 3 3 3
712 275 3 5 4 3 2
712 277 1 5 3 2 3
712 279 4 2 4 1 1
712 281 4 3 3 2 1
712 283 1 5 3 2 3
712 289 2 5 3 3 2
712 301 4 3 4 1 2
712 313 2 5 3 2 3
712 349 4 3 3 1 2
712 355 2 5 4 2 3
712 367 1 5 3 2 3
712 373 1 5 3 3 2
712 383 2 5 3 3 2
712 393 1 5 4 3 2
712 427 3 5 4 2 3
712 443 1 5 3 4 1
712 451 4 3 4 1 2
712 457 2 5 3 2 3
712 497 2 5 4 3 2
712 501 4 2 4 1 1
712 509 3 5 3 3 2
712 523 2 5 3 3 2
712 527 2 5 4 3 2
712 531 4 3 4 2 1
712 535 4 4 4 2 2
712 553 2 5 4 3 2
712 569 4 5 3 3 2
712 583 2 5 4 3 2
712 593 2 5 3 3 2
712 597 2 5 4 3 2
712 609 4 2 5 1 1
712 649 4 3 4 1 2
712 653 2 5 3 4 1
713 2 1 5 3 3 2
713 8 1 5 3 2 3
713 28 3 5 4 3 2
713 50 2 5 4 2 3
713 64 3 5 3 3 2
713 68 2 5 4 2 3
713 86 3 5 4 2 3
713 94 4 3 4 2 1
713 104 2 5 4 2 3
713 118 2 5 4 2 3
713 144 4 2 4 1 1
713 146 4 3 4 1 2
713 148 2 5 4 3 2
713 152 2 5 4 2 3
713 158 2 5 4 2 3
713 166 4 3 4 2 1
713 188 1 5 4 2 3
713 202 2 5 4 3 2
713 218 3 5 4 2 3
713 232 1 5 4 3 2
713 244 3 5 4 3 2
713 262 3 5 4 3 2
713 288 2 5 4 3 2
713 296 4 3 4 1 2
713 302 3 5 4 3 2
713 314 3 5 4 2 3
713 328 2 5 4 2 3
713 332 1 5 4 3 2
713 344 4 4 4 2 2
713 358 1 5 4 3 2
713 392 2 5 4 3 2
713 398 1 5 4 2 3
713 418 2 5 5 3 2
713 428 1 5 4 2 3
713 442 1 5 5 4 1
713 446 4 4 4 2 2
713 482 1 5 4 2 3
713 504 4 3 5 1 2
713 508 2 5 4 3 2
713 514 4 3 4 2 1
713 526 3 5 4 3 2
713 548 2 5 4 2 3
713 568 2 5 4 3 2
713 596 2 5 4 3 2
713 608 4 4 4 1 3
713 614 4 3 4 1 2
713 622 1 5 4 3 2
713 636 4 4 5 2 2
713 652 2 5 4 4 1
713 666 4 3 5 2 1
713 676 4 3 4 2 1
714 1 1 5 4 3 2
714 103 4 4 5 2 2
714 317 4 2 5 1 1
714 473 4 2 6 1 1
714 563 4 2 5 1 1
714 593 4 2 5 1 1
715 64 2 5 4 2 3
715 188 1 5 5 3 2
715 358 2 5 5 2 3
715 596 2 5 5 3 2
716 1 1 5 2 2 3
716 19 1 5 3 3 2
716 49 2 5 3 3 2
716 51 2 5 4 2 3
716 61 1 5 3 3 2
716 65 2 5 4 2 3
716 79 2 5 3 3 2
716 89 2 6 3 3 3
716 101 1 5 3 2 3
716 121 2 5 3 2 3
716 131 2 5 3 2 3
716 155 2 5 4 2 3
716 181 2 5 3 3 2
716 199 2 5 3 3 2
716 213 4 2 4 1 1
716 219 1 5 4 3 2
716 233 3 5 3 2 3
716 241 1 5 3 3 2
716 253 4 4 4 3 1
716 271 2 5 3 3 2
716 287 2 5 4 2 3
716 289 2 5 3 3 2
716 299 1 5 4 3 2
716 329 3 5 4 3 2
716 331 2 5 3 2 3
716 333 4 2 4 1 1
716 359 3 5 3 2 3
716 389 1 5 3 3 2
716 397 2 5 3 3 2
716 403 4 3 4 2 1
716 415 2 5 4 3 2
716 417 4 4 4 2 2
716 431 1 5 3 2 3
716 439 2 5 3 4 1
716 443 3 5 3 2 3
716 447 4 2 4 1 1
716 457 3 5 3 3 2
716 461 2 5 3 2 3
716 469 1 5 4 3 2
716 481 2 5 4 3 2
716 485 4 4 4 1 3
716 529 2 5 3 3 2
716 551 3 5 4 2 3
716 567 4 2 4 1 1
716 571 2 5 3 3 2
716 593 3 5 3 3 2
716 603 4 2 4 1 1
716 617 4 4 3 2 2
716 649 2 5 4 4 1
716 707 4 2 4 1 1
717 16 4 2 3 1 1
717 88 3 5 4 3 2
717 226 4 3 4 2 1
717 262 3 5 4 2 3
717 328 4 4 4 3 1
717 386 4 2 4 1 1
717 388 1 5 4 3 2
717 454 4 2 4 1 1
717 484 4 2 4 1 1
717 556 4 4 4 2 2
717 634 4 3 4 2 1
717 676 4 3 4 2 1
717 716 4 1 4 1 0
718 3 2 5 3 2 3
718 13 1 5 3 2 3
718 23 1 5 3 3 2
718 41 4 4 3 3 1
718 47 1 5 3 3 2
718 53 2 5 3 2 3
718 67 3 5 3 2 3
718 73 1 5 3 2 3
718 107 2 5 3 3 2
718 119 4 3 4 2 1
718 133 1 5 4 2 3
718 137 3 5 3 3 2
718 143 1 5 4 3 2
718 157 1 5 3 2 3
718 167 2 5 3 3 2
718 169 4 3 3 1 2
718 171 4 3 4 2 1
718 179 3 5 3 3 2
718 185 1 5 4 3 2
718 217 1 5 4 3 2
718 263 1 5 3 2 3
718 271 4 4 3 2 2
718 283 1 6 3 3 3
718 289 2 5 3 2 3
718 305 2 5 4 3 2
718 319 2 5 4 2 3
718 327 2 5 4 3 2
718 347 2 5 3 3 2
718 349 4 4 3 2 2
718 353 3 5 3 3 2
718 361 2 5 3 2 3
718 367 1 5 3 3 2
718 377 1 5 4 3 2
718 395 3 5 4 3 2
718 403 3 5 4 2 3
718 409 4 4 3 2 2
718 413 2 5 4 3 2
718 437 2 5 4 4 1
718 479 4 4 3 3 1
718 487 2 5 3 2 3
718 503 2 5 3 3 2
718 509 4 4 3 2 2
718 517 3 5 4 3 2
718 523 2 5 3 2 3
718 547 2 5 3 3 2
718 553 1 5 4 2 3
718 557 2 5 3 3 2
718 561 4 2 5 1 1
718 563 1 5 3 3 2
718 577 3 5 3 3 2
718 613 4 4 3 1 3
718 639 4 3 4 2 1
718 647 2 5 3 4 1
718 681 4 2 4 1 1
718 713 4 3 4 2 1
719 4 1 5 2 2 3
719 16 1 5 2 3 2
719 22 3 5 3 3 2
719 26 1 5 3 2 3
719 40 2 5 3 3 2
719 48 4 4 3 2 2
719 56 2 5 3 2 3
719 72 4 3 3 2 1
719 74 2 5 3 2 3
719 82 4 4 3 2 2
719 86 2 5 3 3 2
719 124 2 5 3 2 3
719 136 2 5 3 3 2
719 162 4 2 3 1 1
719 166 1 5 3 3 2
719 184 2 5 3 3 2
719 188 4 3 3 1 2
719 194 1 5 3 2 3
719 218 4 3 3 1 2
719 224 3 5 3 2 3
719 226 2 5 3 3 2
719 236 1 5 3 2 3
719 238 3 5 4 3 2
719 250 2 5 3 3 2
719 254 2 5 3 2 3
719 268 2 5 3 3 2
719 282 2 5 4 3 2
719 284 3 5 3 2 3
719 292 4 4 3 2 2
719 296 2 5 3 3 2
719 304 2 5 3 3 2
719 316 2 5 3 3 2
719 318 4 3 4 2 1
719 326 3 5 3 3 2
719 334 2 5 3 2 3
719 362 4 5 3 2 3
719 386 2 5 3 3 2
719 394 2 5 3 3 2
719 422 4 4 3 2 2
719 436 3 5 3 4 1
719 446 1 5 3 2 3
719 448 4 3 3 2 1
719 454 2 5 3 3 2
719 462 4 2 5 1 1
719 464 1 5 3 2 3
719 466 2 5 3 3 2
719 478 4 4 3 3 1
719 488 3 5 3 2 3
719 502 3 5 3 3 2
719 516 2 5 4 3 2
719 524 3 5 3 2 3
719 554 1 5 3 2 3
719 576 1 5 3 3 2
719 586 1 5 3 3 2
719 590 1 5 4 3 2
719 592 4 4 3 3 1
719 614 2 5 3 2 3
719 634 2 5 3 3 2
719 646 1 5 4 4 1
719 652 4 3 3 2 1
719 682 4 3 4 2 1
719 688 4 4 3 3 1
721 16 2 5 3 2 3
721 48 4 2 4 1 1
721 58 3 5 4 2 3
721 62 4 3 4 2 1
721 94 2 5 4 2 3
721 108 4 2 4 1 1
721 176 2 5 4 3 2
721 194 2 5 4 3 2
721 214 1 5 4 3 2
721 236 2 5 4 3 2
721 248 2 5 4 3 2
721 284 2 5 4 3 2
721 286 2 5 5 2 3
721 312 4 2 5 1 1
721 314 1 5 4 3 2
721 342 4 2 5 1 1
721 344 1 5 4 3 2
721 358 4 4 4 2 2
721 368 4 3 4 2 1
721 436 2 5 4 2 3
721 500 2 5 4 3 2
721 514 2 5 4 3 2
721 526 1 5 4 2 3
721 544 3 5 4 3 2
721 566 1 5 4 3 2
721 628 4 4 4 2 2
721 706 4 3 4 1 2
721 708 4 2 5 1 1
722 37 2 5 3 3 2
722 43 2 5 3 3 2
722 49 4 3 3 2 1
722 55 1 5 4 3 2
722 59 2 5 3 2 3
722 61 4 3 3 2 1
722 71 3 5 3 2 3
722 73 3 5 3 3 2
722 77 2 5 4 2 3
722 83 2 5 3 3 2
722 113 2 5 3 2 3
722 121 4 3 3 2 1
722 127 1 5 3 2 3
722 139 3 5 3 3 2
722 151 4 3 3 2 1
722 163 1 5 3 3 2
722 167 2 5 3 2 3
722 219 4 2 4 1 1
722 225 4 3 4 1 2
722 227 1 5 3 2 3
722 251 4 4 3 2 2
722 253 2 5 4 3 2
722 257 2 5 3 2 3
722 267 3 5 4 2 3
722 293 3 6 3 3 3
722 321 4 3 4 2 1
722 337 1 5 3 2 3
722 355 4 3 4 2 1
722 377 2 5 4 2 3
722 383 2 5 3 3 2
722 389 4 4 3 2 2
722 433 2 5 3 4 1
722 441 4 2 4 1 1
722 461 4 4 3 2 2
722 463 1 5 3 3 2
722 467 1 5 3 2 3
722 487 1 5 3 3 2
722 517 2 5 4 3 2
722 529 4 3 3 2 1
722 581 4 3 4 1 2
722 587 3 5 3 3 2
722 617 1 5 3 2 3
722 631 4 5 3 3 2
722 643 1 5 3 4 1
722 659 4 3 3 1 2
723 8 2 5 3 2 3
723 58 2 5 4 2 3
723 116 4 2 4 1 1
723 128 1 5 3 2 3
723 176 4 3 4 2 1
723 194 4 3 4 2 1
723 196 4 3 4 1 2
723 206 4 3 4 1 2
723 212 1 5 4 3 2
723 274 4 2 4 1 1
723 278 2 5 4 3 2
723 376 4 3 4 2 1
723 382 2 5 4 3 2
723 404 4 4 4 2 2
723 584 4 2 4 1 1
723 614 4 3 4 2 1
723 644 4 2 5 1 1
723 694 4 3 4 2 1
723 716 4 2 4 1 1
724 11 2 5 3 3 2
724 17 3 5 3 3 2
724 31 1 5 3 2 3
724 35 2 5 4 3 2
724 53 2 5 3 3 2
724 59 3 5 3 2 3
724 61 1 5 3 2 3
724 79 3 5 3 2 3
724 95 2 5 4 3 2
724 101 2 5 3 3 2
724 109 1 5 3 2 3
724 133 4 3 4 1 2
724 163 4 4 3 1 3
724 169 2 5 3 2 3
724 173 2 5 3 3 2
724 179 2 5 3 3 2
724 191 2 5 3 3 2
724 199 1 5 3 2 3
724 211 2 5 3 3 2
724 215 4 3 4 2 1
724 227 4 4 3 2 2
724 241 2 5 3 2 3
724 251 2 5 3 3 2
724 269 1 5 3 2 3
724 277 2 5 3 3 2
724 299 1 5 4 3 2
724 311 3 5 3 3 2
724 321 1 5 4 3 2
724 347 3 5 3 3 2
724 361 2 5 3 3 2
724 389 2 5 3 3 2
724 397 4 4 3 2 2
724 409 2 5 3 2 3
724 423 4 4 4 2 2
724 431 2 5 3 4 1
724 449 2 5 3 3 2
724 451 1 5 4 2 3
724 487 4 4 3 2 2
724 511 2 5 4 3 2
724 515 2 5 4 3 2
724 521 2 5 3 3 2
724 529 1 5 3 2 3
724 533 4 3 4 2 1
724 541 1 5 3 3 2
724 563 3 5 3 3 2
724 571 3 5 3 3 2
724 577 4 3 3 1 2
724 581 2 5 4 3 2
724 619 2 5 3 2 3
724 629 1 5 4 3 2
724 641 2 5 3 4 1
724 657 4 2 4 1 1
725 74 1 5 4 2 3
725 136 2 5 4 3 2
725 164 3 5 4 2 3
725 172 1 5 4 3 2
725 244 2 5 4 3 2
725 298 2 5 4 3 2
725 452 2 5 4 2 3
725 472 2 5 4 3 2
725 494 1 5 5 2 3
725 584 2 5 4 3 2
726 127 4 2 4 1 1
726 133 4 2 5 1 1
726 289 2 5 4 3 2
726 343 4 2 4 1 1
726 509 2 5 4 3 2
726 523 4 3 4 1 2
726 713 4 2 5 1 1
727 14 2 5 3 3 2
727 22 2 5 3 2 3
727 24 4 3 3 1 2
727 32 2 5 2 3 2
727 34 4 4 3 1 3
727 38 1 5 3 3 2
727 62 1 5 3 2 3
727 64 2 5 2 2 3
727 76 2 5 3 2 3
727 78 2 5 4 3 2
727 86 4 3 3 2 1
727 92 2 5 3 3 2
727 98 2 5 3 3 2
727 118 2 5 3 2 3
727 142 1 5 3 2 3
727 154 4 3 4 1 2
727 166 2 5 3 2 3
727 172 1 5 3 2 3
727 176 3 5 3 3 2
727 188 3 5 3 3 2
727 208 2 5 3 3 2
727 226 4 3 3 1 2
727 230 1 5 4 3 2
727 232 2 5 3 2 3
727 242 2 5 3 3 2
727 256 4 3 2 1 2
727 262 2 5 3 2 3
727 272 1 5 3 2 3
727 274 2 5 3 3 2
727 298 1 5 3 2 3
727 304 4 3 3 1 2
727 324 4 3 3 1 2
727 328 2 5 3 2 3
727 356 4 4 3 2 2
727 358 2 5 3 3 2
727 386 3 5 3 3 2
727 404 2 5 3 3 2
727 412 1 5 3 2 3
727 424 4 3 3 1 2
727 428 1 6 3 4 2
727 434 4 3 4 2 1
727 442 1 5 4 2 3
727 472 2 5 3 2 3
727 482 2 5 3 3 2
727 494 4 4 4 3 1
727 508 2 5 3 3 2
727 512 2 5 2 3 2
727 518 1 5 4 3 2
727 538 2 5 3 3 2
727 556 4 3 3 1 2
727 568 1 5 3 3 2
727 582 1 5 4 3 2
727 584 2 5 3 3 2
727 596 4 3 3 2 1
727 604 4 3 3 1 2
727 608 2 5 3 3 2
727 616 4 4 4 2 2
727 622 2 5 3 2 3
727 638 2 5 4 4 1
727 662 4 4 3 2 2
727 692 2 5 3 3 2
728 31 2 5 4 3 2
728 109 4 3 4 2 1
728 131 4 3 4 1 2
728 167 2 5 4 2 3
728 173 1 5 4 2 3
728 261 4 3 5 2 1
728 277 3 5 4 3 2
728 311 4 3 4 1 2
728 317 1 5 4 3 2
728 337 1 5 4 3 2
728 383 2 5 4 2 3
728 471 4 3 5 2 1
728 493 2 5 5 3 2
728 583 2 5 5 3 2
728 631 4 3 4 2 1
728 719 4 2 4 1 1
729 8 4 4 2 2 2
729 64 2 5 2 2 3
729 242 4 2 3 1 1
729 274 2 5 3 2 3
729 316 2 5 3 3 2
729 338 4 4 3 2 2
729 344 1 5 3 2 3
729 382 4 3 3 2 1
729 452 4 2 3 1 1
729 502 4 2 3 1 1
729 512 4 4 2 2 2
729 532 4 3 4 2 1
729 538 4 3 3 2 1
729 638 4 3 4 1 2
729 658 4 3 4 2 1
730 37 2 5 4 2 3
730 103 1 5 4 2 3
730 121 2 5 4 2 3
730 169 1 5 4 2 3
730 257 2 5 4 3 2
730 271 1 5 4 3 2
730 293 2 5 4 3 2
730 401 1 5 4 3 2
730 443 2 5 4 3 2
730 509 2 5 4 3 2
730 523 4 4 4 2 2
731 10 2 5 4 3 2
731 16 1 5 3 2 3
731 28 3 5 4 3 2
731 46 2 5 4 3 2
731 64 1 5 3 3 2
731 74 1 5 4 3 2
731 94 3 5 4 3 2
731 104 2 5 4 2 3
731 116 1 5 4 2 3
731 128 4 3 3 1 2
731 166 1 5 4 3 2
731 214 2 5 4 3 2
731 226 1 5 4 3 2
731 248 2 5 4 2 3
731 256 2 5 3 3 2
731 276 3 5 5 2 3
731 284 2 5 4 3 2
731 296 2 5 4 2 3
731 304 2 5 4 3 2
731 314 3 5 4 3 2
731 346 2 5 4 2 3
731 354 2 5 5 3 2
731 362 4 3 4 1 2
731 388 4 3 4 2 1
731 392 4 3 4 1 2
731 416 2 5 4 2 3
731 424 2 5 4 4 1
731 446 1 5 4 2 3
731 458 2 5 4 2 3
731 466 2 5 4 3 2
731 478 3 5 4 3 2
731 514 2 5 4 3 2
731 518 4 3 5 1 2
731 536 2 5 4 2 3
731 538 4 3 4 2 1
731 556 1 5 4 3 2
731 626 2 5 4 2 3
731 634 2 5 4 4 1
731 648 4 3 4 2 1
731 652 4 3 4 2 1
731 676 2 5 4 3 2
731 678 4 2 5 1 1
731 682 4 3 5 2 1
732 17 2 5 4 2 3
732 19 4 3 4 1 2
732 67 2 5 4 2 3
732 71 4 3 4 2 1
732 137 3 5 4 2 3
732 149 4 3 4 1 2
732 259 4 3 5 1 2
732 293 4 3 4 2 1
732 319 4 3 5 1 2
732 347 2 5 4 2 3
732 409 4 4 4 2 2
732 461 4 2 4 1 1
732 565 4 2 5 1 1
732 577 2 5 4 3 2
732 659 4 3 4 2 1
732 721 4 2 5 1 1
733 2 2 5 2 3 2
733 8 3 5 2 3 2
733 26 3 5 3 3 2
733 44 2 5 3 3 2
733 62 1 5 3 3 2
733 68 2 5 3 2 3
733 70 1 5 4 2 3
733 82 1 5 3 2 3
733 116 4 3 3 2 1
733 118 3 5 3 2 3
733 122 2 5 3 3 2
733 128 2 5 2 3 2
733 138 2 5 4 2 3
733 144 4 3 3 1 2
733 152 1 5 3 3 2
733 154 4 3 4 1 2
733 172 2 5 3 2 3
733 182 1 5 4 3 2
733 194 4 4 3 2 2
733 196 4 3 3 1 2
733 202 1 5 3 3 2
733 236 3 5 3 3 2
733 246 4 3 4 2 1
733 264 4 3 4 1 2
733 268 1 6 3 3 3
733 278 2 5 3 2 3
733 282 2 5 4 3 2
733 304 2 5 3 2 3
733 324 4 3 3 2 1
733 334 2 5 3 2 3
733 338 2 5 3 3 2
733 348 2 5 4 2 3
733 352 3 5 3 3 2
733 362 2 5 3 3 2
733 366 4 3 4 2 1
733 376 4 4 3 1 3
733 388 2 5 3 2 3
733 398 2 5 3 3 2
733 416 4 3 3 2 1
733 422 1 5 3 4 1
733 478 1 5 3 2 3
733 484 4 3 3 1 2
733 488 2 5 3 3 2
733 502 3 6 3 3 3
733 512 2 5 2 3 2
733 532 3 5 4 3 2
733 536 4 3 3 2 1
733 538 2 5 3 2 3
733 548 2 5 3 3 2
733 560 4 3 4 2 1
733 562 1 5 3 3 2
733 572 2 5 4 3 2
733 578 3 5 3 3 2
733 586 4 3 3 1 2
733 632 1 5 3 4 1
733 664 4 4 3 2 2
733 714 4 2 5 1 1
733 716 4 4 3 3 1
734 19 2 5 3 2 3
734 29 2 5 3 2 3
734 31 2 5 3 3 2
734 41 1 5 3 2 3
734 69 2 5 4 2 3
734 71 1 6 3 3 3
734 73 4 3 3 2 1
734 83 3 5 3 2 3
734 85 2 5 4 3 2
734 139 2 5 3 2 3
734 147 4 2 4 1 1
734 151 2 5 3 3 2
734 169 3 5 3 3 2
734 179 2 5 3 2 3
734 181 2 5 3 3 2
734 201 2 5 4 3 2
734 209 2 5 4 2 3
734 223 3 5 3 3 2
734 239 1 5 3 2 3
734 241 2 5 3 3 2
734 243 4 2 3 1 1
734 251 3 5 3 2 3
734 253 3 5 4 3 2
734 269 3 5 3 2 3
734 277 4 3 3 2 1
734 281 1 5 3 3 2
734 289 1 5 3 3 2
734 303 4 3 4 2 1
734 311 3 5 3 3 2
734 327 4 3 4 1 2
734 331 1 5 3 3 2
734 349 1 5 3 2 3
734 371 3 5 4 3 2
734 377 2 5 4 2 3
734 379 3 5 3 3 2
734 403 4 3 4 2 1
734 421 2 5 3 4 1
734 439 2 5 3 3 2
734 443 4 4 3 2 2
734 449 3 5 3 2 3
734 461 1 5 3 2 3
734 475 1 5 4 3 2
734 487 3 5 3 3 2
734 531 2 5 4 3 2
734 539 2 5 4 2 3
734 547 2 5 3 3 2
734 575 1 5 4 3 2
734 601 2 5 3 3 2
734 607 4 3 3 2 1
734 617 4 4 3 2 2
734 619 2 5 3 3 2
734 629 2 5 4 2 3
734 631 1 5 3 4 1
734 633 4 2 4 1 1
734 667 4 3 4 2 1
734 693 4 2 5 1 1
734 701 1 5 3 3 2
734 717 4 2 4 1 1
734 733 4 2 3 2 0
735 178 4 3 5 2 1
736 1 2 5 2 2 3
736 5 1 5 3 3 2
736 13 4 4 3 2 2
736 29 1 5 3 3 2
736 31 3 5 3 2 3
736 41 2 5 3 3 2
736 43 2 5 3 2 3
736 71 3 5 3 2 3
736 103 4 3 3 1 2
736 105 4 2 5 1 1
736 109 2 5 3 2 3
736 125 1 5 3 3 2
736 181 2 5 3 2 3
736 187 4 4 4 2 2
736 199 2 5 3 3 2
736 209 3 5 4 3 2
736 221 1 5 4 3 2
736 233 4 4 3 3 1
736 235 4 3 4 1 2
736 239 1 5 3 3 2
736 251 1 5 3 3 2
736 265 1 5 4 3 2
736 271 1 5 3 2 3
736 281 1 5 3 2 3
736 301 1 5 4 2 3
736 303 4 2 4 1 1
736 307 2 5 3 2 3
736 309 3 5 4 3 2
736 329 1 5 4 3 2
736 337 4 5 3 2 3
736 349 3 5 3 3 2
736 359 1 5 3 3 2
736 379 1 5 3 2 3
736 395 2 5 4 3 2
736 417 4 3 4 1 2
736 419 2 5 3 4 1
736 421 1 5 3 2 3
736 449 1 5 3 3 2
736 461 1 5 3 3 2
736 463 2 5 3 2 3
736 499 1 5 3 3 2
736 505 3 5 4 2 3
736 547 4 3 3 1 2
736 551 3 5 4 3 2
736 559 2 5 4 3 2
736 593 4 4 3 2 2
736 597 4 3 4 2 1
736 617 2 5 3 3 2
736 629 1 5 4 4 1
736 659 1 5 3 3 2
736 671 2 5 4 3 2
736 677 4 3 3 2 1
736 683 4 4 3 3 1
736 727 4 4 3 3 1
737 6 4 3 4 1 2
737 40 2 5 4 3 2
737 58 3 5 4 3 2
737 68 2 5 4 3 2
737 82 2 5 4 3 2
737 128 2 5 3 2 3
737 142 2 5 4 2 3
737 146 4 3 4 1 2
737 148 2 5 4 3 2
737 152 1 5 4 2 3
737 178 2 5 4 3 2
737 204 4 3 5 1 2
737 212 1 5 4 2 3
737 214 4 3 4 2 1
737 232 2 5 4 3 2
737 278 3 5 4 3 2
737 296 4 3 4 1 2
737 306 4 3 5 2 1
737 334 2 5 4 3 2
737 338 1 5 4 2 3
737 368 1 5 4 3 2
737 422 3 5 4 2 3
737 436 4 5 4 3 2
737 452 2 5 4 2 3
737 472 1 5 4 3 2
737 482 2 5 4 2 3
737 486 4 2 4 1 1
737 494 4 2 5 1 1
737 500 4 3 4 1 2
737 502 2 5 4 3 2
737 554 4 3 4 1 2
737 574 4 4 5 3 1
737 604 4 4 4 2 2
737 628 2 5 4 4 1
737 656 4 3 4 2 1
737 698 2 5 4 3 2
737 724 4 3 4 2 1
738 11 4 3 4 2 1
738 67 3 5 4 3 2
738 263 1 5 4 3 2
738 271 4 2 4 1 1
738 301 4 3 5 1 2
738 347 1 5 4 3 2
738 367 1 5 4 3 2
738 419 4 4 4 2 2
738 431 4 3 4 2 1
738 569 4 2 4 1 1
738 691 4 2 4 1 1
739 2 3 5 2 3 2
739 24 2 5 3 2 3
739 26 2 5 3 3 2
739 32 4 4 2 2 2
739 46 2 5 3 2 3
739 68 4 4 3 2 2
739 74 1 5 3 2 3
739 76 2 5 3 2 3
739 94 2 5 3 2 3
739 112 2 5 3 2 3
739 116 1 5 3 3 2
739 122 4 4 3 3 1
739 130 1 5 4 2 3
739 138 4 2 4 1 1
739 154 2 5 4 2 3
739 158 2 5 3 3 2
739 164 2 5 3 3 2
739 168 4 2 4 1 1
739 172 4 3 3 1 2
739 178 2 5 3 2 3
739 184 2 5 3 2 3
739 196 3 5 3 3 2
739 206 3 5 3 3 2
739 228 4 3 4 1 2
739 256 1 5 2 2 3
739 262 2 5 3 3 2
739 266 1 5 4 3 2
739 284 2 6 3 3 3
739 302 4 4 3 2 2
739 304 2 5 3 2 3
739 326 2 5 3 3 2
739 328 4 4 3 2 2
739 332 3 5 3 3 2
739 340 1 5 4 2 3
739 342 4 3 4 2 1
739 346 2 5 3 3 2
739 374 2 5 4 3 2
739 382 3 5 3 2 3
739 394 1 5 3 2 3
739 416 1 6 3 4 2
739 434 1 5 4 3 2
739 458 4 4 3 3 1
739 466 2 5 3 2 3
739 478 4 3 3 1 2
739 508 3 5 3 2 3
739 512 4 3 2 2 1
739 526 2 5 3 3 2
739 536 2 5 3 3 2
739 542 4 4 3 3 1
739 556 2 5 3 3 2
739 562 4 3 3 1 2
739 574 3 5 4 2 3
739 596 2 5 3 3 2
739 608 4 3 3 2 1
739 626 2 5 3 4 1
739 704 1 5 3 3 2
739 712 4 2 3 1 1
739 724 2 5 3 3 2
739 738 4 2 4 2 0
740 19 2 5 4 3 2
740 77 1 5 5 2 3
740 131 1 5 4 2 3
740 151 4 4 4 2 2
740 157 2 5 4 3 2
740 229 3 5 4 3 2
740 247 1 5 5 3 2
740 341 1 5 5 2 3
740 467 2 5 4 2 3
740 569 2 5 4 3 2
741 68 4 2 5 1 1
741 142 4 2 5 1 1
741 232 4 3 5 2 1
741 482 4 3 5 1 2
741 524 3 5 5 3 2
741 554 1 5 5 3 2
741 652 4 3 5 2 1
742 17 2 5 4 3 2
742 37 1 5 4 2 3
742 41 4 3 4 2 1
742 99 4 2 5 1 1
742 109 4 4 4 2 2
742 113 2 5 4 3 2
742 127 1 5 4 2 3
742 157 1 5 4 2 3
742 181 2 5 4 2 3
742 193 1 5 4 3 2
742 215 1 5 5 3 2
742 227 1 5 4 3 2
742 247 2 5 5 2 3
742 291 4 3 5 1 2
742 313 2 5 4 2 3
742 333 4 3 5 2 1
742 397 3 5 4 2 3
742 443 1 5 4 3 2
742 457 2 5 4 2 3
742 467 1 5 4 3 2
742 493 3 5 5 3 2
742 523 3 5 4 3 2
742 533 1 5 5 3 2
742 551 4 3 5 2 1
742 579 4 2 5 1 1
742 639 4 2 5 1 1
742 671 4 3 5 2 1
742 677 2 5 4 3 2
743 2 1 5 2 2 3
743 14 4 2 3 1 1
743 16 4 4 2 3 1
743 22 2 5 3 3 2
743 28 1 5 3 2 3
743 38 2 5 3 2 3
743 50 2 5 3 2 3
743 62 3 5 3 3 2
743 76 3 5 3 3 2
743 92 2 5 3 2 3
743 128 1 5 2 2 3
743 148 1 5 3 2 3
743 154 2 5 4 3 2
743 158 3 5 3 2 3
743 160 3 5 3 3 2
743 166 4 3 3 2 1
743 182 3 5 4 2 3
743 184 4 4 3 2 2
743 188 2 5 3 2 3
743 192 3 5 3 3 2
743 224 4 3 3 1 2
743 226 2 5 3 3 2
743 232 1 5 3 3 2
743 258 2 5 4 3 2
743 260 2 5 4 2 3
743 262 1 5 3 3 2
743 272 1 5 3 3 2
743 292 2 5 3 3 2
743 302 2 5 3 3 2
743 306 4 3 4 1 2
743 314 3 5 3 2 3
743 328 2 5 3 3 2
743 352 2 5 3 3 2
743 354 4 2 4 1 1
743 358 1 5 3 2 3
743 362 2 5 3 3 2
743 388 3 5 3 3 2
743 394 4 3 3 2 1
743 398 2 5 3 2 3
743 406 4 3 4 2 1
743 412 1 5 3 4 1
743 426 4 3 4 2 1
743 442 2 5 4 3 2
743 478 2 5 3 3 2
743 496 4 5 3 3 2
743 512 1 5 2 2 3
743 522 2 5 4 3 2
743 536 4 3 3 1 2
743 538 2 5 3 3 2
743 564 4 2 4 1 1
743 566 2 5 3 3 2
743 568 1 5 3 3 2
743 610 2 5 4 3 2
743 622 2 5 3 4 1
743 652 2 5 3 3 2
743 660 4 3 5 2 1
743 666 4 3 4 1 2
743 692 2 5 3 3 2
743 734 4 3 3 2 1
744 13 4 3 4 1 2
744 67 4 2 4 1 1
744 149 2 5 4 2 3
744 191 2 5 4 3 2
744 193 4 3 4 1 2
744 271 3 5 4 3 2
744 323 4 3 5 2 1
744 373 4 3 4 1 2
744 431 4 3 4 2 1
744 457 4 3 4 1 2
744 491 2 5 4 3 2
744 557 4 3 4 1 2
744 587 4 2 4 1 1
744 613 4 3 4 2 1
744 643 4 3 4 2 1
744 743 4 1 4 1 0
745 4 1 5 3 2 3
745 14 1 5 4 3 2
745 32 2 5 3 3 2
745 74 1 5 4 3 2
745 116 1 5 4 3 2
745 124 4 4 4 2 2
745 212 2 5 4 3 2
745 256 1 5 3 3 2
745 262 1 5 4 2 3
745 368 1 5 4 3 2
745 388 2 5 4 2 3
745 488 4 3 4 2 1
745 514 4 4 4 1 3
745 536 1 5 4 3 2
745 542 1 5 4 3 2
746 31 2 6 3 3 3
746 49 2 5 3 3 2
746 53 3 5 3 2 3
746 59 2 5 3 3 2
746 67 4 4 3 2 2
746 77 4 3 4 1 2
746 79 3 5 3 3 2
746 93 4 2 4 1 1
746 101 1 5 3 2 3
746 109 2 5 3 3 2
746 119 1 5 4 2 3
746 151 2 6 3 3 3
746 157 3 5 3 3 2
746 183 4 2 4 1 1
746 185 1 5 4 2 3
746 211 1 5 3 3 2
746 213 4 4 4 2 2
746 223 4 4 3 3 1
746 229 3 5 3 3 2
746 241 2 5 3 3 2
746 269 1 5 3 3 2
746 277 3 5 3 3 2
746 281 3 5 3 2 3
746 291 1 5 4 2 3
746 297 4 3 4 2 1
746 299 2 5 4 3 2
746 311 3 5 3 2 3
746 319 1 5 4 3 2
746 339 3 5 4 3 2
746 357 4 2 5 1 1
746 359 3 5 3 3 2
746 361 1 5 3 2 3
746 389 2 5 3 2 3
746 401 1 5 3 2 3
746 409 1 5 3 4 1
746 417 4 3 4 1 2
746 427 2 5 4 3 2
746 431 1 5 3 2 3
746 443 4 4 3 2 2
746 451 2 5 4 3 2
746 461 2 5 3 2 3
746 467 4 3 3 1 2
746 473 3 5 4 2 3
746 493 3 5 4 3 2
746 499 1 5 3 3 2
746 515 1 5 4 2 3
746 517 4 3 4 2 1
746 519 4 4 4 3 1
746 529 2 5 3 3 2
746 541 1 5 3 3 2
746 559 1 5 4 3 2
746 563 3 5 3 3 2
746 619 1 5 3 4 1
746 641 1 5 3 2 3
746 661 1 5 3 3 2
746 687 4 2 4 1 1
746 689 2 5 4 3 2
746 703 4 4 4 3 1
747 4 4 2 3 1 1
747 32 3 5 3 2 3
747 56 4 3 4 2 1
747 58 1 5 4 3 2
747 106 4 2 4 1 1
747 152 2 5 4 2 3
747 188 1 5 4 3 2
747 206 4 2 4 1 1
747 254 3 5 4 3 2
747 256 4 3 3 2 1
747 316 4 2 4 1 1
747 344 4 3 4 1 2
747 386 4 3 4 2 1
747 412 4 4 4 2 2
747 446 4 3 4 1 2
747 488 2 5 4 3 2
747 506 4 3 5 2 1
747 562 2 5 4 3 2
747 574 4 2 5 1 1
747 616 4 3 5 2 1
747 698 4 3 4 2 1
748 7 2 5 4 2 3
748 43 3 5 4 2 3
748 83 1 5 4 2 3
748 97 1 5 4 2 3
748 103 1 5 4 2 3
748 113 2 5 4 3 2
748 131 4 3 4 2 1
748 137 2 5 4 3 2
748 159 4 3 5 1 2
748 167 2 5 4 3 2
748 191 4 3 4 2 1
748 197 2 5 4 3 2
748 251 4 4 4 2 2
748 267 2 5 5 3 2
748 293 1 5 4 2 3
748 337 1 5 4 3 2
748 381 4 2 5 1 1
748 383 1 5 4 3 2
748 449 3 5 4 3 2
748 461 2 5 4 3 2
748 463 2 5 4 2 3
748 487 1 5 4 3 2
748 529 4 3 4 1 2
748 533 2 5 5 3 2
748 547 1 5 4 3 2
748 563 2 5 4 3 2
748 581 4 3 5 2 1
748 587 1 5 4 3 2
748 617 2 5 4 4 1
748 643 2 5 4 2 3
748 711 4 2 5 1 1
749 2 4 3 3 1 2
749 12 4 3 4 1 2
749 34 2 5 4 2 3
749 38 4 3 4 1 2
749 44 2 5 4 2 3
749 46 1 5 4 3 2
749 86 2 5 4 2 3
749 118 4 3 4 2 1
749 122 3 5 4 2 3
749 164 1 5 4 2 3
749 166 3 5 4 3 2
749 194 2 5 4 2 3
749 222 4 3 5 1 2
749 242 4 3 4 1 2
749 248 4 3 4 1 2
749 254 1 5 4 2 3
749 256 2 5 3 3 2
749 274 3 5 4 3 2
749 296 1 5 4 3 2
749 346 2 5 4 3 2
749 352 4 3 4 2 1
749 356 1 5 4 3 2
749 404 4 4 4 1 3
749 424 2 5 4 3 2
749 494 1 5 5 2 3
749 496 1 5 4 3 2
749 562 3 5 4 3 2
749 582 4 2 5 1 1
749 584 2 5 4 2 3
749 604 2 5 4 3 2
749 612 4 2 5 1 1
749 638 4 4 5 2 2
749 694 3 5 4 3 2
750 97 4 3 4 2 1
751 14 1 5 3 3 2
751 16 1 5 2 2 3
751 22 4 2 3 1 1
751 26 2 5 3 3 2
751 44 1 5 3 3 2
751 54 2 5 3 3 2
751 80 4 4 3 2 2
751 86 1 5 3 2 3
751 100 2 5 3 2 3
751 124 3 5 3 2 3
751 142 2 5 3 2 3
751 146 1 5 3 3 2
751 148 4 4 3 2 2
751 158 4 3 3 2 1
751 166 2 5 3 2 3
751 184 2 5 3 3 2
751 206 2 5 3 3 2
751 218 3 5 3 3 2
751 224 1 5 3 3 2
751 236 3 5 3 3 2
751 250 3 5 3 3 2
751 254 2 5 3 3 2
751 256 1 5 2 2 3
751 258 4 3 4 1 2
751 286 2 5 4 2 3
751 288 4 2 3 1 1
751 296 1 5 3 2 3
751 314 2 5 3 3 2
751 316 1 5 3 2 3
751 322 3 5 4 2 3
751 334 2 5 3 3 2
751 344 1 5 3 3 2
751 362 4 4 3 3 1
751 380 2 5 4 3 2
751 392 4 3 3 2 1
751 394 1 5 3 2 3
751 404 2 5 3 4 1
751 406 1 5 4 2 3
751 422 3 5 3 3 2
751 446 1 5 3 3 2
751 484 1 5 3 3 2
751 496 2 5 3 2 3
751 498 4 3 4 1 2
751 514 2 5 3 3 2
751 520 2 5 4 2 3
751 522 4 3 4 2 1
751 530 2 5 4 3 2
751 536 1 5 3 3 2
751 544 3 5 3 3 2
751 586 1 5 3 2 3
751 600 4 3 4 2 1
751 614 3 5 3 4 1
751 646 2 5 4 2 3
751 656 1 5 3 3 2
751 658 4 3 4 1 2
751 674 4 5 3 3 2
751 712 2 5 3 3 2
751 732 4 2 4 1 1
752 7 1 5 3 3 2
752 11 2 5 3 2 3
752 37 2 5 3 2 3
752 53 2 5 3 3 2
752 67 2 5 3 3 2
752 73 2 5 3 3 2
752 101 4 4 3 1 3
752 103 2 5 3 3 2
752 137 2 5 3 2 3
752 143 1 5 4 2 3
752 157 1 5 3 2 3
752 159 4 2 4 1 1
752 163 1 5 3 3 2
752 169 4 4 3 2 2
752 179 4 4 3 2 2
752 191 2 5 3 2 3
752 193 1 5 3 3 2
752 197 1 5 3 2 3
752 217 2 5 4 3 2
752 227 2 5 3 2 3
752 237 4 4 4 2 2
752 263 2 5 3 3 2
752 271 3 5 3 3 2
752 283 3 5 3 3 2
752 293 2 5 3 3 2
752 323 2 5 4 2 3
752 331 4 3 3 2 1
752 341 4 3 4 1 2
752 353 3 6 3 3 3
752 361 3 5 3 3 2
752 367 2 5 3 2 3
752 395 1 5 4 2 3
752 403 2 5 4 4 1
752 407 3 5 4 2 3
752 409 4 3 3 2 1
752 433 1 5 3 3 2
752 437 2 5 4 2 3
752 457 2 5 3 3 2
752 459 4 3 4 2 1
752 467 2 5 3 2 3
752 487 2 5 3 3 2
752 493 1 5 4 3 2
752 509 4 3 3 2 1
752 521 3 5 3 2 3
752 535 2 5 4 3 2
752 543 3 5 4 3 2
752 557 2 6 3 3 3
752 587 2 5 3 2 3
752 601 4 4 3 3 1
752 613 2 5 3 4 1
752 647 4 4 3 1 3
752 667 2 5 4 3 2
752 679 4 3 4 2 1
752 683 2 5 3 3 2
752 697 1 5 4 3 2
752 701 4 3 3 1 2
752 749 4 3 4 2 1
753 38 1 5 4 2 3
753 70 4 2 5 1 1
753 224 4 2 4 1 1
753 226 4 4 4 2 2
753 248 2 5 4 3 2
753 368 1 5 4 2 3
753 394 4 3 4 2 1
753 476 4 2 5 1 1
753 626 4 3 4 2 1
753 694 4 2 4 1 1
753 736 4 2 4 1 1
754 5 1 5 4 3 2
754 23 2 5 4 3 2
754 27 4 3 4 2 1
754 41 2 5 4 3 2
754 49 2 5 4 2 3
754 51 2 5 5 3 2
754 61 3 5 4 2 3
754 89 2 5 4 2 3
754 131 1 5 4 3 2
754 139 2 5 4 2 3
754 149 1 5 4 3 2
754 159 2 5 5 2 3
754 181 2 5 4 3 2
754 215 1 5 5 3 2
754 269 2 5 4 3 2
754 271 2 5 4 2 3
754 281 1 5 4 3 2
754 289 2 5 4 2 3
754 307 4 3 4 1 2
754 317 2 5 4 3 2
754 331 1 5 4 3 2
754 341 2 5 5 3 2
754 359 1 5 4 3 2
754 401 2 5 4 4 1
754 419 1 5 4 3 2
754 431 2 5 4 3 2
754 467 2 5 4 3 2
754 499 2 5 4 2 3
754 541 2 5 4 3 2
754 589 1 5 5 2 3
754 599 1 5 4 3 2
754 649 2 5 5 2 3
754 673 4 2 4 1 1
754 709 1 5 4 3 2
755 62 2 5 4 2 3
755 92 1 5 4 2 3
755 106 1 5 4 3 2
755 146 1 5 4 2 3
755 164 4 3 4 1 2
755 194 2 5 4 2 3
755 202 1 5 4 3 2
755 272 1 5 4 2 3
755 278 4 3 4 1 2
755 326 2 5 4 2 3
755 356 2 5 4 2 3
755 454 2 5 4 3 2
755 554 2 5 4 3 2
755 664 2 5 4 3 2
755 708 4 4 5 3 1
756 53 4 3 4 1 2
756 163 4 2 4 1 1
756 257 4 2 4 1 1
756 349 1 5 4 3 2
756 367 4 2 4 1 1
756 509 1 5 4 3 2
756 517 4 3 5 2 1
757 2 3 5 2 3 2
757 8 2 5 2 3 2
757 20 2 5 3 3 2
757 22 2 5 3 2 3
757 36 4 4 3 2 2
757 42 1 5 4 2 3
757 62 2 5 3 3 2
757 68 2 5 3 3 2
757 92 2 5 3 2 3
757 94 3 5 3 2 3
757 106 4 4 3 1 3
757 112 1 5 3 2 3
757 128 2 5 2 3 2
757 142 1 5 3 2 3
757 146 2 5 3 3 2
757 148 1 5 3 2 3
757 178 1 5 3 3 2
757 202 2 5 3 2 3
757 206 4 4 3 2 2
757 212 2 5 3 3 2
757 218 2 5 3 3 2
757 230 2 5 4 3 2
757 232 2 5 3 2 3
757 236 4 3 3 2 1
757 244 2 5 3 3 2
757 284 4 4 3 2 2
757 288 2 5 3 3 2
757 302 1 5 3 2 3
757 322 1 5 4 2 3
757 328 1 6 3 3 3
757 336 4 2 4 1 1
757 358 2 5 3 2 3
757 366 4 3 4 1 2
757 398 3 5 3 4 1
757 400 2 5 3 2 3
757 412 2 5 3 2 3
757 416 3 5 3 3 2
757 428 3 5 3 3 2
757 442 2 5 4 2 3
757 444 4 2 4 1 1
757 452 1 5 3 3 2
757 478 2 5 3 3 2
757 482 2 5 3 3 2
757 484 2 5 3 2 3
757 508 2 5 3 3 2
757 538 1 5 3 3 2
757 544 4 3 3 1 2
757 546 4 2 5 1 1
757 548 2 5 3 3 2
757 552 2 5 4 3 2
757 554 2 5 3 3 2
757 592 1 5 3 2 3
757 596 3 5 3 3 2
757 608 2 5 3 4 1
757 638 2 5 4 3 2
757 662 2 5 3 3 2
757 674 4 3 3 2 1
757 692 1 5 3 3 2
757 704 4 3 3 2 1
757 706 2 5 3 3 2
757 716 4 3 3 2 1
757 722 1 5 3 3 2
757 746 4 3 3 2 1
758 17 2 5 3 2 3
758 19 4 4 3 3 1
758 23 2 5 3 2 3
758 37 2 5 3 3 2
758 43 2 5 3 2 3
758 47 2 5 3 3 2
758 61 2 5 3 3 2
758 71 4 3 3 1 2
758 93 1 5 4 2 3
758 103 3 5 3 3 2
758 107 2 5 3 2 3
758 113 2 5 3 2 3
758 131 2 5 3 2 3
758 143 2 5 4 2 3
758 163 2 5 3 2 3
758 173 2 5 3 2 3
758 177 1 5 4 3 2
758 189 4 2 4 1 1
758 197 2 5 3 2 3
758 199 2 5 3 3 2
758 243 1 5 3 3 2
758 247 2 5 4 3 2
758 257 1 5 3 3 2
758 265 1 5 4 3 2
758 271 4 3 3 2 1
758 277 1 5 3 3 2
758 287 2 5 4 3 2
758 307 1 5 3 3 2
758 313 2 5 3 3 2
758 323 2 5 4 2 3
758 329 4 4 4 1 3
758 347 2 5 3 3 2
758 355 2 5 4 3 2
758 373 2 6 3 3 3
758 397 3 5 3 4 1
758 401 2 5 3 2 3
758 409 4 3 3 2 1
758 439 2 5 3 3 2
758 463 1 5 3 3 2
758 485 2 5 4 2 3
758 503 2 5 3 2 3
758 521 4 3 3 1 2
758 523 2 5 3 3 2
758 527 3 5 4 2 3
758 537 2 5 4 3 2
758 551 2 5 4 3 2
758 553 3 5 4 3 2
758 589 4 3 4 2 1
758 591 4 3 4 2 1
758 593 2 5 3 2 3
758 599 4 4 3 2 2
758 601 4 3 3 2 1
758 607 1 5 3 4 1
758 631 4 3 3 2 1
758 653 1 5 3 2 3
758 657 4 3 4 2 1
758 667 1 5 4 3 2
758 669 4 2 4 1 1
758 721 4 4 4 3 1
758 737 3 5 4 3 2
759 118 4 2 5 1 1
759 164 1 5 5 2 3
759 248 4 4 5 2 2
759 262 4 3 5 1 2
759 272 4 2 5 1 1
759 298 4 3 5 2 1
759 346 2 5 5 3 2
759 350 4 2 6 1 1
759 404 4 3 5 1 2
759 508 4 3 5 2 1
759 568 4 2 5 1 1
759 602 4 2 6 1 1
759 722 4 2 5 1 1
760 109 1 5 4 2 3
760 137 1 5 4 3 2
760 139 4 4 4 2 2
760 199 3 5 4 2 3
760 227 2 5 4 3 2
760 241 3 5 4 3 2
760 263 2 5 4 3 2
760 277 2 5 4 2 3
760 353 2 5 4 3 2
760 461 1 5 4 3 2
760 487 2 5 4 2 3
760 581 4 3 5 2 1
760 683 2 5 4 3 2
761 2 3 5 2 2 3
761 16 3 5 2 3 2
761 20 1 5 3 2 3
761 22 4 3 3 2 1
761 44 2 5 3 3 2
761 46 1 5 3 2 3
761 56 2 5 3 2 3
761 58 3 5 3 3 2
761 64 2 5 2 3 2
761 94 2 5 3 3 2
761 108 4 3 3 2 1
761 110 2 5 4 2 3
761 124 2 5 3 3 2
761 134 2 5 3 2 3
761 152 4 5 3 2 3
761 166 2 5 3 2 3
761 196 1 5 3 3 2
761 208 2 5 3 3 2
761 226 1 5 3 3 2
761 244 3 5 3 3 2
761 254 2 5 3 3 2
761 258 4 2 4 1 1
761 266 1 5 4 2 3
761 284 2 5 3 3 2
761 296 1 5 3 2 3
761 306 1 5 4 2 3
761 310 1 5 4 3 2
761 322 4 3 4 2 1
761 324 2 5 3 3 2
761 334 2 5 3 3 2
761 344 1 5 3 3 2
761 358 4 4 3 2 2
761 370 2 5 4 3 2
761 376 1 5 3 2 3
761 392 4 3 3 1 2
761 394 2 5 3 4 1
761 404 2 5 3 2 3
761 412 4 4 3 3 1
761 416 1 5 3 2 3
761 436 2 5 3 3 2
761 438 4 4 4 2 2
761 446 3 5 3 2 3
761 460 3 5 4 3 2
761 474 2 5 4 3 2
761 490 4 3 4 2 1
761 506 2 5 4 2 3
761 514 2 5 3 3 2
761 526 2 5 3 3 2
761 544 2 5 3 3 2
761 548 3 5 3 3 2
761 574 1 5 4 3 2
761 596 3 5 3 2 3
761 604 2 5 3 4 1
761 628 4 4 3 2 2
761 646 2 5 4 3 2
761 656 1 5 3 2 3
761 672 4 2 4 1 1
761 674 2 5 3 3 2
761 698 4 3 3 1 2
761 718 4 4 3 3 1
761 732 4 2 4 1 1
762 131 4 3 4 2 1
762 173 2 5 4 3 2
762 209 4 3 5 1 2
762 301 4 2 5 1 1
762 311 4 4 4 2 2
762 377 2 5 5 2 3
762 391 4 3 5 1 2
762 469 4 2 5 1 1
762 481 4 3 5 2 1
762 503 2 5 4 3 2
762 539 4 2 5 1 1
762 547 3 5 4 3 2
762 571 4 3 4 2 1
762 599 4 2 4 1 1
762 719 4 2 4 1 1
763 4 2 5 3 2 3
763 22 2 5 4 2 3
763 32 3 5 3 3 2
763 46 4 3 4 1 2
763 92 2 5 4 3 2
763 124 4 3 4 1 2
763 134 2 5 4 3 2
763 136 3 5 4 2 3
763 144 4 2 4 1 1
763 152 2 5 4 3 2
763 172 1 5 4 3 2
763 202 3 5 4 2 3
763 212 3 5 4 3 2
763 282 2 5 5 3 2
763 306 4 2 5 1 1
763 368 1 5 4 3 2
763 422 2 5 4 3 2
763 458 1 5 4 3 2
763 472 3 5 4 3 2
763 478 1 5 4 2 3
763 502 2 5 4 3 2
763 508 2 5 4 2 3
763 514 4 3 4 1 2
763 526 4 3 4 1 2
763 536 4 3 4 2 1
763 542 1 5 4 3 2
763 548 2 5 4 3 2
763 604 4 3 4 1 2
763 646 4 3 5 1 2
763 656 4 4 4 3 1
763 676 4 3 4 1 2
763 696 4 2 5 1 1
764 1 1 5 2 3 2
764 29 3 5 3 2 3
764 33 4 3 4 1 2
764 41 3 5 3 3 2
764 47 4 3 3 1 2
764 49 2 5 3 2 3
764 61 1 5 3 3 2
764 71 1 5 3 2 3
764 97 2 5 3 3 2
764 101 2 5 3 2 3
764 115 4 4 4 2 2
764 137 3 5 3 2 3
764 149 3 5 3 2 3
764 169 2 5 3 2 3
764 179 2 5 3 2 3
764 181 2 5 3 3 2
764 183 4 3 4 1 2
764 193 4 4 3 3 1
764 197 4 3 3 1 2
764 205 2 5 4 3 2
764 209 1 5 4 2 3
764 211 1 5 3 3 2
764 217 4 3 4 2 1
764 237 2 5 4 3 2
764 239 2 5 3 2 3
764 251 3 5 3 3 2
764 259 2 5 4 3 2
764 271 2 5 3 3 2
764 281 1 6 3 3 3
764 309 2 5 4 2 3
764 323 4 3 4 1 2
764 335 2 5 4 2 3
764 341 2 5 4 3 2
764 349 2 5 3 3 2
764 353 4 3 3 1 2
764 379 2 5 3 2 3
764 391 1 5 4 4 1
764 409 1 5 3 3 2
764 419 2 5 3 2 3
764 445 1 5 4 3 2
764 453 4 2 4 1 1
764 457 4 4 3 3 1
764 463 4 4 3 2 2
764 479 2 5 3 2 3
764 491 1 5 3 2 3
764 497 4 4 4 2 2
764 509 3 5 3 2 3
764 511 2 5 4 3 2
764 517 2 5 4 3 2
764 545 2 5 4 3 2
764 547 3 5 3 3 2
764 557 4 3 3 1 2
764 569 1 5 3 2 3
764 589 1 5 4 3 2
764 599 2 5 3 2 3
764 601 1 5 3 4 1
764 613 4 3 3 2 1
764 631 2 5 3 3 2
764 633 4 3 4 2 1
764 671 3 5 4 3 2
764 679 1 5 4 3 2
764 687 4 3 4 1 2
764 699 3 5 4 3 2
764 713 4 4 4 2 2
764 731 2 5 4 3 2
764 743 4 4 3 2 2
766 1 2 5 2 2 3
766 11 2 5 3 3 2
766 25 1 5 3 2 3
766 29 2 5 3 3 2
766 47 4 3 3 2 1
766 51 1 5 4 2 3
766 53 3 5 3 3 2
766 57 4 2 4 1 1
766 59 2 5 3 3 2
766 95 2 5 4 3 2
766 101 2 5 3 2 3
766 103 3 5 3 2 3
766 117 4 3 4 1 2
766 123 4 3 4 2 1
766 131 1 5 3 3 2
766 137 3 5 3 3 2
766 139 1 5 3 2 3
766 151 2 5 3 2 3
766 157 3 5 3 2 3
766 169 2 5 3 3 2
766 177 4 4 4 2 2
766 191 3 5 3 3 2
766 221 2 5 4 3 2
766 235 1 5 4 3 2
766 239 2 5 3 3 2
766 241 1 5 3 2 3
766 249 2 5 4 3 2
766 269 2 5 3 3 2
766 271 1 5 3 2 3
766 293 4 4 3 2 2
766 301 1 5 4 2 3
766 311 1 5 3 2 3
766 317 4 3 3 2 1
766 319 3 5 4 3 2
766 329 1 5 4 3 2
766 339 2 5 4 3 2
766 367 2 5 3 2 3
766 381 2 5 4 2 3
766 389 2 6 3 4 2
766 409 1 5 3 2 3
766 431 1 5 3 3 2
766 443 2 5 3 3 2
766 463 4 3 3 1 2
766 469 2 5 4 3 2
766 473 4 4 4 3 1
766 479 2 5 3 3 2
766 481 2 5 4 2 3
766 489 4 3 4 2 1
766 499 3 5 3 3 2
766 521 3 5 3 3 2
766 523 4 2 3 1 1
766 529 2 5 3 3 2
766 545 1 5 4 3 2
766 557 4 4 3 2 2
766 567 4 3 4 2 1
766 571 1 5 3 2 3
766 599 2 5 3 4 1
766 667 4 3 4 1 2
766 689 2 5 4 3 2
766 697 4 5 4 3 2
766 707 4 3 4 2 1
766 753 4 3 4 2 1
767 8 3 5 3 2 3
767 32 2 5 3 2 3
767 76 4 3 4 2 1
767 88 3 5 4 3 2
767 102 2 5 5 2 3
767 122 1 5 4 2 3
767 134 4 4 4 2 2
767 158 1 5 4 2 3
767 172 1 5 4 2 3
767 178 2 5 4 3 2
767 196 4 3 4 2 1
767 202 2 5 4 3 2
767 206 2 5 4 2 3
767 212 2 5 4 2 3
767 248 1 5 4 3 2
767 256 2 5 3 3 2
767 278 1 5 4 3 2
767 298 2 5 4 3 2
767 332 2 5 4 2 3
767 366 4 3 5 2 1
767 368 2 5 4 2 3
767 382 2 5 4 2 3
767 384 4 2 4 1 1
767 388 3 5 4 4 1
767 410 2 5 5 2 3
767 422 1 5 4 2 3
767 446 4 3 4 1 2
767 452 1 5 4 2 3
767 504 4 3 5 2 1
767 508 1 5 4 3 2
767 514 2 5 4 3 2
767 542 2 5 4 3 2
767 586 4 4 4 3 1
767 652 3 5 4 3 2
767 668 1 5 4 3 2
767 682 2 5 5 3 2
767 712 2 5 4 3 2
768 31 4 4 3 2 2
768 37 1 5 3 3 2
768 91 4 2 4 1 1
768 103 1 5 3 2 3
768 131 4 4 3 2 2
768 209 4 3 4 1 2
768 229 4 3 3 1 2
768 233 2 5 3 3 2
768 239 4 3 3 2 1
768 311 4 3 3 2 1
768 313 3 5 3 2 3
768 317 2 5 3 3 2
768 467 2 5 3 3 2
768 499 4 3 3 2 1
768 515 4 3 4 1 2
768 641 4 2 3 1 1
768 661 4 2 3 1 1
768 719 4 2 3 1 1
769 10 2 5 3 2 3
769 34 1 5 3 2 3
769 52 4 3 3 1 2
769 56 2 5 3 3 2
769 64 2 5 2 2 3
769 68 4 3 3 2 1
769 76 1 5 3 2 3
769 104 2 5 3 2 3
769 106 1 5 3 2 3
769 122 4 3 3 2 1
769 124 1 5 3 2 3
769 134 2 5 3 3 2
769 146 2 5 3 3 2
769 154 3 5 4 2 3
769 166 2 5 3 3 2
769 172 4 3 3 1 2
769 174 3 5 4 2 3
769 188 4 5 3 3 2
769 198 4 2 4 1 1
769 218 3 5 3 3 2
769 232 2 5 3 3 2
769 236 1 5 3 3 2
769 238 4 4 4 2 2
769 254 3 5 3 3 2
769 274 1 5 3 2 3
769 276 2 5 4 3 2
769 286 1 5 4 2 3
769 296 3 5 3 3 2
769 304 1 5 3 2 3
769 314 1 5 3 2 3
769 316 2 5 3 3 2
769 322 4 3 4 1 2
769 344 2 5 3 3 2
769 348 4 2 4 1 1
769 362 2 5 3 3 2
769 370 1 5 4 2 3
769 386 3 5 3 4 1
769 404 1 5 3 3 2
769 418 4 3 4 1 2
769 428 3 5 3 3 2
769 440 1 5 4 3 2
769 458 4 3 3 2 1
769 466 1 5 3 3 2
769 470 3 5 4 3 2
769 484 3 5 3 2 3
769 492 4 3 4 2 1
769 496 1 6 3 3 3
769 528 4 2 4 1 1
769 562 4 3 3 1 2
769 566 3 5 3 3 2
769 574 3 5 4 2 3
769 582 4 4 4 2 2
769 584 1 5 3 3 2
769 596 2 5 3 4 1
769 626 2 5 3 3 2
769 650 2 5 4 3 2
769 674 3 5 3 3 2
769 692 4 4 3 2 2
769 694 1 5 3 3 2
769 712 4 3 3 1 2
769 732 4 3 4 2 1
769 736 2 5 3 3 2
770 29 2 5 5 2 3
771 34 2 5 4 3 2
771 58 4 3 4 1 2
771 92 4 3 4 1 2
771 112 4 2 4 1 1
771 202 4 3 4 2 1
771 244 1 5 4 3 2
771 262 4 2 4 1 1
771 274 2 5 4 3 2
771 332 4 2 4 1 1
771 334 2 5 4 3 2
771 386 2 5 4 2 3
771 482 4 3 4 2 1
771 524 1 5 4 3 2
771 608 4 3 4 2 1
771 748 4 3 5 2 1
772 1 4 3 2 1 2
772 5 1 5 3 3 2
772 7 3 5 3 2 3
772 13 3 5 3 2 3
772 23 2 5 3 3 2
772 31 2 5 3 2 3
772 47 1 5 3 3 2
772 79 4 5 3 2 3
772 83 1 5 3 3 2
772 107 3 5 3 2 3
772 121 2 5 3 2 3
772 127 1 5 3 2 3
772 143 1 5 4 3 2
772 145 3 5 4 2 3
772 163 2 6 3 3 3
772 177 2 5 4 2 3
772 181 4 3 3 1 2
772 187 2 5 4 2 3
772 197 1 5 3 3 2
772 217 1 5 4 2 3
772 229 3 5 3 3 2
772 233 2 5 3 3 2
772 261 4 3 4 1 2
772 299 2 5 4 3 2
772 307 1 5 3 2 3
772 313 2 5 3 3 2
772 317 3 5 3 2 3
772 343 2 5 3 2 3
772 359 2 5 3 3 2
772 363 4 3 4 2 1
772 373 1 5 3 2 3
772 383 1 5 3 4 1
772 387 1 5 4 2 3
772 391 4 3 4 1 2
772 401 2 5 3 3 2
772 419 4 3 3 2 1
772 427 1 5 4 2 3
772 437 2 5 4 3 2
772 449 3 5 3 3 2
772 451 4 3 4 1 2
772 463 1 5 3 3 2
772 467 2 5 3 3 2
772 473 2 5 4 3 2
772 493 3 5 4 3 2
772 499 3 5 3 2 3
772 511 4 3 4 1 2
772 521 4 3 3 2 1
772 523 2 5 3 3 2
772 537 1 5 4 3 2
772 541 3 5 3 2 3
772 563 1 5 3 3 2
772 577 1 5 3 2 3
772 593 3 5 3 4 1
772 599 4 3 3 2 1
772 607 1 5 3 2 3
772 623 4 4 4 3 1
772 651 4 2 5 1 1
772 653 2 5 3 3 2
772 677 2 5 3 3 2
772 691 4 4 3 3 1
772 707 1 5 4 3 2
772 719 4 4 3 3 1
772 733 3 5 3 3 2
772 741 4 3 5 2 1
773 4 4 4 2 3 1
773 8 1 5 2 2 3
773 24 4 3 3 1 2
773 32 3 6 2 3 3
773 52 1 5 3 3 2
773 54 4 2 3 1 1
773 58 1 5 3 2 3
773 66 4 3 4 1 2
773 88 2 5 3 3 2
773 122 2 5 3 2 3
773 124 3 5 3 3 2
773 128 2 5 2 2 3
773 134 4 3 3 1 2
773 158 1 5 3 2 3
773 162 2 5 3 3 2
773 178 3 5 3 2 3
773 184 3 5 3 3 2
773 212 3 5 3 2 3
773 214 2 5 3 3 2
773 228 2 5 4 3 2
773 236 4 3 3 1 2
773 242 2 5 3 3 2
773 262 1 5 3 3 2
773 272 2 5 3 3 2
773 274 4 3 3 2 1
773 292 2 5 3 3 2
773 294 4 3 4 2 1
773 298 1 5 3 3 2
773 308 3 5 4 2 3
773 322 2 5 4 3 2
773 332 1 5 3 3 2
773 338 3 5 3 2 3
773 342 4 3 4 2 1
773 358 2 5 3 3 2
773 374 2 5 4 2 3
773 382 2 6 3 4 2
773 388 2 5 3 2 3
773 394 4 3 3 2 1
773 416 3 5 3 2 3
773 448 2 5 3 3 2
773 464 4 3 3 1 2
773 472 3 5 3 3 2
773 488 1 5 3 2 3
773 500 2 5 3 2 3
773 508 2 5 3 3 2
773 514 2 5 3 3 2
773 516 4 2 4 1 1
773 536 2 5 3 3 2
773 538 1 5 3 3 2
773 542 4 5 3 2 3
773 546 4 2 5 1 1
773 576 4 3 3 2 1
773 578 2 5 3 2 3
773 592 2 5 3 4 1
773 634 4 4 3 3 1
773 662 2 5 3 3 2
773 668 1 5 3 2 3
773 682 2 5 4 3 2
773 716 4 3 3 1 2
773 718 2 5 3 3 2
773 722 2 5 3 3 2
773 750 4 2 4 1 1
773 766 4 3 3 2 1
774 37 4 3 4 1 2
774 53 4 3 4 1 2
774 59 2 5 4 2 3
774 241 2 5 4 3 2
774 253 4 3 5 2 1
774 277 4 3 4 1 2
774 373 4 3 4 2 1
774 427 4 2 5 1 1
774 521 1 5 4 3 2
774 529 4 3 4 1 2
774 563 4 3 4 2 1
774 689 2 5 5 3 2
774 733 4 3 4 2 1
774 763 4 3 5 2 1
774 767 4 3 5 2 1
775 16 1 5 3 2 3
775 44 2 5 4 3 2
775 86 2 5 4 3 2
775 148 1 5 4 2 3
775 194 3 5 4 3 2
775 214 1 5 4 2 3
775 226 2 5 4 3 2
775 292 2 5 4 2 3
775 338 1 5 4 3 2
775 346 2 5 4 2 3
775 398 1 5 4 3 2
775 446 2 5 4 3 2
775 632 2 5 4 3 2
775 688 2 5 4 3 2
776 1 2 5 2 3 2
776 7 4 3 3 2 1
776 17 3 5 3 2 3
776 27 4 4 3 2 2
776 29 2 5 3 3 2
776 41 2 5 3 2 3
776 61 3 5 3 2 3
776 71 2 5 3 2 3
776 79 2 5 3 3 2
776 109 3 5 3 3 2
776 113 3 5 3 2 3
776 121 2 5 3 3 2
776 125 1 5 3 2 3
776 127 2 5 3 3 2
776 137 4 4 3 2 2
776 139 2 5 3 3 2
776 149 2 5 3 2 3
776 163 4 3 3 2 1
776 167 2 5 3 2 3
776 177 4 2 4 1 1
776 181 1 6 3 3 3
776 193 2 5 3 3 2
776 211 3 5 3 3 2
776 225 3 5 4 3 2
776 227 4 4 3 2 2
776 239 2 5 3 3 2
776 251 1 5 3 2 3
776 253 4 3 4 2 1
776 259 2 5 4 3 2
776 269 1 5 3 3 2
776 281 1 5 3 2 3
776 293 4 4 3 1 3
776 295 1 5 4 3 2
776 329 2 5 4 3 2
776 379 1 5 3 4 1
776 383 4 4 3 2 2
776 391 1 5 4 2 3
776 419 1 5 3 2 3
776 421 2 5 3 3 2
776 423 4 3 4 2 1
776 431 2 5 3 2 3
776 437 4 3 4 1 2
776 487 4 3 3 2 1
776 489 1 5 4 3 2
776 491 1 5 3 2 3
776 511 2 5 4 3 2
776 517 4 4 4 2 2
776 529 1 5 3 3 2
776 553 4 3 4 2 1
776 559 1 5 4 3 2
776 581 1 5 4 2 3
776 583 4 3 4 2 1
776 589 2 6 4 4 2
776 611 1 5 4 2 3
776 623 4 3 4 1 2
776 631 2 5 3 3 2
776 643 2 5 3 3 2
776 659 2 5 3 3 2
776 683 4 3 3 1 2
776 719 2 5 3 3 2
777 116 4 3 5 2 1
777 184 4 2 5 1 1
777 458 1 5 5 3 2
777 466 4 3 5 2 1
777 496 4 3 5 2 1
777 556 4 4 5 2 2
777 626 4 3 5 2 1
777 674 4 2 5 1 1
778 1 3 5 2 2 3
778 13 2 5 3 2 3
778 31 4 3 3 1 2
778 37 1 5 3 2 3
778 41 3 5 3 3 2
778 47 1 5 3 3 2
778 73 3 5 3 2 3
778 83 1 5 3 3 2
778 101 4 3 3 2 1
778 107 2 5 3 3 2
778 113 1 5 3 2 3
778 115 1 5 4 2 3
778 127 2 5 3 2 3
778 157 2 5 3 3 2
778 159 4 2 4 1 1
778 167 2 5 3 3 2
778 179 4 4 3 3 1
778 197 2 5 3 3 2
778 201 4 3 4 2 1
778 205 4 3 4 1 2
778 217 1 5 4 2 3
778 223 1 6 3 3 3
778 227 2 5 3 3 2
778 237 4 4 4 3 1
778 245 2 5 4 3 2
778 267 1 5 4 3 2
778 293 2 5 3 3 2
778 295 1 5 4 2 3
778 307 2 5 3 3 2
778 323 2 5 4 2 3
778 327 2 5 4 3 2
778 339 4 2 4 1 1
778 341 4 4 4 2 2
778 343 1 5 3 2 3
778 349 2 5 3 2 3
778 353 2 5 3 3 2
778 377 2 5 4 4 1
778 379 3 5 3 2 3
778 401 4 4 3 2 2
778 407 3 5 4 3 2
778 409 4 3 3 1 2
778 419 4 4 3 3 1
778 421 3 5 3 2 3
778 433 2 5 3 2 3
778 443 2 5 3 3 2
778 457 2 5 3 3 2
778 463 1 5 3 2 3
778 487 2 5 3 3 2
778 491 4 4 3 2 2
778 493 2 5 4 2 3
778 503 1 5 3 3 2
778 517 2 5 4 3 2
778 531 3 5 4 3 2
778 533 1 5 4 3 2
778 547 2 5 3 2 3
778 549 4 2 4 1 1
778 557 1 5 3 3 2
778 575 2 5 4 3 2
778 587 1 5 3 4 1
778 611 4 3 4 2 1
778 613 2 5 3 2 3
778 617 1 5 3 3 2
778 647 4 4 3 3 1
778 669 4 2 4 1 1
778 679 4 4 4 2 2
778 685 1 5 4 3 2
778 701 3 5 3 3 2
778 709 4 3 3 1 2
778 713 3 5 4 3 2
778 727 2 5 3 3 2
778 731 4 3 4 2 1
779 2 2 5 3 2 3
779 12 4 4 4 2 2
779 14 1 5 4 2 3
779 16 1 5 3 3 2
779 20 2 5 4 2 3
779 26 1 5 4 3 2
779 64 2 5 3 2 3
779 86 3 5 4 2 3
779 116 1 5 4 2 3
779 124 2 5 4 3 2
779 134 1 5 4 2 3
779 148 4 3 4 2 1
779 156 2 5 5 3 2
779 170 2 5 5 2 3
779 184 2 5 4 2 3
779 194 2 5 4 2 3
779 196 1 5 4 3 2
779 224 1 5 4 2 3
779 226 3 5 4 3 2
779 236 1 5 4 3 2
779 242 4 3 4 1 2
779 244 2 5 4 3 2
779 268 4 4 4 2 2
779 286 1 5 5 3 2
779 296 1 5 4 2 3
779 306 2 5 5 3 2
779 326 1 5 4 3 2
779 334 2 5 4 3 2
779 352 3 5 4 3 2
779 358 4 3 4 2 1
779 376 1 6 4 4 2
779 382 4 3 4 2 1
779 394 2 6 4 3 3
779 398 4 4 4 2 2
779 460 3 5 5 3 2
779 464 3 5 4 2 3
779 498 4 2 5 1 1
779 502 4 4 4 3 1
779 506 2 5 5 2 3
779 512 4 3 3 1 2
779 526 1 5 4 3 2
779 530 2 5 5 3 2
779 584 2 5 4 2 3
779 586 2 5 4 4 1
779 590 4 3 5 1 2
779 614 2 5 4 2 3
779 632 4 4 4 2 2
779 642 4 3 5 2 1
779 648 4 2 4 1 1
779 658 4 3 5 2 1
779 664 1 5 4 3 2
779 668 4 3 4 1 2
779 692 4 3 4 1 2
779 716 2 5 4 3 2
781 4 3 5 3 2 3
781 14 1 5 4 3 2
781 18 4 4 4 2 2
781 74 1 5 4 3 2
781 98 4 3 4 2 1
781 112 4 4 4 2 2
781 116 1 6 4 3 3
781 118 2 5 4 2 3
781 136 2 5 4 2 3
781 206 2 5 4 3 2
781 208 4 4 4 2 2
781 226 2 5 4 2 3
781 254 2 5 4 3 2
781 256 2 5 3 2 3
781 268 4 3 4 1 2
781 278 4 3 4 2 1
781 298 2 5 4 2 3
781 302 4 3 4 2 1
781 304 3 5 4 3 2
781 326 2 5 4 2 3
781 346 3 5 4 2 3
781 372 4 2 5 1 1
781 382 4 4 4 1 3
781 404 2 5 4 3 2
781 416 2 5 4 3 2
781 424 2 5 4 2 3
781 428 4 4 4 3 1
781 454 1 5 4 3 2
781 458 2 5 4 3 2
781 466 2 5 4 2 3
781 472 4 4 4 2 2
781 494 2 5 5 3 2
781 498 4 2 5 1 1
781 502 4 3 4 1 2
781 514 2 5 4 3 2
781 538 4 2 4 1 1
781 584 2 5 4 4 1
781 626 2 5 4 3 2
781 632 4 3 4 2 1
781 642 4 2 5 1 1
781 662 3 5 4 3 2
781 676 2 5 4 2 3
781 720 4 3 5 2 1
781 724 1 5 4 3 2
781 766 1 5 4 3 2
782 37 2 5 4 3 2
782 67 2 5 4 2 3
782 79 2 5 4 3 2
782 81 4 2 4 1 1
782 89 3 5 4 2 3
782 103 1 5 4 3 2
782 117 1 5 5 2 3
782 131 2 5 4 2 3
782 133 3 5 5 3 2
782 159 4 3 5 1 2
782 167 2 5 4 2 3
782 173 1 5 4 2 3
782 191 4 4 4 2 2
782 193 2 5 4 3 2
782 197 2 5 4 2 3
782 223 1 5 4 3 2
782 231 4 3 6 1 2
782 233 1 5 4 3 2
782 263 2 5 4 3 2
782 309 4 3 5 1 2
782 313 2 5 4 3 2
782 317 2 5 4 2 3
782 331 3 5 4 3 2
782 353 2 5 4 2 3
782 361 4 3 4 2 1
782 373 1 5 4 4 1
782 383 2 5 4 2 3
782 397 2 5 4 2 3
782 427 1 5 5 3 2
782 453 2 5 5 3 2
782 457 2 5 4 3 2
782 463 2 5 4 3 2
782 511 4 3 5 2 1
782 523 2 5 4 3 2
782 551 2 5 5 2 3
782 583 1 5 5 4 1
782 601 4 3 4 2 1
782 637 1 5 5 3 2
782 653 2 5 4 3 2
782 679 4 3 5 2 1
783 64 4 3 3 2 1
783 68 2 5 4 2 3
783 106 4 3 4 2 1
783 118 2 5 4 2 3
783 154 4 3 5 1 2
783 184 4 2 4 1 1
783 218 2 5 4 3 2
783 302 2 5 4 3 2
783 328 2 5 4 2 3
783 446 4 2 4 1 1
783 466 4 2 4 1 1
783 482 3 5 4 3 2
783 574 4 4 5 2 2
783 704 4 2 4 1 1
783 778 4 3 4 2 1
784 19 2 5 3 2 3
784 71 3 5 3 3 2
784 113 2 5 3 3 2
784 121 2 5 3 2 3
784 127 4 3 3 1 2
784 139 2 5 3 2 3
784 151 2 5 3 3 2
784 173 3 5 3 3 2
784 223 3 5 3 2 3
784 227 4 3 3 2 1
784 239 1 5 3 3 2
784 251 1 5 3 3 2
784 253 4 4 4 2 2
784 267 4 3 4 1 2
784 289 2 5 3 2 3
784 311 2 5 3 3 2
784 331 4 4 3 2 2
784 347 3 5 3 3 2
784 349 2 5 3 2 3
784 355 1 5 4 2 3
784 365 4 3 4 2 1
784 383 4 3 3 2 1
784 389 3 5 3 3 2
784 423 4 3 4 2 1
784 447 4 2 4 1 1
784 451 2 5 4 3 2
784 461 2 5 3 3 2
784 467 4 3 3 2 1
784 481 2 5 4 3 2
784 513 4 2 4 1 1
784 529 2 5 3 2 3
784 569 2 5 3 3 2
784 587 4 3 3 2 1
784 597 4 3 4 1 2
784 619 2 5 3 2 3
784 641 1 5 3 3 2
784 757 4 3 3 2 1
784 773 4 3 3 2 1
784 783 4 1 4 1 0
785 8 1 5 3 2 3
785 118 2 5 4 3 2
785 158 2 5 4 2 3
785 202 1 5 4 3 2
785 356 2 5 4 2 3
785 524 2 5 4 3 2
785 526 1 5 4 3 2
785 554 1 5 4 2 3
785 568 2 5 4 3 2
785 694 1 5 4 3 2
785 766 4 4 4 3 1
786 17 4 3 4 2 1
786 19 2 5 4 3 2
786 113 4 3 4 2 1
786 149 1 5 4 3 2
786 167 4 2 4 1 1
786 217 4 3 5 2 1
786 259 2 5 5 3 2
786 313 4 4 4 2 2
786 347 4 3 4 2 1
786 373 4 4 4 2 2
786 407 4 2 5 1 1
786 443 4 2 4 1 1
786 511 4 3 5 1 2
786 563 4 3 4 2 1
786 647 4 2 4 1 1
786 709 2 5 4 3 2
786 737 4 2 5 1 1
786 757 4 2 4 1 1
787 8 2 5 2 3 2
787 14 4 3 3 2 1
787 28 2 5 3 2 3
787 32 1 5 2 3 2
787 38 1 5 3 3 2
787 46 2 5 3 2 3
787 48 4 3 3 2 1
787 56 4 4 3 2 2
787 74 3 5 3 3 2
787 82 3 5 3 2 3
787 98 1 5 3 3 2
787 116 3 5 3 3 2
787 122 2 5 3 2 3
787 126 4 3 4 2 1
787 134 4 3 3 2 1
787 136 3 5 3 2 3
787 148 2 5 3 3 2
787 158 2 5 3 3 2
787 172 1 5 3 2 3
787 178 3 5 3 2 3
787 182 1 5 4 3 2
787 184 4 3 3 1 2
787 192 2 5 3 2 3
787 202 2 5 3 2 3
787 214 2 5 3 3 2
787 228 1 5 4 3 2
787 236 4 5 3 3 2
787 248 1 5 3 3 2
787 256 4 4 2 2 2
787 286 4 4 4 2 2
787 292 3 5 3 2 3
787 298 3 5 3 3 2
787 318 2 5 4 3 2
787 332 2 5 3 2 3
787 352 1 5 3 2 3
787 358 3 5 3 2 3
787 368 2 5 3 4 1
787 388 2 5 3 2 3
787 394 4 3 3 1 2
787 396 4 4 4 2 2
787 402 1 5 4 2 3
787 410 1 5 4 3 2
787 422 3 5 3 3 2
787 448 1 5 3 3 2
787 452 2 5 3 3 2
787 458 2 5 3 3 2
787 478 1 5 3 3 2
787 488 1 5 3 3 2
787 500 1 5 3 3 2
787 508 2 5 3 3 2
787 522 2 5 4 3 2
787 524 4 4 3 3 1
787 556 3 5 3 2 3
787 564 4 3 4 2 1
787 566 2 5 3 3 2
787 578 3 6 3 4 2
787 592 3 5 3 2 3
787 632 2 5 3 3 2
787 646 4 3 4 1 2
787 654 4 4 4 2 2
787 666 4 2 4 1 1
787 668 1 5 3 3 2
787 676 3 5 3 3 2
787 682 1 5 4 2 3
787 692 1 5 3 3 2
787 706 4 2 3 1 1
787 718 2 5 3 3 2
787 724 4 3 3 1 2
788 1 4 3 2 2 1
788 7 2 5 3 3 2
788 11 2 5 3 2 3
788 17 2 5 3 3 2
788 27 4 3 3 2 1
788 29 3 5 3 2 3
788 47 2 5 3 2 3
788 51 4 3 4 1 2
788 67 2 5 3 3 2
788 73 2 6 3 3 3
788 83 2 5 3 2 3
788 109 3 5 3 3 2
788 125 1 5 3 2 3
788 129 4 3 4 2 1
788 137 1 5 3 2 3
788 143 3 5 4 2 3
788 161 3 5 4 2 3
788 181 4 4 3 3 1
788 193 2 5 3 2 3
788 199 2 5 3 3 2
788 213 2 5 4 3 2
788 227 1 6 3 3 3
788 235 2 5 4 3 2
788 257 1 5 3 3 2
788 259 4 3 4 2 1
788 277 1 5 3 3 2
788 283 1 5 3 3 2
788 293 1 5 3 2 3
788 299 4 3 4 1 2
788 307 1 5 3 3 2
788 311 4 4 3 2 2
788 317 2 5 3 3 2
788 323 1 5 4 2 3
788 333 2 5 4 2 3
788 343 2 5 3 3 2
788 353 2 5 3 2 3
788 359 3 5 3 2 3
788 367 2 5 3 4 1
788 385 1 5 5 3 2
788 389 3 5 3 2 3
788 397 1 5 3 3 2
788 403 2 5 4 2 3
788 415 4 3 4 2 1
788 431 2 5 3 2 3
788 433 3 5 3 3 2
788 447 1 5 4 3 2
788 469 4 4 4 2 2
788 473 2 5 4 2 3
788 487 1 5 3 3 2
788 493 3 5 4 3 2
788 521 3 5 3 3 2
788 523 2 5 3 3 2
788 551 4 4 4 2 2
788 557 1 5 3 2 3
788 571 4 4 3 2 2
788 577 1 5 3 4 1
788 623 2 5 4 2 3
788 647 1 5 3 3 2
788 655 2 5 4 3 2
788 697 2 5 4 3 2
788 701 4 3 3 1 2
788 703 2 5 4 3 2
788 781 4 3 4 2 1
789 32 4 2 3 1 1
789 124 2 5 4 2 3
789 188 4 2 4 1 1
789 232 4 2 4 1 1
789 256 2 5 3 3 2
789 296 2 5 4 3 2
789 316 1 5 4 3 2
789 368 4 3 4 2 1
789 392 4 2 4 1 1
789 422 4 3 4 2 1
789 448 4 3 4 1 2
789 482 4 3 4 2 1
789 566 4 3 4 2 1
789 646 1 5 5 3 2
789 668 4 3 4 2 1
789 674 3 5 4 3 2
789 682 4 2 5 1 1
789 742 4 2 5 1 1
790 13 2 5 4 2 3
790 127 1 5 4 2 3
790 167 2 5 4 3 2
790 179 1 5 4 3 2
790 211 3 5 4 3 2
790 383 1 5 4 3 2
790 419 1 5 4 3 2
790 427 4 3 5 1 2
790 449 1 5 4 3 2
790 491 2 5 4 3 2
790 559 3 5 5 2 3
790 629 1 5 5 3 2
790 673 3 5 4 3 2
790 699 4 3 5 1 2
790 757 2 5 4 3 2
791 26 2 5 4 2 3
791 32 4 4 3 1 3
791 76 1 5 4 2 3
791 94 2 5 4 3 2
791 106 1 5 4 3 2
791 124 1 5 4 3 2
791 138 4 2 5 1 1
791 164 1 5 4 2 3
791 172 4 3 4 2 1
791 198 4 3 5 2 1
791 232 3 5 4 3 2
791 236 3 5 4 2 3
791 254 2 5 4 3 2
791 270 4 2 5 1 1
791 274 2 5 4 3 2
791 302 4 3 4 1 2
791 314 1 5 4 3 2
791 328 4 3 4 2 1
791 340 2 5 5 3 2
791 356 2 5 4 2 3
791 372 4 2 5 1 1
791 478 4 3 4 2 1
791 496 2 5 4 3 2
791 508 4 3 4 2 1
791 542 4 4 4 2 2
791 544 2 5 4 3 2
791 582 4 3 5 1 2
791 596 1 5 4 2 3
791 604 1 5 4 3 2
791 626 2 5 4 2 3
791 682 4 3 5 2 1
791 704 1 5 4 3 2
791 712 4 3 4 2 1
791 718 4 3 4 2 1
792 13 1 5 4 3 2
792 79 4 4 4 2 2
792 151 4 3 4 2 1
792 197 1 5 4 2 3
792 211 4 4 4 2 2
792 281 4 4 4 2 2
792 317 4 3 4 1 2
792 499 4 2 4 1 1
792 521 4 3 4 2 1
792 589 4 3 5 1 2
792 601 4 3 4 2 1
792 691 4 2 4 1 1
792 749 4 3 5 2 1
793 2 2 5 3 3 2
793 12 1 5 4 3 2
793 44 4 4 4 2 2
793 58 2 5 4 2 3
793 62 2 5 4 3 2
793 68 1 5 4 3 2
793 100 2 5 4 2 3
793 126 4 3 5 1 2
793 128 1 5 3 2 3
793 142 2 6 4 3 3
793 164 2 5 4 3 2
793 166 3 5 4 2 3
793 212 1 5 4 3 2
793 232 1 5 4 2 3
793 242 1 5 4 3 2
793 278 1 5 4 3 2
793 292 1 5 4 3 2
793 320 1 5 4 3 2
793 328 1 5 4 2 3
793 362 1 5 4 4 1
793 380 1 5 5 3 2
793 428 1 5 4 3 2
793 448 2 5 4 2 3
793 452 2 5 4 3 2
793 466 4 3 4 1 2
793 472 1 5 4 3 2
793 478 1 5 4 2 3
793 502 1 5 4 3 2
793 518 2 5 5 3 2
793 554 4 3 4 2 1
793 562 2 5 4 2 3
793 628 2 5 4 2 3
793 632 1 5 4 3 2
793 670 2 5 5 3 2
793 698 1 5 4 3 2
793 758 3 5 4 3 2
794 1 2 5 2 3 2
794 11 2 5 3 3 2
794 31 3 5 3 3 2
794 53 3 5 3 2 3
794 79 2 5 3 2 3
794 83 4 3 3 1 2
794 91 1 5 4 3 2
794 101 2 5 3 2 3
794 109 2 5 3 3 2
794 129 3 5 4 2 3
794 131 2 5 3 2 3
794 149 2 5 3 2 3
794 179 1 5 3 2 3
794 185 1 5 4 2 3
794 187 4 3 4 2 1
794 199 1 5 3 2 3
794 209 1 5 4 2 3
794 211 1 5 3 3 2
794 213 4 4 4 2 2
794 221 1 5 4 3 2
794 229 2 5 3 3 2
794 233 3 5 3 2 3
794 241 3 5 3 3 2
794 251 1 5 3 3 2
794 277 3 5 3 3 2
794 301 1 5 4 3 2
794 303 4 2 4 1 1
794 311 1 6 3 3 3
794 319 1 5 4 3 2
794 339 1 5 4 2 3
794 343 4 4 3 2 2
794 361 3 5 3 4 1
794 365 2 5 4 2 3
794 377 4 3 4 1 2
794 379 2 5 3 3 2
794 391 1 5 4 3 2
794 395 2 5 4 2 3
794 403 3 5 4 3 2
794 409 2 5 3 2 3
794 447 4 3 4 2 1
794 449 2 5 3 2 3
794 463 4 3 3 2 1
794 471 2 5 4 3 2
794 473 4 4 4 2 2
794 477 4 3 4 2 1
794 479 2 5 3 2 3
794 493 3 5 4 3 2
794 507 4 3 4 1 2
794 515 2 5 4 3 2
794 521 2 5 3 2 3
794 539 1 5 4 2 3
794 541 3 5 3 3 2
794 559 1 5 4 3 2
794 563 3 5 3 2 3
794 567 4 2 4 1 1
794 571 1 5 3 4 1
794 593 4 4 3 2 2
794 599 2 5 3 2 3
794 603 4 3 4 2 1
794 641 1 5 3 3 2
794 649 2 5 4 3 2
794 661 2 5 3 3 2
794 683 4 4 3 2 2
794 701 1 5 3 3 2
794 723 4 3 4 2 1
794 739 1 5 3 3 2
795 206 1 5 5 3 2
796 19 2 5 3 2 3
796 29 2 5 3 3 2
796 37 3 5 3 2 3
796 55 2 5 4 2 3
796 59 1 5 3 3 2
796 63 4 2 4 1 1
796 65 1 5 4 3 2
796 89 3 5 3 3 2
796 93 4 4 4 2 2
796 101 2 5 3 3 2
796 103 3 5 3 2 3
796 107 3 5 3 3 2
796 131 2 5 3 2 3
796 139 1 5 3 3 2
796 161 2 5 4 3 2
796 169 1 5 3 2 3
796 173 2 5 3 3 2
796 191 1 5 3 3 2
796 205 2 5 4 3 2
796 211 2 5 3 2 3
796 241 1 5 3 2 3
796 243 4 3 3 1 2
796 269 2 5 3 3 2
796 271 3 5 3 2 3
796 277 4 4 3 2 2
796 289 2 5 3 3 2
796 299 2 5 4 3 2
796 301 4 4 4 1 3
796 331 1 5 3 2 3
796 341 2 5 4 2 3
796 359 2 6 3 4 2
796 361 1 5 3 2 3
796 389 2 5 3 3 2
796 401 3 5 3 3 2
796 411 2 5 4 2 3
796 425 1 5 4 3 2
796 437 4 3 4 2 1
796 439 2 6 3 3 3
796 447 4 3 4 2 1
796 451 1 5 4 2 3
796 453 4 2 4 1 1
796 469 1 5 4 3 2
796 491 1 5 3 3 2
796 499 1 5 3 3 2
796 509 2 5 3 3 2
796 541 2 5 3 2 3
796 569 2 5 3 4 1
796 583 4 4 4 2 2
796 587 4 4 3 2 2
796 601 1 5 3 2 3
796 611 1 5 4 3 2
796 613 4 3 3 1 2
796 627 4 2 5 1 1
796 653 3 5 3 3 2
796 667 3 5 4 3 2
796 687 4 2 4 1 1
796 709 2 5 3 3 2
796 719 3 5 3 3 2
796 743 5 3 3 2 1
796 751 1 5 3 3 2
796 765 4 3 5 2 1
797 2 2 5 2 2 3
797 6 4 4 3 2 2
797 8 2 5 2 3 2
797 20 2 5 3 2 3
797 22 2 5 3 3 2
797 38 1 5 3 2 3
797 46 4 3 3 2 1
797 82 2 5 3 2 3
797 84 4 3 4 1 2
797 92 2 5 3 2 3
797 100 2 5 3 3 2
797 104 2 5 3 2 3
797 110 4 3 4 1 2
797 118 2 5 3 3 2
797 134 2 5 3 2 3
797 136 4 3 3 2 1
797 146 2 5 3 2 3
797 148 1 5 3 3 2
797 152 2 5 3 2 3
797 160 1 5 3 3 2
797 162 4 4 3 2 2
797 166 4 3 3 2 1
797 176 4 4 3 2 2
797 182 2 5 4 2 3
797 188 2 5 3 2 3
797 202 3 5 3 2 3
797 208 2 5 3 3 2
797 218 1 5 3 3 2
797 238 2 5 4 3 2
797 248 2 5 3 3 2
797 302 1 5 3 2 3
797 308 2 5 4 3 2
797 314 4 5 3 2 3
797 316 3 5 3 3 2
797 342 3 5 4 2 3
797 358 2 5 3 4 1
797 362 2 5 3 2 3
797 368 2 5 3 2 3
797 398 3 5 3 2 3
797 412 3 6 3 3 3
797 416 4 3 3 1 2
797 442 2 5 4 3 2
797 468 3 5 4 3 2
797 478 1 5 3 3 2
797 484 4 4 3 3 1
797 498 1 5 4 3 2
797 512 2 6 2 3 3
797 514 4 4 3 3 1
797 538 2 5 3 3 2
797 542 2 5 3 2 3
797 566 4 5 3 2 3
797 568 2 5 3 4 1
797 576 4 3 3 1 2
797 586 4 3 3 2 1
797 604 4 3 3 2 1
797 610 1 5 4 3 2
797 622 2 5 3 3 2
797 638 3 5 4 3 2
797 644 4 4 4 2 2
797 652 1 5 3 3 2
797 654 4 3 4 1 2
797 682 3 5 4 3 2
797 698 2 5 3 3 2
797 774 4 2 4 1 1
797 786 4 2 4 1 1
798 1 4 3 4 2 1
798 89 4 2 5 1 1
798 157 4 3 5 2 1
798 281 4 4 5 2 2
798 311 4 2 5 1 1
798 421 4 4 5 2 2
798 499 4 3 5 1 2
798 521 4 2 5 1 1
798 599 4 3 5 2 1
798 649 4 2 6 1 1
798 701 4 2 5 1 1
798 719 4 3 5 2 1
798 731 4 3 6 2 1
799 4 2 5 3 2 3
799 6 1 5 4 3 2
799 20 1 5 4 3 2
799 62 2 5 4 3 2
799 86 2 5 4 3 2
799 98 4 4 4 3 1
799 104 1 5 4 3 2
799 106 2 5 4 2 3
799 108 4 2 4 1 1
799 134 3 5 4 2 3
799 176 1 5 4 3 2
799 190 1 5 5 2 3
799 202 2 5 4 3 2
799 216 1 5 4 3 2
799 224 2 5 4 3 2
799 244 1 5 4 2 3
799 246 2 5 5 3 2
799 266 1 5 5 3 2
799 274 1 5 4 2 3
799 286 1 5 5 3 2
799 308 4 3 5 2 1
799 312 4 3 5 2 1
799 314 2 5 4 3 2
799 316 3 5 4 2 3
799 334 2 5 4 2 3
799 344 2 5 4 2 3
799 356 1 5 4 4 1
799 370 2 5 5 2 3
799 386 3 5 4 3 2
799 400 2 5 4 2 3
799 422 3 5 4 3 2
799 436 2 5 4 3 2
799 438 4 2 5 1 1
799 454 1 5 4 2 3
799 466 2 5 4 3 2
799 496 1 5 4 3 2
799 512 3 5 3 3 2
799 514 1 5 4 2 3
799 526 2 5 4 2 3
799 554 2 5 4 3 2
799 566 2 5 4 4 1
799 596 1 5 4 3 2
799 602 4 3 5 2 1
799 604 2 5 4 2 3
799 644 2 5 5 3 2
799 656 3 5 4 3 2
799 664 1 5 4 3 2
799 672 4 2 5 1 1
799 706 3 5 4 3 2
799 734 1 5 4 3 2
799 798 4 1 6 1 0
800 19 2 5 3 3 2
800 97 2 5 3 3 2
800 103 1 5 3 3 2
800 149 2 5 3 2 3
800 173 3 5 3 2 3
800 331 2 5 3 3 2
800 373 3 5 3 3 2
800 397 2 5 3 3 2
800 409 1 5 3 3 2
800 443 2 5 3 2 3
800 481 2 5 4 3 2
800 509 2 5 3 3 2
800 553 1 5 4 3 2
800 693 4 2 5 1 1
801 92 4 3 4 2 1
801 134 2 5 4 3 2
801 206 1 5 4 2 3
801 212 4 3 4 1 2
801 248 4 3 4 1 2
801 272 4 3 4 2 1
801 284 1 5 4 3 2
801 298 4 3 4 2 1
801 304 1 5 4 3 2
801 332 4 4 4 2 2
801 346 2 5 4 2 3
801 448 4 2 4 1 1
801 622 4 2 4 1 1
801 638 4 2 5 1 1
801 662 4 4 4 3 1
801 688 4 2 4 1 1
801 746 2 5 4 3 2
802 3 1 5 3 3 2
802 17 1 5 3 3 2
802 23 2 5 3 3 2
802 39 4 3 4 1 2
802 43 2 5 3 2 3
802 53 1 5 3 3 2
802 67 1 5 3 2 3
802 87 2 5 4 2 3
802 95 1 5 4 3 2
802 97 3 5 3 2 3
802 113 2 5 3 3 2
802 133 1 5 4 3 2
802 137 2 5 3 2 3
802 141 4 3 4 2 1
802 149 4 3 3 2 1
802 157 2 5 3 2 3
802 167 1 5 3 3 2
802 173 2 5 3 3 2
802 187 2 5 4 2 3
802 193 1 5 3 2 3
802 199 4 5 3 3 2
802 213 1 5 4 3 2
802 221 3 5 4 3 2
802 241 3 5 3 2 3
802 243 3 5 3 3 2
802 263 2 5 3 3 2
802 267 4 3 4 1 2
802 269 2 5 3 3 2
802 277 2 5 3 2 3
802 283 1 5 3 3 2
802 301 4 3 4 1 2
802 319 4 5 4 2 3
802 329 3 5 4 3 2
802 331 4 4 3 2 2
802 337 1 5 3 2 3
802 347 1 5 3 2 3
802 353 1 5 3 4 1
802 367 2 5 3 2 3
802 369 4 2 4 1 1
802 371 4 4 4 3 1
802 373 3 5 3 2 3
802 395 2 5 4 3 2
802 403 2 5 4 2 3
802 407 1 5 4 3 2
802 409 4 4 3 2 2
802 417 1 5 4 2 3
802 433 1 5 3 3 2
802 437 2 5 4 3 2
802 445 2 5 4 2 3
802 449 4 3 3 2 1
802 463 1 5 3 3 2
802 473 1 5 4 3 2
802 479 4 5 3 3 2
802 493 2 5 4 3 2
802 503 2 5 3 3 2
802 507 1 5 4 3 2
802 547 2 5 3 2 3
802 563 1 5 3 4 1
802 593 1 5 3 3 2
802 617 4 5 3 3 2
802 631 4 3 3 1 2
802 641 3 5 3 3 2
802 647 2 5 3 3 2
802 661 2 5 3 3 2
802 669 4 3 4 1 2
802 683 2 5 3 3 2
802 703 2 5 4 3 2
802 709 4 3 3 1 2
802 721 4 2 4 1 1
802 745 1 5 4 3 2
802 779 4 4 4 3 1
802 787 4 4 3 2 2
803 2 3 5 3 3 2
803 50 4 3 4 1 2
803 58 1 5 4 3 2
803 62 1 5 4 2 3
803 68 2 5 4 2 3
803 82 2 5 4 3 2
803 98 1 5 4 2 3
803 100 2 5 4 3 2
803 134 4 3 4 1 2
803 140 2 5 5 2 3
803 152 3 5 4 2 3
803 166 3 5 4 3 2
803 184 4 4 4 3 1
803 206 4 3 4 1 2
803 208 1 5 4 2 3
803 212 2 5 4 3 2
803 256 4 3 3 2 1
803 268 1 5 4 3 2
803 278 1 5 4 2 3
803 288 4 3 4 1 2
803 302 1 5 4 3 2
803 310 2 5 5 3 2
803 328 2 5 4 3 2
803 338 1 5 4 2 3
803 356 4 4 4 2 2
803 404 2 5 4 2 3
803 414 4 2 5 1 1
803 424 4 3 4 2 1
803 432 1 5 4 3 2
803 458 2 5 4 2 3
803 466 4 3 4 2 1
803 478 1 5 4 3 2
803 502 2 5 4 3 2
803 508 1 5 4 3 2
803 526 4 3 4 2 1
803 530 3 5 5 2 3
803 544 4 4 4 2 2
803 548 2 5 4 2 3
803 562 2 5 4 4 1
803 596 4 3 4 1 2
803 608 2 5 4 2 3
803 626 4 3 4 1 2
803 632 2 5 4 3 2
803 664 4 3 4 2 1
803 674 4 4 4 2 2
803 688 2 5 4 3 2
803 692 2 5 4 3 2
803 698 2 5 4 2 3
803 712 1 5 4 3 2
803 764 4 3 4 1 2
804 1 2 5 3 3 2
804 23 4 3 4 1 2
804 89 2 5 4 2 3
804 107 4 3 4 1 2
804 133 4 3 5 1 2
804 139 2 5 4 2 3
804 173 4 2 4 1 1
804 257 4 2 4 1 1
804 263 4 3 4 2 1
804 343 4 3 4 2 1
804 367 4 3 4 1 2
804 473 4 2 5 1 1
804 505 1 5 5 3 2
804 643 4 3 4 1 2
804 647 4 2 4 1 1
804 659 2 5 4 3 2
804 677 4 2 4 1 1
804 757 4 3 4 2 1
804 763 4 2 5 1 1
804 803 4 1 5 1 0
805 64 1 5 4 2 3
805 316 4 4 5 2 2
805 398 4 4 5 2 2
805 482 1 5 5 3 2
805 554 4 3 5 2 1
806 1 2 5 3 2 3
806 11 3 5 4 2 3
806 29 1 5 4 2 3
806 41 2 5 4 2 3
806 109 1 5 4 3 2
806 139 2 5 4 3 2
806 147 4 2 5 1 1
806 151 2 5 4 3 2
806 179 1 5 4 2 3
806 197 3 5 4 2 3
806 209 1 5 5 3 2
806 211 3 5 4 2 3
806 227 4 3 4 1 2
806 239 1 5 4 3 2
806 251 2 5 4 2 3
806 289 1 5 4 3 2
806 349 1 5 4 4 1
806 363 4 3 5 2 1
806 371 1 5 5 2 3
806 379 2 5 4 3 2
806 391 2 5 5 3 2
806 415 1 5 5 3 2
806 421 2 5 4 2 3
806 449 3 5 4 2 3
806 453 4 2 5 1 1
806 461 1 5 4 2 3
806 503 3 5 4 3 2
806 505 1 5 5 3 2
806 547 3 5 4 3 2
806 551 1 5 5 2 3
806 601 3 5 4 3 2
806 619 2 5 4 3 2
806 623 4 3 5 1 2
806 629 1 5 5 3 2
806 653 4 3 4 1 2
806 673 2 5 4 3 2
806 677 4 3 4 1 2
806 701 2 5 4 2 3
807 92 1 5 4 2 3
807 128 2 5 3 3 2
807 142 2 5 4 2 3
807 254 4 3 4 1 2
807 304 4 3 4 2 1
807 346 4 2 4 1 1
807 352 1 5 4 2 3
807 404 4 4 4 2 2
807 466 4 4 4 2 2
807 476 4 2 5 1 1
807 488 3 5 4 3 2
807 502 2 5 4 3 2
807 580 4 3 5 2 1
807 616 4 2 5 1 1
807 688 1 5 4 3 2
807 694 4 3 4 2 1
807 746 4 2 4 1 1
807 784 4 3 4 2 1
808 17 1 5 3 3 2
808 19 4 3 3 1 2
808 29 4 4 3 2 2
808 43 2 5 3 2 3
808 49 4 4 3 1 3
808 53 2 5 3 3 2
808 67 2 5 3 2 3
808 77 2 5 4 3 2
808 93 1 5 4 2 3
808 95 1 5 4 3 2
808 115 1 5 4 2 3
808 127 2 5 3 3 2
808 137 1 5 3 3 2
808 143 1 5 4 2 3
808 149 4 4 3 3 1
808 157 2 5 3 2 3
808 179 4 5 3 3 2
808 181 2 5 3 2 3
808 193 3 6 3 3 3
808 197 2 5 3 3 2
808 199 2 5 3 2 3
808 227 1 5 3 3 2
808 231 4 2 5 1 1
808 247 1 5 4 2 3
808 257 3 5 3 3 2
808 263 2 5 3 3 2
808 277 2 5 3 3 2
808 297 2 5 4 3 2
808 309 4 2 4 1 1
808 313 2 5 3 2 3
808 323 2 5 4 3 2
808 325 2 5 4 2 3
808 347 1 5 3 4 1
808 353 1 5 3 2 3
808 401 3 5 3 3 2
808 413 3 5 4 3 2
808 427 3 5 4 3 2
808 431 2 5 3 3 2
808 437 1 5 4 3 2
808 445 4 4 4 2 2
808 457 3 5 3 3 2
808 463 1 5 3 2 3
808 467 1 5 3 3 2
808 473 1 5 4 3 2
808 479 2 5 3 3 2
808 487 2 5 3 3 2
808 491 4 3 3 2 1
808 503 2 5 3 3 2
808 535 1 5 4 2 3
808 549 4 4 4 2 2
808 557 2 5 3 4 1
808 559 4 3 4 1 2
808 577 2 5 3 2 3
808 587 1 5 3 3 2
808 599 3 5 3 3 2
808 613 2 5 3 2 3
808 647 2 5 3 3 2
808 655 3 5 4 3 2
808 697 1 5 4 3 2
808 699 4 3 4 2 1
808 739 3 5 3 3 2
808 741 4 2 5 1 1
808 743 2 5 3 3 2
808 751 4 3 3 1 2
808 773 2 5 3 3 2
808 787 1 5 3 3 2
808 801 4 2 4 1 1
809 4 2 5 2 2 3
809 10 2 5 3 3 2
809 16 2 5 2 3 2
809 28 4 4 3 2 2
809 46 1 5 3 3 2
809 88 2 5 3 3 2
809 94 3 6 3 3 3
809 102 4 3 4 1 2
809 104 2 5 3 2 3
809 106 3 5 3 3 2
809 116 2 5 3 2 3
809 146 1 5 3 2 3
809 160 1 5 3 3 2
809 164 3 5 3 2 3
809 194 1 5 3 2 3
809 206 2 5 3 3 2
809 210 4 2 5 1 1
809 214 1 6 3 3 3
809 226 2 5 3 3 2
809 232 4 3 3 2 1
809 236 2 5 3 3 2
809 248 2 5 3 2 3
809 256 2 5 2 3 2
809 276 2 5 4 3 2
809 296 2 5 3 3 2
809 304 2 5 3 3 2
809 312 4 4 4 2 2
809 326 3 5 3 2 3
809 346 2 5 3 4 1
809 364 2 5 4 3 2
809 374 2 5 4 2 3
809 380 2 5 4 2 3
809 410 1 5 4 2 3
809 414 4 3 4 1 2
809 424 1 5 3 2 3
809 428 4 3 3 1 2
809 452 2 5 3 2 3
809 464 1 5 3 2 3
809 486 2 5 3 3 2
809 500 2 5 3 3 2
809 524 1 5 3 2 3
809 536 2 5 3 2 3
809 544 3 5 3 3 2
809 548 4 4 3 2 2
809 554 1 5 3 2 3
809 556 2 6 3 4 2
809 578 2 5 3 2 3
809 618 4 2 4 1 1
809 622 4 4 3 2 2
809 626 2 5 3 3 2
809 632 4 4 3 2 2
809 634 2 5 3 3 2
809 652 4 3 3 2 1
809 654 1 5 4 3 2
809 674 4 3 3 1 2
809 676 1 5 3 3 2
809 678 4 2 4 1 1
809 686 2 5 3 3 2
809 704 2 5 3 2 3
809 724 2 5 3 3 2
811 6 2 5 3 2 3
811 8 3 5 2 3 2
811 12 4 3 3 1 2
811 34 2 5 3 2 3
811 44 1 5 3 3 2
811 74 2 5 3 3 2
811 86 1 5 3 3 2
811 92 4 4 3 3 1
811 104 2 5 3 3 2
811 106 2 5 3 2 3
811 122 4 4 3 2 2
811 124 2 5 3 3 2
811 146 1 6 3 3 3
811 148 2 5 3 2 3
811 162 4 4 3 2 2
811 168 4 3 4 2 1
811 176 1 5 3 3 2
811 184 2 5 3 2 3
811 190 2 5 4 3 2
811 196 2 5 3 2 3
811 216 2 5 3 2 3
811 222 4 3 4 1 2
811 226 2 5 3 2 3
811 256 1 5 2 2 3
811 260 1 5 4 3 2
811 274 2 5 3 3 2
811 278 4 4 3 2 2
811 284 2 5 3 3 2
811 294 2 5 4 3 2
811 316 1 5 3 2 3
811 328 3 5 3 2 3
811 344 1 5 3 4 1
811 346 1 5 3 2 3
811 356 1 5 3 2 3
811 368 4 3 3 2 1
811 374 3 5 4 3 2
811 378 4 3 4 2 1
811 386 2 5 3 3 2
811 388 4 4 3 2 2
811 398 2 5 3 3 2
811 424 1 5 3 3 2
811 428 4 4 3 3 1
811 434 2 5 4 3 2
811 454 2 6 3 3 3
811 462 4 3 5 2 1
811 470 1 5 4 3 2
811 476 2 5 4 3 2
811 484 2 5 3 3 2
811 508 4 3 3 1 2
811 524 3 5 3 3 2
811 526 2 5 3 2 3
811 532 4 4 4 2 2
811 534 4 3 4 2 1
811 538 2 5 3 2 3
811 554 1 5 3 4 1
811 558 4 3 4 1 2
811 580 2 5 4 2 3
811 592 4 4 3 2 2
811 596 2 5 3 3 2
811 608 2 5 3 3 2
811 624 1 5 4 3 2
811 646 2 5 4 2 3
811 652 2 5 3 3 2
811 668 2 5 3 3 2
811 694 2 5 3 3 2
811 706 1 5 3 2 3
811 728 4 3 4 2 1
811 734 2 5 3 3 2
811 736 1 5 3 3 2
811 742 4 3 4 1 2
811 768 4 2 3 1 1
811 778 4 4 3 2 2
811 792 4 3 4 2 1
812 13 1 5 4 3 2
812 53 2 5 4 2 3
812 69 4 2 5 1 1
812 97 2 5 4 2 3
812 123 2 5 5 3 2
812 139 4 3 4 2 1
812 157 2 5 4 3 2
812 163 2 5 4 3 2
812 167 1 5 4 2 3
812 223 2 5 4 3 2
812 233 2 5 4 3 2
812 253 1 5 5 3 2
812 271 4 3 4 2 1
812 293 2 5 4 3 2
812 321 4 3 5 2 1
812 347 2 5 4 2 3
812 361 2 5 4 3 2
812 383 1 5 4 2 3
812 397 2 5 4 3 2
812 409 3 5 4 3 2
812 527 2 5 5 2 3
812 589 4 3 5 2 1
812 607 3 5 4 3 2
812 641 4 3 4 1 2
812 681 4 2 5 1 1
812 683 1 5 4 3 2
812 781 4 3 5 2 1
812 789 4 2 5 1 1
813 22 4 4 4 2 2
813 46 4 3 4 1 2
813 56 4 3 4 2 1
813 104 4 3 4 2 1
813 124 4 3 4 1 2
813 202 2 5 4 3 2
813 232 2 5 4 3 2
813 386 4 4 4 2 2
813 394 4 3 4 2 1
813 422 2 5 4 3 2
813 428 1 5 4 2 3
813 464 4 2 4 1 1
813 524 4 3 4 2 1
813 556 4 2 4 1 1
813 586 4 2 4 1 1
813 626 4 3 4 1 2
813 634 4 2 4 1 1
813 646 4 2 5 1 1
814 13 4 3 4 1 2
814 19 1 5 4 2 3
814 47 2 5 4 3 2
814 53 4 3 4 2 1
814 79 2 5 4 2 3
814 83 3 5 4 3 2
814 89 1 5 4 3 2
814 93 4 3 5 1 2
814 101 2 5 4 3 2
814 109 2 5 4 2 3
814 149 2 5 4 2 3
814 151 3 5 4 2 3
814 157 4 3 4 1 2
814 191 1 5 4 3 2
814 229 2 5 4 2 3
814 233 4 4 4 2 2
814 271 1 5 4 3 2
814 281 3 5 4 3 2
814 287 4 4 5 2 2
814 299 1 5 5 3 2
814 317 2 5 4 3 2
814 331 3 5 4 2 3
814 353 4 3 4 2 1
814 359 2 6 4 3 3
814 417 4 2 5 1 1
814 421 1 5 4 3 2
814 433 4 4 4 2 2
814 443 4 4 4 2 2
814 457 2 5 4 2 3
814 467 4 4 4 3 1
814 491 1 5 4 3 2
814 499 1 5 4 2 3
814 529 1 5 4 2 3
814 541 1 5 4 2 3
814 551 1 5 5 4 1
814 593 3 5 4 3 2
814 597 4 4 5 2 2
814 611 1 5 5 3 2
814 623 4 3 5 2 1
814 643 4 4 4 2 2
814 681 1 5 5 3 2
814 691 2 5 4 3 2
814 719 2 5 4 3 2
814 807 5 2 5 1 1
815 56 1 5 4 2 3
815 74 1 5 4 2 3
815 164 1 5 4 2 3
815 186 1 5 5 3 2
815 188 2 5 4 2 3
815 256 1 5 3 3 2
815 298 2 5 4 3 2
815 332 3 5 4 2 3
815 424 1 5 4 3 2
815 458 1 5 4 2 3
815 494 2 5 5 3 2
815 496 2 5 4 3 2
815 542 2 5 4 2 3
815 628 2 5 4 3 2
815 734 4 2 4 1 1
815 812 4 2 5 1 1
816 77 4 3 5 2 1
816 101 1 5 4 2 3
816 193 4 3 4 1 2
816 197 4 2 4 1 1
816 223 4 2 4 1 1
816 271 4 3 4 1 2
816 361 1 5 4 2 3
816 431 3 5 4 2 3
816 497 4 4 5 2 2
816 743 4 2 4 1 1
817 2 2 5 3 3 2
817 52 1 5 4 2 3
817 58 1 5 4 2 3
817 68 3 5 4 3 2
817 80 2 5 4 3 2
817 82 2 5 4 2 3
817 118 2 5 4 3 2
817 128 1 5 3 3 2
817 166 4 4 4 1 3
817 184 2 5 4 3 2
817 188 3 5 4 3 2
817 206 3 5 4 3 2
817 208 2 5 4 2 3
817 224 4 3 4 2 1
817 234 4 3 5 1 2
817 256 3 5 3 2 3
817 262 2 5 4 2 3
817 268 3 5 4 3 2
817 276 4 2 5 1 1
817 278 2 5 4 3 2
817 314 4 4 4 3 1
817 322 3 5 5 2 3
817 338 1 5 4 4 1
817 346 4 3 4 1 2
817 352 3 5 4 2 3
817 362 1 5 4 2 3
817 382 2 5 4 2 3
817 388 2 5 4 2 3
817 392 1 5 4 3 2
817 404 4 5 4 3 2
817 422 2 5 4 3 2
817 426 4 4 5 2 2
817 448 2 5 4 3 2
817 478 2 5 4 3 2
817 488 2 5 4 3 2
817 492 2 5 5 3 2
817 506 4 3 5 2 1
817 514 4 3 4 1 2
817 518 1 5 5 3 2
817 524 4 3 4 2 1
817 536 4 4 4 3 1
817 548 2 5 4 4 1
817 562 2 5 4 2 3
817 574 4 3 5 2 1
817 582 4 3 5 1 2
817 586 3 5 4 2 3
817 616 4 3 5 1 2
817 632 1 5 4 3 2
817 652 1 5 4 2 3
817 662 2 5 4 3 2
817 674 3 5 4 3 2
817 698 2 5 4 3 2
817 712 3 5 4 2 3
817 718 4 4 4 2 2
817 730 1 5 5 3 2
817 752 4 4 4 2 2
817 778 2 5 4 3 2
817 782 1 5 5 3 2
817 796 4 3 4 1 2
817 816 4 2 5 2 0
818 1 3 5 2 3 2
818 13 2 5 3 2 3
818 37 1 5 3 3 2
818 43 3 5 3 3 2
818 53 1 5 3 2 3
818 59 4 4 3 1 3
818 77 2 5 4 2 3
818 83 3 5 3 2 3
818 97 1 5 3 3 2
818 103 1 5 3 2 3
818 113 2 5 3 2 3
818 125 2 5 3 2 3
818 139 3 5 3 3 2
818 151 3 5 3 3 2
818 155 1 5 4 2 3
818 161 4 4 4 2 2
818 167 1 5 3 2 3
818 169 2 5 3 3 2
818 179 4 3 3 1 2
818 183 1 5 4 3 2
818 197 1 5 3 3 2
818 209 3 5 4 2 3
818 213 4 3 4 1 2
818 223 3 5 3 2 3
818 227 1 5 3 3 2
818 229 4 4 3 2 2
818 253 1 5 4 3 2
818 257 1 5 3 2 3
818 263 3 5 3 2 3
818 267 2 5 4 3 2
818 281 4 4 3 2 2
818 287 2 5 4 3 2
818 293 1 5 3 2 3
818 313 1 5 3 3 2
818 323 1 5 4 2 3
818 337 2 6 3 4 2
818 367 1 5 3 3 2
818 389 2 5 3 2 3
818 391 3 5 4 3 2
818 403 2 5 4 3 2
818 421 4 4 3 3 1
818 427 2 5 4 3 2
818 433 3 5 3 2 3
818 447 2 5 4 3 2
818 463 2 5 3 3 2
818 477 2 5 4 3 2
818 489 4 3 4 1 2
818 491 2 5 3 3 2
818 493 1 5 4 3 2
818 517 1 5 4 3 2
818 519 4 4 4 2 2
818 531 4 4 4 2 2
818 533 2 5 4 2 3
818 545 1 5 4 2 3
818 547 1 5 3 4 1
818 551 4 3 4 1 2
818 579 4 3 4 2 1
818 587 2 5 3 2 3
818 601 2 5 3 3 2
818 617 2 5 3 3 2
818 623 2 5 4 2 3
818 631 3 5 3 3 2
818 671 4 3 4 1 2
818 673 1 5 3 3 2
818 677 1 5 3 3 2
818 679 4 3 4 2 1
818 681 4 2 4 1 1
818 727 2 5 3 3 2
818 733 2 5 3 3 2
818 763 3 5 4 3 2
818 797 3 5 3 3 2
818 801 4 2 4 1 1
818 811 4 3 3 2 1
819 22 4 2 5 1 1
819 32 4 3 4 2 1
819 116 1 5 5 3 2
819 148 4 3 5 1 2
819 548 4 2 5 1 1
820 79 1 5 4 2 3
820 83 2 5 4 3 2
820 149 2 5 4 3 2
820 169 2 5 4 2 3
820 181 1 5 4 3 2
820 259 2 5 5 2 3
820 293 2 5 4 3 2
820 337 2 5 4 2 3
820 391 1 5 5 2 3
820 421 2 5 4 2 3
820 491 2 5 4 3 2
820 599 2 5 4 3 2
820 643 2 5 4 3 2
820 659 2 5 4 3 2
820 681 4 3 5 2 1
820 727 1 5 4 3 2
821 4 1 5 2 3 2
821 16 2 5 2 2 3
821 26 1 5 3 2 3
821 32 4 3 2 1 2
821 40 2 5 3 3 2
821 42 4 3 4 1 2
821 44 1 5 3 2 3
821 48 4 3 3 2 1
821 68 4 4 3 2 2
821 76 2 5 3 3 2
821 80 1 5 3 2 3
821 88 4 3 3 2 1
821 106 2 5 3 2 3
821 114 3 5 4 3 2
821 124 2 5 3 3 2
821 128 2 5 2 2 3
821 136 1 5 3 3 2
821 154 1 5 4 3 2
821 158 2 5 3 2 3
821 166 3 5 3 3 2
821 184 2 5 3 3 2
821 194 2 6 3 3 3
821 206 1 5 3 2 3
821 218 4 3 3 1 2
821 224 4 5 3 3 2
821 226 2 5 3 2 3
821 236 1 5 3 2 3
821 260 1 5 4 2 3
821 284 2 5 3 3 2
821 302 4 3 3 1 2
821 310 2 5 4 3 2
821 326 3 5 3 2 3
821 334 1 5 3 4 1
821 338 3 5 3 2 3
821 352 2 5 3 3 2
821 356 3 5 3 2 3
821 376 1 5 3 3 2
821 386 2 5 3 2 3
821 388 4 4 3 3 1
821 414 2 5 4 3 2
821 418 2 5 4 3 2
821 422 3 5 3 2 3
821 436 1 5 3 2 3
821 444 1 5 4 3 2
821 462 4 2 5 1 1
821 464 1 5 3 2 3
821 466 2 5 3 3 2
821 488 3 5 3 3 2
821 530 4 4 4 2 2
821 536 3 5 3 2 3
821 544 1 5 3 4 1
821 562 4 4 3 2 2
821 566 2 5 3 2 3
821 574 1 5 4 3 2
821 586 1 5 3 3 2
821 588 4 2 4 1 1
821 590 1 5 4 2 3
821 598 4 4 4 3 1
821 604 2 5 3 3 2
821 614 2 5 3 3 2
821 632 4 3 3 1 2
821 634 3 5 3 3 2
821 656 1 5 3 2 3
821 674 3 5 3 3 2
821 688 4 4 3 2 2
821 716 1 5 3 2 3
821 726 1 5 4 3 2
821 730 1 5 4 3 2
821 762 4 2 4 1 1
821 796 4 4 3 3 1
822 11 4 3 4 2 1
822 41 4 3 4 1 2
822 91 4 4 5 2 2
822 157 2 5 4 2 3
822 193 3 5 4 3 2
822 197 4 2 4 1 1
822 211 4 3 4 1 2
822 263 2 5 4 3 2
822 283 2 5 4 3 2
822 367 3 5 4 2 3
822 401 4 2 4 1 1
822 431 4 4 4 2 2
822 439 4 3 4 2 1
822 469 4 2 5 1 1
822 487 1 5 4 3 2
822 509 4 2 4 1 1
822 551 4 2 5 1 1
822 613 3 5 4 3 2
822 691 4 3 4 2 1
822 721 4 2 5 1 1
822 769 4 3 4 2 1
823 6 4 3 3 1 2
823 28 3 5 3 2 3
823 32 2 5 2 3 2
823 38 1 5 3 3 2
823 46 3 5 3 2 3
823 74 4 5 3 3 2
823 82 1 5 3 2 3
823 92 1 5 3 3 2
823 96 4 2 3 1 1
823 108 2 5 3 2 3
823 112 1 5 3 3 2
823 134 3 5 3 3 2
823 152 1 5 3 3 2
823 158 3 5 3 2 3
823 172 1 5 3 2 3
823 176 4 3 3 2 1
823 178 2 6 3 3 3
823 200 2 5 3 3 2
823 212 1 5 3 3 2
823 214 3 5 3 2 3
823 242 2 5 3 3 2
823 248 3 5 3 3 2
823 254 4 3 3 2 1
823 262 1 6 3 3 3
823 266 4 3 4 2 1
823 272 2 5 3 3 2
823 290 1 5 4 3 2
823 298 2 5 3 2 3
823 306 4 3 4 1 2
823 308 2 5 4 3 2
823 332 3 5 3 4 1
823 350 2 5 4 3 2
823 368 2 5 3 2 3
823 386 2 5 3 3 2
823 388 1 5 3 2 3
823 396 4 4 4 2 2
823 398 1 5 3 3 2
823 412 1 5 3 3 2
823 416 3 5 3 3 2
823 424 4 5 3 2 3
823 436 4 3 3 1 2
823 438 1 5 4 2 3
823 442 2 5 4 3 2
823 448 4 4 3 2 2
823 452 3 5 3 3 2
823 458 1 5 3 3 2
823 472 2 5 3 3 2
823 482 3 5 3 3 2
823 488 2 5 3 3 2
823 506 4 3 4 2 1
823 538 4 4 3 1 3
823 542 1 5 3 4 1
823 568 1 5 3 2 3
823 592 3 5 3 2 3
823 602 1 5 4 3 2
823 620 1 5 4 3 2
823 640 2 5 3 3 2
823 644 4 3 4 2 1
823 646 4 4 4 2 2
823 662 1 5 3 3 2
823 668 1 5 3 3 2
823 682 2 5 4 3 2
823 686 4 3 3 2 1
823 696 4 3 4 2 1
823 718 1 5 3 2 3
823 724 3 5 3 3 2
823 728 1 5 4 3 2
823 734 4 3 3 2 1
823 758 2 5 3 3 2
823 772 1 5 3 3 2
823 774 4 2 4 1 1
824 19 3 5 3 2 3
824 31 2 5 3 3 2
824 47 2 5 3 2 3
824 53 4 3 3 1 2
824 61 1 5 3 3 2
824 65 1 5 4 2 3
824 77 4 4 4 2 2
824 79 2 5 3 3 2
824 87 4 3 4 1 2
824 89 1 5 3 2 3
824 109 2 5 3 2 3
824 111 1 5 4 3 2
824 117 4 3 4 1 2
824 119 1 5 4 2 3
824 121 2 5 3 3 2
824 131 2 5 3 2 3
824 145 1 5 4 3 2
824 161 1 5 4 2 3
824 179 1 5 3 2 3
824 183 4 3 4 2 1
824 191 1 5 3 3 2
824 221 1 5 4 3 2
824 229 2 5 3 2 3
824 233 4 4 3 2 2
824 241 2 5 3 3 2
824 271 2 5 3 3 2
824 281 1 5 3 3 2
824 287 4 4 4 2 2
824 289 2 5 3 3 2
824 307 3 5 3 3 2
824 331 1 6 3 4 2
824 337 4 3 3 2 1
824 341 2 5 4 2 3
824 347 4 3 3 1 2
824 349 3 5 3 3 2
824 359 2 5 3 2 3
824 373 2 5 3 3 2
824 393 4 2 4 1 1
824 395 1 5 4 2 3
824 397 2 5 3 3 2
824 411 2 5 4 3 2
824 421 3 5 3 3 2
824 439 2 5 3 2 3
824 463 4 4 3 3 1
824 467 4 4 3 1 3
824 485 2 5 4 3 2
824 495 4 3 5 1 2
824 509 1 5 3 2 3
824 529 2 5 3 3 2
824 539 1 5 4 2 3
824 541 2 5 3 4 1
824 547 4 3 3 2 1
824 551 1 5 4 2 3
824 569 3 5 3 2 3
824 571 3 5 3 3 2
824 593 3 5 3 2 3
824 597 4 3 4 2 1
824 611 2 5 4 3 2
824 619 2 5 3 3 2
824 639 2 5 4 3 2
824 671 1 5 4 3 2
824 681 1 5 4 3 2
824 691 1 5 3 3 2
824 709 2 5 3 3 2
824 733 4 4 3 2 2
824 753 4 3 4 2 1
824 763 4 3 4 2 1
824 791 2 5 4 3 2
825 134 4 3 5 2 1
826 23 4 4 4 2 2
826 67 2 5 4 2 3
826 71 1 5 4 3 2
826 89 2 5 4 3 2
826 109 3 5 4 3 2
826 113 4 4 4 2 2
826 131 1 5 4 3 2
826 163 2 5 4 2 3
826 181 2 5 4 2 3
826 183 4 2 5 1 1
826 197 3 5 4 3 2
826 199 2 5 4 2 3
826 211 1 5 4 2 3
826 227 4 3 4 2 1
826 241 3 5 4 2 3
826 331 2 5 4 2 3
826 347 4 4 4 3 1
826 363 4 3 5 2 1
826 397 4 4 4 1 3
826 409 2 5 4 3 2
826 419 2 5 4 3 2
826 439 2 5 4 3 2
826 449 1 5 4 3 2
826 453 4 2 5 1 1
826 461 2 5 4 3 2
826 485 3 5 5 3 2
826 487 4 4 4 2 2
826 527 3 5 5 3 2
826 537 4 3 5 2 1
826 571 1 5 4 2 3
826 607 4 3 4 1 2
826 617 2 5 4 3 2
826 631 2 5 4 2 3
826 737 4 3 5 2 1
826 769 1 5 4 3 2
826 771 4 3 5 1 2
827 6 4 3 3 2 1
827 8 2 5 2 2 3
827 22 2 5 3 2 3
827 28 1 5 3 3 2
827 34 3 5 3 3 2
827 62 1 5 3 2 3
827 64 4 4 2 2 2
827 68 2 5 3 2 3
827 86 2 5 3 2 3
827 112 3 5 3 2 3
827 122 2 5 3 2 3
827 130 2 5 4 3 2
827 142 3 5 3 3 2
827 144 4 2 3 1 1
827 148 1 5 3 3 2
827 160 2 5 3 3 2
827 162 2 5 3 2 3
827 176 2 5 3 2 3
827 178 1 5 3 3 2
827 188 2 5 3 3 2
827 194 4 3 3 1 2
827 200 2 5 3 2 3
827 218 3 6 3 3 3
827 226 4 3 3 2 1
827 232 1 5 3 2 3
827 238 2 5 4 3 2
827 244 2 5 3 3 2
827 268 2 5 3 3 2
827 272 3 5 3 2 3
827 278 1 5 3 3 2
827 296 4 3 3 1 2
827 324 4 2 3 1 1
827 328 2 5 3 4 1
827 332 1 5 3 2 3
827 346 3 5 3 3 2
827 350 4 4 4 2 2
827 358 2 5 3 3 2
827 362 2 5 3 2 3
827 372 1 5 4 2 3
827 374 4 3 4 1 2
827 382 2 5 3 3 2
827 392 2 5 3 2 3
827 398 2 5 3 2 3
827 412 2 5 3 3 2
827 428 2 5 3 2 3
827 442 2 5 4 2 3
827 482 2 6 3 3 3
827 508 2 5 3 3 2
827 512 2 5 2 2 3
827 526 2 5 3 3 2
827 534 4 2 4 1 1
827 538 1 5 3 4 1
827 568 2 5 3 3 2
827 580 1 5 4 3 2
827 586 4 3 3 2 1
827 592 2 5 3 3 2
827 596 4 4 3 1 3
827 608 1 5 3 3 2
827 622 2 5 3 3 2
827 636 4 4 4 3 1
827 652 1 5 3 3 2
827 668 2 5 3 3 2
827 690 4 3 5 2 1
827 716 4 3 3 1 2
827 724 4 4 3 3 1
827 766 4 3 3 2 1
827 772 2 5 3 3 2
827 788 2 5 3 3 2
827 794 4 3 3 1 2
827 806 4 4 4 2 2
827 818 4 4 3 3 1
828 19 4 3 4 2 1
828 31 4 2 4 1 1
828 107 1 5 4 3 2
828 173 2 5 4 3 2
828 217 1 5 5 3 2
828 241 4 2 4 1 1
828 269 4 3 4 1 2
828 277 2 5 4 3 2
828 301 4 3 5 1 2
828 359 4 3 4 1 2
828 371 4 3 5 2 1
828 443 1 5 4 2 3
828 461 4 2 4 1 1
828 607 1 5 4 3 2
828 619 4 3 4 1 2
828 649 4 3 5 2 1
828 709 4 4 4 2 2
828 751 4 3 4 1 2
829 2 4 3 2 2 1
829 4 2 5 2 2 3
829 26 1 5 3 3 2
829 28 4 3 3 1 2
829 64 1 5 2 2 3
829 70 1 5 4 2 3
829 74 1 5 3 3 2
829 88 3 5 3 2 3
829 94 1 5 3 2 3
829 106 2 5 3 3 2
829 114 1 5 4 2 3
829 116 2 5 3 3 2
829 118 4 3 3 1 2
829 132 4 3 4 1 2
829 136 1 5 3 2 3
829 140 1 5 4 3 2
829 152 4 3 3 2 1
829 158 3 5 3 3 2
829 164 2 5 3 2 3
829 166 1 5 3 2 3
829 172 3 5 3 3 2
829 178 3 5 3 2 3
829 194 2 5 3 3 2
829 206 3 5 3 3 2
829 214 2 5 3 2 3
829 244 1 5 3 2 3
829 256 2 5 2 3 2
829 262 4 3 3 1 2
829 276 1 5 4 3 2
829 284 2 5 3 3 2
829 288 4 2 3 1 1
829 302 2 5 3 3 2
829 304 1 5 3 2 3
829 326 1 5 3 4 1
829 344 2 5 3 3 2
829 346 2 5 3 2 3
829 356 2 5 3 3 2
829 358 4 3 3 1 2
829 374 2 5 4 2 3
829 392 4 5 3 3 2
829 406 2 5 4 3 2
829 416 1 5 3 3 2
829 418 4 4 4 2 2
829 436 2 5 3 3 2
829 444 2 5 4 2 3
829 452 3 5 3 3 2
829 458 4 5 3 3 2
829 466 3 5 3 3 2
829 484 1 5 3 2 3
829 492 4 2 4 1 1
829 506 1 5 4 3 2
829 514 1 5 3 2 3
829 518 4 3 4 2 1
829 524 1 5 3 3 2
829 536 1 5 3 4 1
829 556 2 5 3 2 3
829 574 3 5 4 2 3
829 596 4 4 3 3 1
829 608 4 4 3 2 2
829 614 3 5 3 3 2
829 620 1 5 4 3 2
829 626 2 5 3 3 2
829 634 1 6 3 3 3
829 652 4 3 3 1 2
829 676 2 5 3 3 2
829 686 1 5 3 3 2
829 698 4 3 3 2 1
829 702 4 2 4 1 1
829 718 3 5 3 3 2
829 752 3 5 3 3 2
829 766 2 5 3 3 2
829 778 4 3 3 1 2
829 782 4 3 4 2 1
829 798 4 2 5 1 1
829 808 4 3 3 1 2
830 31 2 5 4 3 2
830 67 2 5 4 3 2
830 71 2 5 4 2 3
830 127 3 5 4 3 2
830 193 1 5 4 3 2
830 241 1 5 4 3 2
830 269 1 5 4 2 3
830 347 1 5 4 2 3
830 361 4 4 4 2 2
830 379 2 5 4 3 2
830 431 1 5 4 2 3
830 479 1 5 4 3 2
830 557 1 5 4 2 3
830 577 2 5 4 3 2
830 613 1 5 4 3 2
830 651 4 2 6 1 1
831 112 4 3 4 2 1
831 148 4 3 4 2 1
831 178 4 2 4 1 1
831 236 2 5 4 2 3
831 268 4 3 4 2 1
831 298 4 3 4 1 2
831 352 4 3 4 2 1
831 376 2 5 4 2 3
831 382 4 2 4 1 1
831 398 4 2 4 1 1
831 404 3 5 4 3 2
831 434 4 4 5 3 1
831 502 4 4 4 2 2
831 518 4 3 5 2 1
831 632 4 4 4 3 1
831 638 4 3 5 2 1
831 716 1 5 4 3 2
831 722 4 2 4 1 1
831 808 4 3 4 2 1
832 21 4 2 4 1 1
832 29 3 5 3 3 2
832 37 2 5 3 2 3
832 53 2 5 3 3 2
832 67 2 5 3 2 3
832 73 1 5 3 2 3
832 83 1 5 3 3 2
832 125 1 5 3 3 2
832 127 1 5 3 2 3
832 137 2 5 3 3 2
832 167 2 5 3 2 3
832 183 2 5 4 3 2
832 203 1 5 4 3 2
832 205 2 5 4 2 3
832 223 2 5 3 2 3
832 253 3 5 4 3 2
832 281 3 5 3 3 2
832 307 2 5 3 2 3
832 323 1 5 4 4 1
832 337 2 5 3 2 3
832 367 2 5 3 2 3
832 407 1 5 4 3 2
832 421 4 4 3 2 2
832 433 1 6 3 3 3
832 463 2 5 3 3 2
832 477 2 5 4 3 2
832 503 1 5 3 3 2
832 517 2 5 4 2 3
832 531 4 4 4 2 2
832 547 2 5 3 2 3
832 587 1 5 3 3 2
832 589 4 3 4 2 1
832 617 2 5 3 3 2
832 623 1 5 4 3 2
832 631 2 5 3 3 2
832 647 2 5 3 3 2
832 659 4 4 3 3 1
832 669 4 3 4 2 1
832 673 2 5 3 3 2
832 713 2 5 4 3 2
832 763 2 5 4 3 2
832 791 4 3 4 2 1
833 38 2 5 4 2 3
833 52 2 5 4 3 2
833 92 1 5 4 2 3
833 96 4 3 4 1 2
833 118 1 5 4 2 3
833 212 3 5 4 3 2
833 226 4 3 4 2 1
833 248 1 5 4 2 3
833 278 3 5 4 2 3
833 298 2 5 4 3 2
833 352 1 5 4 3 2
833 388 1 5 4 3 2
833 404 4 4 4 1 3
833 478 3 5 4 3 2
833 484 4 3 4 2 1
833 486 4 2 4 1 1
833 554 4 4 4 2 2
833 586 2 5 4 3 2
833 662 3 5 4 3 2
833 668 2 5 4 2 3
833 684 4 3 5 2 1
833 716 4 3 4 1 2
833 718 2 5 4 3 2
833 774 4 2 5 1 1
833 814 4 3 5 2 1
834 55 4 4 5 2 2
834 107 4 2 4 1 1
834 157 4 2 4 1 1
834 167 3 5 4 3 2
834 169 1 5 4 2 3
834 211 2 5 4 3 2
834 239 2 5 4 2 3
834 251 2 5 4 3 2
834 293 4 3 4 2 1
834 361 4 4 4 2 2
834 367 4 2 4 1 1
834 403 4 2 5 1 1
834 431 1 5 4 3 2
834 497 4 2 5 1 1
834 523 4 3 4 2 1
834 577 4 3 4 2 1
834 583 4 3 5 2 1
834 629 2 5 5 3 2
834 647 4 3 4 1 2
834 653 4 2 4 1 1
834 757 4 4 4 2 2
834 803 4 2 5 1 1
834 817 4 3 5 2 1
834 823 4 2 4 1 1
835 16 1 5 3 2 3
835 58 2 5 4 2 3
835 68 2 5 4 3 2
835 122 1 5 4 3 2
835 166 1 5 4 3 2
835 172 1 5 4 2 3
835 208 2 5 4 2 3
835 296 1 5 4 3 2
835 338 1 5 4 3 2
835 362 2 5 4 3 2
835 392 4 3 4 2 1
835 406 1 5 5 2 3
835 436 2 5 4 2 3
835 478 3 5 4 2 3
835 562 2 5 4 2 3
835 614 2 5 4 3 2
835 628 1 5 4 3 2
835 712 1 5 4 3 2
835 716 2 5 4 3 2
835 808 4 3 4 2 1
836 31 2 5 4 2 3
836 59 3 5 4 2 3
836 61 2 5 4 3 2
836 97 4 3 4 2 1
836 107 4 3 4 2 1
836 137 4 4 4 2 2
836 139 2 5 4 3 2
836 151 1 5 4 3 2
836 169 2 5 4 3 2
836 179 2 5 4 3 2
836 191 2 5 4 2 3
836 199 2 5 4 3 2
836 201 4 4 5 2 2
836 221 1 5 5 2 3
836 241 2 5 4 2 3
836 243 4 3 4 2 1
836 267 4 2 5 1 1
836 269 2 5 4 3 2
836 277 3 5 4 3 2
836 307 4 3 4 2 1
836 311 2 5 4 2 3
836 317 4 3 4 1 2
836 353 2 5 4 2 3
836 371 3 5 5 2 3
836 409 2 5 4 3 2
836 413 4 3 5 1 2
836 423 4 3 5 1 2
836 445 1 5 5 3 2
836 447 4 2 5 1 1
836 459 1 5 5 3 2
836 479 1 5 4 2 3
836 521 2 5 4 2 3
836 529 2 5 4 4 1
836 553 4 3 5 2 1
836 571 2 5 4 3 2
836 581 2 5 5 2 3
836 599 2 5 4 3 2
836 607 4 4 4 3 1
836 617 4 3 4 1 2
836 619 2 5 4 3 2
836 641 3 5 4 2 3
836 643 4 4 4 3 1
836 659 1 5 4 3 2
836 717 4 3 5 1 2
836 745 3 5 5 3 2
836 747 4 2 5 1 1
836 753 4 3 5 2 1
836 787 4 3 4 2 1
837 32 1 5 3 2 3
837 64 4 3 3 2 1
837 118 4 3 4 2 1
837 122 1 5 4 2 3
837 194 4 2 4 1 1
837 208 1 5 4 3 2
837 242 2 5 4 2 3
837 382 1 5 4 2 3
837 404 4 3 4 2 1
837 454 4 2 4 1 1
837 472 2 5 4 3 2
837 664 4 3 4 2 1
837 686 4 2 4 1 1
837 764 4 2 4 1 1
837 766 4 3 4 2 1
838 13 1 5 3 2 3
838 23 1 5 3 3 2
838 33 2 5 4 2 3
838 47 1 5 3 3 2
838 59 2 5 3 3 2
838 61 3 5 3 2 3
838 69 4 2 4 1 1
838 71 4 4 3 2 2
838 79 2 5 3 2 3
838 97 1 6 3 3 3
838 107 2 5 3 3 2
838 121 4 4 3 2 2
838 131 2 5 3 3 2
838 139 4 3 3 1 2
838 149 2 5 3 3 2
838 163 1 5 3 3 2
838 167 3 5 3 3 2
838 173 3 5 3 2 3
838 181 4 3 3 1 2
838 187 2 5 4 2 3
838 199 4 4 3 2 2
838 227 1 5 3 3 2
838 229 3 5 3 2 3
838 233 1 5 3 3 2
838 243 3 5 3 2 3
838 247 2 5 4 3 2
838 251 4 3 3 2 1
838 257 2 5 3 3 2
838 269 4 3 3 2 1
838 277 2 5 3 2 3
838 283 3 5 3 2 3
838 293 1 5 3 3 2
838 317 1 5 3 4 1
838 329 4 3 4 2 1
838 371 4 4 4 3 1
838 373 3 5 3 2 3
838 383 1 6 3 3 3
838 397 1 5 3 3 2
838 399 4 2 5 1 1
838 401 3 5 3 3 2
838 403 2 5 4 2 3
838 409 2 5 3 2 3
838 411 4 3 4 1 2
838 427 1 5 4 3 2
838 443 1 5 3 3 2
838 457 3 5 3 3 2
838 467 1 5 3 3 2
838 473 2 5 4 3 2
838 479 4 3 3 2 1
838 497 1 5 4 3 2
838 515 3 5 4 3 2
838 527 2 5 4 4 1
838 529 4 3 3 1 2
838 553 2 5 4 2 3
838 565 2 5 4 2 3
838 581 4 4 4 3 1
838 583 1 5 4 2 3
838 607 2 5 3 2 3
838 617 3 5 3 3 2
838 625 2 5 3 3 2
838 653 2 5 3 3 2
838 667 2 5 4 3 2
838 677 3 5 3 3 2
838 695 2 5 4 3 2
838 699 4 3 4 2 1
838 709 2 5 3 3 2
838 711 4 2 4 1 1
838 743 1 5 3 3 2
838 761 3 5 3 3 2
838 781 4 3 4 1 2
838 789 4 2 4 1 1
838 819 4 2 5 1 1
839 22 3 5 3 3 2
839 34 3 5 3 2 3
839 46 2 5 3 3 2
839 48 4 3 3 1 2
839 58 4 5 3 3 2
839 62 3 5 3 2 3
839 64 1 5 2 3 2
839 74 3 5 3 2 3
839 76 2 5 3 3 2
839 104 2 5 3 2 3
839 108 4 3 3 1 2
839 118 2 5 3 3 2
839 124 1 5 3 2 3
839 134 2 5 3 2 3
839 136 1 5 3 3 2
839 146 3 5 3 2 3
839 176 1 6 3 3 3
839 184 2 5 3 3 2
839 188 2 5 3 2 3
839 206 2 5 3 3 2
839 212 4 4 3 1 3
839 244 1 5 3 2 3
839 256 3 5 2 3 2
839 262 4 3 3 2 1
839 266 2 5 4 3 2
839 274 2 5 3 3 2
839 282 4 3 4 2 1
839 316 3 5 3 4 1
839 334 3 5 3 3 2
839 342 4 3 4 1 2
839 344 2 5 3 2 3
839 346 1 5 3 3 2
839 356 1 5 3 2 3
839 358 2 5 3 3 2
839 368 4 4 3 2 2
839 370 1 5 4 3 2
839 372 4 3 4 2 1
839 404 2 5 3 2 3
839 426 1 5 4 3 2
839 436 2 5 3 3 2
839 448 2 5 3 3 2
839 454 2 5 3 2 3
839 470 2 5 4 3 2
839 472 4 4 3 3 1
839 488 4 3 3 1 2
839 494 2 5 4 2 3
839 498 4 4 4 2 2
839 514 1 5 3 3 2
839 524 2 5 3 2 3
839 526 2 5 3 4 1
839 554 3 5 3 2 3
839 566 1 5 3 2 3
839 568 4 4 3 3 1
839 580 2 5 4 3 2
839 586 1 5 3 3 2
839 588 4 2 4 1 1
839 602 4 4 4 2 2
839 604 3 5 3 3 2
839 622 4 4 3 2 2
839 624 1 5 4 3 2
839 628 4 3 3 2 1
839 652 2 5 3 3 2
839 656 2 5 3 3 2
839 672 4 2 4 1 1
839 674 1 5 3 2 3
839 694 2 5 3 3 2
839 706 2 5 3 3 2
839 734 2 5 3 2 3
839 738 4 3 4 2 1
839 758 4 2 3 1 1
839 772 4 3 3 2 1
839 776 2 5 3 3 2
839 806 2 5 4 3 2
840 703 4 2 6 1 1
841 2 4 3 2 2 1
841 32 4 3 2 2 1
841 56 2 5 3 3 2
841 62 2 5 3 3 2
841 64 2 5 2 2 3
841 72 4 3 3 2 1
841 74 2 5 3 3 2
841 76 2 5 3 2 3
841 82 3 5 3 2 3
841 94 1 5 3 3 2
841 98 4 3 3 2 1
841 104 3 5 3 3 2
841 128 3 5 2 3 2
841 134 3 5 3 3 2
841 146 2 5 3 3 2
841 148 3 5 3 2 3
841 160 2 5 3 3 2
841 162 4 4 3 2 2
841 176 3 5 3 2 3
841 196 1 5 3 2 3
841 202 4 4 3 2 2
841 204 2 5 4 3 2
841 214 3 5 3 2 3
841 226 1 5 3 2 3
841 230 2 5 4 3 2
841 244 1 5 3 3 2
841 280 2 5 4 2 3
841 286 1 5 4 2 3
841 292 4 4 3 2 2
841 314 1 6 3 4 2
841 316 3 5 3 2 3
841 344 3 5 3 3 2
841 356 2 5 3 3 2
841 358 3 5 3 2 3
841 368 2 5 3 3 2
841 386 1 5 3 2 3
841 394 3 5 3 3 2
841 404 1 5 3 3 2
841 412 2 5 3 2 3
841 422 4 3 3 2 1
841 424 1 5 3 3 2
841 434 2 5 4 3 2
841 446 1 5 3 3 2
841 448 4 3 3 1 2
841 454 1 5 3 3 2
841 470 2 5 4 3 2
841 478 4 3 3 1 2
841 484 1 5 3 2 3
841 496 1 5 3 2 3
841 508 4 4 3 2 2
841 512 3 5 2 3 2
841 524 2 5 3 4 1
841 532 4 3 4 1 2
841 554 1 5 3 3 2
841 556 2 5 3 2 3
841 566 3 5 3 3 2
841 578 4 4 3 3 1
841 594 2 5 4 3 2
841 622 2 5 3 3 2
841 648 4 2 3 1 1
841 654 2 5 4 3 2
841 664 1 5 3 3 2
841 676 2 5 3 2 3
841 682 4 3 4 1 2
841 706 1 5 3 3 2
841 722 4 4 3 2 2
841 736 1 5 3 2 3
841 764 2 5 3 3 2
841 776 2 5 3 3 2
842 23 2 5 3 2 3
842 37 3 5 3 2 3
842 43 1 5 3 3 2
842 47 1 5 3 2 3
842 61 2 5 3 3 2
842 83 2 5 3 2 3
842 89 4 4 3 2 2
842 93 2 5 4 3 2
842 101 2 5 3 2 3
842 107 1 5 3 2 3
842 127 2 6 3 3 3
842 137 1 5 3 2 3
842 145 3 5 4 3 2
842 163 1 5 3 3 2
842 171 4 3 4 1 2
842 173 2 5 3 3 2
842 191 4 4 3 1 3
842 193 3 5 3 3 2
842 203 1 5 4 3 2
842 215 2 5 4 2 3
842 219 4 3 4 1 2
842 233 2 5 3 2 3
842 239 4 4 3 2 2
842 247 1 5 4 2 3
842 249 4 2 4 1 1
842 253 3 5 4 3 2
842 257 2 5 3 2 3
842 263 2 5 3 3 2
842 289 3 5 3 3 2
842 313 3 5 3 4 1
842 317 1 5 3 2 3
842 321 4 2 4 1 1
842 331 3 5 3 3 2
842 347 2 5 3 2 3
842 367 2 5 3 3 2
842 377 1 5 4 2 3
842 389 4 3 3 1 2
842 397 1 5 3 3 2
842 413 1 5 4 2 3
842 427 4 4 4 2 2
842 439 2 5 3 3 2
842 443 1 5 3 2 3
842 457 3 5 3 2 3
842 461 4 3 3 1 2
842 467 2 5 3 3 2
842 497 2 5 4 2 3
842 509 4 4 3 2 2
842 523 1 6 3 4 2
842 539 4 3 4 1 2
842 559 4 3 4 2 1
842 569 3 5 3 2 3
842 577 1 5 3 3 2
842 583 2 5 4 3 2
842 593 3 5 3 3 2
842 607 1 5 3 3 2
842 609 4 2 5 1 1
842 621 3 5 4 3 2
842 637 1 5 4 3 2
842 649 4 4 4 3 1
842 653 2 5 3 3 2
842 661 4 3 3 2 1
842 677 1 5 3 2 3
842 699 4 4 4 2 2
842 709 2 5 3 3 2
842 757 2 5 3 3 2
842 771 4 2 4 1 1
842 773 2 5 3 3 2
842 803 2 5 4 3 2
842 831 4 3 4 2 1
843 62 4 4 4 2 2
843 158 2 5 4 3 2
843 166 4 2 4 1 1
843 172 2 5 4 3 2
843 244 4 2 4 1 1
843 256 4 3 3 2 1
843 262 2 5 4 3 2
843 266 4 2 5 1 1
843 380 4 2 5 1 1
843 392 2 5 4 3 2
843 452 2 5 4 3 2
843 466 3 5 4 3 2
843 556 4 3 4 1 2
843 614 4 3 4 2 1
843 640 4 3 4 1 2
843 686 4 3 4 2 1
843 752 2 5 4 3 2
843 754 4 2 5 1 1
843 788 4 4 4 2 2
844 11 2 5 3 3 2
844 25 1 5 3 2 3
844 41 3 5 3 3 2
844 49 2 5 3 2 3
844 53 3 5 3 3 2
844 57 4 3 4 2 1
844 59 1 5 3 3 2
844 73 4 4 3 2 2
844 79 2 5 3 2 3
844 91 1 5 4 3 2
844 109 4 4 3 1 3
844 113 2 5 3 3 2
844 129 3 5 4 2 3
844 131 1 5 3 3 2
844 143 4 4 4 3 1
844 151 3 5 3 2 3
844 153 4 2 4 1 1
844 157 2 5 3 3 2
844 177 4 3 4 1 2
844 179 1 6 3 3 3
844 181 2 5 3 2 3
844 193 3 5 3 2 3
844 199 2 5 3 2 3
844 221 1 5 4 3 2
844 229 3 5 3 2 3
844 235 3 5 4 2 3
844 241 1 5 3 3 2
844 261 1 5 4 3 2
844 269 1 5 3 3 2
844 283 3 5 3 2 3
844 289 2 5 3 2 3
844 311 2 6 3 4 2
844 317 4 4 3 2 2
844 329 1 5 4 3 2
844 333 4 4 4 2 2
844 347 4 4 3 2 2
844 361 1 5 3 2 3
844 389 2 5 3 2 3
844 391 1 5 4 3 2
844 409 1 5 3 2 3
844 421 3 5 3 3 2
844 431 1 5 3 3 2
844 437 3 5 4 3 2
844 451 1 5 4 3 2
844 463 4 3 3 1 2
844 467 2 5 3 3 2
844 499 3 5 3 2 3
844 503 4 4 3 2 2
844 509 2 5 3 3 2
844 521 1 6 3 4 2
844 537 4 2 4 1 1
844 559 2 5 4 2 3
844 571 2 5 3 2 3
844 587 4 3 3 2 1
844 591 1 5 4 3 2
844 597 4 4 4 2 2
844 599 2 5 3 3 2
844 613 3 5 3 2 3
844 619 3 5 3 3 2
844 635 1 5 4 3 2
844 641 1 5 3 3 2
844 645 4 2 5 1 1
844 661 3 5 3 3 2
844 689 2 5 4 3 2
844 701 2 5 3 3 2
844 703 4 5 4 3 2
844 707 4 4 4 3 1
844 751 2 5 3 3 2
844 809 4 5 3 3 2
845 68 2 5 4 2 3
845 86 2 5 4 2 3
845 124 2 5 4 3 2
845 142 1 5 4 3 2
845 178 1 5 4 3 2
845 184 4 3 4 2 1
845 236 2 5 4 2 3
845 328 2 5 4 3 2
845 352 1 5 4 3 2
845 362 1 5 4 2 3
845 376 1 5 4 3 2
845 394 2 5 4 3 2
845 464 2 5 4 3 2
845 488 1 5 4 2 3
846 7 4 2 4 1 1
846 67 4 4 4 2 2
846 181 2 5 4 2 3
846 203 4 2 5 1 1
846 307 4 3 4 1 2
846 317 4 2 4 1 1
846 373 4 4 4 2 2
846 419 1 5 4 3 2
846 437 4 2 5 1 1
846 463 4 4 4 3 1
846 473 4 2 5 1 1
846 577 4 2 4 1 1
846 659 2 5 4 3 2
846 701 1 5 4 3 2
846 733 4 2 4 1 1
846 749 4 4 5 3 1
846 769 1 5 4 3 2
846 827 4 3 4 2 1
847 16 4 3 3 1 2
847 52 2 5 4 2 3
847 68 2 5 4 3 2
847 114 4 2 5 1 1
847 122 1 5 4 3 2
847 124 4 3 4 1 2
847 142 1 5 4 2 3
847 158 2 5 4 3 2
847 166 4 3 4 1 2
847 216 4 2 4 1 1
847 218 3 5 4 3 2
847 232 1 5 4 2 3
847 258 2 5 5 3 2
847 276 4 2 5 1 1
847 284 4 4 4 3 1
847 292 2 5 4 2 3
847 362 3 5 4 3 2
847 388 2 5 4 3 2
847 394 4 4 4 2 2
847 454 4 3 4 1 2
847 502 2 5 4 2 3
847 536 4 3 4 2 1
847 548 1 5 4 3 2
847 556 4 4 4 2 2
847 566 4 3 4 2 1
847 614 4 3 4 2 1
847 624 4 2 5 1 1
847 632 2 5 4 3 2
847 634 4 3 4 1 2
847 666 4 3 5 2 1
847 716 4 3 4 2 1
847 752 1 5 4 3 2
847 764 4 3 4 2 1
847 794 4 3 4 2 1
848 13 2 5 3 3 2
848 23 1 5 3 2 3
848 43 2 5 3 2 3
848 49 3 5 3 3 2
848 55 3 5 4 3 2
848 67 2 5 3 3 2
848 83 1 5 3 2 3
848 93 4 3 4 1 2
848 107 1 5 3 2 3
848 119 4 2 4 1 1
848 127 3 5 3 3 2
848 129 4 2 4 1 1
848 133 1 5 4 2 3
848 153 1 5 4 3 2
848 155 1 5 4 2 3
848 167 3 5 3 3 2
848 171 4 2 4 1 1
848 197 3 6 3 3 3
848 229 4 3 3 2 1
848 233 1 5 3 2 3
848 237 1 5 4 3 2
848 249 4 2 4 1 1
848 253 2 5 4 2 3
848 257 1 5 3 3 2
848 263 3 5 3 2 3
848 271 4 3 3 2 1
848 281 4 3 3 1 2
848 283 2 5 3 3 2
848 287 2 5 4 2 3
848 293 3 5 3 2 3
848 307 2 5 3 4 1
848 337 1 5 3 3 2
848 349 4 4 3 3 1
848 351 4 4 4 2 2
848 373 1 5 3 3 2
848 393 1 5 4 2 3
848 397 2 5 3 3 2
848 413 1 5 4 2 3
848 419 2 5 3 2 3
848 433 2 5 3 3 2
848 457 3 5 3 3 2
848 461 3 5 3 3 2
848 463 2 6 3 3 3
848 491 2 5 3 2 3
848 501 4 3 4 2 1
848 503 1 5 3 2 3
848 509 4 4 3 2 2
848 517 2 5 4 4 1
848 519 4 3 4 1 2
848 547 1 5 3 3 2
848 563 1 5 3 2 3
848 587 3 5 3 3 2
848 593 1 5 3 2 3
848 595 2 5 5 3 2
848 601 2 5 3 3 2
848 609 4 3 5 2 1
848 617 1 5 3 2 3
848 621 4 3 4 2 1
848 631 3 5 3 3 2
848 643 2 5 3 3 2
848 647 3 5 3 3 2
848 653 2 5 3 2 3
848 691 4 3 3 2 1
848 703 3 5 4 3 2
848 733 1 5 3 3 2
848 739 4 3 3 2 1
848 743 3 5 3 2 3
848 757 3 5 3 3 2
848 791 4 4 4 2 2
848 797 2 5 3 3 2
848 841 4 3 3 2 1
849 38 4 2 4 1 1
849 44 1 5 4 2 3
849 86 2 5 4 3 2
849 98 4 2 4 1 1
849 136 4 4 4 2 2
849 152 2 5 4 3 2
849 208 4 3 4 2 1
849 242 4 2 4 1 1
849 302 4 2 4 1 1
849 358 4 3 4 2 1
849 394 2 5 4 2 3
849 446 2 5 4 3 2
849 464 1 5 4 2 3
849 548 4 4 4 2 2
849 614 1 5 4 3 2
849 646 1 5 5 3 2
849 658 4 3 5 2 1
849 682 4 2 5 1 1
849 712 4 3 4 2 1
849 722 4 2 4 1 1
849 752 4 2 4 1 1
849 802 4 3 4 2 1
849 812 4 3 5 2 1
850 47 2 5 4 3 2
850 73 2 5 4 2 3
850 109 1 5 4 2 3
850 137 2 5 4 3 2
850 151 1 5 4 3 2
850 157 2 5 4 2 3
850 223 1 5 4 2 3
850 311 4 4 4 2 2
850 421 2 5 4 2 3
850 437 2 5 5 3 2
850 613 1 5 4 3 2
850 619 1 5 4 2 3
850 641 1 5 4 3 2
851 4 4 5 3 3 2
851 34 1 5 4 3 2
851 52 2 5 4 3 2
851 84 1 5 5 3 2
851 98 4 4 4 2 2
851 106 2 5 4 3 2
851 136 1 6 4 3 3
851 154 1 5 5 3 2
851 164 2 5 4 3 2
851 172 3 5 4 3 2
851 178 4 3 4 2 1
851 186 2 5 5 2 3
851 194 2 5 4 3 2
851 206 1 5 4 2 3
851 214 1 5 4 3 2
851 224 1 5 4 2 3
851 228 4 4 5 2 2
851 238 4 3 5 2 1
851 254 2 5 4 3 2
851 256 2 5 3 2 3
851 262 3 5 4 3 2
851 290 3 5 5 2 3
851 302 4 3 4 1 2
851 304 2 5 4 4 1
851 326 1 5 4 2 3
851 334 3 5 4 3 2
851 346 2 5 4 3 2
851 356 2 5 4 2 3
851 358 2 5 4 3 2
851 396 1 5 5 2 3
851 402 4 3 5 2 1
851 412 4 3 4 2 1
851 416 2 5 4 2 3
851 422 3 5 4 2 3
851 424 2 5 4 3 2
851 436 2 5 4 3 2
851 438 4 3 5 1 2
851 458 2 5 4 3 2
851 466 2 5 4 2 3
851 472 4 3 4 2 1
851 494 1 5 5 2 3
851 514 3 5 4 4 1
851 536 2 5 4 2 3
851 556 1 5 4 3 2
851 566 3 5 4 2 3
851 582 4 2 5 1 1
851 584 3 5 4 3 2
851 602 4 3 5 1 2
851 604 1 5 4 3 2
851 634 2 5 4 3 2
851 642 4 3 5 1 2
851 656 1 5 4 2 3
851 664 3 5 4 3 2
851 686 1 5 4 2 3
851 696 2 5 5 3 2
851 758 4 3 4 1 2
851 764 2 5 4 3 2
851 766 2 5 4 3 2
851 794 1 5 4 3 2
851 802 4 4 4 3 1
851 812 4 3 5 1 2
852 43 4 3 4 2 1
852 47 1 5 4 2 3
852 137 2 5 4 2 3
852 149 3 5 4 3 2
852 161 4 2 5 1 1
852 163 2 5 4 3 2
852 179 4 2 4 1 1
852 191 4 3 4 2 1
852 251 4 2 4 1 1
852 329 4 2 5 1 1
852 383 2 5 4 3 2
852 451 4 2 5 1 1
852 457 1 5 4 3 2
852 491 4 3 4 2 1
852 569 4 3 4 2 1
852 643 1 5 4 3 2
852 671 4 2 5 1 1
852 709 4 4 4 2 2
852 739 4 3 4 2 1
852 841 4 2 4 1 1
853 2 1 5 2 3 2
853 8 1 5 2 3 2
853 12 4 3 3 2 1
853 48 1 5 3 2 3
853 50 2 5 3 3 2
853 62 3 5 3 3 2
853 82 2 5 3 3 2
853 86 4 4 3 2 2
853 104 2 5 3 3 2
853 112 1 5 3 2 3
853 116 3 5 3 3 2
853 122 2 5 3 3 2
853 144 4 2 3 1 1
853 148 2 6 3 3 3
853 182 3 5 4 3 2
853 188 2 5 3 2 3
853 190 2 5 4 2 3
853 194 4 3 3 2 1
853 202 2 5 3 2 3
853 218 2 5 3 3 2
853 226 3 5 3 2 3
853 232 1 5 3 3 2
853 242 1 5 3 3 2
853 256 4 3 2 1 2
853 258 1 5 4 2 3
853 268 2 5 3 2 3
853 274 4 4 3 2 2
853 278 1 5 3 3 2
853 284 4 3 3 2 1
853 292 2 5 3 2 3
853 294 4 4 4 2 2
853 302 1 6 3 4 2
853 320 2 5 3 3 2
853 356 3 5 3 3 2
853 358 3 5 3 2 3
853 368 2 5 3 3 2
853 376 4 3 3 1 2
853 382 2 5 3 3 2
853 388 1 5 3 2 3
853 398 1 5 3 2 3
853 412 2 5 3 3 2
853 418 1 5 4 2 3
853 428 2 5 3 3 2
853 442 1 5 4 3 2
853 456 4 4 4 3 1
853 458 1 5 3 3 2
853 482 3 5 3 3 2
853 496 2 5 3 2 3
853 506 4 3 4 2 1
853 512 1 6 2 4 2
853 538 2 5 3 2 3
853 554 2 5 3 3 2
853 566 3 5 3 3 2
853 568 1 5 3 2 3
853 584 4 3 3 2 1
853 622 1 5 3 2 3
853 632 1 5 3 3 2
853 634 4 3 3 1 2
853 638 2 5 4 3 2
853 652 2 5 3 3 2
853 666 4 4 4 2 2
853 688 2 5 3 2 3
853 692 2 5 3 3 2
853 694 3 5 3 3 2
853 698 2 5 3 3 2
853 724 4 4 3 2 2
853 726 4 2 4 1 1
853 736 4 4 3 2 2
853 742 2 5 4 3 2
853 762 2 5 4 3 2
853 766 4 3 3 1 2
853 794 4 3 3 2 1
853 804 4 2 4 1 1
854 33 4 2 5 1 1
854 59 2 5 4 2 3
854 67 4 3 4 2 1
854 89 2 5 4 2 3
854 95 1 5 5 2 3
854 127 4 3 4 2 1
854 137 4 3 4 1 2
854 139 1 5 4 2 3
854 149 2 5 4 2 3
854 151 1 5 4 3 2
854 163 4 3 4 2 1
854 169 3 5 4 3 2
854 191 2 6 4 3 3
854 227 4 5 4 2 3
854 251 1 5 4 3 2
854 267 4 3 5 2 1
854 293 3 5 4 2 3
854 319 2 5 5 3 2
854 381 1 5 5 3 2
854 389 2 5 4 2 3
854 419 2 5 4 2 3
854 423 4 2 5 1 1
854 451 2 5 5 3 2
854 475 4 3 5 2 1
854 499 3 5 4 3 2
854 509 3 5 4 2 3
854 589 1 5 5 3 2
854 601 2 5 4 3 2
854 641 1 5 4 3 2
854 647 4 4 4 2 2
854 657 4 2 5 1 1
854 659 2 5 4 2 3
854 747 4 2 5 1 1
854 761 2 5 4 3 2
854 773 4 2 4 1 1
854 799 2 5 5 3 2
854 813 4 2 5 1 1
854 823 4 4 4 3 1
856 5 1 5 3 3 2
856 7 4 3 3 1 2
856 23 4 4 3 2 2
856 37 3 5 3 2 3
856 41 2 5 3 3 2
856 61 2 5 3 2 3
856 79 1 6 3 3 3
856 81 4 3 3 1 2
856 89 2 5 3 3 2
856 101 2 5 3 3 2
856 119 2 5 4 3 2
856 127 4 2 3 1 1
856 131 2 5 3 3 2
856 145 2 5 4 3 2
856 149 1 5 3 3 2
856 151 2 5 3 2 3
856 159 2 5 4 3 2
856 167 2 5 3 3 2
856 177 4 3 4 1 2
856 189 1 5 4 3 2
856 191 2 5 3 2 3
856 197 4 3 3 2 1
856 211 3 5 3 2 3
856 229 2 6 3 3 3
856 237 4 2 4 1 1
856 271 1 5 3 2 3
856 275 1 5 4 3 2
856 283 4 4 3 2 2
856 299 3 5 4 4 1
856 301 1 5 4 2 3
856 313 4 4 3 2 2
856 317 2 5 3 3 2
856 329 2 5 4 3 2
856 341 2 5 4 3 2
856 367 4 3 3 1 2
856 379 2 5 3 3 2
856 383 3 5 3 3 2
856 391 2 5 4 2 3
856 401 2 5 3 2 3
856 409 2 5 3 3 2
856 419 3 5 3 3 2
856 431 1 5 3 3 2
856 439 3 5 3 3 2
856 449 3 5 3 3 2
856 453 3 5 4 3 2
856 457 2 5 3 2 3
856 479 1 5 3 3 2
856 499 3 5 3 2 3
856 509 1 5 3 4 1
856 517 4 3 4 1 2
856 523 4 4 3 2 2
856 537 4 4 4 2 2
856 541 1 5 3 2 3
856 551 2 5 4 3 2
856 569 3 5 3 3 2
856 601 2 5 3 2 3
856 607 3 5 3 3 2
856 635 2 5 4 3 2
856 639 2 5 4 3 2
856 649 2 5 4 3 2
856 653 4 4 3 2 2
856 661 3 5 3 2 3
856 673 5 4 3 2 2
856 691 2 6 3 3 3
856 693 4 2 5 1 1
856 695 2 5 4 3 2
856 739 1 5 3 3 2
856 761 1 5 3 3 2
856 777 4 3 5 2 1
856 779 1 5 4 3 2
856 783 4 3 4 2 1
856 821 3 5 3 3 2
856 823 4 4 3 2 2
856 847 4 3 4 2 1
857 32 1 5 2 2 3
857 36 4 3 3 2 1
857 38 2 5 3 2 3
857 40 3 5 3 3 2
857 52 2 5 3 2 3
857 58 2 5 3 3 2
857 78 1 5 4 3 2
857 86 4 4 3 2 2
857 92 1 5 3 2 3
857 96 4 2 3 1 1
857 98 2 5 3 2 3
857 112 3 5 3 3 2
857 116 3 5 3 2 3
857 122 2 5 3 2 3
857 142 2 5 3 2 3
857 144 3 5 3 3 2
857 158 2 5 3 3 2
857 164 4 4 3 1 3
857 178 2 5 3 3 2
857 188 2 5 3 3 2
857 208 2 5 3 3 2
857 216 4 3 3 2 1
857 228 1 5 4 3 2
857 242 2 5 3 2 3
857 248 2 6 3 3 3
857 262 1 5 3 2 3
857 274 2 5 3 3 2
857 294 4 2 4 1 1
857 298 2 6 3 4 2
857 302 2 5 3 2 3
857 332 2 5 3 2 3
857 334 4 3 3 2 1
857 340 1 5 4 3 2
857 346 4 4 3 2 2
857 352 2 5 3 3 2
857 362 1 5 3 2 3
857 364 3 5 4 3 2
857 366 4 2 4 1 1
857 382 3 5 3 3 2
857 388 2 5 3 3 2
857 424 4 4 3 3 1
857 428 1 5 3 2 3
857 430 1 5 4 3 2
857 436 4 3 3 2 1
857 446 4 3 3 1 2
857 452 2 5 3 3 2
857 454 3 5 3 3 2
857 458 2 5 3 2 3
857 472 2 5 3 2 3
857 482 4 4 3 2 2
857 486 4 4 3 2 2
857 500 2 5 3 2 3
857 504 4 2 4 1 1
857 508 1 5 3 4 1
857 516 4 3 4 1 2
857 538 4 5 3 3 2
857 554 4 4 3 2 2
857 562 2 5 3 3 2
857 578 2 5 3 3 2
857 584 3 5 3 2 3
857 592 2 5 3 3 2
857 598 2 5 4 3 2
857 606 4 4 4 3 1
857 622 1 5 3 3 2
857 638 2 5 4 3 2
857 648 1 5 3 3 2
857 662 2 5 3 2 3
857 684 4 3 4 2 1
857 694 4 4 3 3 1
857 704 4 4 3 2 2
857 724 2 5 3 3 2
857 736 4 3 3 2 1
857 738 1 5 4 3 2
857 742 3 5 4 3 2
857 758 1 5 3 3 2
857 788 3 5 3 3 2
857 802 1 5 3 3 2
857 856 4 2 3 2 0
858 263 1 5 5 2 3
858 301 4 3 6 2 1
858 349 4 3 5 2 1
858 389 4 4 5 2 2
858 601 4 2 5 1 1
858 661 4 3 5 2 1
859 18 4 2 3 1 1
859 26 2 5 3 3 2
859 34 2 5 3 2 3
859 40 2 5 3 2 3
859 44 2 5 3 3 2
859 54 2 5 3 2 3
859 56 2 5 3 3 2
859 64 2 5 2 2 3
859 76 1 5 3 3 2
859 100 4 5 3 2 3
859 110 2 5 4 3 2
859 122 4 4 3 2 2
859 128 3 5 2 3 2
859 138 4 3 4 1 2
859 142 2 5 3 3 2
859 144 1 5 3 2 3
859 146 2 5 3 3 2
859 156 2 5 4 3 2
859 164 3 5 3 3 2
859 166 1 5 3 2 3
859 194 1 5 3 2 3
859 196 2 5 3 2 3
859 208 2 5 3 2 3
859 214 1 5 3 2 3
859 226 2 5 3 3 2
859 236 2 5 3 3 2
859 248 4 4 3 2 2
859 254 2 5 3 3 2
859 274 3 5 3 2 3
859 296 2 5 3 4 1
859 298 3 5 3 2 3
859 308 4 4 4 2 2
859 314 1 5 3 3 2
859 326 1 5 3 3 2
859 342 4 3 4 1 2
859 362 2 5 3 3 2
859 372 4 2 4 1 1
859 376 2 6 3 3 3
859 386 2 5 3 3 2
859 394 1 5 3 2 3
859 404 1 5 3 2 3
859 406 2 5 4 3 2
859 422 3 5 3 3 2
859 436 2 5 3 3 2
859 446 1 5 3 3 2
859 452 2 5 3 3 2
859 474 3 5 4 2 3
859 494 2 5 4 3 2
859 502 4 4 3 1 3
859 506 2 5 4 4 1
859 512 4 3 2 2 1
859 536 2 5 3 3 2
859 538 4 4 3 2 2
859 542 4 3 3 2 1
859 544 2 5 3 2 3
859 560 1 5 4 3 2
859 584 1 5 3 3 2
859 586 1 5 3 2 3
859 604 2 6 3 3 3
859 646 2 5 4 3 2
859 648 4 3 3 2 1
859 656 2 5 3 3 2
859 674 2 5 3 3 2
859 678 4 3 4 2 1
859 688 2 5 3 3 2
859 712 4 3 3 1 2
859 716 2 5 3 3 2
859 736 2 5 3 3 2
859 740 1 5 4 3 2
859 788 4 3 3 2 1
859 794 2 5 3 3 2
859 824 3 5 3 3 2
859 848 4 3 3 2 1
860 41 2 5 4 2 3
860 83 2 5 4 2 3
860 91 4 3 5 2 1
860 97 2 5 4 3 2
860 119 2 5 5 2 3
860 163 1 5 4 3 2
860 167 1 5 4 2 3
860 197 1 5 4 2 3
860 211 2 5 4 3 2
860 251 2 5 4 2 3
860 271 1 5 4 3 2
860 299 1 5 5 2 3
860 349 2 5 4 3 2
860 379 1 5 4 3 2
860 419 4 3 4 1 2
860 449 1 5 4 3 2
860 503 1 5 4 2 3
860 673 2 5 4 3 2
861 146 3 5 5 2 3
861 262 4 2 5 1 1
861 398 4 2 5 1 1
861 418 4 2 6 1 1
861 458 4 3 5 1 2
861 472 4 3 5 2 1
861 622 4 2 5 1 1
861 652 4 4 5 2 2
861 704 4 3 5 2 1
861 758 4 2 5 1 1
861 808 4 2 5 1 1
862 7 2 5 3 2 3
862 37 2 5 3 2 3
862 43 1 5 3 2 3
862 49 4 3 3 1 2
862 71 4 4 3 2 2
862 73 2 5 3 3 2
862 83 2 5 3 3 2
862 95 2 5 4 3 2
862 97 2 5 3 2 3
862 103 2 5 3 2 3
862 107 2 5 3 3 2
862 113 1 5 3 3 2
862 125 2 5 3 3 2
862 127 1 5 3 2 3
862 139 3 5 3 3 2
862 149 4 4 3 2 2
862 173 3 5 3 3 2
862 183 2 5 4 3 2
862 197 1 5 3 2 3
862 201 4 2 4 1 1
862 211 2 5 3 2 3
862 217 2 5 4 2 3
862 223 2 5 3 3 2
862 233 1 5 3 3 2
862 241 4 3 3 1 2
862 251 3 5 3 3 2
862 253 2 5 4 2 3
862 269 4 4 3 3 1
862 277 1 5 3 2 3
862 279 4 4 4 2 2
862 293 2 5 3 4 1
862 307 1 5 3 2 3
862 311 2 5 3 3 2
862 319 4 3 4 1 2
862 323 1 5 4 3 2
862 335 1 5 4 3 2
862 337 3 5 3 2 3
862 339 4 2 4 1 1
862 347 2 5 3 3 2
862 371 4 3 4 2 1
862 373 1 5 3 3 2
862 377 2 5 4 3 2
862 379 2 5 3 2 3
862 403 1 5 4 3 2
862 407 2 5 4 2 3
862 425 2 5 4 3 2
862 433 2 6 3 3 3
862 439 4 3 3 1 2
862 447 1 5 4 3 2
862 449 3 5 3 3 2
862 461 4 3 3 2 1
862 463 1 5 3 2 3
862 473 4 4 4 3 1
862 477 1 5 4 2 3
862 491 2 5 3 3 2
862 501 4 3 4 2 1
862 503 2 5 3 4 1
862 513 4 3 4 2 1
862 517 2 5 4 2 3
862 533 2 5 4 3 2
862 557 1 5 3 3 2
862 563 2 5 3 3 2
862 571 4 3 3 1 2
862 579 4 3 4 2 1
862 587 2 5 3 3 2
862 601 3 5 3 3 2
862 607 1 5 3 2 3
862 617 2 5 3 3 2
862 631 4 4 3 1 3
862 643 3 5 3 3 2
862 653 1 5 3 3 2
862 667 1 5 4 2 3
862 685 3 5 4 3 2
862 711 4 3 4 2 1
862 719 2 5 3 3 2
862 733 1 5 3 3 2
862 743 3 5 3 3 2
862 797 1 5 3 3 2
862 799 4 4 4 2 2
862 839 4 3 3 2 1
863 2 2 5 2 2 3
863 8 1 5 2 2 3
863 14 4 3 3 1 2
863 26 4 4 3 2 2
863 38 3 5 3 2 3
863 58 1 5 3 2 3
863 64 4 4 2 2 2
863 68 1 5 3 2 3
863 72 2 5 3 3 2
863 82 2 5 3 3 2
863 84 4 3 4 1 2
863 86 3 5 3 2 3
863 122 1 5 3 2 3
863 138 2 5 4 3 2
863 142 3 5 3 3 2
863 146 4 3 3 1 2
863 148 2 5 3 2 3
863 152 2 5 3 3 2
863 160 3 5 3 3 2
863 182 2 5 4 3 2
863 186 4 2 4 1 1
863 206 4 3 3 1 2
863 208 1 5 3 3 2
863 212 1 5 3 2 3
863 218 1 5 3 2 3
863 220 4 3 4 2 1
863 236 2 5 3 2 3
863 242 1 5 3 3 2
863 248 3 5 3 2 3
863 264 4 3 4 2 1
863 268 1 6 3 3 3
863 278 2 5 3 2 3
863 292 2 5 3 4 1
863 302 1 5 3 2 3
863 310 2 5 4 3 2
863 324 4 3 3 1 2
863 346 3 5 3 3 2
863 358 2 5 3 3 2
863 380 2 5 4 2 3
863 382 2 5 3 3 2
863 398 2 5 3 2 3
863 404 4 4 3 2 2
863 408 1 5 4 2 3
863 412 1 5 3 3 2
863 418 2 5 4 3 2
863 424 4 4 3 3 1
863 446 3 5 3 3 2
863 448 1 5 3 3 2
863 472 2 5 3 3 2
863 478 1 5 3 2 3
863 502 2 5 3 4 1
863 506 4 4 4 1 3
863 526 4 3 3 2 1
863 544 2 5 3 3 2
863 548 2 5 3 2 3
863 556 4 4 3 3 1
863 562 3 5 3 3 2
863 572 2 5 4 3 2
863 578 1 5 3 2 3
863 594 4 3 4 2 1
863 616 3 5 4 3 2
863 628 3 5 3 3 2
863 632 1 6 3 3 3
863 642 2 5 4 3 2
863 662 4 4 3 2 2
863 664 5 3 3 2 1
863 688 2 5 3 3 2
863 698 2 5 3 2 3
863 716 4 3 3 1 2
863 718 1 5 3 3 2
863 752 2 5 3 3 2
863 766 4 3 3 2 1
863 772 1 5 3 3 2
863 842 2 5 3 3 2
863 844 4 3 3 2 1
864 43 4 2 3 1 1
864 59 2 5 3 2 3
864 71 2 5 3 3 2
864 73 4 3 3 1 2
864 107 4 2 3 1 1
864 151 1 5 3 3 2
864 217 4 3 4 2 1
864 241 1 5 3 3 2
864 269 2 5 3 2 3
864 277 4 3 3 2 1
864 371 2 5 4 3 2
864 409 2 5 3 2 3
864 437 4 3 4 1 2
864 479 3 5 3 2 3
864 599 2 5 3 3 2
864 607 4 2 3 1 1
864 617 4 3 3 1 2
864 683 4 4 3 3 1
864 731 1 5 4 3 2
864 797 4 3 3 2 1
864 847 4 3 4 2 1
865 4 2 5 3 2 3
865 32 1 5 3 3 2
865 124 1 5 4 2 3
865 158 2 5 4 3 2
865 172 2 5 4 2 3
865 202 1 5 4 2 3
865 212 4 3 4 2 1
865 214 2 5 4 2 3
865 256 2 5 3 2 3
865 304 2 5 4 2 3
865 332 2 5 4 3 2
865 382 3 5 4 2 3
865 488 1 5 4 3 2
865 542 2 5 4 3 2
865 578 2 5 4 3 2
865 592 1 5 4 2 3
865 598 2 5 5 3 2
865 672 4 3 5 2 1
865 682 2 5 5 3 2
865 788 1 5 4 3 2
866 5 2 5 3 2 3
866 19 2 5 3 3 2
866 31 1 5 3 3 2
866 47 3 5 3 2 3
866 49 2 5 3 3 2
866 53 4 3 3 1 2
866 61 1 5 3 2 3
866 77 4 4 4 2 2
866 89 3 5 3 2 3
866 91 1 5 4 3 2
866 103 3 5 3 3 2
866 107 3 5 3 2 3
866 121 2 5 3 3 2
866 127 4 3 3 2 1
866 135 2 5 4 3 2
866 149 3 5 3 3 2
866 151 1 5 3 2 3
866 157 4 4 3 3 1
866 161 2 5 4 2 3
866 169 3 5 3 3 2
866 179 1 5 3 3 2
866 183 4 2 4 1 1
866 193 4 3 3 2 1
866 199 1 5 3 3 2
866 201 3 5 4 2 3
866 215 1 5 4 2 3
866 229 2 5 3 3 2
866 239 1 6 3 3 3
866 271 2 5 3 2 3
866 281 1 5 3 2 3
866 289 1 5 3 4 1
866 307 3 5 3 3 2
866 311 2 5 3 2 3
866 331 2 5 3 3 2
866 341 2 5 4 2 3
866 355 1 5 4 3 2
866 369 1 5 4 3 2
866 373 3 5 3 3 2
866 387 4 3 4 2 1
866 401 2 5 3 2 3
866 415 2 5 4 3 2
866 417 4 2 4 1 1
866 421 2 5 3 3 2
866 429 2 5 5 3 2
866 439 2 5 3 3 2
866 443 3 5 3 3 2
866 467 4 5 3 2 3
866 481 2 5 4 2 3
866 497 4 4 4 2 2
866 499 1 5 3 4 1
866 509 1 5 3 2 3
866 521 2 5 3 2 3
866 541 3 5 3 3 2
866 551 1 5 4 2 3
866 569 1 5 3 3 2
866 573 4 2 4 1 1
866 599 4 4 3 2 2
866 611 2 5 4 2 3
866 613 3 5 3 3 2
866 619 3 5 3 3 2
866 629 2 5 4 3 2
866 635 2 5 4 2 3
866 649 2 5 4 3 2
866 671 2 5 4 2 3
866 677 4 3 3 1 2
866 679 3 5 4 3 2
866 681 3 5 4 3 2
866 693 4 2 5 1 1
866 701 4 4 3 1 3
866 727 4 3 3 2 1
866 733 3 5 3 3 2
866 749 2 5 4 3 2
866 751 1 5 3 3 2
866 779 2 5 4 3 2
866 783 4 3 4 2 1
866 793 4 4 4 3 1
866 803 4 3 4 1 2
866 811 2 5 3 3 2
866 833 4 3 4 1 2
866 857 4 2 3 1 1
867 178 1 5 4 3 2
867 218 3 5 4 3 2
867 254 4 3 4 2 1
867 274 4 3 4 2 1
867 326 4 2 4 1 1
867 398 1 5 4 3 2
867 464 4 3 4 1 2
867 482 2 5 4 2 3
867 568 2 5 4 3 2
867 604 4 2 4 1 1
867 644 4 2 5 1 1
868 17 2 5 4 3 2
868 67 3 5 4 3 2
868 89 4 5 4 3 2
868 101 3 5 4 3 2
868 127 1 5 4 2 3
868 137 2 5 4 3 2
868 197 3 5 4 3 2
868 205 1 5 5 2 3
868 253 1 5 5 2 3
868 263 2 5 4 3 2
868 307 1 5 4 2 3
868 317 1 5 4 3 2
868 353 4 5 4 3 2
868 361 4 3 4 1 2
868 367 2 5 4 3 2
868 373 1 5 4 2 3
868 379 4 4 4 2 2
868 397 1 5 4 3 2
868 401 4 3 4 2 1
868 429 4 2 6 1 1
868 443 1 5 4 3 2
868 459 4 2 5 1 1
868 509 4 3 4 2 1
868 523 3 5 4 2 3
868 531 4 2 5 1 1
868 639 4 3 5 2 1
868 647 2 5 4 3 2
868 659 4 4 4 2 2
868 673 1 5 4 2 3
868 683 1 5 4 3 2
868 691 4 3 4 1 2
868 701 4 3 4 2 1
868 727 3 5 4 3 2
868 759 4 2 6 1 1
868 761 4 3 4 2 1
868 769 4 3 4 1 2
869 34 2 5 4 3 2
869 42 4 2 5 1 1
869 64 2 5 3 2 3
869 74 1 5 4 2 3
869 76 2 5 4 3 2
869 104 3 5 4 2 3
869 106 2 5 4 3 2
869 128 4 4 3 1 3
869 134 1 5 4 2 3
869 146 2 5 4 3 2
869 162 4 3 4 1 2
869 166 2 5 4 3 2
869 202 2 5 4 3 2
869 204 1 5 5 2 3
869 206 3 5 4 2 3
869 218 4 4 4 1 3
869 236 2 5 4 3 2
869 262 4 4 4 3 1
869 274 1 5 4 2 3
869 302 4 3 4 1 2
869 304 1 5 4 3 2
869 314 2 5 4 2 3
869 322 4 3 5 2 1
869 348 4 2 5 1 1
869 376 1 5 4 3 2
869 386 1 5 4 2 3
869 400 4 4 4 2 2
869 404 2 5 4 2 3
869 442 3 5 5 3 2
869 452 4 3 4 1 2
869 466 2 5 4 3 2
869 468 4 3 5 2 1
869 470 2 5 5 2 3
869 478 4 4 4 2 2
869 496 1 5 4 4 1
869 524 2 5 4 2 3
869 536 4 4 4 2 2
869 552 4 3 5 2 1
869 566 2 5 4 3 2
869 574 1 5 5 3 2
869 596 2 5 4 2 3
869 610 2 5 5 3 2
869 622 2 5 4 3 2
869 664 2 5 4 3 2
869 688 4 3 4 2 1
869 718 4 3 4 2 1
869 736 2 5 4 3 2
869 746 2 5 4 3 2
869 764 3 5 4 2 3
869 776 1 5 4 3 2
869 784 2 5 4 3 2
869 842 4 3 4 2 1
869 848 4 4 4 2 2
870 811 4 2 5 1 1
871 46 3 5 4 2 3
871 64 1 5 3 3 2
871 86 2 5 4 3 2
871 94 2 5 4 2 3
871 116 1 5 4 3 2
871 118 4 4 4 2 2
871 136 1 5 4 2 3
871 164 1 5 4 3 2
871 166 1 5 4 2 3
871 174 2 5 5 3 2
871 200 1 5 4 3 2
871 206 1 5 4 2 3
871 214 2 5 4 3 2
871 242 3 5 4 3 2
871 244 3 5 4 2 3
871 256 2 5 3 2 3
871 262 2 5 4 2 3
871 276 2 5 5 2 3
871 284 2 5 4 4 1
871 326 1 5 4 3 2
871 374 2 5 5 3 2
871 376 2 5 4 2 3
871 394 2 5 4 3 2
871 418 4 3 5 1 2
871 424 2 5 4 3 2
871 434 1 5 5 3 2
871 464 2 5 4 3 2
871 472 3 5 4 2 3
871 486 1 5 4 2 3
871 492 4 3 5 2 1
871 514 1 5 4 2 3
871 526 2 5 4 2 3
871 548 2 5 4 3 2
871 582 4 2 5 1 1
871 584 2 5 4 3 2
871 586 2 5 4 2 3
871 592 3 5 4 3 2
871 634 1 5 4 3 2
871 662 3 5 4 3 2
871 706 1 5 4 2 3
871 710 1 5 5 3 2
871 724 1 5 4 3 2
871 732 4 3 5 2 1
871 794 2 5 4 3 2
872 17 2 5 3 2 3
872 25 1 5 3 3 2
872 31 4 4 3 3 1
872 53 2 5 3 2 3
872 67 2 5 3 2 3
872 73 2 5 3 3 2
872 77 1 5 4 2 3
872 97 2 5 3 3 2
872 99 4 2 4 1 1
872 107 2 5 3 2 3
872 113 1 5 3 2 3
872 131 2 5 3 2 3
872 151 3 5 3 3 2
872 157 1 5 3 2 3
872 173 2 5 3 3 2
872 181 4 3 3 2 1
872 193 1 5 3 3 2
872 207 3 5 4 2 3
872 209 2 5 4 2 3
872 223 2 5 3 3 2
872 227 2 5 3 2 3
872 229 4 3 3 2 1
872 233 2 5 3 3 2
872 263 2 5 3 2 3
872 269 4 4 3 2 2
872 277 1 5 3 2 3
872 281 4 3 3 1 2
872 283 1 6 3 4 2
872 287 2 5 4 2 3
872 311 4 5 3 2 3
872 313 2 5 3 3 2
872 317 2 5 3 2 3
872 337 3 5 3 3 2
872 343 4 3 3 2 1
872 347 1 5 3 2 3
872 367 2 5 3 3 2
872 389 2 5 3 2 3
872 403 2 5 4 3 2
872 411 4 2 4 1 1
872 437 2 6 4 3 3
872 443 1 5 3 2 3
872 459 4 3 4 1 2
872 473 4 5 4 2 3
872 481 2 5 4 3 2
872 487 1 5 3 2 3
872 493 1 5 4 4 1
872 499 4 3 3 2 1
872 515 2 5 4 2 3
872 541 4 3 3 2 1
872 547 3 5 3 3 2
872 553 2 5 4 3 2
872 563 1 5 3 3 2
872 571 2 5 3 3 2
872 577 3 5 3 3 2
872 607 2 5 3 3 2
872 613 1 5 3 3 2
872 619 4 5 3 3 2
872 623 1 5 4 3 2
872 641 3 5 3 2 3
872 681 4 2 4 1 1
872 701 4 4 3 2 2
872 711 4 3 4 1 2
872 727 2 5 3 3 2
872 743 2 5 3 3 2
872 749 4 3 4 1 2
872 759 4 3 5 2 1
872 767 1 5 4 2 3
872 773 2 5 3 3 2
872 781 2 5 4 3 2
872 787 1 5 3 3 2
872 819 4 3 5 2 1
872 833 1 5 4 3 2
872 857 2 5 3 3 2
873 16 4 3 3 2 1
873 44 4 3 4 2 1
873 94 4 3 4 1 2
873 128 1 5 3 3 2
873 142 2 5 4 3 2
873 146 4 2 4 1 1
873 208 2 5 4 2 3
873 296 4 3 4 2 1
873 326 4 3 4 2 1
873 362 2 5 4 3 2
873 392 2 5 4 3 2
873 422 2 5 4 3 2
873 436 3 5 4 3 2
873 466 4 4 4 2 2
873 724 4 2 4 1 1
873 764 4 2 4 1 1
873 796 4 3 4 1 2
874 29 1 5 4 3 2
874 37 4 3 4 1 2
874 41 2 5 4 3 2
874 47 4 3 4 2 1
874 49 1 5 4 2 3
874 61 1 5 4 3 2
874 71 2 5 4 3 2
874 83 2 5 4 3 2
874 127 3 5 4 3 2
874 149 1 5 4 3 2
874 169 2 5 4 2 3
874 181 2 5 4 2 3
874 193 4 4 4 2 2
874 197 4 4 4 3 1
874 211 2 6 4 3 3
874 227 4 3 4 2 1
874 239 1 5 4 3 2
874 249 4 2 5 1 1
874 259 1 5 5 2 3
874 265 2 5 5 2 3
874 281 3 5 4 4 1
874 335 2 5 5 3 2
874 347 2 5 4 3 2
874 363 4 3 5 1 2
874 379 2 5 4 2 3
874 397 4 4 4 2 2
874 401 2 5 4 3 2
874 419 3 5 4 2 3
874 421 1 5 4 3 2
874 439 2 5 4 2 3
874 453 4 2 5 1 1
874 457 4 3 4 1 2
874 461 2 5 4 3 2
874 479 3 5 4 3 2
874 489 2 5 5 2 3
874 491 3 5 4 4 1
874 517 2 5 5 2 3
874 533 3 5 5 3 2
874 545 3 5 5 3 2
874 569 2 5 4 3 2
874 601 2 5 4 2 3
874 613 4 3 4 1 2
874 643 2 5 4 2 3
874 657 4 3 5 1 2
874 659 1 5 4 3 2
874 671 1 5 5 3 2
874 673 3 5 4 3 2
874 691 4 4 4 2 2
874 721 1 5 5 3 2
874 731 2 5 5 3 2
874 769 3 5 4 2 3
874 773 4 3 4 2 1
874 793 4 2 5 1 1
874 809 2 5 4 3 2
874 873 4 1 5 1 0
875 82 1 5 4 3 2
875 94 2 5 4 3 2
875 202 4 3 4 2 1
875 292 4 4 4 2 2
875 314 1 5 4 2 3
876 53 4 2 4 1 1
876 59 2 5 4 3 2
876 139 1 5 4 3 2
876 161 1 5 5 2 3
876 169 1 5 4 3 2
876 209 3 5 5 3 2
876 217 4 2 5 1 1
876 257 4 3 4 2 1
876 281 2 5 4 2 3
876 287 4 3 5 1 2
876 359 2 5 4 3 2
876 547 4 3 4 1 2
876 623 4 3 5 1 2
876 629 1 5 5 3 2
876 671 1 5 5 3 2
876 677 4 2 4 1 1
876 767 4 3 5 2 1
876 797 4 3 4 2 1
877 8 2 5 2 3 2
877 16 2 5 2 2 3
877 22 3 5 3 2 3
877 26 3 5 3 3 2
877 58 1 6 3 3 3
877 72 1 5 3 2 3
877 74 4 4 3 2 2
877 82 3 5 3 2 3
877 84 4 3 4 1 2
877 92 2 5 3 3 2
877 98 1 5 3 3 2
877 110 1 5 4 3 2
877 112 1 5 3 2 3
877 118 2 5 3 2 3
877 124 2 5 3 3 2
877 128 2 5 2 3 2
877 146 3 5 3 3 2
877 188 1 5 3 3 2
877 208 1 5 3 3 2
877 212 2 5 3 2 3
877 228 1 5 4 3 2
877 250 2 5 3 2 3
877 254 3 5 3 3 2
877 262 1 5 3 2 3
877 264 4 3 4 2 1
877 266 4 4 4 2 2
877 268 2 5 3 2 3
877 278 2 5 3 4 1
877 282 3 5 4 2 3
877 292 2 5 3 2 3
877 296 3 5 3 3 2
877 316 4 4 3 1 3
877 322 2 5 4 2 3
877 332 1 5 3 3 2
877 334 4 4 3 2 2
877 344 2 5 3 3 2
877 358 2 5 3 3 2
877 362 2 5 3 3 2
877 388 2 5 3 3 2
877 394 3 5 3 2 3
877 404 2 5 3 3 2
877 418 2 5 4 3 2
877 422 2 5 3 2 3
877 432 2 5 3 3 2
877 436 4 4 3 2 2
877 446 4 3 3 2 1
877 448 3 5 3 2 3
877 478 2 5 3 2 3
877 488 2 5 3 4 1
877 516 4 3 4 2 1
877 520 2 5 4 2 3
877 542 2 5 3 3 2
877 548 2 5 3 3 2
877 554 4 4 3 2 2
877 558 2 5 4 3 2
877 572 2 5 4 3 2
877 578 1 5 3 3 2
877 584 4 3 3 2 1
877 586 2 5 3 3 2
877 592 2 5 3 2 3
877 594 4 2 4 1 1
877 602 2 5 4 3 2
877 606 4 2 4 1 1
877 618 2 5 4 3 2
877 628 2 5 3 3 2
877 656 2 5 3 3 2
877 668 2 5 3 3 2
877 670 3 5 4 3 2
877 674 4 5 3 3 2
877 712 2 5 3 2 3
877 718 2 5 3 3 2
877 722 2 5 3 3 2
877 724 4 3 3 1 2
877 758 3 5 3 3 2
877 772 2 5 3 2 3
877 776 4 4 3 3 1
877 782 1 5 4 3 2
877 784 4 4 3 2 2
877 800 2 5 3 3 2
877 844 4 3 3 1 2
878 7 3 5 3 3 2
878 9 4 3 3 1 2
878 17 3 5 3 2 3
878 23 2 5 3 2 3
878 41 4 3 3 1 2
878 53 1 5 3 2 3
878 61 4 4 3 2 2
878 73 2 5 3 2 3
878 79 2 5 3 3 2
878 97 2 5 3 3 2
878 101 2 5 3 2 3
878 123 1 5 4 3 2
878 137 1 6 3 3 3
878 157 1 5 3 3 2
878 163 3 5 3 2 3
878 167 1 5 3 3 2
878 193 2 5 3 3 2
878 199 4 4 3 2 2
878 207 2 5 4 3 2
878 211 4 4 3 2 2
878 227 2 6 3 3 3
878 233 2 5 3 2 3
878 263 1 5 3 2 3
878 269 3 5 3 2 3
878 277 3 5 3 4 1
878 283 1 5 3 2 3
878 295 2 5 4 3 2
878 299 4 4 4 2 2
878 317 3 5 3 2 3
878 319 4 5 4 3 2
878 339 4 3 4 1 2
878 343 1 5 3 3 2
878 347 4 4 3 2 2
878 361 2 5 3 3 2
878 367 2 5 3 3 2
878 381 4 3 4 1 2
878 383 1 5 3 2 3
878 395 2 5 4 2 3
878 397 3 5 3 3 2
878 399 4 2 5 1 1
878 401 4 3 3 1 2
878 403 1 5 4 3 2
878 409 2 5 3 3 2
878 427 2 5 4 3 2
878 431 3 5 3 3 2
878 433 2 5 3 3 2
878 475 2 5 4 3 2
878 479 2 5 3 2 3
878 487 2 6 3 4 2
878 493 1 5 4 2 3
878 503 4 3 3 1 2
878 529 4 4 3 3 1
878 531 4 2 4 1 1
878 533 2 5 4 2 3
878 557 1 5 3 3 2
878 563 3 5 3 2 3
878 569 4 3 3 1 2
878 571 4 4 3 3 1
878 577 2 5 3 3 2
878 589 4 3 4 2 1
878 613 2 5 3 3 2
878 617 2 5 3 3 2
878 623 2 5 4 2 3
878 647 2 5 3 2 3
878 669 3 5 4 3 2
878 673 3 5 3 3 2
878 683 1 5 3 2 3
878 703 1 5 4 3 2
878 711 4 3 4 2 1
878 713 1 5 4 2 3
878 717 2 5 4 3 2
878 737 2 5 4 3 2
878 741 4 2 5 1 1
878 749 4 3 4 1 2
878 763 4 4 4 2 2
878 767 1 5 4 3 2
878 773 2 5 3 2 3
878 787 1 5 3 3 2
878 789 4 2 4 1 1
878 809 4 4 3 2 2
878 827 2 5 3 3 2
878 849 4 3 4 2 1
879 82 4 2 4 1 1
879 92 4 2 4 1 1
879 164 2 5 4 2 3
879 166 3 5 4 3 2
879 248 4 3 4 2 1
879 298 4 4 4 2 2
879 326 4 4 4 2 2
879 386 1 5 4 3 2
879 428 4 3 4 1 2
879 508 4 4 4 2 2
879 532 4 3 5 2 1
879 556 1 5 4 3 2
879 572 4 2 5 1 1
879 584 2 5 4 3 2
879 592 4 3 4 1 2
879 626 2 5 4 3 2
879 688 4 2 4 1 1
879 736 2 5 4 3 2
879 818 4 2 4 1 1
879 868 4 2 5 1 1
879 872 4 3 4 2 1
880 19 3 5 4 2 3
880 89 2 5 4 3 2
880 137 4 3 4 2 1
880 191 1 5 4 3 2
880 251 2 5 4 3 2
880 329 2 5 5 3 2
880 523 1 5 4 2 3
880 667 2 5 5 3 2
880 719 2 5 4 3 2
881 16 3 5 2 3 2
881 20 1 5 3 2 3
881 34 1 5 3 3 2
881 62 3 5 3 2 3
881 64 1 5 2 3 2
881 76 2 6 3 3 3
881 88 2 5 3 3 2
881 104 2 5 3 2 3
881 106 3 5 3 3 2
881 122 2 5 3 2 3
881 128 4 3 2 1 2
881 132 4 3 4 1 2
881 134 2 5 3 3 2
881 146 2 5 3 2 3
881 148 4 3 3 2 1
881 158 4 3 3 1 2
881 164 1 5 3 3 2
881 166 1 5 3 2 3
881 176 3 5 3 2 3
881 184 2 5 3 3 2
881 214 2 5 3 3 2
881 218 3 5 3 2 3
881 224 2 5 3 3 2
881 230 3 5 4 2 3
881 232 3 5 3 3 2
881 248 4 3 3 1 2
881 254 2 5 3 2 3
881 262 4 3 3 2 1
881 266 1 5 4 2 3
881 274 3 5 3 4 1
881 286 1 5 4 2 3
881 292 2 5 3 3 2
881 296 2 5 3 2 3
881 316 1 5 3 3 2
881 326 2 5 3 2 3
881 328 4 5 3 3 2
881 354 3 5 4 3 2
881 362 4 4 3 2 2
881 364 2 5 4 3 2
881 384 1 5 3 3 2
881 386 2 5 3 2 3
881 388 4 4 3 2 2
881 400 1 5 3 3 2
881 406 3 5 4 3 2
881 428 3 5 3 3 2
881 430 2 5 4 3 2
881 452 3 5 3 2 3
881 454 2 5 3 3 2
881 482 3 5 3 2 3
881 484 2 5 3 4 1
881 496 3 5 3 2 3
881 522 4 3 4 2 1
881 524 1 5 3 2 3
881 526 2 5 3 3 2
881 536 1 5 3 2 3
881 554 1 5 3 3 2
881 562 2 5 3 3 2
881 582 2 5 4 3 2
881 596 3 5 3 2 3
881 600 4 2 4 1 1
881 614 1 5 3 3 2
881 622 4 4 3 2 2
881 626 2 5 3 2 3
881 634 3 5 3 3 2
881 664 1 5 3 3 2
881 666 1 5 4 3 2
881 668 4 3 3 1 2
881 672 4 3 4 1 2
881 694 2 5 3 3 2
881 734 1 5 3 3 2
881 736 2 5 3 3 2
881 764 1 5 3 3 2
881 778 4 4 3 3 1
881 782 4 3 4 1 2
881 796 3 5 3 3 2
881 804 4 4 4 2 2
881 824 2 5 3 3 2
881 828 4 2 4 1 1
881 848 2 5 3 3 2
881 862 4 4 3 3 1
882 59 4 2 4 1 1
882 179 4 3 4 1 2
882 221 4 2 5 1 1
882 289 4 2 4 1 1
882 331 4 3 4 1 2
882 349 4 3 4 1 2
882 361 4 3 4 2 1
882 439 4 2 4 1 1
882 491 4 3 4 1 2
882 517 4 3 5 1 2
882 569 4 2 4 1 1
882 739 4 3 4 1 2
882 841 4 2 4 1 1
882 869 4 3 5 2 1
883 14 3 5 3 3 2
883 22 1 5 3 2 3
883 32 2 5 2 3 2
883 34 4 4 3 2 2
883 52 1 5 3 3 2
883 92 1 5 3 3 2
883 96 4 3 3 2 1
883 104 3 5 3 3 2
883 106 3 5 3 2 3
883 116 4 4 3 2 2
883 118 3 6 3 3 3
883 124 2 5 3 2 3
883 142 1 5 3 2 3
883 152 1 5 3 3 2
883 162 1 5 3 3 2
883 174 4 3 4 2 1
883 188 1 5 3 3 2
883 190 2 5 4 2 3
883 202 3 5 3 3 2
883 212 2 5 3 3 2
883 218 1 5 3 2 3
883 232 2 5 3 2 3
883 238 2 5 4 2 3
883 248 1 5 3 3 2
883 256 2 5 2 2 3
883 272 2 6 3 4 2
883 274 2 5 3 2 3
883 302 2 5 3 3 2
883 322 2 5 4 2 3
883 328 2 5 3 2 3
883 338 1 5 3 3 2
883 346 4 3 3 1 2
883 352 2 5 3 3 2
883 356 3 5 3 3 2
883 358 2 5 3 2 3
883 382 2 5 3 3 2
883 388 2 5 3 2 3
883 398 2 5 3 3 2
883 412 2 5 3 3 2
883 414 4 3 4 1 2
883 424 4 3 3 1 2
883 428 2 6 3 3 3
883 434 4 3 4 2 1
883 446 4 4 3 2 2
883 454 2 5 3 2 3
883 470 1 5 4 3 2
883 474 4 3 4 2 1
883 476 4 4 4 2 2
883 482 2 5 3 4 1
883 512 2 5 2 3 2
883 538 2 5 3 2 3
883 540 4 2 4 1 1
883 542 2 5 3 3 2
883 554 4 4 3 2 2
883 560 1 5 4 3 2
883 580 2 5 4 3 2
883 596 2 5 3 3 2
883 608 3 5 3 3 2
883 616 4 3 4 1 2
883 622 3 5 3 3 2
883 652 2 5 3 2 3
883 662 1 5 3 3 2
883 664 3 5 3 3 2
883 668 3 5 3 3 2
883 684 4 2 4 1 1
883 698 1 5 3 3 2
883 710 4 3 4 2 1
883 712 1 5 3 3 2
883 722 2 5 3 3 2
883 736 4 3 3 1 2
883 746 4 3 3 2 1
883 772 4 4 3 2 2
883 778 3 5 3 2 3
883 786 4 2 4 1 1
883 846 4 4 4 3 1
883 854 4 3 4 2 1
883 866 4 4 3 3 1
884 19 1 5 4 3 2
884 29 1 5 4 2 3
884 59 2 5 4 2 3
884 79 1 5 4 2 3
884 89 1 5 4 2 3
884 103 3 5 4 3 2
884 121 2 5 4 3 2
884 131 2 5 4 3 2
884 139 3 5 4 3 2
884 161 2 5 5 3 2
884 181 2 5 4 3 2
884 191 2 5 4 2 3
884 229 1 5 4 3 2
884 257 2 5 4 2 3
884 271 1 5 4 4 1
884 275 1 5 5 2 3
884 301 1 5 5 3 2
884 359 2 5 4 2 3
884 383 4 4 4 2 2
884 389 2 5 4 2 3
884 401 1 5 4 2 3
884 411 2 5 5 3 2
884 449 2 5 4 2 3
884 457 4 4 4 2 2
884 469 2 5 5 3 2
884 499 2 5 4 2 3
884 551 2 5 5 3 2
884 565 1 5 5 3 2
884 579 2 5 5 3 2
884 603 4 2 5 1 1
884 631 2 5 4 3 2
884 649 2 5 5 3 2
884 653 3 5 4 2 3
884 667 2 5 5 3 2
884 719 2 5 4 2 3
884 727 4 3 4 2 1
884 751 1 5 4 3 2
884 761 2 5 4 3 2
884 769 2 5 4 3 2
884 777 4 3 6 2 1
884 821 2 5 4 3 2
885 268 4 2 5 1 1
885 574 4 2 6 1 1
886 11 2 5 3 3 2
886 17 2 5 3 3 2
886 31 2 5 3 2 3
886 47 4 3 3 2 1
886 49 3 5 3 3 2
886 71 2 5 3 3 2
886 83 3 5 3 3 2
886 101 2 5 3 3 2
886 109 1 5 3 2 3
886 115 1 5 4 3 2
886 119 2 5 4 3 2
886 121 1 5 3 2 3
886 127 4 4 3 1 3
886 133 4 3 4 1 2
886 137 2 5 3 3 2
886 149 1 5 3 3 2
886 151 1 5 3 2 3
886 171 1 5 4 2 3
886 179 3 5 3 3 2
886 181 1 5 3 2 3
886 185 4 4 4 3 1
886 193 2 5 3 2 3
886 197 4 4 3 2 2
886 199 2 5 3 3 2
886 219 1 5 4 3 2
886 221 2 5 4 2 3
886 235 2 5 4 2 3
886 241 2 5 3 2 3
886 247 4 4 4 2 2
886 259 2 5 4 2 3
886 263 4 4 3 2 2
886 269 1 5 3 4 1
886 271 2 5 3 2 3
886 291 3 5 4 2 3
886 311 2 5 3 3 2
886 325 2 5 4 2 3
886 335 2 5 4 3 2
886 349 3 5 3 3 2
886 353 3 5 3 3 2
886 359 2 5 3 3 2
886 361 3 5 3 2 3
886 379 1 5 3 3 2
886 383 4 3 3 2 1
886 387 4 3 4 2 1
886 389 2 5 3 3 2
886 393 4 3 4 1 2
886 401 2 5 3 3 2
886 409 1 5 3 3 2
886 413 4 4 4 2 2
886 417 4 3 4 1 2
886 431 2 5 3 2 3
886 449 1 5 3 3 2
886 451 3 5 4 2 3
886 457 2 5 3 2 3
886 479 2 6 3 4 2
886 501 3 5 4 2 3
886 509 2 5 3 3 2
886 521 2 5 3 3 2
886 529 2 5 3 2 3
886 533 4 4 4 3 1
886 543 4 2 4 1 1
886 553 4 3 4 1 2
886 557 3 5 3 3 2
886 563 3 5 3 3 2
886 569 4 4 3 3 1
886 571 2 5 3 2 3
886 577 3 5 3 3 2
886 587 4 4 3 2 2
886 599 2 5 3 3 2
886 619 2 5 3 3 2
886 631 1 5 3 2 3
886 655 2 5 4 2 3
886 661 1 5 3 3 2
886 665 2 5 5 3 2
886 691 3 5 3 2 3
886 709 2 5 3 3 2
886 731 2 5 4 3 2
886 757 4 4 3 2 2
886 767 3 5 4 3 2
886 783 4 2 4 1 1
886 791 2 5 4 3 2
886 807 4 2 4 1 1
886 809 2 5 3 3 2
886 881 4 4 3 3 1
887 2 2 5 2 2 3
887 16 2 5 2 3 2
887 26 2 5 3 2 3
887 62 1 5 3 2 3
887 68 3 5 3 2 3
887 70 2 5 4 3 2
887 76 4 3 3 2 1
887 80 4 3 3 1 2
887 82 1 6 3 3 3
887 88 2 5 3 3 2
887 92 1 5 3 2 3
887 128 2 6 2 3 3
887 154 4 3 4 2 1
887 172 1 5 3 2 3
887 184 3 5 3 3 2
887 194 2 5 3 2 3
887 198 2 5 4 3 2
887 208 2 5 3 3 2
887 216 4 3 3 1 2
887 218 2 5 3 3 2
887 224 3 5 3 2 3
887 260 3 5 4 2 3
887 268 2 5 3 4 1
887 272 1 5 3 2 3
887 278 1 5 3 2 3
887 284 4 3 3 1 2
887 292 1 5 3 2 3
887 298 2 5 3 3 2
887 302 3 5 3 2 3
887 314 4 3 3 1 2
887 322 2 5 4 3 2
887 332 2 5 3 2 3
887 334 2 5 3 3 2
887 348 2 5 4 3 2
887 352 2 5 3 3 2
887 376 4 4 3 2 2
887 386 4 4 3 2 2
887 394 2 5 3 3 2
887 418 2 5 4 3 2
887 422 3 6 3 3 3
887 452 1 5 3 2 3
887 458 2 5 3 2 3
887 478 2 5 3 4 1
887 488 2 5 3 2 3
887 502 2 5 3 2 3
887 530 1 5 4 2 3
887 532 2 5 4 3 2
887 548 2 5 3 3 2
887 562 2 5 3 3 2
887 568 1 5 3 3 2
887 586 4 4 3 2 2
887 592 1 5 3 3 2
887 608 2 5 3 3 2
887 614 2 5 3 2 3
887 624 4 2 4 1 1
887 628 1 5 3 3 2
887 632 2 5 3 2 3
887 668 4 4 3 2 2
887 674 4 4 3 2 2
887 704 4 4 3 2 2
887 712 2 5 3 3 2
887 726 5 3 4 1 2
887 728 2 5 4 3 2
887 746 4 4 3 2 2
887 758 2 5 3 3 2
887 772 1 5 3 3 2
887 796 3 5 3 3 2
887 804 4 3 4 2 1
887 808 4 4 3 3 1
887 818 1 5 3 3 2
887 842 2 5 3 3 2
887 856 4 4 3 3 1
888 19 4 3 4 1 2
888 71 4 4 4 2 2
888 113 2 5 4 3 2
888 157 2 5 4 3 2
888 161 4 2 5 1 1
888 217 1 5 5 3 2
888 223 2 5 4 2 3
888 331 4 3 4 2 1
888 377 2 5 5 3 2
888 409 4 2 4 1 1
888 419 4 3 4 1 2
888 503 1 5 4 2 3
888 511 4 3 5 1 2
888 547 1 5 4 3 2
888 679 4 3 5 1 2
888 709 4 2 4 1 1
888 727 2 5 4 3 2
888 761 4 3 4 2 1
888 799 4 3 5 2 1
889 4 2 5 3 2 3
889 34 2 5 4 2 3
889 46 2 5 4 3 2
889 86 2 5 4 3 2
889 88 4 3 4 1 2
889 134 2 5 4 3 2
889 142 4 3 4 1 2
889 148 3 5 4 2 3
889 170 4 3 5 2 1
889 176 1 5 4 3 2
889 184 2 5 4 2 3
889 226 1 5 4 2 3
889 228 4 2 5 1 1
889 244 1 5 4 2 3
889 284 1 5 4 3 2
889 346 2 5 4 3 2
889 352 4 4 4 2 2
889 356 2 5 4 3 2
889 376 3 5 4 3 2
889 402 4 2 5 1 1
889 416 2 5 4 3 2
889 424 3 5 4 2 3
889 428 4 3 4 2 1
889 454 2 5 4 2 3
889 460 2 5 5 2 3
889 464 1 5 4 3 2
889 554 1 5 4 3 2
889 558 4 2 5 1 1
889 566 2 5 4 3 2
889 568 4 4 4 2 2
889 590 2 5 5 3 2
889 598 4 3 5 1 2
889 662 4 4 4 3 1
889 706 2 5 4 3 2
889 746 3 5 4 3 2
889 768 4 2 4 1 1
889 792 4 2 5 1 1
889 794 3 5 4 3 2
889 808 4 2 4 1 1
890 97 3 5 4 3 2
890 111 2 5 5 3 2
890 113 3 5 4 2 3
890 223 2 5 4 3 2
890 241 1 5 4 3 2
890 307 1 5 4 3 2
890 329 2 5 5 2 3
890 331 2 5 4 3 2
890 397 2 5 4 3 2
890 419 2 5 4 3 2
890 421 1 5 4 3 2
890 461 2 5 4 2 3
890 463 1 5 4 3 2
890 589 3 5 5 3 2
890 617 3 5 4 2 3
890 641 4 3 4 1 2
890 643 1 5 4 3 2
890 789 4 3 5 2 1
890 823 4 3 4 2 1
890 839 2 5 4 3 2
891 82 4 3 4 2 1
891 124 2 5 4 3 2
891 142 4 3 4 1 2
891 194 3 5 4 3 2
891 212 4 3 4 1 2
891 278 4 3 4 2 1
891 368 4 2 4 1 1
891 386 4 3 4 1 2
891 542 4 2 4 1 1
891 568 4 3 4 1 2
891 604 2 5 4 3 2
891 628 4 3 4 2 1
891 656 1 5 4 3 2
891 758 4 4 4 2 2
891 832 4 2 4 1 1
891 878 4 3 4 2 1
892 7 1 5 3 2 3
892 23 1 5 3 3 2
892 31 2 5 3 2 3
892 43 2 5 3 3 2
892 49 4 3 3 1 2
892 61 4 3 3 1 2
892 67 3 5 3 2 3
892 73 1 5 3 2 3
892 77 3 5 4 3 2
892 87 3 5 4 2 3
892 97 1 5 3 2 3
892 109 3 5 3 3 2
892 113 3 5 3 3 2
892 115 3 5 4 2 3
892 131 4 4 3 3 1
892 133 2 5 4 2 3
892 143 1 5 4 3 2
892 151 3 5 3 2 3
892 179 2 5 3 3 2
892 187 2 5 4 2 3
892 193 1 5 3 3 2
892 203 1 5 4 3 2
892 209 4 3 4 2 1
892 213 3 5 4 3 2
892 221 2 5 4 3 2
892 227 1 5 3 2 3
892 229 3 5 3 2 3
892 235 4 4 4 2 2
892 241 2 5 3 2 3
892 247 2 5 4 2 3
892 261 4 2 4 1 1
892 263 2 6 3 4 2
892 265 1 5 4 2 3
892 277 1 5 3 2 3
892 281 2 5 3 3 2
892 283 2 5 3 2 3
892 287 4 4 4 2 2
892 297 2 5 4 2 3
892 307 2 5 3 2 3
892 317 2 5 3 3 2
892 321 4 2 4 1 1
892 343 2 5 3 3 2
892 347 1 5 3 3 2
892 353 1 5 3 3 2
892 359 4 4 3 2 2
892 373 1 5 3 3 2
892 389 4 4 3 3 1
892 395 1 5 4 3 2
892 403 2 5 4 3 2
892 417 2 5 4 3 2
892 419 3 5 3 3 2
892 437 1 5 4 2 3
892 457 3 5 3 2 3
892 461 4 4 3 3 1
892 463 1 5 3 2 3
892 473 2 5 4 4 1
892 493 2 5 4 2 3
892 515 2 5 4 3 2
892 519 4 3 4 2 1
892 525 4 3 5 2 1
892 527 1 5 4 3 2
892 551 3 5 4 3 2
892 557 1 5 3 3 2
892 563 2 5 3 3 2
892 571 3 5 3 3 2
892 577 2 5 3 2 3
892 587 1 5 3 3 2
892 593 2 5 3 3 2
892 613 2 5 3 3 2
892 637 2 5 4 2 3
892 641 4 4 3 3 1
892 649 4 3 4 2 1
892 651 4 2 5 1 1
892 655 2 5 4 3 2
892 683 2 5 3 3 2
892 689 3 5 4 3 2
892 697 2 5 4 2 3
892 699 4 3 4 2 1
892 703 3 5 4 3 2
892 707 1 5 4 3 2
892 729 4 2 3 1 1
892 773 1 5 3 3 2
892 787 2 5 3 2 3
892 801 4 3 4 1 2
892 809 4 3 3 2 1
892 831 4 2 4 1 1
892 837 2 5 4 3 2
892 857 2 5 3 3 2
892 869 4 3 4 2 1
893 4 3 5 3 3 2
893 8 2 5 3 2 3
893 22 1 5 4 3 2
893 32 3 5 3 2 3
893 42 3 5 5 3 2
893 44 4 3 4 1 2
893 88 2 5 4 2 3
893 104 4 3 4 1 2
893 108 2 5 4 3 2
893 112 1 5 4 3 2
893 122 2 5 4 3 2
893 124 4 3 4 2 1
893 130 2 5 5 3 2
893 134 4 5 4 2 3
893 172 2 5 4 3 2
893 178 2 6 4 3 3
893 206 4 4 4 2 2
893 212 1 5 4 3 2
893 238 1 5 5 3 2
893 240 4 3 5 2 1
893 242 2 5 4 2 3
893 246 4 3 5 2 1
893 248 1 5 4 2 3
893 254 4 4 4 2 2
893 262 1 5 4 4 1
893 284 2 5 4 2 3
893 298 2 5 4 2 3
893 328 2 5 4 3 2
893 332 2 5 4 2 3
893 344 4 3 4 1 2
893 368 3 5 4 2 3
893 382 1 5 4 3 2
893 388 2 5 4 3 2
893 396 4 3 5 1 2
893 412 2 5 4 3 2
893 416 2 5 4 3 2
893 442 2 5 5 3 2
893 458 2 5 4 2 3
893 464 2 5 4 2 3
893 472 1 5 4 4 1
893 474 4 2 5 1 1
893 502 2 5 4 3 2
893 508 3 5 4 2 3
893 542 2 5 4 3 2
893 548 2 5 4 2 3
893 566 4 3 4 1 2
893 592 2 5 4 3 2
893 598 1 5 5 3 2
893 602 1 5 5 3 2
893 614 4 4 4 2 2
893 620 2 5 5 2 3
893 636 4 3 5 2 1
893 640 2 5 4 3 2
893 644 4 4 5 2 2
893 662 2 5 4 2 3
893 682 4 4 5 3 1
893 688 2 5 4 3 2
893 696 4 3 5 2 1
893 698 2 5 4 2 3
893 706 2 5 4 3 2
893 734 4 3 4 1 2
893 784 4 4 4 3 1
893 802 2 5 4 3 2
893 814 4 3 5 2 1
893 826 4 3 5 2 1
893 852 4 3 5 2 1
893 856 4 4 4 3 1
893 878 2 5 4 3 2
894 37 4 3 4 2 1
894 113 4 4 4 2 2
894 179 2 5 4 2 3
894 191 1 5 4 3 2
894 193 4 2 4 1 1
894 223 4 3 4 1 2
894 263 4 3 4 2 1
894 317 4 3 4 2 1
894 341 2 5 5 3 2
894 353 4 3 4 2 1
894 379 4 4 4 2 2
894 401 2 5 4 3 2
894 439 1 5 4 2 3
894 487 4 3 4 1 2
894 509 2 5 4 2 3
894 569 1 5 4 3 2
894 623 4 3 5 2 1
894 665 4 2 6 1 1
894 691 4 4 4 2 2
894 751 2 5 4 3 2
894 793 4 3 5 2 1
895 2 2 5 3 3 2
895 62 3 5 4 3 2
895 92 2 5 4 3 2
895 106 3 5 4 3 2
895 128 1 5 3 3 2
895 232 1 5 4 2 3
895 244 3 5 4 2 3
895 314 2 5 4 3 2
895 344 2 5 4 3 2
895 414 2 5 5 3 2
895 432 4 2 4 1 1
895 458 2 5 4 3 2
895 496 1 5 4 2 3
895 524 1 5 4 3 2
895 554 2 5 4 3 2
895 568 3 5 4 3 2
895 596 2 5 4 3 2
895 622 2 5 4 2 3
895 634 4 4 4 2 2
895 686 3 5 4 3 2
895 874 4 4 5 2 2
896 1 2 5 2 3 2
896 61 2 5 3 3 2
896 79 2 5 3 3 2
896 131 1 5 3 2 3
896 149 1 5 3 3 2
896 167 4 2 3 1 1
896 173 4 3 3 1 2
896 177 4 3 4 2 1
896 181 2 5 3 2 3
896 199 1 5 3 3 2
896 209 2 5 4 3 2
896 233 4 4 3 1 3
896 251 1 5 3 2 3
896 269 2 5 3 2 3
896 281 2 5 3 2 3
896 307 4 4 3 2 2
896 311 1 5 3 2 3
896 313 3 5 3 3 2
896 369 2 5 4 3 2
896 379 2 5 3 3 2
896 391 1 5 4 3 2
896 415 2 5 4 3 2
896 433 4 3 3 2 1
896 461 2 5 3 2 3
896 467 3 5 3 2 3
896 473 4 3 4 1 2
896 507 4 3 4 2 1
896 577 4 4 3 2 2
896 587 4 3 3 1 2
896 599 1 5 3 3 2
896 603 4 2 4 1 1
896 611 1 5 4 2 3
896 641 2 5 3 2 3
896 643 4 4 3 2 2
896 645 4 3 5 2 1
896 649 3 5 4 3 2
896 677 4 4 3 2 2
896 683 4 3 3 1 2
896 709 2 5 3 3 2
896 719 1 5 3 3 2
896 733 4 3 3 2 1
896 751 4 4 3 2 2
896 781 1 5 4 3 2
896 809 2 5 3 3 2
896 827 4 3 3 1 2
896 837 4 2 4 1 1
896 853 4 4 3 3 1
896 863 4 3 3 1 2
896 877 4 3 3 2 1
897 86 4 2 5 1 1
897 118 3 5 5 3 2
897 148 2 5 5 3 2
897 256 4 2 4 1 1
897 302 1 5 5 2 3
897 412 2 5 5 3 2
897 424 4 3 5 1 2
897 686 4 2 5 1 1
898 1 2 5 2 2 3
898 5 4 5 3 3 2
898 37 2 6 3 3 3
898 47 2 5 3 3 2
898 99 4 3 4 1 2
898 103 1 6 3 3 3
898 107 2 5 3 3 2
898 117 1 5 4 3 2
898 139 2 5 3 2 3
898 157 2 5 3 2 3
898 167 2 5 3 3 2
898 173 2 5 3 3 2
898 183 2 5 4 2 3
898 187 3 5 4 3 2
898 199 4 3 3 1 2
898 209 4 4 4 2 2
898 229 4 4 3 2 2
898 233 3 6 3 3 3
898 235 2 5 4 2 3
898 247 1 5 4 2 3
898 249 4 4 4 2 2
898 257 1 5 3 4 1
898 271 3 5 3 2 3
898 275 1 5 4 3 2
898 281 4 3 3 2 1
898 287 1 5 4 3 2
898 301 4 4 4 2 2
898 313 2 5 3 2 3
898 323 3 5 4 3 2
898 337 2 6 3 3 3
898 343 2 5 3 2 3
898 347 2 5 3 3 2
898 367 1 5 3 3 2
898 369 4 3 4 2 1
898 373 2 5 3 2 3
898 383 1 5 3 3 2
898 397 2 5 3 3 2
898 413 3 5 4 3 2
898 415 2 5 4 2 3
898 421 4 3 3 1 2
898 443 1 5 3 2 3
898 447 4 4 4 2 2
898 467 2 5 3 4 1
898 481 4 4 4 2 2
898 499 3 5 3 2 3
898 513 1 5 4 2 3
898 521 3 5 3 3 2
898 527 1 5 4 3 2
898 539 4 3 4 2 1
898 541 4 4 3 1 3
898 557 1 5 3 3 2
898 565 1 5 4 3 2
898 569 4 4 3 2 2
898 593 3 5 3 3 2
898 597 3 5 4 3 2
898 607 2 5 3 3 2
898 643 2 5 3 2 3
898 649 2 5 4 3 2
898 651 4 3 5 1 2
898 653 2 5 3 3 2
898 667 3 5 4 2 3
898 677 1 5 3 3 2
898 683 1 5 3 3 2
898 697 2 5 4 3 2
898 733 3 5 3 2 3
898 737 3 5 4 3 2
898 749 4 3 4 2 1
898 755 1 5 4 3 2
898 779 3 5 4 3 2
898 793 2 5 4 2 3
898 807 1 5 4 3 2
898 811 4 3 3 1 2
898 879 4 2 4 1 1
898 887 3 5 3 4 1
899 2 2 5 3 2 3
899 4 1 5 3 3 2
899 8 4 3 3 1 2
899 14 2 5 4 2 3
899 42 4 2 5 1 1
899 44 1 5 4 2 3
899 68 4 3 4 1 2
899 74 1 5 4 2 3
899 80 1 5 4 2 3
899 94 3 5 4 2 3
899 104 1 5 4 2 3
899 106 1 5 4 3 2
899 128 4 4 3 2 2
899 136 1 5 4 3 2
899 146 2 5 4 3 2
899 158 3 5 4 2 3
899 178 4 4 4 2 2
899 184 2 5 4 2 3
899 196 2 5 4 3 2
899 206 1 6 4 3 3
899 214 2 5 4 3 2
899 234 1 5 5 2 3
899 236 1 5 4 2 3
899 256 2 5 3 4 1
899 284 1 5 4 2 3
899 298 4 4 4 3 1
899 302 4 3 4 1 2
899 304 3 5 4 2 3
899 328 4 3 4 2 1
899 340 2 5 5 3 2
899 344 1 5 4 2 3
899 346 2 5 4 3 2
899 366 3 5 5 3 2
899 374 3 5 5 2 3
899 378 4 2 5 1 1
899 382 3 5 4 3 2
899 388 2 5 4 3 2
899 410 1 5 5 3 2
899 416 3 5 4 2 3
899 444 2 5 5 2 3
899 452 4 4 4 2 2
899 454 1 5 4 3 2
899 466 2 5 4 4 1
899 478 4 3 4 2 1
899 484 4 4 4 2 2
899 508 2 5 4 3 2
899 514 1 5 4 2 3
899 536 3 5 4 3 2
899 542 3 5 4 2 3
899 544 1 5 4 3 2
899 564 2 5 5 3 2
899 588 4 2 5 1 1
899 596 1 5 4 3 2
899 614 2 5 4 2 3
899 626 1 5 4 2 3
899 634 2 5 4 3 2
899 646 1 5 5 3 2
899 652 2 5 4 3 2
899 704 2 5 4 2 3
899 716 2 5 4 3 2
899 734 1 5 4 2 3
899 746 1 5 4 3 2
899 766 3 5 4 3 2
899 784 1 5 4 3 2
899 822 4 3 5 1 2
899 830 2 5 5 3 2
899 842 4 3 4 1 2
899 844 1 5 4 3 2
899 886 1 5 4 4 1
900 101 1 5 4 3 2
900 557 4 3 4 2 1
900 647 2 5 4 3 2
901 2 3 5 3 3 2
901 4 2 5 3 2 3
901 16 1 5 3 2 3
901 32 4 4 3 2 2
901 56 1 5 4 3 2
901 86 2 5 4 3 2
901 100 1 5 4 3 2
901 122 3 5 4 3 2
901 124 2 5 4 2 3
901 134 1 5 4 3 2
901 142 2 5 4 2 3
901 164 2 5 4 3 2
901 166 2 5 4 2 3
901 184 1 5 4 3 2
901 194 2 5 4 3 2
901 228 4 2 5 1 1
901 230 2 5 5 3 2
901 236 2 5 4 2 3
901 254 2 5 4 4 1
901 256 2 5 3 2 3
901 274 2 5 4 2 3
901 292 4 4 4 1 3
901 296 2 5 4 3 2
901 320 2 5 4 3 2
901 334 2 5 4 3 2
901 346 1 5 4 2 3
901 364 1 5 5 3 2
901 386 2 5 4 3 2
901 394 2 5 4 3 2
901 404 1 5 4 3 2
901 422 4 3 4 2 1
901 436 2 5 4 2 3
901 446 1 5 4 2 3
901 448 4 4 4 2 2
901 464 1 6 4 4 2
901 488 4 4 4 2 2
901 494 2 5 5 3 2
901 502 3 5 4 2 3
901 506 1 5 5 3 2
901 516 2 5 5 2 3
901 524 2 5 4 3 2
901 552 4 2 5 1 1
901 556 2 5 4 2 3
901 562 2 5 4 3 2
901 604 3 5 4 3 2
901 614 2 5 4 3 2
901 616 2 5 5 2 3
901 628 3 5 4 2 3
901 662 4 3 4 2 1
901 694 2 5 4 3 2
901 698 2 5 4 3 2
901 716 1 5 4 3 2
901 758 2 5 4 3 2
901 788 4 3 4 2 1
901 824 2 5 4 3 2
901 852 4 2 5 1 1
901 866 1 5 4 3 2
902 1 3 5 3 3 2
902 13 2 5 4 3 2
902 21 4 3 5 2 1
902 47 3 5 4 2 3
902 51 4 3 5 1 2
902 67 1 5 4 3 2
902 83 3 5 4 2 3
902 85 2 5 5 3 2
902 97 1 5 4 2 3
902 101 4 4 4 2 2
902 103 2 5 4 3 2
902 113 2 5 4 3 2
902 125 1 5 4 2 3
902 129 4 2 5 1 1
902 181 4 4 4 2 2
902 191 4 3 4 1 2
902 197 2 5 4 2 3
902 203 2 5 5 3 2
902 237 1 5 5 2 3
902 239 3 5 4 2 3
902 257 1 5 4 2 3
902 259 4 3 5 2 1
902 293 3 5 4 2 3
902 307 2 6 4 3 3
902 317 2 5 4 2 3
902 337 3 5 4 3 2
902 343 2 5 4 3 2
902 409 2 5 4 3 2
902 433 1 5 4 3 2
902 437 2 5 5 2 3
902 447 2 5 5 2 3
902 463 2 5 4 4 1
902 471 4 2 5 1 1
902 503 2 5 4 2 3
902 547 2 5 4 3 2
902 571 4 3 4 2 1
902 577 1 5 4 3 2
902 593 2 5 4 3 2
902 599 4 4 4 2 2
902 603 2 5 5 3 2
902 617 1 5 4 2 3
902 631 4 4 4 3 1
902 643 1 5 4 3 2
902 659 4 3 4 2 1
902 701 4 4 4 2 2
902 713 2 5 5 3 2
902 743 2 5 4 3 2
902 757 2 5 4 3 2
902 761 4 3 4 1 2
902 827 1 5 4 3 2
902 831 4 2 5 1 1
902 871 4 3 5 2 1
902 883 2 5 4 4 1
903 32 2 5 4 3 2
903 74 4 2 5 1 1
903 164 4 3 5 2 1
903 386 4 3 5 1 2
903 394 4 2 5 1 1
903 416 4 2 5 1 1
903 464 4 2 5 1 1
903 484 4 3 5 2 1
903 524 4 2 5 1 1
903 620 4 2 6 1 1
903 706 5 2 5 1 1
903 724 4 2 5 1 1
903 776 4 3 5 2 1
903 802 4 4 5 3 1
904 1 2 5 2 2 3
904 11 1 5 3 3 2
904 19 2 5 3 2 3
904 31 3 5 3 3 2
904 53 2 5 3 3 2
904 71 2 5 3 3 2
904 85 2 5 4 2 3
904 97 3 5 3 3 2
904 99 2 5 4 2 3
904 101 1 5 3 3 2
904 111 1 5 4 3 2
904 119 2 5 4 3 2
904 139 3 5 3 2 3
904 141 3 5 4 3 2
904 143 4 3 4 2 1
904 147 4 2 4 1 1
904 163 3 5 3 2 3
904 167 3 5 3 3 2
904 169 1 5 3 2 3
904 181 2 5 3 3 2
904 191 3 5 3 3 2
904 201 2 5 4 3 2
904 209 3 5 4 3 2
904 211 2 5 3 2 3
904 239 1 5 3 2 3
904 241 1 5 3 2 3
904 243 4 3 3 2 1
904 251 2 5 3 4 1
904 253 3 5 4 2 3
904 269 3 5 3 3 2
904 277 4 4 3 1 3
904 281 3 5 3 3 2
904 293 3 5 3 3 2
904 295 2 5 4 2 3
904 331 1 5 3 3 2
904 343 3 5 3 2 3
904 349 2 5 3 2 3
904 361 2 5 3 3 2
904 371 1 5 4 3 2
904 377 3 5 4 3 2
904 387 4 3 4 1 2
904 391 3 5 4 3 2
904 407 3 5 4 3 2
904 409 1 5 3 2 3
904 421 1 5 3 2 3
904 431 2 5 3 3 2
904 433 4 4 3 2 2
904 437 4 3 4 2 1
904 439 1 5 3 2 3
904 449 1 6 3 3 3
904 461 2 5 3 4 1
904 475 2 5 4 2 3
904 491 2 5 3 3 2
904 503 4 4 3 3 1
904 537 4 3 4 2 1
904 539 2 5 4 3 2
904 559 2 6 4 3 3
904 575 1 5 4 3 2
904 581 2 5 4 3 2
904 601 1 5 3 3 2
904 607 5 3 3 1 2
904 629 1 5 4 3 2
904 631 2 5 3 2 3
904 633 4 3 4 2 1
904 643 2 5 3 3 2
904 673 3 5 3 2 3
904 691 2 5 3 3 2
904 695 2 5 4 3 2
904 701 2 5 3 3 2
904 739 2 5 3 2 3
904 743 4 4 3 2 2
904 749 1 5 4 3 2
904 761 2 5 3 3 2
904 777 4 2 5 1 1
904 797 4 3 3 2 1
904 799 2 5 4 2 3
904 839 2 5 3 3 2
904 843 4 2 4 1 1
904 881 1 5 3 4 1
905 8 2 5 3 2 3
905 14 4 3 4 1 2
905 44 2 5 4 2 3
905 208 1 5 4 3 2
905 226 2 5 4 3 2
905 242 2 5 4 2 3
905 254 2 5 4 2 3
905 268 2 5 4 3 2
905 278 2 5 4 2 3
905 316 2 5 4 3 2
905 324 4 3 4 1 2
905 404 2 5 4 3 2
905 502 2 5 4 3 2
905 506 3 5 5 2 3
905 514 2 5 4 3 2
905 586 2 5 4 3 2
905 632 1 5 4 2 3
905 646 2 5 5 3 2
905 768 4 3 4 2 1
905 772 2 5 4 3 2
905 866 3 5 4 3 2
906 7 4 4 4 2 2
906 71 4 3 4 1 2
906 77 4 2 5 1 1
906 97 4 3 4 2 1
906 101 1 5 4 2 3
906 139 3 5 4 3 2
906 199 2 5 4 3 2
906 241 4 5 4 2 3
906 293 4 3 4 2 1
906 343 4 2 4 1 1
906 389 2 5 4 3 2
906 451 2 5 5 2 3
906 487 4 3 4 2 1
906 529 2 5 4 3 2
906 577 4 3 4 1 2
906 641 2 5 4 3 2
906 643 4 2 4 1 1
906 677 4 2 4 1 1
906 683 4 3 4 2 1
906 689 2 5 5 3 2
906 737 4 3 5 2 1
906 743 4 3 4 2 1
906 877 4 2 4 1 1
907 8 1 5 2 3 2
907 10 2 5 3 2 3
907 24 4 3 3 2 1
907 28 3 5 3 3 2
907 34 4 3 3 1 2
907 38 3 5 3 3 2
907 44 4 3 3 2 1
907 52 1 5 3 2 3
907 62 1 5 3 3 2
907 82 2 5 3 2 3
907 88 2 5 3 2 3
907 94 2 5 3 3 2
907 108 2 5 3 3 2
907 116 2 5 3 3 2
907 128 3 5 2 3 2
907 130 2 5 4 2 3
907 148 1 5 3 2 3
907 154 4 3 4 1 2
907 158 3 5 3 3 2
907 166 3 5 3 2 3
907 172 1 5 3 2 3
907 180 4 2 4 1 1
907 192 1 5 3 2 3
907 194 4 4 3 2 2
907 214 3 5 3 2 3
907 242 2 5 3 2 3
907 248 2 5 3 4 1
907 262 4 5 3 2 3
907 278 2 5 3 3 2
907 292 1 5 3 2 3
907 298 1 5 3 2 3
907 302 1 5 3 3 2
907 312 2 5 4 2 3
907 328 2 5 3 3 2
907 332 3 5 3 3 2
907 336 4 3 4 2 1
907 346 2 5 3 2 3
907 358 1 5 3 3 2
907 368 2 5 3 3 2
907 374 2 5 4 3 2
907 380 1 5 4 3 2
907 384 4 2 3 1 1
907 388 2 5 3 3 2
907 402 1 5 4 3 2
907 414 4 3 4 1 2
907 442 2 5 4 2 3
907 444 4 3 4 2 1
907 452 3 5 3 2 3
907 458 2 5 3 4 1
907 466 4 3 3 1 2
907 472 2 5 3 2 3
907 478 2 5 3 2 3
907 484 4 4 3 2 2
907 496 4 4 3 2 2
907 500 2 5 3 3 2
907 508 1 5 3 2 3
907 512 1 5 2 3 2
907 536 2 5 3 3 2
907 542 3 5 3 3 2
907 550 2 5 4 2 3
907 554 4 3 3 2 1
907 556 2 5 3 3 2
907 562 2 5 3 2 3
907 572 2 5 4 3 2
907 578 3 5 3 3 2
907 584 2 5 3 3 2
907 588 2 5 4 3 2
907 598 1 5 4 3 2
907 608 2 5 3 3 2
907 622 3 5 3 2 3
907 626 4 4 3 3 1
907 634 3 5 3 2 3
907 640 2 5 3 3 2
907 688 1 5 3 3 2
907 692 2 5 3 3 2
907 698 3 5 3 3 2
907 704 4 4 3 2 2
907 734 4 3 3 2 1
907 742 2 5 4 2 3
907 746 3 5 3 3 2
907 752 2 5 3 3 2
907 756 4 2 4 1 1
907 774 4 3 4 1 2
907 788 2 5 3 3 2
907 804 4 3 4 2 1
907 816 4 3 4 1 2
907 822 1 5 4 3 2
907 842 2 5 3 3 2
907 878 2 5 3 4 1
908 5 1 5 3 2 3
908 7 1 5 3 3 2
908 11 4 4 3 1 3
908 23 3 5 3 2 3
908 37 2 5 3 3 2
908 47 1 5 3 2 3
908 61 3 5 3 3 2
908 79 4 4 3 3 1
908 91 4 4 4 2 2
908 93 2 5 4 3 2
908 103 2 5 3 2 3
908 107 2 5 3 3 2
908 115 2 5 4 3 2
908 127 2 5 3 3 2
908 137 2 5 3 3 2
908 149 3 5 3 2 3
908 159 4 4 4 2 2
908 163 1 5 3 3 2
908 167 3 5 3 2 3
908 173 2 5 3 2 3
908 177 2 5 4 3 2
908 187 1 5 4 3 2
908 193 3 5 3 2 3
908 197 2 5 3 3 2
908 203 2 5 4 2 3
908 205 2 5 4 3 2
908 211 4 4 3 2 2
908 223 1 5 3 3 2
908 231 4 3 5 2 1
908 247 1 5 4 4 1
908 257 2 5 3 2 3
908 281 2 5 3 2 3
908 289 4 4 3 3 1
908 299 2 5 4 2 3
908 313 2 6 3 3 3
908 327 2 5 4 3 2
908 341 4 3 4 1 2
908 347 1 5 3 2 3
908 353 2 5 3 2 3
908 357 2 5 5 3 2
908 361 4 3 3 2 1
908 373 2 5 3 3 2
908 397 3 5 3 3 2
908 401 3 5 3 3 2
908 403 2 5 4 3 2
908 419 4 3 3 1 2
908 425 2 5 4 2 3
908 427 3 5 4 3 2
908 443 3 5 3 2 3
908 457 1 6 3 4 2
908 479 4 5 3 2 3
908 499 4 4 3 3 1
908 509 3 5 3 2 3
908 517 3 5 4 3 2
908 523 3 5 3 2 3
908 527 2 5 4 3 2
908 583 2 5 4 3 2
908 587 2 5 3 3 2
908 593 1 5 3 2 3
908 601 5 3 3 2 1
908 607 2 5 3 3 2
908 643 3 5 3 3 2
908 653 2 5 3 2 3
908 669 4 3 4 2 1
908 673 3 5 3 3 2
908 677 2 5 3 2 3
908 687 3 5 4 3 2
908 691 3 5 3 3 2
908 707 1 5 4 3 2
908 725 4 4 4 2 2
908 731 4 4 4 2 2
908 737 2 5 4 3 2
908 743 1 5 3 2 3
908 751 4 4 3 3 1
908 775 3 5 4 3 2
908 791 4 3 4 1 2
908 797 2 5 3 3 2
908 803 2 5 4 2 3
908 809 4 4 3 2 2
908 817 1 5 4 3 2
908 821 2 5 3 3 2
908 861 4 3 5 2 1
908 863 2 5 3 3 2
908 877 1 5 3 4 1
908 879 4 2 4 1 1
908 899 4 3 4 2 1
908 907 4 3 3 3 0
909 22 4 3 4 2 1
909 92 2 5 4 3 2
909 106 2 5 4 3 2
909 112 4 2 4 1 1
909 178 4 3 4 1 2
909 196 2 5 4 3 2
909 268 4 3 4 2 1
909 326 1 5 4 3 2
909 356 2 5 4 3 2
909 422 4 2 4 1 1
909 454 1 5 4 2 3
909 502 4 4 4 2 2
909 512 4 3 3 2 1
909 554 3 5 4 3 2
909 586 1 5 4 3 2
909 632 4 3 4 2 1
909 706 1 5 4 3 2
909 788 4 2 4 1 1
909 818 4 4 4 2 2
909 866 4 3 4 2 1
910 59 2 5 5 3 2
910 569 1 5 5 3 2
911 14 1 5 3 2 3
911 18 4 3 3 1 2
911 28 4 3 3 2 1
911 46 2 5 3 3 2
911 64 2 5 2 3 2
911 76 2 5 3 3 2
911 88 4 3 3 2 1
911 92 2 5 3 2 3
911 94 1 5 3 3 2
911 104 2 5 3 3 2
911 106 1 5 3 2 3
911 112 3 5 3 3 2
911 116 1 5 3 2 3
911 122 4 3 3 1 2
911 134 2 6 3 3 3
911 138 4 2 4 1 1
911 142 4 3 3 2 1
911 146 3 5 3 2 3
911 170 1 5 4 2 3
911 174 2 5 4 3 2
911 194 2 5 3 3 2
911 196 1 5 3 2 3
911 232 4 4 3 2 2
911 244 2 6 3 4 2
911 246 1 5 4 2 3
911 248 3 5 3 2 3
911 262 3 5 3 3 2
911 266 2 5 4 2 3
911 274 1 5 3 3 2
911 278 4 4 3 2 2
911 284 1 5 3 2 3
911 288 4 4 3 2 2
911 296 2 5 3 2 3
911 316 1 5 3 2 3
911 328 3 5 3 3 2
911 350 2 5 4 2 3
911 356 2 5 3 2 3
911 368 4 3 3 1 2
911 376 2 5 3 3 2
911 384 2 5 3 3 2
911 394 2 5 3 3 2
911 398 3 5 3 3 2
911 400 1 5 3 3 2
911 428 2 5 3 2 3
911 434 4 4 4 2 2
911 442 3 5 4 3 2
911 446 1 5 3 2 3
911 454 2 5 3 4 1
911 476 3 5 4 2 3
911 482 3 5 3 2 3
911 484 1 5 3 3 2
911 496 2 5 3 3 2
911 508 3 5 3 3 2
911 512 4 4 2 1 3
911 524 2 5 3 3 2
911 526 2 5 3 2 3
911 528 4 2 4 1 1
911 532 4 4 4 3 1
911 538 4 4 3 3 1
911 554 3 5 3 2 3
911 566 3 5 3 2 3
911 584 2 5 3 3 2
911 596 2 5 3 2 3
911 618 4 3 4 2 1
911 626 2 5 3 2 3
911 636 1 5 4 3 2
911 642 4 2 4 1 1
911 664 1 5 3 3 2
911 668 4 2 3 1 1
911 680 2 5 4 2 3
911 694 3 5 3 3 2
911 704 2 5 3 3 2
911 706 1 5 3 3 2
911 724 3 5 3 3 2
911 734 2 5 3 3 2
911 742 4 4 4 3 1
911 766 2 5 3 3 2
911 788 4 3 3 1 2
911 794 2 5 3 3 2
911 806 1 5 4 2 3
911 818 3 5 3 3 2
911 856 2 5 3 3 2
911 860 2 5 4 3 2
911 874 1 5 4 4 1
911 878 4 3 3 1 2
911 892 4 3 3 2 1
911 898 4 3 3 2 1
912 23 3 5 4 3 2
912 41 4 3 4 1 2
912 49 4 2 4 1 1
912 179 4 2 4 1 1
912 211 4 2 4 1 1
912 353 1 5 4 3 2
912 397 1 5 4 3 2
912 569 4 2 4 1 1
912 571 4 3 4 1 2
912 583 1 5 5 3 2
912 593 1 5 4 3 2
912 707 4 3 5 1 2
912 751 4 3 4 1 2
912 793 1 5 5 3 2
912 809 4 2 4 1 1
912 881 4 3 4 2 1
912 911 4 1 4 1 0
913 10 1 5 4 2 3
913 24 4 3 4 1 2
913 52 2 5 4 2 3
913 54 4 2 4 1 1
913 62 1 5 4 3 2
913 64 4 3 3 1 2
913 76 4 4 4 2 2
913 94 2 5 4 2 3
913 106 4 3 4 1 2
913 122 3 5 4 3 2
913 158 2 5 4 3 2
913 172 1 6 4 3 3
913 182 1 5 5 3 2
913 184 4 2 4 1 1
913 192 1 5 4 3 2
913 200 1 5 4 3 2
913 208 1 5 4 2 3
913 218 2 5 4 3 2
913 224 4 4 4 2 2
913 248 2 5 4 2 3
913 262 2 5 4 2 3
913 284 4 5 4 3 2
913 298 3 5 4 2 3
913 322 1 5 5 3 2
913 328 1 5 4 2 3
913 354 4 4 5 2 2
913 358 1 5 4 2 3
913 362 2 5 4 3 2
913 368 2 5 4 3 2
913 382 2 5 4 3 2
913 388 4 4 4 1 3
913 398 1 5 4 3 2
913 430 2 5 5 2 3
913 444 4 4 5 2 2
913 452 1 5 4 4 1
913 458 2 5 4 2 3
913 466 4 4 4 2 2
913 478 2 5 4 2 3
913 496 4 3 4 1 2
913 516 4 2 5 1 1
913 522 2 5 5 3 2
913 536 3 5 4 3 2
913 542 1 5 4 3 2
913 556 3 5 4 2 3
913 574 4 3 5 1 2
913 578 1 5 4 3 2
913 592 2 5 4 3 2
913 626 4 4 4 2 2
913 628 2 5 4 2 3
913 632 4 4 4 3 1
913 634 3 5 4 3 2
913 668 2 5 4 3 2
913 692 2 5 4 3 2
913 700 4 3 5 1 2
913 718 2 5 4 2 3
913 752 2 5 4 3 2
913 796 4 3 4 1 2
913 806 4 3 5 2 1
913 864 4 2 4 1 1
913 872 2 5 4 4 1
913 876 4 2 5 1 1
913 886 4 3 4 2 1
914 1 3 5 2 3 2
914 11 2 5 3 2 3
914 17 3 5 3 2 3
914 21 2 5 4 3 2
914 29 3 5 3 2 3
914 33 4 2 4 1 1
914 43 2 5 3 3 2
914 59 3 5 3 2 3
914 67 4 4 3 2 2
914 89 2 5 3 2 3
914 97 4 4 3 2 2
914 101 2 5 3 3 2
914 103 4 3 3 2 1
914 109 1 6 3 3 3
914 121 2 5 3 3 2
914 131 1 5 3 3 2
914 137 4 4 3 1 3
914 151 3 5 3 3 2
914 163 4 3 3 2 1
914 191 2 5 3 3 2
914 193 4 4 3 2 2
914 199 2 6 3 3 3
914 217 2 5 4 3 2
914 221 2 5 4 2 3
914 241 2 5 3 4 1
914 251 2 5 3 2 3
914 253 4 3 4 2 1
914 259 1 5 4 3 2
914 263 3 5 3 2 3
914 267 4 2 4 1 1
914 269 1 5 3 2 3
914 305 3 5 4 2 3
914 313 4 3 3 2 1
914 319 2 5 4 2 3
914 325 3 5 4 3 2
914 329 1 5 4 2 3
914 331 2 5 3 3 2
914 353 3 5 3 2 3
914 359 2 5 3 2 3
914 361 2 5 3 3 2
914 381 1 5 4 3 2
914 383 4 3 3 1 2
914 395 2 5 4 3 2
914 397 3 5 3 3 2
914 419 1 5 3 2 3
914 421 1 5 3 3 2
914 431 1 5 3 2 3
914 439 1 5 3 3 2
914 443 4 4 3 2 2
914 449 2 5 3 2 3
914 451 1 5 4 4 1
914 477 4 4 4 2 2
914 479 2 5 3 2 3
914 487 4 4 3 2 2
914 511 3 5 4 3 2
914 521 1 5 3 3 2
914 529 1 6 3 3 3
914 549 3 5 4 3 2
914 553 4 3 4 2 1
914 581 1 5 4 3 2
914 591 2 5 4 3 2
914 599 2 5 3 2 3
914 617 4 3 3 1 2
914 619 1 5 3 3 2
914 641 3 5 3 2 3
914 657 4 2 4 1 1
914 659 2 5 3 2 3
914 661 3 5 3 3 2
914 667 2 5 4 3 2
914 701 1 5 3 3 2
914 719 2 5 3 2 3
914 731 3 5 4 3 2
914 739 1 5 3 3 2
914 747 4 3 4 2 1
914 769 2 5 3 3 2
914 781 2 5 4 3 2
914 791 1 5 4 3 2
914 815 2 5 4 3 2
914 829 2 5 3 3 2
914 843 4 3 4 2 1
914 857 2 5 3 3 2
914 871 1 5 4 4 1
914 903 4 3 5 2 1
915 532 4 2 6 1 1
915 794 4 2 5 1 1
915 896 4 2 5 1 1
916 1 2 5 2 2 3
916 17 4 4 3 2 2
916 19 2 6 3 3 3
916 41 2 5 3 3 2
916 43 4 4 3 2 2
916 57 4 3 4 2 1
916 71 2 5 3 3 2
916 85 2 5 4 3 2
916 91 2 5 4 2 3
916 99 1 5 4 3 2
916 111 3 5 4 2 3
916 121 3 5 3 2 3
916 139 2 5 3 2 3
916 149 2 5 3 3 2
916 151 1 5 3 2 3
916 157 2 5 3 2 3
916 169 1 5 3 3 2
916 173 4 3 3 2 1
916 179 2 5 3 3 2
916 211 1 5 3 2 3
916 223 3 5 3 2 3
916 233 4 3 3 2 1
916 239 3 5 3 4 1
916 243 4 3 3 2 1
916 251 2 5 3 2 3
916 253 3 5 4 2 3
916 277 4 3 3 1 2
916 281 2 5 3 3 2
916 289 2 5 3 2 3
916 293 3 5 3 3 2
916 305 1 5 4 3 2
916 319 1 5 4 3 2
916 331 3 5 3 2 3
916 347 4 3 3 2 1
916 349 3 5 3 3 2
916 355 3 5 4 2 3
916 365 2 5 4 3 2
916 371 2 5 4 3 2
916 373 4 3 3 1 2
916 379 1 5 3 3 2
916 389 1 5 3 3 2
916 407 4 3 4 2 1
916 419 1 5 3 3 2
916 421 2 5 3 2 3
916 433 4 5 3 2 3
916 449 1 5 3 4 1
916 451 4 4 4 1 3
916 461 3 5 3 2 3
916 477 4 3 4 2 1
916 479 1 5 3 3 2
916 481 1 5 4 2 3
916 487 2 5 3 2 3
916 491 1 5 3 3 2
916 503 4 5 3 3 2
916 509 2 5 3 3 2
916 539 1 5 4 3 2
916 547 2 5 3 3 2
916 559 1 5 4 2 3
916 575 3 5 4 3 2
916 589 2 5 4 3 2
916 601 2 5 3 2 3
916 617 3 5 3 3 2
916 629 2 5 4 3 2
916 631 1 6 3 3 3
916 637 4 3 4 1 2
916 661 1 5 3 2 3
916 679 1 5 4 3 2
916 699 2 5 4 3 2
916 701 2 5 3 3 2
916 723 4 3 4 2 1
916 729 2 5 3 3 2
916 757 4 4 3 2 2
916 761 2 5 3 3 2
916 797 4 4 3 2 2
916 807 4 2 4 1 1
916 811 2 5 3 2 3
916 823 4 4 3 2 2
916 839 2 5 3 3 2
916 851 1 5 4 3 2
916 869 2 5 4 4 1
916 875 4 3 4 2 1
916 893 4 3 4 2 1
917 4 4 4 3 2 2
917 18 1 5 4 3 2
917 32 1 5 3 2 3
917 52 2 5 4 3 2
917 62 1 5 4 2 3
917 74 4 3 4 1 2
917 100 4 4 4 2 2
917 118 2 5 4 3 2
917 128 1 5 3 3 2
917 134 4 3 4 1 2
917 158 3 5 4 2 3
917 174 4 2 5 1 1
917 202 2 5 4 2 3
917 214 2 5 4 3 2
917 234 4 2 5 1 1
917 268 3 5 4 3 2
917 272 1 5 4 2 3
917 290 2 5 5 2 3
917 302 2 5 4 2 3
917 316 4 3 4 2 1
917 328 2 5 4 3 2
917 344 4 4 4 2 2
917 356 2 5 4 2 3
917 358 2 5 4 3 2
917 386 4 3 4 1 2
917 422 3 5 4 2 3
917 436 2 5 4 3 2
917 446 4 4 4 2 2
917 480 4 4 5 2 2
917 488 1 5 4 2 3
917 502 1 5 4 3 2
917 506 4 3 5 1 2
917 526 3 5 4 3 2
917 562 3 5 4 3 2
917 578 1 5 4 3 2
917 586 4 3 4 2 1
917 596 4 4 4 2 2
917 598 2 5 5 3 2
917 654 4 2 5 1 1
917 664 3 5 4 3 2
917 682 2 5 5 3 2
917 684 4 2 5 1 1
917 698 2 5 4 3 2
917 722 2 5 4 2 3
917 788 2 5 4 3 2
917 832 3 5 4 3 2
917 888 4 3 5 2 1
917 914 5 2 4 1 1
918 79 4 2 4 1 1
918 83 2 5 4 3 2
918 127 2 5 4 3 2
918 203 1 5 5 2 3
918 311 4 2 4 1 1
918 389 4 2 4 1 1
918 431 4 3 4 2 1
918 439 4 3 4 2 1
918 521 4 2 4 1 1
918 577 2 5 4 3 2
918 671 4 4 5 2 2
918 779 4 2 5 1 1
918 853 2 5 4 3 2
918 881 4 3 4 2 1
919 4 2 5 2 2 3
919 16 2 6 2 3 3
919 26 1 5 3 3 2
919 38 4 4 3 3 1
919 50 2 5 3 3 2
919 68 2 5 3 3 2
919 72 4 3 3 1 2
919 82 3 5 3 3 2
919 86 1 5 3 3 2
919 98 4 3 3 2 1
919 104 1 5 3 3 2
919 112 4 3 3 1 2
919 116 2 5 3 3 2
919 124 3 5 3 2 3
919 126 2 5 4 3 2
919 152 3 5 3 3 2
919 154 1 5 4 2 3
919 160 1 5 3 2 3
919 166 3 5 3 3 2
919 194 2 5 3 3 2
919 202 4 4 3 2 2
919 212 3 5 3 3 2
919 214 2 5 3 2 3
919 226 2 5 3 2 3
919 236 2 5 3 4 1
919 254 2 6 3 3 3
919 256 1 5 2 2 3
919 290 1 5 4 3 2
919 292 3 5 3 2 3
919 298 4 3 3 1 2
919 302 4 4 3 3 1
919 316 1 5 3 3 2
919 324 2 5 3 2 3
919 332 4 3 3 2 1
919 334 2 5 3 2 3
919 346 2 5 3 3 2
919 358 4 4 3 1 3
919 368 2 5 3 3 2
919 376 1 5 3 3 2
919 386 1 5 3 3 2
919 392 2 5 3 3 2
919 394 2 5 3 2 3
919 424 1 5 3 2 3
919 434 2 5 4 3 2
919 436 2 5 3 2 3
919 438 4 4 4 2 2
919 446 2 6 3 4 2
919 462 4 2 5 1 1
919 464 1 5 3 2 3
919 472 4 4 3 2 2
919 484 1 5 3 2 3
919 506 3 5 4 3 2
919 514 4 3 3 1 2
919 516 1 5 4 3 2
919 524 2 5 3 3 2
919 540 4 2 4 1 1
919 544 2 5 3 3 2
919 586 2 5 3 3 2
919 596 1 5 3 3 2
919 614 1 5 3 3 2
919 628 3 5 3 3 2
919 630 4 2 5 1 1
919 632 2 5 3 3 2
919 646 3 5 4 2 3
919 688 4 4 3 1 3
919 698 2 5 3 3 2
919 708 4 2 4 1 1
919 716 2 5 3 3 2
919 724 1 5 3 2 3
919 734 3 5 3 3 2
919 752 4 3 3 2 1
919 754 1 5 4 2 3
919 758 2 5 3 3 2
919 764 1 5 3 3 2
919 776 3 5 3 3 2
919 778 4 3 3 1 2
919 786 3 5 4 3 2
919 812 4 3 4 2 1
919 824 2 5 3 3 2
919 838 4 3 3 2 1
919 852 4 4 4 3 1
919 866 1 5 3 4 1
919 878 4 3 3 2 1
920 49 2 5 4 3 2
920 59 2 5 4 2 3
920 67 4 4 4 3 1
920 93 4 2 5 1 1
920 103 1 5 4 3 2
920 179 2 5 4 2 3
920 227 2 5 4 2 3
920 257 1 5 4 2 3
920 269 2 5 4 2 3
920 361 1 5 4 3 2
920 367 2 5 4 3 2
920 389 2 5 4 3 2
920 491 2 5 4 2 3
920 521 2 5 4 2 3
920 531 4 2 5 1 1
920 543 3 5 5 3 2
920 661 2 5 4 3 2
920 733 2 5 4 3 2
920 809 2 5 4 3 2
920 821 4 3 4 1 2
920 829 2 5 4 3 2
921 116 2 5 4 2 3
921 142 4 3 4 1 2
921 148 4 2 4 1 1
921 172 4 3 4 1 2
921 184 2 5 4 3 2
921 206 2 5 4 2 3
921 256 2 5 3 2 3
921 302 4 2 4 1 1
921 322 4 3 5 2 1
921 326 1 5 4 2 3
921 328 4 2 4 1 1
921 362 4 3 4 1 2
921 388 3 5 4 3 2
921 458 4 3 4 2 1
921 466 2 5 4 2 3
921 514 2 5 4 3 2
921 536 3 5 4 2 3
921 608 4 3 4 2 1
921 626 1 5 4 3 2
921 668 4 4 4 2 2
921 674 2 5 4 3 2
921 692 4 2 4 1 1
921 838 4 2 4 1 1
921 862 4 2 4 1 1
921 868 4 2 5 1 1
921 902 4 2 5 1 1
922 1 4 4 2 2 2
922 13 1 5 3 3 2
922 23 1 5 3 3 2
922 37 2 5 3 2 3
922 47 3 5 3 3 2
922 53 1 5 3 3 2
922 67 2 5 3 2 3
922 69 4 2 4 1 1
922 79 2 5 3 3 2
922 101 4 4 3 3 1
922 103 3 5 3 2 3
922 109 4 3 3 1 2
922 123 1 5 4 3 2
922 143 1 5 4 3 2
922 145 2 5 4 2 3
922 157 2 5 3 2 3
922 163 1 6 3 3 3
922 173 2 5 3 3 2
922 189 4 3 4 2 1
922 191 3 5 3 3 2
922 203 4 3 4 2 1
922 209 2 5 4 3 2
922 217 2 5 4 2 3
922 233 2 6 3 4 2
922 239 4 3 3 2 1
922 251 2 5 3 3 2
922 257 2 5 3 2 3
922 271 4 4 3 1 3
922 277 2 5 3 2 3
922 287 2 5 4 3 2
922 291 4 2 4 1 1
922 299 2 5 4 3 2
922 313 1 6 3 3 3
922 317 2 5 3 3 2
922 343 2 5 3 3 2
922 373 2 5 3 3 2
922 383 2 5 3 3 2
922 387 1 5 4 3 2
922 389 3 5 3 3 2
922 411 4 4 4 2 2
922 421 4 4 3 2 2
922 427 2 5 4 2 3
922 443 3 5 3 4 1
922 457 2 5 3 2 3
922 467 2 5 3 2 3
922 485 1 5 4 3 2
922 493 1 5 4 2 3
922 497 2 5 4 3 2
922 499 4 4 3 2 2
922 523 2 5 3 2 3
922 527 1 5 4 3 2
922 541 3 5 3 3 2
922 557 2 5 3 3 2
922 577 4 4 3 1 3
922 583 2 5 4 3 2
922 593 3 5 3 3 2
922 607 1 5 3 2 3
922 611 4 4 4 3 1
922 623 2 5 4 3 2
922 625 1 5 3 3 2
922 667 1 5 4 2 3
922 673 1 5 3 3 2
922 677 1 5 3 3 2
922 681 5 3 4 2 1
922 713 3 5 4 3 2
922 727 1 5 3 2 3
922 737 1 5 4 3 2
922 749 4 3 4 2 1
922 757 2 5 3 2 3
922 759 4 2 5 1 1
922 761 2 5 3 3 2
922 781 4 4 4 2 2
922 801 4 2 4 1 1
922 803 2 5 4 3 2
922 807 1 5 4 3 2
922 817 2 5 4 2 3
922 827 3 5 3 3 2
922 845 2 5 4 3 2
922 863 2 5 3 4 1
923 8 2 5 3 2 3
923 20 3 5 4 2 3
923 22 2 5 4 3 2
923 34 3 5 4 3 2
923 54 4 3 4 1 2
923 62 3 5 4 2 3
923 92 1 5 4 3 2
923 118 3 5 4 2 3
923 122 2 5 4 3 2
923 148 2 5 4 3 2
923 158 1 5 4 2 3
923 188 2 5 4 2 3
923 218 3 5 4 2 3
923 232 2 5 4 4 1
923 272 1 5 4 2 3
923 274 2 5 4 3 2
923 296 2 5 4 2 3
923 328 2 5 4 2 3
923 342 3 5 5 3 2
923 358 2 5 4 3 2
923 362 1 5 4 2 3
923 372 1 5 5 3 2
923 386 2 5 4 3 2
923 388 3 5 4 3 2
923 412 1 5 4 3 2
923 428 2 5 4 2 3
923 430 1 5 5 3 2
923 440 1 5 5 2 3
923 456 4 3 5 2 1
923 466 4 3 4 2 1
923 472 1 5 4 3 2
923 488 2 5 4 2 3
923 496 3 5 4 3 2
923 506 4 3 5 1 2
923 512 2 5 3 3 2
923 524 4 4 4 1 3
923 532 2 5 5 3 2
923 538 1 5 4 2 3
923 578 2 5 4 2 3
923 582 2 5 5 3 2
923 622 2 5 4 3 2
923 628 1 5 4 3 2
923 638 1 5 5 2 3
923 658 2 5 5 3 2
923 668 2 5 4 2 3
923 692 2 6 4 3 3
923 694 4 4 4 3 1
923 722 2 5 4 3 2
923 736 2 5 4 3 2
923 766 4 3 4 2 1
923 782 1 5 5 3 2
923 836 4 3 5 1 2
923 848 2 5 4 3 2
923 862 2 5 4 4 1
923 904 4 4 4 3 1
924 265 4 3 6 2 1
924 317 4 3 5 2 1
924 347 4 3 5 2 1
924 367 4 2 5 1 1
924 503 4 2 5 1 1
924 619 4 3 5 1 2
924 697 4 2 6 1 1
924 827 4 3 5 2 1
924 857 4 3 5 2 1
924 877 4 2 5 1 1
925 32 1 5 3 3 2
925 64 2 5 3 2 3
925 76 2 5 4 3 2
925 146 2 5 4 3 2
925 188 1 5 4 3 2
925 232 3 5 4 2 3
925 244 4 4 4 2 2
925 274 2 5 4 2 3
925 314 1 5 4 3 2
925 316 1 5 4 2 3
925 386 2 5 4 3 2
925 428 3 5 4 3 2
925 496 1 5 4 2 3
925 538 3 5 4 3 2
925 554 1 5 4 3 2
925 622 2 5 4 3 2
925 626 1 5 4 3 2
925 652 2 5 4 2 3
926 9 2 5 3 3 2
926 23 3 5 3 2 3
926 29 1 5 3 2 3
926 31 2 5 3 3 2
926 37 4 4 3 2 2
926 53 4 4 3 2 2
926 61 2 5 3 3 2
926 63 4 3 4 2 1
926 67 4 3 3 2 1
926 75 2 5 4 3 2
926 79 2 5 3 3 2
926 89 2 5 3 3 2
926 101 1 5 3 2 3
926 109 2 5 3 3 2
926 117 4 3 4 2 1
926 119 2 5 4 3 2
926 121 3 5 3 2 3
926 131 1 5 3 2 3
926 145 2 5 4 3 2
926 149 2 5 3 2 3
926 159 2 5 4 3 2
926 167 4 4 3 1 3
926 179 3 5 3 3 2
926 185 2 5 4 2 3
926 205 2 5 4 3 2
926 211 1 5 3 2 3
926 221 1 5 4 2 3
926 223 4 4 3 2 2
926 229 1 6 3 4 2
926 233 2 5 3 2 3
926 247 2 5 4 3 2
926 253 4 3 4 2 1
926 257 4 4 3 2 2
926 259 1 5 4 3 2
926 263 3 5 3 2 3
926 271 3 5 3 3 2
926 281 1 5 3 2 3
926 299 1 5 4 2 3
926 317 3 5 3 2 3
926 327 4 3 4 2 1
926 331 2 5 3 2 3
926 341 1 5 4 2 3
926 353 4 3 3 1 2
926 361 1 5 3 3 2
926 383 3 5 3 3 2
926 401 4 4 3 1 3
926 409 1 5 3 3 2
926 423 4 3 4 2 1
926 427 4 4 4 3 1
926 431 2 5 3 2 3
926 439 1 5 3 4 1
926 457 4 4 3 2 2
926 461 3 5 3 2 3
926 471 1 5 4 2 3
926 481 2 5 4 3 2
926 483 4 2 5 1 1
926 487 4 3 3 2 1
926 491 2 5 3 2 3
926 499 1 5 3 3 2
926 509 2 5 3 3 2
926 523 2 5 3 3 2
926 541 2 5 3 2 3
926 563 4 3 3 1 2
926 569 1 6 3 3 3
926 581 1 5 4 2 3
926 607 2 5 3 3 2
926 611 2 5 4 2 3
926 621 2 5 4 3 2
926 625 1 5 3 3 2
926 673 3 5 3 3 2
926 679 1 5 4 3 2
926 687 4 2 4 1 1
926 689 2 5 4 3 2
926 691 3 5 3 3 2
926 697 4 3 4 2 1
926 709 2 5 3 3 2
926 719 1 5 3 3 2
926 733 4 4 3 3 1
926 739 3 5 3 3 2
926 751 2 5 3 3 2
926 761 2 5 3 2 3
926 767 4 3 4 1 2
926 779 2 5 4 3 2
926 803 3 5 4 3 2
926 817 4 4 4 3 1
926 841 2 5 3 3 2
926 859 1 5 3 4 1
926 913 4 3 4 2 1
927 46 4 3 4 2 1
927 104 4 2 4 1 1
927 136 4 3 4 1 2
927 178 2 5 4 3 2
927 212 2 5 4 2 3
927 254 4 2 4 1 1
927 262 1 5 4 2 3
927 266 4 2 5 1 1
927 338 2 5 4 3 2
927 368 2 5 4 3 2
927 376 4 3 4 1 2
927 382 3 5 4 3 2
927 536 2 5 4 3 2
927 542 2 5 4 2 3
927 604 4 3 4 1 2
927 644 4 2 5 1 1
927 668 2 5 4 3 2
927 718 2 5 4 3 2
927 734 4 3 4 2 1
927 800 4 3 4 2 1
927 826 4 2 5 1 1
927 886 4 3 4 2 1
927 916 5 3 4 2 1
928 7 2 5 3 3 2
928 31 3 5 3 2 3
928 51 4 3 4 2 1
928 59 2 5 3 3 2
928 67 2 5 3 2 3
928 73 1 6 3 3 3
928 77 2 5 4 3 2
928 79 4 4 3 2 2
928 91 4 3 4 1 2
928 95 2 5 4 3 2
928 109 2 5 3 2 3
928 129 4 4 4 2 2
928 137 1 5 3 3 2
928 143 3 5 4 3 2
928 151 2 5 3 2 3
928 157 2 5 3 3 2
928 181 4 3 3 1 2
928 187 2 5 4 2 3
928 193 3 5 3 2 3
928 213 2 5 4 2 3
928 227 3 5 3 4 1
928 257 1 5 3 3 2
928 263 2 5 3 2 3
928 277 2 5 3 2 3
928 283 2 5 3 2 3
928 293 1 5 3 3 2
928 307 1 5 3 3 2
928 313 3 5 3 2 3
928 317 2 5 3 3 2
928 333 2 5 4 2 3
928 337 3 5 3 3 2
928 343 2 5 3 2 3
928 347 2 5 3 3 2
928 351 4 2 4 1 1
928 353 2 5 3 3 2
928 367 2 6 3 3 3
928 383 1 5 3 3 2
928 389 4 4 3 2 2
928 431 4 4 3 2 2
928 437 2 5 4 4 1
928 439 4 3 3 1 2
928 441 4 2 4 1 1
928 463 3 5 3 2 3
928 473 2 5 4 2 3
928 491 3 5 3 3 2
928 499 4 4 3 1 3
928 515 2 5 4 3 2
928 521 4 5 3 3 2
928 529 2 5 3 2 3
928 535 1 5 4 3 2
928 557 2 5 3 3 2
928 563 2 5 3 3 2
928 577 2 5 3 3 2
928 587 1 5 3 3 2
928 589 4 4 4 2 2
928 601 4 4 3 2 2
928 605 2 5 4 3 2
928 613 1 5 3 2 3
928 619 2 5 3 3 2
928 623 3 5 4 3 2
928 649 4 4 4 2 2
928 651 4 2 5 1 1
928 653 1 5 3 3 2
928 669 4 3 4 1 2
928 697 1 5 4 2 3
928 707 2 5 4 3 2
928 733 1 5 3 2 3
928 759 4 3 5 2 1
928 763 1 5 4 2 3
928 767 2 5 4 3 2
928 823 2 5 3 2 3
928 833 4 4 4 2 2
928 843 1 5 4 3 2
928 857 2 5 3 4 1
928 859 4 3 3 1 2
929 6 2 5 3 3 2
929 14 2 5 3 2 3
929 16 2 5 2 3 2
929 26 2 5 3 2 3
929 28 3 5 3 3 2
929 40 1 5 3 3 2
929 44 3 5 3 2 3
929 58 3 5 3 3 2
929 74 2 5 3 2 3
929 86 1 5 3 3 2
929 94 2 5 3 3 2
929 98 4 4 3 2 2
929 116 1 5 3 3 2
929 124 2 5 3 2 3
929 126 4 4 4 2 2
929 136 1 5 3 3 2
929 152 3 5 3 2 3
929 166 1 5 3 3 2
929 170 2 5 4 2 3
929 176 2 5 3 3 2
929 184 1 5 3 3 2
929 212 4 4 3 2 2
929 214 3 5 3 2 3
929 226 1 6 3 4 2
929 236 1 5 3 2 3
929 244 2 5 3 3 2
929 248 4 4 3 2 2
929 262 4 4 3 2 2
929 266 1 5 4 2 3
929 278 3 5 3 2 3
929 280 1 5 4 3 2
929 282 4 3 4 2 1
929 292 2 5 3 3 2
929 306 2 5 4 3 2
929 314 1 5 3 2 3
929 334 3 5 3 2 3
929 344 1 5 3 2 3
929 346 2 5 3 3 2
929 376 2 5 3 3 2
929 380 1 5 4 3 2
929 394 4 4 3 2 2
929 398 4 3 3 1 2
929 404 1 5 3 2 3
929 418 4 4 4 2 2
929 424 2 5 3 3 2
929 432 4 3 3 1 2
929 434 1 5 4 2 3
929 436 2 6 3 4 2
929 446 2 5 3 2 3
929 452 4 3 3 1 2
929 464 3 5 3 2 3
929 474 1 5 4 2 3
929 478 2 5 3 3 2
929 506 1 5 4 3 2
929 514 2 5 3 3 2
929 526 1 5 3 3 2
929 534 3 5 4 3 2
929 544 1 5 3 2 3
929 566 1 5 3 3 2
929 568 5 3 3 2 1
929 572 2 5 4 2 3
929 584 1 5 3 2 3
929 602 4 3 4 1 2
929 604 2 5 3 3 2
929 628 4 4 3 2 2
929 642 4 3 4 1 2
929 644 2 5 4 2 3
929 656 2 5 3 2 3
929 670 3 5 4 3 2
929 674 1 5 3 2 3
929 676 2 5 3 3 2
929 716 2 5 3 3 2
929 724 3 5 3 3 2
929 754 1 5 4 3 2
929 758 4 4 3 2 2
929 776 3 5 3 3 2
929 792 4 2 4 1 1
929 796 1 5 3 3 2
929 800 2 5 3 3 2
929 814 1 5 4 3 2
929 838 3 5 3 3 2
929 842 2 5 3 3 2
929 856 2 5 3 4 1
929 858 4 2 5 1 1
930 379 1 5 5 3 2
931 4 1 5 3 3 2
931 26 2 5 4 3 2
931 34 2 5 4 2 3
931 52 4 3 4 1 2
931 106 1 5 4 2 3
931 118 4 3 4 1 2
931 136 1 5 4 2 3
931 138 4 3 5 1 2
931 164 1 5 4 3 2
931 200 2 5 4 3 2
931 216 1 5 4 2 3
931 220 4 3 5 1 2
931 222 4 2 5 1 1
931 226 1 5 4 2 3
931 242 2 5 4 3 2
931 268 3 5 4 2 3
931 272 4 3 4 2 1
931 298 4 3 4 1 2
931 312 4 3 5 2 1
931 316 1 5 4 2 3
931 334 3 5 4 3 2
931 356 2 5 4 3 2
931 404 2 5 4 3 2
931 428 4 3 4 2 1
931 466 2 5 4 2 3
931 482 4 3 4 2 1
931 524 2 5 4 3 2
931 554 2 5 4 3 2
931 586 2 5 4 2 3
931 628 4 3 4 1 2
931 662 4 3 4 2 1
931 664 4 5 4 3 2
931 682 4 3 5 1 2
931 688 4 2 4 1 1
931 732 4 2 5 1 1
931 746 1 5 4 3 2
931 778 4 3 4 1 2
931 902 4 4 5 3 1
931 922 4 3 4 2 1
932 17 2 5 3 2 3
932 19 4 4 3 2 2
932 29 4 4 3 1 3
932 37 2 5 3 3 2
932 39 4 3 4 1 2
932 43 2 5 3 3 2
932 47 1 5 3 2 3
932 71 3 5 3 2 3
932 83 1 5 3 3 2
932 97 4 4 3 2 2
932 113 1 6 3 3 3
932 127 2 5 3 2 3
932 133 1 5 4 3 2
932 139 2 5 3 3 2
932 153 2 5 4 3 2
932 167 2 5 3 2 3
932 173 1 6 3 3 3
932 217 2 5 4 2 3
932 223 1 5 3 4 1
932 227 3 5 3 2 3
932 241 4 4 3 3 1
932 253 2 5 4 3 2
932 265 2 5 4 3 2
932 267 3 5 4 2 3
932 271 4 3 3 2 1
932 277 2 5 3 3 2
932 287 1 5 4 2 3
932 301 4 3 4 2 1
932 303 2 5 4 3 2
932 309 4 4 4 2 2
932 311 4 4 3 2 2
932 323 2 5 4 2 3
932 331 4 3 3 2 1
932 337 2 5 3 2 3
932 343 2 5 3 3 2
932 345 4 2 5 1 1
932 349 3 5 3 3 2
932 371 4 4 4 1 3
932 373 1 5 3 3 2
932 377 1 6 4 3 3
932 379 3 5 3 3 2
932 407 2 5 4 2 3
932 421 2 5 3 3 2
932 433 1 5 3 4 1
932 449 4 4 3 1 3
932 463 1 5 3 3 2
932 487 2 5 3 3 2
932 503 2 6 3 3 3
932 517 1 5 4 3 2
932 533 2 5 4 2 3
932 539 4 3 4 1 2
932 547 1 6 3 3 3
932 563 3 5 3 3 2
932 575 2 5 4 2 3
932 587 2 5 3 2 3
932 591 4 3 4 1 2
932 613 1 5 3 3 2
932 619 4 4 3 3 1
932 659 2 5 3 2 3
932 667 2 5 4 3 2
932 673 2 5 3 3 2
932 683 2 5 3 3 2
932 685 2 5 4 3 2
932 701 2 5 3 2 3
932 709 4 3 3 2 1
932 713 2 5 4 3 2
932 721 4 4 4 3 1
932 727 1 5 3 3 2
932 735 4 2 5 1 1
932 745 3 5 4 3 2
932 773 3 5 3 3 2
932 797 3 5 3 3 2
932 817 2 5 4 3 2
932 819 4 3 5 2 1
932 839 3 5 3 3 2
932 853 1 5 3 4 1
932 889 4 3 4 2 1
932 919 4 3 3 2 1
933 2 3 5 3 3 2
933 26 4 3 4 2 1
933 68 1 5 4 3 2
933 76 4 2 4 1 1
933 82 1 5 4 3 2
933 152 2 5 4 3 2
933 314 4 3 4 2 1
933 338 1 5 4 2 3
933 418 4 4 5 2 2
933 466 4 2 4 1 1
933 478 1 5 4 2 3
933 484 4 3 4 2 1
933 496 4 3 4 1 2
933 524 4 3 4 2 1
933 530 1 5 5 3 2
933 536 4 3 4 2 1
933 544 4 3 4 2 1
933 562 2 5 4 3 2
933 566 4 2 4 1 1
933 596 4 3 4 2 1
933 614 2 5 4 3 2
933 674 4 3 4 1 2
933 712 2 5 4 3 2
933 772 1 5 4 3 2
933 808 4 2 4 1 1
933 814 4 3 5 1 2
933 838 2 5 4 3 2
933 926 4 3 4 2 1
934 1 2 5 2 3 2
934 11 1 5 3 3 2
934 17 4 4 3 2 2
934 31 1 5 3 2 3
934 35 2 5 4 3 2
934 41 1 5 3 3 2
934 67 3 5 3 3 2
934 73 3 5 3 2 3
934 81 4 4 3 3 1
934 89 3 5 3 3 2
934 101 3 5 3 3 2
934 109 2 5 3 2 3
934 123 4 3 4 2 1
934 131 3 5 3 3 2
934 139 1 5 3 2 3
934 151 1 5 3 3 2
934 157 4 4 3 1 3
934 171 2 5 4 3 2
934 179 3 5 3 3 2
934 193 3 5 3 2 3
934 197 2 5 3 3 2
934 199 1 5 3 2 3
934 217 4 3 4 1 2
934 221 1 6 4 4 2
934 239 2 5 3 3 2
934 241 1 5 3 2 3
934 247 4 3 4 1 2
934 263 3 5 3 3 2
934 269 1 5 3 2 3
934 271 2 5 3 2 3
934 301 2 5 4 3 2
934 305 2 5 4 3 2
934 307 3 5 3 2 3
934 311 2 5 3 3 2
934 319 2 5 4 2 3
934 327 4 3 4 2 1
934 331 2 5 3 3 2
934 339 2 5 4 2 3
934 353 4 5 3 3 2
934 361 3 5 3 3 2
934 375 1 5 4 3 2
934 379 2 5 3 2 3
934 387 4 2 4 1 1
934 401 2 5 3 3 2
934 409 2 5 3 2 3
934 419 3 5 3 3 2
934 431 1 5 3 4 1
934 451 1 5 4 2 3
934 461 3 5 3 3 2
934 469 2 5 4 2 3
934 479 2 5 3 2 3
934 497 4 4 4 2 2
934 509 1 5 3 3 2
934 517 4 3 4 1 2
934 521 2 5 3 3 2
934 523 4 4 3 2 2
934 529 2 5 3 3 2
934 535 3 5 4 2 3
934 557 3 5 3 3 2
934 571 1 5 3 3 2
934 575 4 3 4 2 1
934 599 2 5 3 3 2
934 611 2 5 4 3 2
934 613 2 5 3 3 2
934 647 3 5 3 3 2
934 653 4 3 3 2 1
934 661 2 6 3 3 3
934 681 2 5 4 3 2
934 719 2 5 3 3 2
934 725 3 5 4 3 2
934 731 3 5 4 3 2
934 739 3 5 3 2 3
934 749 1 5 4 3 2
934 757 4 4 3 2 2
934 769 3 5 3 2 3
934 791 2 5 4 3 2
934 797 4 3 3 2 1
934 803 4 3 4 2 1
934 815 1 5 4 3 2
934 829 3 5 3 2 3
934 851 2 5 4 4 1
934 897 4 2 5 1 1
934 899 1 5 4 3 2
934 907 4 3 3 2 1
934 913 4 3 4 1 2
935 38 2 5 5 2 3
935 284 2 5 5 2 3
935 326 2 5 5 2 3
935 346 3 5 5 3 2
935 376 1 5 5 3 2
935 452 2 5 5 2 3
935 508 2 5 5 3 2
935 606 4 4 6 2 2
935 718 1 5 5 3 2
935 794 1 5 5 3 2
936 131 1 5 4 2 3
936 271 2 5 4 2 3
936 353 4 3 4 1 2
936 473 4 2 5 1 1
936 497 4 2 5 1 1
936 499 1 5 4 3 2
936 593 4 3 4 2 1
936 763 4 2 5 1 1
936 803 4 4 5 2 2
937 2 3 5 2 2 3
937 8 4 4 2 3 1
937 20 2 5 3 3 2
937 22 1 5 3 2 3
937 32 2 5 2 3 2
937 38 1 5 3 3 2
937 52 1 5 3 2 3
937 64 2 5 2 3 2
937 68 1 5 3 3 2
937 76 4 4 3 1 3
937 86 4 5 3 3 2
937 118 1 5 3 2 3
937 124 4 3 3 1 2
937 134 2 5 3 3 2
937 142 1 5 3 2 3
937 144 4 4 3 2 2
937 148 2 5 3 3 2
937 158 1 5 3 3 2
937 174 4 4 4 2 2
937 178 3 5 3 2 3
937 196 3 5 3 2 3
937 202 2 5 3 2 3
937 218 2 5 3 4 1
937 222 2 5 4 2 3
937 224 4 4 3 2 2
937 232 2 5 3 2 3
937 246 4 3 4 2 1
937 248 2 5 3 3 2
937 272 2 6 3 3 3
937 274 3 5 3 2 3
937 294 4 2 4 1 1
937 298 4 5 3 3 2
937 302 2 5 3 3 2
937 308 1 5 4 3 2
937 310 2 5 4 2 3
937 328 2 6 3 3 3
937 356 4 4 3 2 2
937 358 1 5 3 3 2
937 372 3 5 4 3 2
937 376 2 5 3 2 3
937 382 4 4 3 1 3
937 398 3 5 3 3 2
937 412 1 5 3 2 3
937 428 2 5 3 4 1
937 434 4 3 4 2 1
937 442 2 5 4 2 3
937 454 3 5 3 2 3
937 482 2 6 3 3 3
937 486 4 3 3 1 2
937 508 2 5 3 2 3
937 512 2 5 2 3 2
937 526 2 5 3 3 2
937 538 3 5 3 2 3
937 542 2 5 3 3 2
937 568 2 5 3 3 2
937 580 3 5 4 2 3
937 592 2 5 3 2 3
937 596 2 5 3 3 2
937 608 3 5 3 3 2
937 610 1 5 4 3 2
937 614 2 5 3 3 2
937 616 4 3 4 1 2
937 638 3 5 4 3 2
937 652 1 5 3 2 3
937 658 2 5 4 3 2
937 662 1 5 3 3 2
937 678 2 5 4 3 2
937 684 4 3 4 1 2
937 706 3 5 3 2 3
937 716 2 5 3 3 2
937 722 3 5 3 3 2
937 728 2 5 4 3 2
937 742 2 5 4 2 3
937 746 4 4 3 3 1
937 762 4 3 4 1 2
937 792 2 5 4 3 2
937 814 4 4 4 2 2
937 818 1 5 3 3 2
937 824 4 3 3 2 1
937 832 1 5 3 2 3
937 848 2 5 3 4 1
937 876 4 3 4 2 1
937 886 4 3 3 1 2
938 29 4 3 4 1 2
938 37 2 5 4 3 2
938 41 3 5 4 2 3
938 107 4 5 4 3 2
938 131 4 3 4 1 2
938 141 4 3 5 2 1
938 143 1 5 5 2 3
938 157 2 5 4 3 2
938 167 1 5 4 3 2
938 173 1 5 4 2 3
938 193 1 5 4 3 2
938 197 1 5 4 2 3
938 199 4 3 4 2 1
938 209 4 3 5 2 1
938 223 1 5 4 2 3
938 235 2 5 5 3 2
938 271 2 5 4 3 2
938 283 3 5 4 3 2
938 323 2 5 5 2 3
938 327 2 5 5 3 2
938 349 2 5 4 3 2
938 373 3 5 4 3 2
938 377 1 5 5 2 3
938 439 4 3 4 2 1
938 457 1 5 4 3 2
938 471 4 2 5 1 1
938 473 2 5 5 2 3
938 487 1 5 4 3 2
938 503 2 5 4 2 3
938 547 3 5 4 3 2
938 549 4 2 5 1 1
938 557 2 5 4 3 2
938 601 4 3 4 2 1
938 613 2 5 4 3 2
938 619 4 4 4 2 2
938 643 2 5 4 3 2
938 653 3 5 4 2 3
938 677 2 5 4 3 2
938 699 4 2 5 1 1
938 751 4 4 4 2 2
938 767 2 5 5 3 2
938 773 2 5 4 2 3
938 821 4 3 4 1 2
938 845 4 3 5 1 2
938 855 4 3 6 2 1
938 881 4 4 4 2 2
939 4 2 5 3 2 3
939 106 3 5 4 3 2
939 118 4 3 4 2 1
939 128 4 3 3 2 1
939 134 2 5 4 2 3
939 146 1 5 4 3 2
939 158 4 3 4 1 2
939 232 4 3 4 1 2
939 292 4 2 4 1 1
939 356 3 5 4 3 2
939 392 4 2 4 1 1
939 508 4 2 4 1 1
939 524 1 5 4 3 2
939 538 4 3 4 2 1
939 562 4 4 4 2 2
939 596 4 3 4 2 1
939 622 4 3 4 2 1
939 662 4 2 4 1 1
939 712 4 3 4 2 1
939 730 4 3 5 1 2
939 752 4 4 4 2 2
939 938 4 1 5 1 0
940 17 1 5 4 3 2
940 61 2 5 4 3 2
940 173 3 5 4 3 2
940 181 1 5 4 2 3
940 191 2 5 4 3 2
940 199 1 5 4 2 3
940 201 4 3 5 2 1
940 233 2 5 4 3 2
940 269 3 5 4 3 2
940 313 1 5 4 2 3
940 331 3 5 4 2 3
940 413 1 5 5 3 2
940 457 2 5 4 2 3
940 467 1 5 4 3 2
940 503 1 5 4 3 2
940 523 2 5 4 3 2
940 579 4 3 5 2 1
940 607 1 5 4 3 2
940 641 2 5 4 3 2
940 683 4 3 4 2 1
940 709 2 5 4 2 3
940 719 2 5 4 3 2
940 737 2 5 5 3 2
940 813 4 2 5 1 1
940 929 4 4 4 3 1
941 16 1 5 2 3 2
941 18 4 4 3 2 2
941 28 3 5 3 3 2
941 38 3 5 3 2 3
941 44 2 5 3 2 3
941 46 2 5 3 3 2
941 74 1 5 3 3 2
941 86 1 5 3 2 3
941 92 4 3 3 1 2
941 94 2 5 3 3 2
941 104 1 5 3 3 2
941 116 2 5 3 2 3
941 118 4 3 3 2 1
941 124 2 5 3 3 2
941 136 2 5 3 2 3
941 164 2 6 3 3 3
941 200 2 5 3 2 3
941 206 2 5 3 2 3
941 214 3 5 3 4 1
941 222 4 2 4 1 1
941 226 1 5 3 2 3
941 228 4 4 4 2 2
941 236 2 5 3 2 3
941 244 2 5 3 3 2
941 248 4 5 3 2 3
941 256 2 5 2 3 2
941 272 4 3 3 1 2
941 278 2 5 3 2 3
941 304 1 5 3 3 2
941 314 2 5 3 2 3
941 326 2 5 3 2 3
941 332 3 5 3 2 3
941 346 2 6 3 3 3
941 352 4 4 3 2 2
941 368 3 5 3 3 2
941 392 4 4 3 2 2
941 402 4 4 4 2 2
941 416 2 5 3 2 3
941 424 3 6 3 4 2
941 428 4 3 3 1 2
941 446 3 5 3 2 3
941 466 3 5 3 3 2
941 476 1 5 4 2 3
941 482 4 3 3 1 2
941 494 2 5 4 3 2
941 508 4 4 3 3 1
941 514 2 5 3 3 2
941 538 2 5 3 3 2
941 550 1 5 4 3 2
941 554 2 5 3 3 2
941 556 2 5 3 2 3
941 564 2 5 4 3 2
941 568 4 3 3 2 1
941 584 2 5 3 2 3
941 596 2 5 3 2 3
941 602 4 3 4 1 2
941 606 1 5 4 3 2
941 638 4 3 4 1 2
941 640 1 5 3 3 2
941 654 2 5 4 3 2
941 674 2 5 3 3 2
941 676 2 5 3 3 2
941 688 4 4 3 2 2
941 690 4 3 5 2 1
941 694 1 5 3 3 2
941 704 3 5 3 3 2
941 710 2 5 4 2 3
941 724 3 5 3 3 2
941 736 2 5 3 3 2
941 746 2 5 3 2 3
941 754 1 5 4 3 2
941 758 4 3 3 1 2
941 764 2 5 3 3 2
941 772 4 3 3 2 1
941 776 2 5 3 2 3
941 788 2 5 3 3 2
941 792 4 2 4 1 1
941 808 2 5 3 3 2
941 826 2 5 4 3 2
941 830 2 5 4 3 2
941 844 3 5 3 4 1
941 886 1 5 3 3 2
942 7 2 5 4 2 3
942 11 4 3 4 1 2
942 73 2 5 4 3 2
942 91 4 3 5 1 2
942 137 1 5 4 2 3
942 139 4 4 4 2 2
942 143 1 5 5 3 2
942 163 1 5 4 3 2
942 191 4 3 4 2 1
942 227 2 5 4 2 3
942 277 2 5 4 2 3
942 293 1 5 4 3 2
942 329 4 3 5 2 1
942 353 1 5 4 3 2
942 367 1 5 4 3 2
942 419 4 2 4 1 1
942 451 4 3 5 2 1
942 499 4 3 4 2 1
942 541 4 2 4 1 1
942 589 4 2 5 1 1
942 601 4 3 4 1 2
942 719 4 3 4 2 1
942 731 4 3 5 2 1
942 787 1 5 4 3 2
942 839 4 3 4 2 1
942 893 4 3 5 2 1
943 8 1 5 3 2 3
943 26 2 5 4 3 2
943 44 3 5 4 3 2
943 58 2 6 4 3 3
943 64 4 4 3 2 2
943 72 2 5 4 3 2
943 124 2 5 4 2 3
943 128 2 5 3 3 2
943 134 4 3 4 2 1
943 142 2 5 4 3 2
943 152 2 5 4 3 2
943 162 2 5 4 3 2
943 178 2 5 4 2 3
943 186 4 2 5 1 1
943 188 2 5 4 3 2
943 202 2 5 4 2 3
943 206 4 4 4 2 2
943 212 2 6 4 4 2
943 254 2 5 4 3 2
943 256 4 4 3 2 2
943 278 2 6 4 3 3
943 292 1 6 4 3 3
943 298 1 5 4 2 3
943 308 4 4 5 2 2
943 332 2 5 4 3 2
943 334 4 4 4 1 3
943 338 2 5 4 3 2
943 342 4 3 5 2 1
943 352 1 5 4 3 2
943 362 1 5 4 3 2
943 382 2 5 4 2 3
943 392 2 5 4 3 2
943 422 2 5 4 4 1
943 448 2 5 4 2 3
943 478 3 5 4 2 3
943 488 1 5 4 2 3
943 514 3 5 4 2 3
943 516 4 3 5 1 2
943 520 1 5 5 3 2
943 536 2 5 4 3 2
943 542 4 4 4 3 1
943 546 4 2 6 1 1
943 548 1 5 4 3 2
943 558 2 5 5 2 3
943 562 1 5 4 3 2
943 572 1 5 5 3 2
943 586 3 5 4 2 3
943 594 4 3 5 2 1
943 602 2 5 5 3 2
943 604 2 5 4 3 2
943 608 2 5 4 3 2
943 638 1 5 5 3 2
943 652 2 5 4 3 2
943 688 2 5 4 2 3
943 706 4 4 4 2 2
943 712 2 5 4 2 3
943 722 2 5 4 3 2
943 734 3 5 4 3 2
943 740 1 5 5 3 2
943 746 4 3 4 2 1
943 748 2 5 5 2 3
943 784 4 4 4 2 2
943 800 1 5 4 3 2
943 824 3 5 4 3 2
943 836 4 3 5 2 1
943 838 2 5 4 2 3
943 842 1 5 4 4 1
943 854 4 3 5 2 1
944 1 2 5 2 3 2
944 13 2 5 3 3 2
944 29 2 5 3 2 3
944 31 1 5 3 3 2
944 41 1 5 3 2 3
944 43 2 5 3 3 2
944 47 4 4 3 1 3
944 53 4 3 3 1 2
944 71 3 5 3 3 2
944 77 4 3 4 1 2
944 79 2 5 3 3 2
944 83 3 5 3 2 3
944 87 4 2 4 1 1
944 101 2 5 3 3 2
944 127 3 5 3 3 2
944 139 1 5 3 2 3
944 141 2 5 4 3 2
944 151 3 5 3 3 2
944 155 4 4 4 2 2
944 157 4 3 3 2 1
944 161 2 5 4 3 2
944 167 2 5 3 2 3
944 169 2 5 3 3 2
944 203 2 5 4 2 3
944 211 2 5 3 4 1
944 229 2 6 3 3 3
944 239 2 5 3 2 3
944 241 2 5 3 3 2
944 251 2 5 3 2 3
944 265 2 5 4 3 2
944 277 2 5 3 3 2
944 281 3 5 3 2 3
944 287 4 3 4 1 2
944 299 2 5 4 2 3
944 317 2 5 3 2 3
944 321 2 5 4 3 2
944 329 1 5 4 2 3
944 337 4 4 3 3 1
944 349 2 5 3 2 3
944 361 1 5 3 3 2
944 365 2 5 4 3 2
944 389 4 5 3 2 3
944 391 2 5 4 3 2
944 409 2 5 3 3 2
944 417 4 3 4 1 2
944 419 2 5 3 2 3
944 421 1 5 3 4 1
944 427 4 4 4 2 2
944 449 2 5 3 2 3
944 451 2 5 4 3 2
944 461 2 5 3 2 3
944 463 2 5 3 3 2
944 475 3 5 4 3 2
944 491 2 5 3 3 2
944 495 4 2 5 1 1
944 499 1 5 3 3 2
944 519 2 5 4 3 2
944 541 2 5 3 3 2
944 551 2 5 4 3 2
944 559 3 5 4 2 3
944 563 4 4 3 2 2
944 573 4 4 4 2 2
944 589 2 5 4 3 2
944 597 4 3 4 2 1
944 603 2 5 4 3 2
944 627 4 2 5 1 1
944 629 1 5 4 2 3
944 659 1 5 3 2 3
944 671 2 6 4 3 3
944 689 2 5 4 2 3
944 691 1 5 3 3 2
944 707 4 4 4 2 2
944 709 1 5 3 3 2
944 729 4 4 3 2 2
944 739 1 5 3 3 2
944 743 4 4 3 2 2
944 761 2 5 3 3 2
944 785 2 5 4 3 2
944 799 1 5 4 3 2
944 807 4 3 4 2 1
944 811 3 5 3 3 2
944 827 2 5 3 3 2
944 841 2 5 3 4 1
944 857 4 3 3 1 2
944 883 4 4 3 3 1
944 889 2 5 4 3 2
944 911 3 5 3 3 2
944 937 4 4 3 3 1
945 176 4 3 5 2 1
946 23 2 5 4 3 2
946 27 4 3 4 2 1
946 29 1 5 4 3 2
946 41 3 5 4 3 2
946 49 1 5 4 2 3
946 61 2 5 4 2 3
946 67 4 3 4 1 2
946 91 1 5 5 2 3
946 127 2 5 4 2 3
946 139 1 5 4 3 2
946 163 4 3 4 1 2
946 167 3 5 4 3 2
946 169 2 5 4 2 3
946 181 1 5 4 2 3
946 211 3 5 4 2 3
946 219 4 3 5 2 1
946 237 4 3 5 2 1
946 239 1 5 4 3 2
946 245 4 3 5 2 1
946 251 1 5 4 3 2
946 281 2 5 4 2 3
946 289 2 5 4 3 2
946 295 1 5 5 2 3
946 335 2 5 5 3 2
946 349 3 5 4 3 2
946 365 1 5 5 3 2
946 391 3 5 5 2 3
946 419 2 6 4 4 2
946 449 3 5 4 3 2
946 461 2 5 4 3 2
946 483 4 2 6 1 1
946 491 1 5 4 2 3
946 503 4 4 4 3 1
946 509 3 5 4 3 2
946 511 1 5 5 2 3
946 533 3 5 5 3 2
946 569 2 5 4 3 2
946 589 2 5 5 2 3
946 601 2 6 4 3 3
946 613 4 3 4 1 2
946 631 1 5 4 2 3
946 659 1 5 4 3 2
946 673 4 4 4 1 3
946 683 4 3 4 2 1
946 687 4 4 5 2 2
946 699 1 5 5 3 2
946 707 4 4 5 3 1
946 717 4 2 5 1 1
946 743 4 4 4 2 2
946 767 4 3 5 2 1
946 823 4 4 4 2 2
946 839 2 5 4 4 1
946 843 4 2 5 1 1
946 857 4 3 4 2 1
946 873 4 3 5 2 1
946 881 1 5 4 3 2
947 2 2 5 2 2 3
947 12 1 5 3 2 3
947 14 4 3 3 1 2
947 16 4 4 2 2 2
947 22 2 5 3 3 2
947 32 2 5 2 2 3
947 36 4 2 3 1 1
947 54 4 5 3 3 2
947 58 2 5 3 3 2
947 68 2 5 3 3 2
947 76 3 5 3 3 2
947 98 2 5 3 3 2
947 128 2 5 2 2 3
947 142 1 5 3 2 3
947 148 2 5 3 3 2
947 152 1 5 3 2 3
947 158 2 5 3 3 2
947 166 3 5 3 3 2
947 184 3 5 3 3 2
947 188 1 5 3 2 3
947 208 1 5 3 4 1
947 212 1 5 3 2 3
947 224 4 3 3 1 2
947 226 3 5 3 3 2
947 232 1 5 3 2 3
947 242 2 5 3 2 3
947 250 3 5 3 3 2
947 262 1 5 3 3 2
947 286 4 3 4 2 1
947 292 3 5 3 3 2
947 296 3 5 3 2 3
947 298 1 5 3 3 2
947 318 1 5 4 3 2
947 320 3 5 3 2 3
947 338 2 5 3 2 3
947 352 3 5 3 2 3
947 354 4 2 4 1 1
947 358 2 5 3 3 2
947 362 1 6 3 3 3
947 364 3 5 4 3 2
947 374 4 3 4 1 2
947 386 3 5 3 2 3
947 388 2 5 3 3 2
947 392 1 5 3 2 3
947 418 1 5 4 4 1
947 426 4 2 4 1 1
947 456 4 3 4 2 1
947 464 3 5 3 2 3
947 472 2 5 3 3 2
947 478 2 5 3 3 2
947 488 2 5 3 3 2
947 496 3 5 3 3 2
947 502 3 5 3 3 2
947 518 2 5 4 2 3
947 532 3 5 4 3 2
947 544 3 5 3 3 2
947 548 1 6 3 3 3
947 562 2 5 3 2 3
947 576 4 3 3 1 2
947 590 1 5 4 2 3
947 628 1 5 3 3 2
947 634 4 4 3 3 1
947 648 2 5 3 3 2
947 652 2 5 3 3 2
947 666 4 2 4 1 1
947 668 1 5 3 3 2
947 686 4 4 3 2 2
947 688 2 5 3 3 2
947 692 4 5 3 2 3
947 698 1 5 3 3 2
947 712 2 5 3 3 2
947 730 2 5 4 3 2
947 744 4 4 4 2 2
947 758 3 5 3 3 2
947 782 2 6 4 3 3
947 784 4 3 3 2 1
947 796 4 4 3 3 1
947 802 3 5 3 3 2
947 816 4 3 4 2 1
947 824 3 5 3 3 2
947 838 1 5 3 4 1
947 866 4 3 3 2 1
947 874 4 3 4 2 1
947 894 4 3 4 2 1
947 904 4 3 3 2 1
947 908 1 5 3 3 2
947 926 4 3 3 1 2
947 946 4 2 4 2 0
948 1 4 3 3 2 1
948 53 1 5 4 3 2
948 97 1 5 4 3 2
948 119 4 3 5 2 1
948 157 2 5 4 3 2
948 239 4 2 4 1 1
948 269 4 3 4 1 2
948 491 4 2 4 1 1
948 493 2 5 5 2 3
948 509 4 3 4 2 1
948 551 4 2 5 1 1
948 557 2 5 4 3 2
948 611 4 2 5 1 1
948 619 4 3 4 1 2
948 647 2 5 4 3 2
948 749 4 2 5 1 1
948 775 4 2 5 1 1
948 851 4 3 5 2 1
948 931 4 2 5 1 1
949 14 1 5 4 2 3
949 46 2 5 4 2 3
949 56 2 5 4 3 2
949 74 2 5 4 3 2
949 88 2 5 4 2 3
949 94 1 5 4 2 3
949 116 2 5 4 3 2
949 124 2 5 4 2 3
949 136 3 5 4 3 2
949 164 1 5 4 3 2
949 172 2 5 4 2 3
949 184 2 5 4 2 3
949 190 2 5 5 2 3
949 192 4 3 4 2 1
949 206 2 5 4 4 1
949 224 2 5 4 3 2
949 236 2 5 4 3 2
949 252 4 3 5 1 2
949 256 2 5 3 2 3
949 284 3 5 4 2 3
949 298 3 5 4 2 3
949 304 2 5 4 2 3
949 316 1 5 4 3 2
949 322 3 5 5 2 3
949 326 1 5 4 3 2
949 328 4 3 4 1 2
949 346 2 5 4 3 2
949 360 1 5 5 3 2
949 362 4 4 4 3 1
949 388 2 5 4 2 3
949 394 2 5 4 2 3
949 404 2 5 4 3 2
949 454 2 5 4 2 3
949 466 1 5 4 2 3
949 476 1 5 5 3 2
949 514 2 6 4 3 3
949 522 4 3 5 1 2
949 536 1 5 4 3 2
949 542 3 5 4 3 2
949 556 2 5 4 3 2
949 564 2 5 5 2 3
949 592 3 5 4 2 3
949 602 4 4 5 3 1
949 626 1 5 4 3 2
949 646 1 5 5 3 2
949 658 4 3 5 1 2
949 694 1 5 4 2 3
949 696 1 5 5 3 2
949 704 1 5 4 3 2
949 734 2 5 4 3 2
949 746 2 5 4 3 2
949 792 4 2 5 1 1
949 794 3 5 4 3 2
949 836 2 5 5 4 1
949 838 4 3 4 1 2
949 844 1 5 4 2 3
949 862 4 3 4 1 2
949 892 4 4 4 2 2
950 7 2 5 4 3 2
950 37 2 5 4 3 2
950 51 2 5 5 3 2
950 53 2 5 4 2 3
950 131 2 5 4 2 3
950 191 1 5 4 2 3
950 229 4 4 4 2 2
950 257 2 5 4 2 3
950 271 1 5 4 3 2
950 359 2 5 4 3 2
950 389 1 5 4 2 3
950 457 2 5 4 3 2
950 467 3 5 4 2 3
950 469 2 5 5 3 2
950 499 3 5 4 3 2
950 631 2 5 4 3 2
950 649 2 5 5 3 2
950 733 2 5 4 3 2
950 757 4 3 4 2 1
950 821 2 5 4 3 2
951 50 1 5 4 3 2
951 62 4 3 4 1 2
951 92 4 3 4 2 1
951 134 1 5 4 3 2
951 140 4 2 5 1 1
951 218 4 3 4 2 1
951 284 1 5 4 3 2
951 302 4 4 4 2 2
951 314 2 5 4 3 2
951 362 4 4 4 2 2
951 452 4 3 4 2 1
951 458 4 3 4 1 2
951 472 4 2 4 1 1
951 478 4 3 4 1 2
951 544 2 5 4 3 2
951 566 3 5 4 2 3
951 596 2 5 4 3 2
951 608 4 2 4 1 1
951 652 4 4 4 2 2
951 664 1 5 4 3 2
951 718 4 2 4 1 1
951 748 4 3 5 1 2
952 37 2 5 4 2 3
952 41 4 3 4 2 1
952 53 1 5 4 3 2
952 55 1 5 5 2 3
952 81 4 3 4 1 2
952 83 2 5 4 3 2
952 89 4 3 4 2 1
952 127 2 5 4 2 3
952 171 4 3 5 1 2
952 193 3 5 4 2 3
952 219 4 2 5 1 1
952 237 2 5 5 2 3
952 247 2 5 5 2 3
952 257 1 5 4 3 2
952 283 2 5 4 3 2
952 313 1 5 4 3 2
952 379 4 3 4 1 2
952 397 1 5 4 2 3
952 401 3 5 4 3 2
952 431 4 3 4 2 1
952 467 2 5 4 3 2
952 479 4 4 4 2 2
952 491 4 4 4 3 1
952 517 1 5 5 2 3
952 523 3 5 4 2 3
952 531 4 2 5 1 1
952 569 4 3 4 2 1
952 643 3 5 4 3 2
952 647 1 5 4 3 2
952 653 1 5 4 3 2
952 691 4 4 4 2 2
952 739 4 4 4 2 2
952 743 2 5 4 3 2
952 787 2 5 4 2 3
952 797 1 5 4 3 2
952 821 4 3 4 2 1
952 951 4 2 5 2 0
953 4 3 5 2 3 2
953 6 4 3 3 2 1
953 22 2 5 3 3 2
953 48 2 5 3 3 2
953 50 1 5 3 2 3
953 52 3 5 3 3 2
953 62 1 5 3 3 2
953 82 2 5 3 3 2
953 92 2 6 3 3 3
953 106 4 4 3 2 2
953 118 2 5 3 3 2
953 128 2 5 2 2 3
953 136 4 4 3 2 2
953 148 1 5 3 2 3
953 152 1 5 3 3 2
953 158 1 5 3 2 3
953 160 1 5 3 3 2
953 166 4 3 3 2 1
953 174 4 4 4 2 2
953 178 2 5 3 3 2
953 184 4 3 3 2 1
953 188 3 5 3 2 3
953 194 2 5 3 2 3
953 202 3 5 3 4 1
953 212 2 5 3 2 3
953 232 1 5 3 3 2
953 238 3 5 4 2 3
953 242 4 4 3 2 2
953 254 4 4 3 2 2
953 256 2 5 2 3 2
953 268 2 5 3 3 2
953 276 4 2 4 1 1
953 282 2 5 4 3 2
953 286 3 5 4 3 2
953 288 2 5 3 2 3
953 290 1 5 4 2 3
953 302 2 5 3 2 3
953 308 2 5 4 2 3
953 336 4 2 4 1 1
953 342 2 5 4 3 2
953 344 4 4 3 1 3
953 356 3 5 3 3 2
953 358 3 6 3 3 3
953 384 4 3 3 2 1
953 392 2 5 3 2 3
953 396 4 3 4 2 1
953 398 2 5 3 2 3
953 400 2 5 3 3 2
953 412 2 5 3 4 1
953 436 4 4 3 2 2
953 442 2 5 4 3 2
953 458 1 5 3 2 3
953 472 2 5 3 3 2
953 474 4 2 4 1 1
953 482 1 5 3 3 2
953 488 3 5 3 2 3
953 502 1 5 3 3 2
953 514 4 3 3 2 1
953 524 3 5 3 2 3
953 526 3 5 3 3 2
953 538 2 5 3 3 2
953 540 4 3 4 1 2
953 542 2 5 3 3 2
953 554 2 5 3 2 3
953 562 1 5 3 3 2
953 566 4 4 3 2 2
953 568 2 5 3 2 3
953 598 1 5 4 3 2
953 608 2 5 3 2 3
953 628 2 5 3 3 2
953 638 1 5 4 2 3
953 652 1 5 3 3 2
953 662 2 5 3 3 2
953 680 2 5 4 2 3
953 686 4 4 3 2 2
953 692 2 5 3 3 2
953 698 1 5 3 2 3
953 700 1 5 4 3 2
953 706 4 5 3 3 2
953 722 2 5 3 2 3
953 734 4 4 3 2 2
953 744 4 3 4 1 2
953 752 2 5 3 3 2
953 758 1 5 3 2 3
953 776 3 5 3 3 2
953 786 4 3 4 2 1
953 812 4 4 4 2 2
953 818 2 5 3 3 2
953 832 1 5 3 4 1
953 862 2 5 3 3 2
953 902 2 5 4 3 2
953 914 4 3 3 1 2
953 924 4 2 5 1 1
953 932 1 5 3 3 2
954 19 2 5 4 2 3
954 61 2 5 4 3 2
954 77 4 2 5 1 1
954 151 1 5 4 3 2
954 157 4 3 4 2 1
954 181 4 3 4 2 1
954 233 4 3 4 1 2
954 263 4 2 4 1 1
954 289 2 5 4 2 3
954 307 4 3 4 2 1
954 359 2 5 4 2 3
954 433 4 3 4 2 1
954 467 4 3 4 2 1
954 481 1 5 5 3 2
954 493 4 2 5 1 1
954 509 2 5 4 3 2
954 541 2 5 4 3 2
954 551 3 5 5 3 2
954 587 4 3 4 2 1
954 637 4 3 5 2 1
954 673 4 2 4 1 1
954 677 4 3 4 2 1
954 703 4 2 5 1 1
954 751 2 5 4 3 2
954 863 4 4 4 2 2
954 877 4 3 4 1 2
955 32 2 5 3 3 2
955 46 2 5 4 3 2
955 52 2 5 4 2 3
955 56 4 4 4 2 2
955 176 2 5 4 3 2
955 178 3 5 4 2 3
955 214 1 5 4 2 3
955 218 2 5 4 3 2
955 242 2 5 4 3 2
955 266 2 5 5 3 2
955 284 2 5 4 3 2
955 292 2 5 4 2 3
955 326 1 5 4 3 2
955 332 1 5 4 3 2
955 394 3 5 4 2 3
955 498 4 2 5 1 1
955 508 1 5 4 3 2
955 578 2 5 4 3 2
955 592 2 5 4 3 2
955 626 2 5 4 3 2
955 724 2 5 4 2 3
955 794 3 5 4 3 2
955 812 2 5 5 3 2
955 878 3 5 4 3 2
956 1 3 5 2 3 2
956 13 2 5 3 3 2
956 17 4 4 3 2 2
956 31 1 5 3 3 2
956 35 4 3 4 1 2
956 43 4 4 3 2 2
956 59 2 6 3 3 3
956 67 3 5 3 3 2
956 71 2 5 3 2 3
956 89 2 5 3 3 2
956 101 2 5 3 2 3
956 103 4 3 3 2 1
956 109 2 5 3 3 2
956 113 4 3 3 1 2
956 139 2 5 3 3 2
956 147 4 2 4 1 1
956 149 2 5 3 3 2
956 151 1 5 3 2 3
956 157 3 5 3 3 2
956 175 1 5 4 3 2
956 179 2 5 3 2 3
956 191 3 5 3 2 3
956 199 3 5 3 4 1
956 221 2 5 4 2 3
956 237 4 2 4 1 1
956 241 1 6 3 3 3
956 251 2 5 3 2 3
956 253 3 5 4 3 2
956 263 3 5 3 2 3
956 273 4 2 5 1 1
956 289 2 5 3 3 2
956 291 1 5 4 2 3
956 305 2 5 4 2 3
956 307 4 4 3 2 2
956 311 2 5 3 2 3
956 319 1 5 4 3 2
956 329 3 5 4 2 3
956 353 2 5 3 3 2
956 361 1 5 3 2 3
956 373 4 4 3 2 2
956 395 2 5 4 2 3
956 397 2 5 3 3 2
956 401 2 5 3 2 3
956 407 4 4 4 2 2
956 409 2 5 3 4 1
956 431 2 5 3 2 3
956 439 2 5 3 3 2
956 443 4 3 3 1 2
956 451 3 5 4 3 2
956 461 1 5 3 2 3
956 463 3 5 3 3 2
956 477 4 2 4 1 1
956 479 2 5 3 3 2
956 487 2 5 3 3 2
956 501 1 5 4 2 3
956 521 1 5 3 2 3
956 529 3 5 3 3 2
956 537 4 2 4 1 1
956 539 3 5 4 3 2
956 549 2 5 4 3 2
956 557 2 5 3 2 3
956 563 4 4 3 2 2
956 571 2 5 3 2 3
956 591 2 5 4 3 2
956 599 2 5 3 2 3
956 607 4 3 3 2 1
956 647 4 4 3 2 2
956 659 3 5 3 3 2
956 661 1 5 3 3 2
956 667 4 3 4 2 1
956 683 2 5 3 2 3
956 689 2 5 4 3 2
956 693 4 3 5 2 1
956 697 2 5 4 3 2
956 703 3 5 4 3 2
956 709 1 5 3 3 2
956 713 4 2 4 1 1
956 721 1 5 4 3 2
956 737 4 3 4 1 2
956 739 2 5 3 3 2
956 749 3 5 4 3 2
956 761 1 5 3 2 3
956 769 2 5 3 3 2
956 773 4 5 3 3 2
956 811 1 5 3 3 2
956 815 4 5 4 3 2
956 829 2 5 3 4 1
956 851 3 5 4 2 3
956 871 2 5 4 3 2
956 887 4 4 3 2 2
956 893 4 3 4 1 2
956 899 1 5 4 3 2
956 919 4 3 3 2 1
956 953 4 3 3 2 1
957 14 4 3 5 1 2
957 196 4 2 5 1 1
957 278 2 5 5 3 2
957 326 4 2 5 1 1
957 454 4 3 5 2 1
957 514 4 2 5 1 1
957 584 4 3 5 2 1
957 658 2 5 6 3 2
957 694 4 3 5 2 1
957 734 4 3 5 2 1
957 772 2 5 5 3 2
957 844 4 2 5 1 1
957 896 4 3 5 2 1
958 1 3 5 2 2 3
958 23 2 5 3 2 3
958 41 4 4 3 2 2
958 43 1 6 3 3 3
958 57 1 5 4 3 2
958 61 4 4 3 1 3
958 65 1 5 4 3 2
958 87 3 5 4 3 2
958 97 3 5 3 2 3
958 107 2 5 3 3 2
958 111 4 3 4 1 2
958 113 2 5 3 3 2
958 127 1 5 3 3 2
958 153 2 5 4 2 3
958 155 2 5 4 3 2
958 163 3 5 3 2 3
958 173 2 5 3 3 2
958 181 3 5 3 2 3
958 197 2 5 3 4 1
958 199 2 5 3 2 3
958 217 3 5 4 2 3
958 227 2 5 3 3 2
958 251 3 5 3 3 2
958 253 2 5 4 2 3
958 263 1 5 3 3 2
958 277 2 5 3 3 2
958 279 4 3 4 1 2
958 287 1 5 4 3 2
958 293 2 5 3 2 3
958 295 2 5 4 2 3
958 307 2 6 3 3 3
958 313 3 5 3 2 3
958 323 2 5 4 3 2
958 329 2 5 4 3 2
958 331 4 4 3 1 3
958 337 2 5 3 3 2
958 347 3 5 3 3 2
958 353 1 5 3 3 2
958 357 4 3 5 2 1
958 377 1 5 4 3 2
958 381 4 3 4 2 1
958 389 4 3 3 2 1
958 397 2 5 3 2 3
958 407 2 6 4 4 2
958 433 2 5 3 2 3
958 449 4 4 3 3 1
958 461 3 5 3 3 2
958 463 3 5 3 2 3
958 477 1 5 4 3 2
958 485 1 5 4 3 2
958 503 3 5 3 2 3
958 505 3 5 4 3 2
958 521 3 5 3 3 2
958 533 1 5 4 3 2
958 539 4 3 4 2 1
958 547 1 5 3 3 2
958 559 2 5 4 2 3
958 579 4 3 4 2 1
958 587 2 5 3 3 2
958 589 2 5 4 3 2
958 591 4 2 4 1 1
958 593 1 5 3 3 2
958 605 4 3 4 2 1
958 617 2 5 3 3 2
958 621 4 2 4 1 1
958 623 1 5 4 3 2
958 637 1 5 4 3 2
958 657 2 5 4 3 2
958 659 3 5 3 3 2
958 673 2 5 3 2 3
958 679 4 3 4 1 2
958 685 2 5 4 2 3
958 703 2 5 4 2 3
958 721 4 4 4 2 2
958 727 2 5 3 2 3
958 737 2 5 4 3 2
958 771 3 5 4 3 2
958 793 2 5 4 2 3
958 797 2 5 3 3 2
958 799 4 4 4 2 2
958 809 4 4 3 3 1
958 813 2 5 4 3 2
958 827 3 5 3 4 1
958 839 4 4 3 2 2
958 891 4 2 4 1 1
958 911 4 4 3 3 1
958 923 2 5 4 3 2
959 10 1 5 4 3 2
959 16 1 5 3 3 2
959 44 2 5 4 2 3
959 46 2 5 4 3 2
959 62 4 4 4 1 3
959 64 2 5 3 3 2
959 86 1 5 4 3 2
959 92 4 3 4 1 2
959 102 4 2 5 1 1
959 146 3 5 4 3 2
959 198 4 3 5 2 1
959 200 1 5 4 2 3
959 214 2 5 4 3 2
959 218 2 5 4 2 3
959 232 4 3 4 2 1
959 244 2 5 4 2 3
959 262 3 5 4 3 2
959 278 4 3 4 1 2
959 296 1 5 4 2 3
959 314 4 5 4 2 3
959 362 4 3 4 1 2
959 374 1 5 5 2 3
959 376 1 5 4 3 2
959 388 4 3 4 2 1
959 394 1 5 4 3 2
959 398 2 5 4 2 3
959 404 2 5 4 2 3
959 418 4 3 5 2 1
959 466 3 5 4 3 2
959 484 2 5 4 3 2
959 492 4 2 5 1 1
959 536 2 5 4 3 2
959 556 2 5 4 3 2
959 614 3 5 4 2 3
959 636 2 5 5 3 2
959 640 2 5 4 3 2
959 648 4 2 4 1 1
959 652 4 3 4 2 1
959 656 1 5 4 3 2
959 674 3 5 4 2 3
959 694 1 5 4 3 2
959 706 1 5 4 3 2
959 708 4 2 5 1 1
959 724 1 5 4 3 2
959 746 2 5 4 3 2
959 752 4 4 4 2 2
959 758 4 4 4 2 2
959 778 4 3 4 2 1
959 874 2 5 5 3 2
959 912 4 2 5 1 1
959 922 4 4 4 3 1
959 926 2 5 4 3 2
960 49 4 2 4 1 1
960 257 4 3 4 1 2
960 349 1 5 4 3 2
960 913 4 2 5 1 1
961 2 4 4 2 2 2
961 4 2 5 2 2 3
961 18 4 4 3 2 2
961 26 1 6 3 3 3
961 32 4 3 2 2 1
961 40 1 5 3 3 2
961 44 3 5 3 3 2
961 46 1 5 3 2 3
961 64 2 5 2 2 3
961 68 4 4 3 2 2
961 76 2 5 3 2 3
961 106 2 5 3 2 3
961 110 1 5 4 3 2
961 138 4 3 4 2 1
961 144 1 5 3 3 2
961 166 2 5 3 2 3
961 170 2 5 4 3 2
961 184 2 5 3 2 3
961 194 1 6 3 4 2
961 196 1 5 3 2 3
961 212 3 5 3 3 2
961 224 2 5 3 3 2
961 236 2 5 3 3 2
961 242 4 3 3 2 1
961 246 1 5 4 2 3
961 274 2 5 3 3 2
961 278 4 4 3 3 1
961 296 1 5 3 2 3
961 304 3 5 3 3 2
961 326 2 5 3 3 2
961 334 1 6 3 3 3
961 338 4 4 3 2 2
961 350 2 5 4 3 2
961 352 2 5 3 2 3
961 376 3 5 3 2 3
961 404 2 5 3 4 1
961 408 4 3 4 1 2
961 436 1 5 3 2 3
961 446 1 5 3 3 2
961 464 2 5 3 3 2
961 488 2 5 3 3 2
961 502 3 5 3 3 2
961 506 2 5 4 2 3
961 512 5 3 2 2 1
961 524 2 5 3 3 2
961 528 4 2 4 1 1
961 532 4 4 4 1 3
961 534 1 5 4 3 2
961 544 1 5 3 3 2
961 554 2 5 3 3 2
961 576 3 5 3 2 3
961 584 1 5 3 3 2
961 586 3 5 3 3 2
961 590 3 5 4 3 2
961 604 1 5 3 2 3
961 616 3 5 4 2 3
961 628 4 4 3 2 2
961 634 3 5 3 3 2
961 638 3 5 4 3 2
961 648 4 2 3 1 1
961 656 1 5 3 3 2
961 658 4 3 4 1 2
961 674 2 5 3 3 2
961 688 3 5 3 2 3
961 716 2 5 3 3 2
961 730 2 5 4 2 3
961 746 4 4 3 2 2
961 762 4 2 4 1 1
961 766 2 5 3 2 3
961 772 4 3 3 1 2
961 796 1 5 3 2 3
961 818 4 4 3 2 2
961 822 4 2 4 1 1
961 824 2 5 3 4 1
961 856 1 5 3 2 3
961 866 3 5 3 3 2
961 882 4 3 4 2 1
961 884 2 5 4 3 2
961 918 4 2 4 1 1
961 926 2 5 3 3 2
962 7 2 5 4 3 2
962 17 1 5 4 2 3
962 27 3 5 4 2 3
962 53 1 5 4 3 2
962 61 2 5 4 3 2
962 73 1 5 4 3 2
962 79 4 3 4 2 1
962 83 1 5 4 3 2
962 89 4 3 4 1 2
962 137 2 5 4 2 3
962 157 2 5 4 2 3
962 193 2 5 4 4 1
962 197 1 5 4 2 3
962 203 1 5 5 2 3
962 227 3 5 4 2 3
962 257 1 5 4 2 3
962 277 1 5 4 3 2
962 283 2 5 4 3 2
962 311 3 5 4 2 3
962 313 1 5 4 3 2
962 321 4 2 5 1 1
962 347 2 6 4 3 3
962 353 1 5 4 2 3
962 367 1 5 4 2 3
962 373 2 5 4 3 2
962 379 4 4 4 2 2
962 401 3 5 4 2 3
962 445 2 5 5 3 2
962 457 2 5 4 3 2
962 473 2 5 5 3 2
962 479 2 5 4 2 3
962 487 2 5 4 3 2
962 493 1 5 5 3 2
962 499 4 3 4 2 1
962 517 2 5 5 3 2
962 563 1 5 4 2 3
962 571 3 5 4 3 2
962 577 1 5 4 2 3
962 581 4 3 5 1 2
962 633 1 5 5 3 2
962 643 2 5 4 3 2
962 653 1 5 4 3 2
962 669 4 3 5 2 1
962 677 2 5 4 2 3
962 683 1 5 4 3 2
962 697 2 5 5 3 2
962 743 2 5 4 3 2
962 787 2 5 4 3 2
962 809 2 5 4 3 2
962 823 2 5 4 4 1
962 839 4 3 4 1 2
962 857 1 5 4 2 3
962 893 1 5 5 3 2
962 907 2 5 4 3 2
962 929 4 4 4 2 2
963 38 1 5 4 3 2
963 44 4 3 4 2 1
963 86 4 2 4 1 1
963 154 4 2 5 1 1
963 158 2 5 4 2 3
963 164 4 4 4 2 2
963 248 2 5 4 2 3
963 298 1 5 4 2 3
963 304 4 3 4 2 1
963 346 4 4 4 3 1
963 364 4 2 5 1 1
963 376 4 3 4 2 1
963 476 4 2 5 1 1
963 524 4 2 4 1 1
963 554 4 3 4 2 1
963 578 2 5 4 2 3
963 694 4 2 4 1 1
963 736 4 2 4 1 1
963 742 2 5 5 3 2
963 746 4 3 4 1 2
963 772 4 3 4 2 1
963 808 2 5 4 3 2
963 814 4 2 5 1 1
963 826 4 2 5 1 1
963 874 4 3 5 2 1
963 944 4 2 4 1 1
964 3 4 2 3 1 1
964 5 2 5 3 3 2
964 29 2 5 3 2 3
964 37 3 5 3 3 2
964 41 1 5 3 3 2
964 51 2 5 4 3 2
964 59 2 5 3 3 2
964 61 2 5 3 2 3
964 71 3 5 3 3 2
964 79 1 5 3 2 3
964 103 3 5 3 2 3
964 107 4 4 3 3 1
964 109 2 5 3 2 3
964 113 4 4 3 2 2
964 121 2 5 3 3 2
964 131 2 5 3 3 2
964 133 4 3 4 1 2
964 149 1 5 3 3 2
964 169 2 5 3 2 3
964 173 4 4 3 2 2
964 191 1 5 3 4 1
964 205 2 5 4 2 3
964 209 1 5 4 3 2
964 233 2 5 3 3 2
964 247 4 4 4 2 2
964 257 3 5 3 3 2
964 271 3 6 3 3 3
964 275 2 5 4 3 2
964 283 4 4 3 2 2
964 299 1 5 4 2 3
964 301 2 6 4 3 3
964 303 4 3 4 2 1
964 331 2 5 3 3 2
964 341 2 5 4 3 2
964 343 4 3 3 1 2
964 349 2 5 3 2 3
964 353 4 4 3 2 2
964 369 2 5 4 2 3
964 379 1 5 3 2 3
964 389 2 5 3 3 2
964 401 1 5 3 4 1
964 431 1 5 3 3 2
964 439 3 5 3 2 3
964 467 4 4 3 2 2
964 471 3 5 4 3 2
964 479 2 5 3 3 2
964 481 2 5 4 2 3
964 491 3 5 3 3 2
964 499 1 6 3 3 3
964 509 1 5 3 2 3
964 517 4 3 4 1 2
964 527 2 5 4 3 2
964 541 2 5 3 3 2
964 543 4 3 4 2 1
964 547 4 3 3 1 2
964 551 2 5 4 3 2
964 565 2 5 4 2 3
964 569 3 5 3 3 2
964 583 3 5 4 3 2
964 587 2 5 3 3 2
964 617 4 4 3 3 1
964 631 2 5 3 3 2
964 635 2 5 4 3 2
964 641 3 5 3 3 2
964 647 4 3 3 2 1
964 679 2 5 4 2 3
964 689 2 5 4 3 2
964 691 3 5 3 2 3
964 709 1 5 3 2 3
964 719 1 5 3 3 2
964 751 4 4 3 2 2
964 757 4 3 3 1 2
964 761 1 5 3 3 2
964 763 4 4 4 2 2
964 777 4 3 5 1 2
964 779 3 5 4 3 2
964 783 4 2 4 1 1
964 799 2 5 4 2 3
964 803 4 5 4 3 2
964 813 4 2 4 1 1
964 821 1 6 3 4 2
964 853 4 4 3 2 2
964 869 2 5 4 3 2
964 887 4 4 3 2 2
964 913 4 3 4 1 2
965 8 1 5 3 2 3
965 22 1 5 4 3 2
965 62 2 5 4 2 3
965 146 1 5 4 2 3
965 148 2 5 4 3 2
965 154 4 3 5 2 1
965 166 2 5 4 3 2
965 224 2 5 4 2 3
965 244 1 5 4 3 2
965 302 1 5 4 2 3
965 316 1 5 4 3 2
965 344 2 5 4 3 2
965 426 4 4 5 2 2
965 444 4 2 5 1 1
965 454 1 5 4 3 2
965 484 2 5 4 3 2
965 514 1 5 4 3 2
965 536 2 5 4 2 3
965 608 2 5 4 2 3
965 712 1 5 4 3 2
965 718 2 5 4 3 2
965 764 2 5 4 3 2
965 778 3 5 4 3 2
965 806 1 5 5 3 2
965 832 4 4 4 2 2
966 73 4 3 5 1 2
966 97 4 3 5 1 2
966 137 4 2 5 1 1
966 269 2 5 5 3 2
966 293 4 2 5 1 1
966 383 4 4 5 2 2
966 397 4 3 5 2 1
966 617 5 2 5 1 1
966 683 4 3 5 2 1
966 709 4 3 5 2 1
966 743 4 2 5 1 1
966 787 4 2 5 1 1
967 2 1 5 2 3 2
967 8 2 5 2 3 2
967 22 2 5 3 2 3
967 26 4 3 3 2 1
967 32 1 5 2 2 3
967 34 3 5 3 3 2
967 66 4 3 4 1 2
967 68 1 5 3 3 2
967 70 1 5 4 2 3
967 78 2 5 4 3 2
967 98 2 5 3 3 2
967 106 2 5 3 2 3
967 112 3 5 3 2 3
967 118 3 5 3 3 2
967 144 4 3 3 2 1
967 148 1 5 3 2 3
967 164 3 5 3 3 2
967 172 2 5 3 2 3
967 178 4 4 3 2 2
967 188 1 6 3 4 2
967 190 2 5 4 2 3
967 194 4 3 3 2 1
967 196 4 3 3 1 2
967 202 2 5 3 2 3
967 208 2 5 3 2 3
967 218 1 5 3 3 2
967 230 3 5 4 3 2
967 232 2 5 3 2 3
967 242 2 5 3 3 2
967 246 4 3 4 1 2
967 252 3 5 4 2 3
967 254 2 5 3 3 2
967 268 2 5 3 3 2
967 272 2 5 3 3 2
967 274 3 5 3 2 3
967 278 1 5 3 3 2
967 298 4 5 3 3 2
967 302 1 5 3 2 3
967 304 3 5 3 2 3
967 326 4 3 3 2 1
967 328 2 5 3 3 2
967 338 1 5 3 3 2
967 344 3 5 3 3 2
967 358 2 5 3 2 3
967 372 2 5 4 2 3
967 382 2 5 3 2 3
967 386 3 5 3 3 2
967 398 1 5 3 4 1
967 404 4 3 3 2 1
967 412 1 5 3 2 3
967 428 2 5 3 3 2
967 440 2 5 4 3 2
967 452 1 5 3 3 2
967 454 4 4 3 2 2
967 482 3 5 3 3 2
967 496 3 5 3 3 2
967 502 2 5 3 2 3
967 512 2 6 2 3 3
967 526 4 3 3 1 2
967 536 4 3 3 2 1
967 538 1 6 3 3 3
967 568 1 5 3 2 3
967 580 2 5 4 3 2
967 584 4 4 3 3 1
967 586 4 3 3 1 2
967 604 4 3 3 1 2
967 610 3 5 4 2 3
967 622 2 5 3 2 3
967 628 2 5 3 3 2
967 632 3 5 3 3 2
967 636 4 3 4 2 1
967 638 3 5 4 3 2
967 648 3 5 3 3 2
967 668 1 5 3 3 2
967 682 2 5 4 2 3
967 692 2 5 3 3 2
967 694 3 5 3 2 3
967 712 2 5 3 2 3
967 736 2 5 3 2 3
967 758 2 5 3 3 2
967 762 1 5 4 3 2
967 772 2 5 3 2 3
967 782 2 5 4 3 2
967 802 1 5 3 2 3
967 816 4 2 4 1 1
967 818 2 5 3 4 1
967 844 4 3 3 1 2
967 846 4 3 4 2 1
967 848 1 5 3 3 2
967 862 1 5 3 2 3
967 902 2 5 4 3 2
967 924 4 3 5 2 1
968 19 2 5 3 3 2
968 21 4 3 4 2 1
968 37 1 5 3 3 2
968 47 2 5 3 3 2
968 61 4 3 3 2 1
968 67 1 5 3 3 2
968 71 4 4 3 1 3
968 97 2 5 3 3 2
968 103 3 5 3 3 2
968 107 2 5 3 2 3
968 113 2 5 3 2 3
968 117 2 5 4 3 2
968 137 1 5 3 3 2
968 149 4 4 3 1 3
968 163 2 6 3 3 3
968 173 2 5 3 2 3
968 191 4 5 3 2 3
968 205 2 5 4 3 2
968 217 4 4 4 3 1
968 225 4 2 4 1 1
968 227 2 5 3 2 3
968 251 4 4 3 2 2
968 269 4 3 3 1 2
968 271 3 5 3 3 2
968 303 3 5 4 2 3
968 305 1 5 4 2 3
968 313 1 5 3 3 2
968 317 2 5 3 2 3
968 361 4 3 3 2 1
968 373 2 5 3 2 3
968 383 1 5 3 2 3
968 397 1 5 3 4 1
968 443 3 5 3 2 3
968 457 1 5 3 3 2
968 467 2 5 3 3 2
968 475 1 5 4 3 2
968 487 1 5 3 3 2
968 489 4 3 4 2 1
968 509 4 4 3 2 2
968 523 2 5 3 3 2
968 527 2 5 4 3 2
968 529 4 3 3 2 1
968 533 1 5 4 2 3
968 565 2 5 4 3 2
968 569 2 5 3 2 3
968 577 1 5 3 3 2
968 591 4 3 4 1 2
968 613 2 5 3 3 2
968 623 2 5 4 2 3
968 641 4 3 3 1 2
968 647 2 5 3 3 2
968 659 4 3 3 1 2
968 667 3 5 4 3 2
968 677 2 5 3 3 2
968 683 2 5 3 2 3
968 709 3 5 3 3 2
968 741 4 2 5 1 1
968 761 3 5 3 3 2
968 799 4 4 4 3 1
968 817 1 5 4 4 1
968 829 4 3 3 2 1
968 841 4 3 3 2 1
968 877 1 5 3 3 2
968 881 4 3 3 1 2
968 917 2 5 4 3 2
968 961 4 3 3 2 1
969 22 4 2 5 1 1
969 46 2 5 5 3 2
969 164 1 5 5 2 3
969 178 4 4 5 2 2
969 398 4 2 5 1 1
969 412 4 2 5 1 1
969 472 4 4 5 2 2
969 550 4 3 6 2 1
969 628 4 3 5 1 2
969 668 4 3 5 1 2
969 698 4 2 5 1 1
969 802 4 4 5 3 1
969 832 4 2 5 1 1
969 862 4 2 5 1 1
969 958 4 3 5 2 1
970 31 1 5 4 3 2
970 53 3 5 4 3 2
970 67 1 5 4 2 3
970 73 2 5 4 2 3
970 101 1 5 4 3 2
970 109 2 5 4 2 3
970 151 1 5 4 2 3
970 203 2 5 5 3 2
970 229 1 5 4 2 3
970 239 2 5 4 3 2
970 277 2 5 4 2 3
970 341 1 5 5 3 2
970 343 1 5 4 2 3
970 409 1 5 4 2 3
970 437 1 5 5 3 2
970 473 1 5 5 3 2
970 487 1 5 4 2 3
970 493 3 5 5 3 2
970 563 1 5 4 3 2
970 571 3 5 4 2 3
970 577 2 5 4 3 2
970 629 2 5 5 3 2
970 647 1 5 4 3 2
970 683 1 5 4 3 2
970 727 4 2 4 1 1
970 859 4 4 4 2 2
971 2 3 5 2 2 3
971 6 4 3 3 1 2
971 14 2 5 3 2 3
971 16 1 5 2 3 2
971 36 1 5 3 2 3
971 44 1 5 3 3 2
971 56 2 5 3 2 3
971 74 1 6 3 3 3
971 86 2 5 3 2 3
971 100 2 5 3 3 2
971 110 4 5 4 2 3
971 124 2 5 3 3 2
971 128 4 4 2 2 2
971 134 2 5 3 3 2
971 162 4 3 3 2 1
971 166 2 5 3 2 3
971 168 4 4 4 2 2
971 176 3 5 3 2 3
971 184 2 5 3 4 1
971 188 4 4 3 2 2
971 194 2 5 3 2 3
971 202 4 4 3 3 1
971 206 1 5 3 2 3
971 212 3 5 3 2 3
971 226 2 5 3 3 2
971 236 1 5 3 2 3
971 238 4 4 4 3 1
971 250 2 5 3 3 2
971 256 2 5 2 2 3
971 264 2 5 4 3 2
971 268 2 5 3 3 2
971 274 2 5 3 3 2
971 298 4 3 3 2 1
971 304 1 5 3 3 2
971 316 2 5 3 3 2
971 332 4 3 3 1 2
971 334 2 5 3 3 2
971 338 3 5 3 3 2
971 344 2 5 3 2 3
971 362 3 5 3 2 3
971 376 1 5 3 2 3
971 382 3 5 3 3 2
971 386 1 5 3 2 3
971 394 1 5 3 4 1
971 416 3 5 3 2 3
971 436 2 5 3 3 2
971 446 1 5 3 2 3
971 448 4 4 3 3 1
971 454 1 5 3 3 2
971 464 3 5 3 3 2
971 478 2 5 3 3 2
971 498 4 4 4 2 2
971 506 1 5 4 2 3
971 520 1 5 4 3 2
971 524 1 5 3 3 2
971 534 2 5 4 3 2
971 536 2 5 3 2 3
971 542 3 5 3 2 3
971 544 2 5 3 3 2
971 552 4 2 4 1 1
971 576 1 5 3 3 2
971 580 2 5 4 3 2
971 586 3 5 3 2 3
971 592 4 3 3 2 1
971 604 4 4 3 3 1
971 614 2 5 3 2 3
971 618 4 3 4 2 1
971 644 3 5 4 3 2
971 646 2 5 4 3 2
971 674 1 5 3 3 2
971 706 3 5 3 3 2
971 712 2 5 3 3 2
971 716 2 5 3 2 3
971 722 4 3 3 1 2
971 724 1 5 3 3 2
971 734 2 5 3 3 2
971 740 3 5 4 2 3
971 748 4 3 4 2 1
971 754 2 5 4 3 2
971 758 3 5 3 3 2
971 760 4 3 4 2 1
971 784 2 5 3 3 2
971 796 2 5 3 3 2
971 800 3 5 3 3 2
971 814 2 5 4 4 1
971 856 1 5 3 3 2
971 866 2 5 3 2 3
971 868 4 3 4 2 1
971 884 2 5 4 3 2
971 892 4 3 3 2 1
971 908 4 3 3 1 2
971 914 2 5 3 3 2
971 916 3 5 3 3 2
971 942 4 2 4 1 1
972 29 3 5 3 3 2
972 73 2 5 3 3 2
972 139 4 4 3 2 2
972 149 4 3 3 2 1
972 167 2 5 3 2 3
972 199 4 2 3 1 1
972 209 4 3 4 1 2
972 293 2 5 3 3 2
972 301 4 4 4 2 2
972 323 2 5 4 3 2
972 337 1 5 3 3 2
972 349 4 3 3 1 2
972 377 1 5 4 2 3
972 379 4 3 3 2 1
972 401 4 2 3 1 1
972 481 4 2 4 1 1
972 491 2 5 3 3 2
972 505 4 3 4 2 1
972 641 4 2 3 1 1
972 643 2 5 3 3 2
972 661 4 3 3 2 1
972 673 2 5 3 3 2
972 719 4 4 3 2 2
972 757 2 5 3 3 2
972 791 4 3 4 2 1
972 821 4 3 3 2 1
972 889 4 2 4 1 1
972 899 4 2 4 1 1
972 911 4 3 3 2 1
973 16 4 5 3 2 3
973 38 1 5 4 2 3
973 50 2 5 4 3 2
973 66 4 2 5 1 1
973 72 2 5 4 3 2
973 94 4 4 4 2 2
973 122 1 5 4 3 2
973 146 4 3 4 2 1
973 148 2 5 4 2 3
973 156 4 3 5 1 2
973 158 1 5 4 3 2
973 232 2 5 4 2 3
973 236 3 5 4 3 2
973 244 4 2 4 1 1
973 248 1 5 4 3 2
973 262 2 5 4 3 2
973 268 2 5 4 2 3
973 292 2 5 4 3 2
973 302 2 5 4 3 2
973 304 4 3 4 1 2
973 338 2 5 4 3 2
973 356 4 3 4 2 1
973 362 2 5 4 3 2
973 374 4 3 5 2 1
973 412 1 5 4 2 3
973 418 1 5 5 2 3
973 422 1 5 4 3 2
973 424 4 4 4 2 2
973 426 4 2 5 1 1
973 446 3 5 4 3 2
973 516 4 2 5 1 1
973 522 1 5 5 3 2
973 526 4 3 4 1 2
973 544 2 5 4 2 3
973 562 4 4 4 2 2
973 578 2 5 4 3 2
973 608 3 5 4 3 2
973 622 1 5 4 3 2
973 632 2 5 4 3 2
973 666 4 3 5 2 1
973 688 1 5 4 2 3
973 696 4 2 5 1 1
973 718 2 5 4 2 3
973 752 1 5 4 3 2
973 764 4 4 4 2 2
973 778 2 5 4 2 3
973 794 4 4 4 3 1
973 796 4 4 4 2 2
973 808 2 5 4 2 3
973 908 1 5 4 3 2
973 926 4 3 4 2 1
973 946 4 3 5 2 1
974 1 2 5 2 3 2
974 5 2 5 3 2 3
974 29 1 5 3 2 3
974 31 3 5 3 3 2
974 41 1 5 3 3 2
974 49 2 5 3 3 2
974 57 4 3 4 1 2
974 61 1 5 3 3 2
974 71 2 6 3 3 3
974 83 4 4 3 2 2
974 131 2 5 3 3 2
974 139 2 5 3 3 2
974 157 2 5 3 3 2
974 169 2 5 3 2 3
974 173 4 4 3 2 2
974 181 1 6 3 4 2
974 187 4 3 4 2 1
974 199 2 5 3 3 2
974 203 4 4 4 2 2
974 209 1 5 4 2 3
974 211 1 5 3 3 2
974 213 4 2 4 1 1
974 215 1 5 4 2 3
974 233 3 5 3 2 3
974 259 3 5 4 2 3
974 261 2 5 4 3 2
974 269 2 5 3 2 3
974 271 2 5 3 3 2
974 281 3 5 3 2 3
974 307 3 5 3 3 2
974 311 1 5 3 2 3
974 335 3 5 4 3 2
974 337 3 5 3 3 2
974 343 4 3 3 2 1
974 347 4 4 3 1 3
974 359 2 5 3 2 3
974 365 1 5 4 2 3
974 377 4 4 4 2 2
974 379 2 6 3 3 3
974 389 1 5 3 2 3
974 391 2 6 4 4 2
974 405 4 3 4 2 1
974 413 2 5 4 2 3
974 419 2 5 3 2 3
974 421 3 5 3 3 2
974 437 4 4 4 2 2
974 461 2 5 3 3 2
974 463 4 4 3 2 2
974 469 1 5 4 3 2
974 473 4 3 4 1 2
974 481 2 5 4 3 2
974 489 2 5 4 3 2
974 491 1 5 3 2 3
974 505 2 5 4 3 2
974 513 4 2 4 1 1
974 521 2 5 3 3 2
974 539 1 5 4 2 3
974 541 4 4 3 3 1
974 545 1 5 4 2 3
974 547 4 4 3 2 2
974 559 1 5 4 3 2
974 571 2 5 3 3 2
974 589 2 5 4 2 3
974 617 2 5 3 2 3
974 629 2 5 4 2 3
974 641 2 5 3 3 2
974 659 1 5 3 2 3
974 671 2 5 4 3 2
974 679 1 5 4 3 2
974 697 4 3 4 2 1
974 701 2 5 3 2 3
974 709 2 5 3 3 2
974 721 1 5 4 3 2
974 743 2 5 3 2 3
974 755 2 5 4 3 2
974 769 2 5 3 3 2
974 785 4 3 4 1 2
974 797 2 5 3 3 2
974 811 3 5 3 4 1
974 813 4 3 4 1 2
974 841 2 5 3 3 2
974 853 5 4 3 3 1
974 859 2 5 3 3 2
974 869 3 5 4 2 3
974 881 3 5 3 3 2
974 911 1 5 3 3 2
974 927 4 2 4 1 1
974 937 4 4 3 3 1
974 967 4 3 3 2 1
976 11 2 5 3 3 2
976 19 1 5 3 2 3
976 25 2 5 3 3 2
976 31 3 5 3 2 3
976 41 1 5 3 2 3
976 47 4 4 3 3 1
976 57 4 2 4 1 1
976 59 1 5 3 3 2
976 79 2 5 3 2 3
976 83 4 4 3 2 2
976 91 3 5 4 2 3
976 109 2 5 3 3 2
976 113 4 3 3 2 1
976 129 2 5 4 3 2
976 147 4 2 4 1 1
976 151 2 5 3 2 3
976 157 2 5 3 2 3
976 171 1 5 4 2 3
976 179 1 5 3 4 1
976 181 3 5 3 2 3
976 197 2 5 3 3 2
976 199 2 5 3 2 3
976 209 1 5 4 3 2
976 221 2 5 4 3 2
976 235 1 5 4 2 3
976 245 1 5 4 3 2
976 259 1 5 4 3 2
976 263 3 5 3 3 2
976 269 2 5 3 3 2
976 271 2 5 3 2 3
976 289 3 5 3 3 2
976 311 1 6 3 3 3
976 317 4 3 3 2 1
976 319 1 5 4 3 2
976 323 4 3 4 2 1
976 343 4 3 3 1 2
976 349 1 5 3 2 3
976 361 2 5 3 2 3
976 367 3 5 3 2 3
976 381 2 5 4 2 3
976 389 2 5 3 4 1
976 397 4 3 3 1 2
976 415 2 5 4 2 3
976 421 3 5 3 2 3
976 431 3 5 3 3 2
976 437 4 4 4 2 2
976 443 2 5 3 3 2
976 449 1 5 3 3 2
976 453 4 2 4 1 1
976 459 1 5 4 3 2
976 479 2 5 3 3 2
976 481 2 5 4 2 3
976 487 3 5 3 3 2
976 493 2 5 4 2 3
976 503 2 5 3 3 2
976 521 3 5 3 2 3
976 529 1 5 3 3 2
976 539 1 5 4 3 2
976 541 2 5 3 2 3
976 547 4 4 3 1 3
976 567 4 2 4 1 1
976 569 2 5 3 3 2
976 571 1 5 3 3 2
976 599 1 5 3 3 2
976 605 3 5 4 3 2
976 619 3 6 3 3 3
976 641 2 5 3 3 2
976 677 3 5 3 3 2
976 689 1 5 4 3 2
976 701 1 5 3 3 2
976 703 3 5 4 2 3
976 707 4 4 4 3 1
976 713 4 3 4 2 1
976 729 3 5 3 3 2
976 767 3 5 4 3 2
976 773 2 5 3 3 2
976 781 2 5 4 2 3
976 787 4 4 3 2 2
976 791 1 5 4 3 2
976 809 1 5 3 4 1
976 827 4 3 3 2 1
976 837 4 3 4 2 1
976 857 2 5 3 3 2
976 877 4 4 3 2 2
976 903 4 2 5 1 1
976 911 1 5 3 3 2
976 953 4 3 3 2 1
976 967 4 3 3 2 1
977 2 2 5 2 2 3
977 8 2 5 2 2 3
977 16 4 3 2 2 1
977 28 1 5 3 3 2
977 36 4 2 3 1 1
977 38 2 5 3 3 2
977 46 3 5 3 3 2
977 66 4 3 4 2 1
977 68 3 5 3 3 2
977 80 2 5 3 2 3
977 88 2 5 3 3 2
977 104 4 4 3 2 2
977 108 2 5 3 3 2
977 122 2 5 3 2 3
977 128 2 5 2 3 2
977 158 2 5 3 2 3
977 166 4 3 3 2 1
977 172 4 5 3 2 3
977 178 1 6 3 4 2
977 182 2 5 4 2 3
977 196 2 5 3 3 2
977 200 2 5 3 2 3
977 206 4 4 3 2 2
977 212 2 5 3 2 3
977 218 2 5 3 2 3
977 224 4 3 3 1 2
977 232 1 5 3 3 2
977 242 2 5 3 2 3
977 262 1 6 3 3 3
977 276 4 3 4 2 1
977 284 2 5 3 2 3
977 288 2 5 3 3 2
977 298 2 5 3 3 2
977 304 4 4 3 3 1
977 310 2 5 4 3 2
977 328 2 5 3 3 2
977 332 1 6 3 3 3
977 354 4 3 4 1 2
977 362 2 5 3 2 3
977 368 2 5 3 2 3
977 374 4 4 4 2 2
977 382 2 5 3 2 3
977 388 2 6 3 4 2
977 406 4 3 4 2 1
977 416 3 5 3 2 3
977 418 1 5 4 3 2
977 442 2 5 4 3 2
977 458 2 5 3 3 2
977 466 3 5 3 3 2
977 472 2 5 3 3 2
977 478 4 4 3 3 1
977 502 2 5 3 3 2
977 508 2 5 3 3 2
977 518 1 5 4 3 2
977 542 3 5 3 2 3
977 548 1 5 3 2 3
977 570 2 5 5 3 2
977 574 2 5 4 3 2
977 576 4 2 3 1 1
977 578 1 5 3 2 3
977 592 2 5 3 2 3
977 614 4 4 3 2 2
977 622 2 5 3 3 2
977 634 4 3 3 2 1
977 638 1 5 4 3 2
977 644 4 3 4 1 2
977 658 2 5 4 3 2
977 662 1 5 3 2 3
977 666 4 3 4 2 1
977 668 1 5 3 3 2
977 676 3 5 3 3 2
977 682 3 5 4 3 2
977 704 4 4 3 1 3
977 716 4 3 3 1 2
977 718 2 5 3 3 2
977 728 2 5 4 3 2
977 746 4 4 3 1 3
977 752 2 5 3 3 2
977 756 4 3 4 1 2
977 772 1 5 3 3 2
977 790 2 5 4 3 2
977 794 3 5 3 3 2
977 796 4 3 3 2 1
977 804 4 3 4 2 1
977 808 2 5 3 4 1
977 816 4 4 4 2 2
977 878 2 5 3 3 2
977 892 1 5 3 3 2
977 904 4 4 3 3 1
977 908 1 5 3 3 2
977 920 4 4 4 2 2
977 926 4 4 3 2 2
977 946 4 3 4 2 1
978 23 2 5 4 3 2
978 49 4 3 4 2 1
978 89 4 4 4 2 2
978 107 2 5 4 3 2
978 119 4 2 5 1 1
978 127 1 5 4 3 2
978 151 4 2 4 1 1
978 223 4 3 4 1 2
978 257 2 5 4 3 2
978 263 1 5 4 2 3
978 281 4 3 4 1 2
978 301 4 2 5 1 1
978 349 4 3 4 1 2
978 479 4 3 4 2 1
978 485 2 5 5 3 2
978 491 4 3 4 2 1
978 523 1 5 4 2 3
978 527 2 5 5 3 2
978 589 4 2 5 1 1
978 637 2 5 5 3 2
978 661 4 3 4 2 1
978 791 4 4 5 2 2
978 793 2 5 5 3 2
978 821 4 3 4 2 1
978 869 4 2 5 1 1
978 899 4 2 5 1 1
978 971 4 2 4 1 1
978 977 4 3 4 3 0
979 10 1 5 4 2 3
979 28 4 4 4 2 2
979 32 4 3 3 2 1
979 36 1 5 4 3 2
979 56 2 5 4 3 2
979 64 1 5 3 2 3
979 76 1 5 4 2 3
979 86 2 5 4 3 2
979 94 3 5 4 2 3
979 98 4 3 4 2 1
979 106 1 5 4 3 2
979 108 4 3 4 1 2
979 134 2 5 4 3 2
979 142 4 4 4 2 2
979 160 2 5 4 2 3
979 194 2 5 4 3 2
979 230 2 5 5 3 2
979 256 1 5 3 3 2
979 266 3 5 5 3 2
979 274 1 5 4 2 3
979 314 1 5 4 2 3
979 316 2 6 4 3 3
979 332 4 4 4 3 1
979 334 3 5 4 2 3
979 358 4 4 4 2 2
979 364 1 5 5 2 3
979 370 3 5 5 2 3
979 384 3 5 4 2 3
979 386 2 5 4 4 1
979 424 2 5 4 2 3
979 428 2 5 4 3 2
979 432 4 3 4 2 1
979 446 1 5 4 3 2
979 448 4 3 4 1 2
979 464 2 5 4 3 2
979 488 4 3 4 2 1
979 496 3 5 4 2 3
979 524 2 5 4 2 3
979 526 2 5 4 3 2
979 538 4 4 4 2 2
979 554 2 5 4 3 2
979 566 2 5 4 3 2
979 568 3 5 4 3 2
979 578 4 3 4 2 1
979 602 2 5 5 3 2
979 618 4 2 5 1 1
979 652 4 4 4 2 2
979 656 3 5 4 3 2
979 664 3 5 4 2 3
979 674 2 5 4 3 2
979 680 1 5 5 3 2
979 694 2 5 4 2 3
979 706 1 5 4 2 3
979 708 4 3 5 2 1
979 722 4 3 4 2 1
979 724 1 5 4 2 3
979 742 4 3 5 1 2
979 764 1 5 4 3 2
979 776 2 5 4 3 2
979 784 2 5 4 2 3
979 786 4 3 5 2 1
979 806 2 5 5 4 1
979 838 4 4 4 2 2
979 874 2 5 5 2 3
979 878 4 3 4 2 1
979 942 4 3 5 2 1
980 23 2 5 4 2 3
980 239 2 5 4 2 3
980 331 2 5 4 3 2
980 333 4 3 5 2 1
980 353 2 5 4 2 3
980 463 1 5 4 3 2
980 499 2 5 4 3 2
981 46 2 5 4 2 3
981 64 2 5 3 3 2
981 68 4 3 4 1 2
981 82 4 3 4 1 2
981 88 4 3 4 1 2
981 176 2 5 4 2 3
981 178 4 4 4 2 2
981 238 4 3 5 2 1
981 266 2 5 5 2 3
981 284 2 5 4 3 2
981 314 3 5 4 3 2
981 454 1 5 4 3 2
981 478 4 2 4 1 1
981 524 4 4 4 3 1
981 526 2 5 4 2 3
981 566 1 5 4 3 2
981 568 4 3 4 1 2
981 596 2 5 4 2 3
981 598 4 2 5 1 1
981 602 4 2 5 1 1
981 632 4 2 4 1 1
981 698 4 3 4 2 1
981 728 4 3 5 1 2
981 752 4 2 4 1 1
981 802 4 2 4 1 1
981 848 4 4 4 2 2
981 904 2 5 4 3 2
981 922 4 3 4 2 1
981 932 4 2 4 1 1
982 7 1 5 3 2 3
982 9 4 3 3 1 2
982 13 2 5 3 2 3
982 19 3 5 3 3 2
982 23 3 5 3 3 2
982 25 2 5 3 2 3
982 33 3 5 4 3 2
982 47 2 5 3 2 3
982 61 4 4 3 2 2
982 69 4 3 4 1 2
982 83 2 5 3 3 2
982 85 1 5 4 2 3
982 89 3 5 3 3 2
982 97 2 5 3 2 3
982 103 2 5 3 3 2
982 113 2 5 3 3 2
982 131 3 5 3 3 2
982 139 4 4 3 2 2
982 149 2 5 3 3 2
982 157 2 5 3 2 3
982 163 1 5 3 2 3
982 173 2 5 3 4 1
982 177 2 5 4 2 3
982 187 2 5 4 2 3
982 191 4 5 3 3 2
982 203 2 5 4 3 2
982 215 1 5 4 3 2
982 217 2 5 4 2 3
982 223 2 5 3 2 3
982 227 1 5 3 3 2
982 239 4 4 3 3 1
982 251 4 4 3 2 2
982 257 2 5 3 3 2
982 269 4 4 3 2 2
982 271 4 4 3 2 2
982 283 2 5 3 3 2
982 289 2 5 3 2 3
982 293 2 5 3 3 2
982 313 1 5 3 3 2
982 317 1 5 3 2 3
982 327 1 5 4 3 2
982 329 4 4 4 3 1
982 331 3 5 3 2 3
982 353 1 5 3 3 2
982 355 2 5 4 2 3
982 361 4 4 3 2 2
982 367 2 5 3 2 3
982 371 3 5 4 3 2
982 373 3 5 3 2 3
982 379 4 3 3 1 2
982 383 1 5 3 4 1
982 397 1 5 3 2 3
982 421 3 5 3 2 3
982 437 1 5 4 3 2
982 443 3 5 3 3 2
982 467 1 5 3 3 2
982 469 4 3 4 1 2
982 481 2 5 4 3 2
982 487 1 5 3 2 3
982 497 1 5 4 3 2
982 509 4 5 3 3 2
982 511 4 3 4 1 2
982 513 2 5 4 3 2
982 523 1 5 3 3 2
982 527 2 5 4 2 3
982 547 2 5 3 2 3
982 553 2 5 4 2 3
982 565 1 5 4 3 2
982 569 3 5 3 3 2
982 583 3 5 4 2 3
982 613 2 5 3 3 2
982 617 1 5 3 3 2
982 653 1 5 3 3 2
982 663 1 5 5 3 2
982 667 2 5 4 2 3
982 677 2 5 3 3 2
982 679 4 4 4 2 2
982 681 4 3 4 1 2
982 683 1 5 3 3 2
982 695 1 5 4 3 2
982 697 2 5 4 2 3
982 709 3 5 3 2 3
982 715 4 3 5 1 2
982 723 1 5 4 3 2
982 747 3 5 4 3 2
982 749 4 3 4 2 1
982 761 3 5 3 3 2
982 767 1 5 4 3 2
982 773 2 5 3 3 2
982 787 2 5 3 2 3
982 803 3 5 4 4 1
982 817 2 5 4 2 3
982 831 4 3 4 2 1
982 849 4 3 4 1 2
982 851 4 4 4 3 1
982 863 1 5 3 3 2
982 877 2 5 3 2 3
982 879 4 2 4 1 1
982 887 1 5 3 3 2
982 905 2 5 4 3 2
982 909 4 3 4 2 1
982 919 4 3 3 1 2
982 943 2 5 4 3 2
982 953 4 4 3 3 1
982 971 4 4 3 3 1
983 4 2 5 2 3 2
983 18 1 5 3 3 2
983 22 4 4 3 3 1
983 32 2 5 2 3 2
983 40 2 5 3 3 2
983 52 2 5 3 3 2
983 62 1 5 3 3 2
983 66 4 3 4 1 2
983 82 2 5 3 3 2
983 88 1 5 3 3 2
983 98 2 5 3 2 3
983 112 2 5 3 3 2
983 114 4 3 4 1 2
983 122 1 6 3 3 3
983 128 2 5 2 2 3
983 148 2 5 3 3 2
983 158 2 5 3 2 3
983 164 2 5 3 2 3
983 172 2 5 3 4 1
983 178 1 5 3 2 3
983 190 2 5 4 3 2
983 196 4 3 3 2 1
983 202 2 5 3 3 2
983 206 3 5 3 2 3
983 224 2 5 3 2 3
983 238 1 5 4 3 2
983 242 1 5 3 2 3
983 252 2 5 4 3 2
983 262 2 5 3 3 2
983 268 2 5 3 2 3
983 274 4 3 3 2 1
983 278 2 5 3 2 3
983 284 4 4 3 2 2
983 290 2 5 4 2 3
983 296 4 3 3 1 2
983 298 3 5 3 3 2
983 304 2 5 3 3 2
983 312 2 5 4 3 2
983 326 4 5 3 3 2
983 328 3 5 3 3 2
983 332 1 5 3 2 3
983 356 2 5 3 2 3
983 368 2 5 3 2 3
983 374 2 5 4 2 3
983 382 2 5 3 4 1
983 388 2 5 3 2 3
983 396 4 3 4 2 1
983 422 3 5 3 2 3
983 424 2 5 3 3 2
983 428 3 5 3 2 3
983 452 1 5 3 3 2
983 454 4 3 3 2 1
983 458 2 5 3 2 3
983 466 3 5 3 3 2
983 472 3 5 3 3 2
983 502 2 5 3 3 2
983 508 3 5 3 3 2
983 512 2 5 2 3 2
983 518 1 5 4 2 3
983 532 3 5 4 3 2
983 554 3 5 3 2 3
983 568 2 5 3 3 2
983 592 2 5 3 3 2
983 598 1 6 4 3 3
983 612 2 5 4 3 2
983 614 4 3 3 1 2
983 624 4 2 4 1 1
983 632 2 5 3 3 2
983 662 2 5 3 3 2
983 668 2 5 3 2 3
983 674 4 3 3 1 2
983 682 1 5 4 3 2
983 688 4 4 3 2 2
983 716 4 3 3 1 2
983 722 2 5 3 3 2
983 728 1 5 4 2 3
983 736 4 4 3 2 2
983 746 2 5 3 3 2
983 752 1 5 3 2 3
983 766 3 5 3 3 2
983 788 2 6 3 3 3
983 802 1 5 3 4 1
983 834 4 3 4 2 1
983 846 4 3 4 2 1
983 850 1 5 4 3 2
983 870 4 3 5 2 1
983 872 3 5 3 3 2
983 896 4 3 3 1 2
983 898 2 5 3 3 2
983 928 2 5 3 3 2
983 964 4 4 3 3 1
983 974 4 3 3 2 1
983 976 4 3 3 2 1
984 43 4 3 4 2 1
984 53 4 4 4 2 2
984 61 1 5 4 3 2
984 77 4 2 5 1 1
984 127 4 3 4 2 1
984 227 4 3 4 2 1
984 269 2 5 4 2 3
984 281 3 5 4 3 2
984 317 4 3 4 1 2
984 383 4 2 4 1 1
984 479 1 5 4 3 2
984 511 1 5 5 3 2
984 527 4 2 5 1 1
984 529 2 5 4 2 3
984 553 4 3 5 2 1
984 637 4 2 5 1 1
984 643 4 3 4 1 2
984 661 2 5 4 3 2
984 773 4 3 4 2 1
984 793 4 2 5 1 1
984 953 4 3 4 2 1
985 16 1 6 3 3 3
985 82 2 5 4 2 3
985 86 2 5 4 3 2
985 88 2 5 4 2 3
985 132 4 2 5 1 1
985 226 1 5 4 2 3
985 236 3 5 4 3 2
985 254 2 5 4 3 2
985 296 2 5 4 3 2
985 358 2 5 4 2 3
985 434 3 5 5 3 2
985 458 1 5 4 3 2
985 478 2 5 4 3 2
985 548 3 5 4 3 2
985 556 1 5 4 2 3
985 562 2 5 4 3 2
985 614 1 5 4 3 2
985 698 1 5 4 3 2
985 754 2 5 5 2 3
985 764 2 5 4 3 2
985 782 3 5 5 3 2
985 842 1 5 4 3 2
986 1 1 5 3 3 2
986 23 4 3 4 1 2
986 37 2 5 4 3 2
986 41 2 5 4 2 3
986 59 3 5 4 3 2
986 71 2 5 4 2 3
986 89 1 5 4 2 3
986 107 4 3 4 1 2
986 125 1 5 4 2 3
986 133 4 3 5 2 1
986 161 1 5 5 2 3
986 169 2 6 4 4 2
986 181 3 5 4 2 3
986 191 2 5 4 2 3
986 209 1 5 5 2 3
986 211 3 5 4 3 2
986 223 3 5 4 3 2
986 249 1 5 5 3 2
986 263 4 3 4 1 2
986 271 3 5 4 2 3
986 279 2 5 5 3 2
986 281 1 5 4 2 3
986 301 1 5 5 3 2
986 349 1 5 4 3 2
986 359 2 5 4 2 3
986 371 2 5 5 2 3
986 379 2 5 4 4 1
986 387 4 2 5 1 1
986 401 1 5 4 2 3
986 421 2 5 4 3 2
986 431 2 5 4 2 3
986 433 3 5 4 3 2
986 449 2 5 4 3 2
986 469 2 5 5 3 2
986 491 2 5 4 2 3
986 505 2 5 5 3 2
986 509 1 5 4 3 2
986 521 2 5 4 2 3
986 531 1 5 5 2 3
986 543 4 3 5 2 1
986 559 2 5 5 3 2
986 587 3 5 4 2 3
986 601 3 5 4 2 3
986 631 2 5 4 3 2
986 633 4 2 5 1 1
986 659 2 5 4 3 2
986 683 4 3 4 1 2
986 691 2 5 4 3 2
986 701 1 5 4 2 3
986 707 4 3 5 1 2
986 719 1 5 4 3 2
986 739 2 5 4 3 2
986 769 2 5 4 3 2
986 781 3 5 5 3 2
986 785 2 5 5 3 2
986 821 1 5 4 2 3
986 869 2 5 5 3 2
986 895 2 5 5 3 2
986 907 4 3 4 2 1
987 4 4 2 4 1 1
987 118 1 5 5 3 2
987 304 4 2 5 1 1
987 424 4 3 5 2 1
987 446 4 2 5 1 1
987 506 4 3 6 1 2
987 676 4 2 5 1 1
987 824 4 2 5 1 1
987 914 4 2 5 1 1
987 916 4 3 5 2 1
987 956 4 3 5 2 1
987 974 4 3 5 2 1
988 1 2 5 3 2 3
988 53 2 5 4 2 3
988 83 2 5 4 3 2
988 85 2 5 5 2 3
988 97 2 5 4 3 2
988 111 4 3 5 2 1
988 119 4 4 5 2 2
988 127 2 5 4 2 3
988 167 1 5 4 4 1
988 179 4 3 4 2 1
988 185 2 5 5 3 2
988 197 1 5 4 3 2
988 211 2 5 4 2 3
988 223 1 5 4 2 3
988 233 2 5 4 3 2
988 251 4 5 4 3 2
988 253 1 5 5 2 3
988 257 1 5 4 3 2
988 277 1 5 4 3 2
988 283 2 5 4 2 3
988 293 1 5 4 3 2
988 307 2 5 4 3 2
988 317 2 5 4 3 2
988 321 3 5 5 3 2
988 331 4 3 4 1 2
988 337 1 5 4 2 3
988 365 2 5 5 3 2
988 407 2 5 5 3 2
988 411 4 2 5 1 1
988 427 1 5 5 2 3
988 433 2 5 4 2 3
988 461 2 5 4 3 2
988 469 4 4 5 2 2
988 491 3 5 4 3 2
988 503 2 5 4 3 2
988 517 3 5 5 3 2
988 553 3 5 5 2 3
988 563 2 5 4 3 2
988 569 4 3 4 2 1
988 593 1 5 4 3 2
988 603 2 5 5 2 3
988 607 1 5 4 3 2
988 617 2 5 4 3 2
988 621 4 2 5 1 1
988 643 2 5 4 2 3
988 647 1 5 4 3 2
988 661 4 4 4 2 2
988 671 4 4 5 3 1
988 673 2 5 4 2 3
988 757 2 5 4 2 3
988 783 2 5 5 3 2
988 797 1 5 4 4 1
988 827 1 5 4 3 2
988 859 4 3 4 1 2
988 937 1 5 4 3 2
988 967 2 5 4 3 2
989 8 4 3 3 1 2
989 14 3 5 4 2 3
989 16 2 5 3 3 2
989 22 4 3 4 2 1
989 26 1 5 4 3 2
989 34 2 5 4 3 2
989 54 1 5 4 2 3
989 56 3 5 4 3 2
989 76 2 5 4 3 2
989 96 3 5 4 3 2
989 116 2 5 4 3 2
989 124 2 5 4 3 2
989 142 2 5 4 3 2
989 148 4 3 4 2 1
989 162 4 2 4 1 1
989 166 1 5 4 4 1
989 170 1 5 5 2 3
989 194 3 5 4 2 3
989 196 2 5 4 3 2
989 208 3 5 4 3 2
989 242 4 3 4 1 2
989 254 3 5 4 2 3
989 268 4 4 4 2 2
989 274 1 5 4 2 3
989 284 3 5 4 2 3
989 286 2 5 5 3 2
989 292 2 5 4 3 2
989 296 2 5 4 2 3
989 320 2 5 4 3 2
989 324 2 5 4 2 3
989 326 3 5 4 2 3
989 328 4 3 4 2 1
989 362 3 5 4 2 3
989 372 4 2 5 1 1
989 374 2 5 5 2 3
989 376 2 5 4 4 1
989 394 1 5 4 2 3
989 404 2 5 4 2 3
989 406 3 5 5 3 2
989 428 3 5 4 2 3
989 436 2 5 4 3 2
989 446 1 5 4 3 2
989 454 2 5 4 3 2
989 474 2 5 5 3 2
989 488 4 4 4 2 2
989 496 3 5 4 3 2
989 524 2 5 4 2 3
989 528 4 3 5 2 1
989 532 4 3 5 2 1
989 544 2 5 4 3 2
989 562 3 5 4 3 2
989 578 4 3 4 1 2
989 586 1 5 4 3 2
989 604 2 5 4 2 3
989 626 2 5 4 3 2
989 642 4 3 5 2 1
989 656 2 5 4 3 2
989 658 4 3 5 2 1
989 664 2 5 4 3 2
989 668 4 3 4 1 2
989 670 1 5 5 3 2
989 692 4 3 4 1 2
989 694 2 5 4 3 2
989 716 2 6 4 3 3
989 732 4 2 5 1 1
989 740 2 5 5 3 2
989 754 2 5 5 3 2
989 772 4 4 4 2 2
989 788 4 3 4 1 2
989 796 1 5 4 4 1
989 824 3 5 4 2 3
989 838 4 4 4 3 1
989 844 2 5 4 3 2
989 856 1 5 4 3 2
989 866 2 5 4 3 2
989 872 4 3 4 1 2
989 892 4 4 4 3 1
989 896 2 5 4 3 2
989 898 3 5 4 3 2
989 902 4 4 5 2 2
989 906 4 3 5 2 1
989 918 4 2 5 1 1
989 964 4 4 4 3 1
991 2 4 4 2 2 2
991 4 1 5 2 2 3
991 10 2 5 3 3 2
991 16 1 5 2 2 3
991 32 3 5 2 3 2
991 34 2 5 3 2 3
991 46 2 5 3 2 3
991 48 4 3 3 1 2
991 56 3 5 3 2 3
991 74 2 5 3 3 2
991 76 2 5 3 2 3
991 88 3 5 3 2 3
991 94 1 6 3 3 3
991 122 4 5 3 3 2
991 130 2 5 4 2 3
991 136 1 5 3 2 3
991 140 2 5 4 3 2
991 164 2 5 3 4 1
991 166 1 5 3 2 3
991 186 3 5 4 2 3
991 206 2 5 3 3 2
991 214 2 5 3 2 3
991 244 1 5 3 3 2
991 250 2 5 3 2 3
991 254 1 5 3 3 2
991 256 2 5 2 2 3
991 258 4 2 4 1 1
991 262 4 3 3 2 1
991 268 4 3 3 1 2
991 274 1 5 3 3 2
991 276 1 5 4 2 3
991 284 2 5 3 3 2
991 288 4 3 3 1 2
991 292 4 3 3 1 2
991 296 1 5 3 3 2
991 304 2 5 3 3 2
991 320 2 5 3 3 2
991 326 3 5 3 2 3
991 346 2 5 3 2 3
991 362 3 5 3 3 2
991 364 1 5 4 2 3
991 374 2 5 4 4 1
991 388 4 4 3 2 2
991 392 4 3 3 2 1
991 396 2 5 4 2 3
991 406 1 5 4 2 3
991 416 2 5 3 3 2
991 430 2 5 4 2 3
991 452 2 5 3 3 2
991 458 2 5 3 3 2
991 462 4 2 5 1 1
991 464 2 5 3 3 2
991 466 3 5 3 2 3
991 470 4 3 4 2 1
991 472 3 5 3 3 2
991 492 4 2 4 1 1
991 494 1 5 4 3 2
991 514 3 5 3 3 2
991 526 2 5 3 2 3
991 536 1 5 3 2 3
991 548 4 3 3 2 1
991 554 1 5 3 3 2
991 556 1 6 3 3 3
991 584 1 5 3 3 2
991 592 4 4 3 1 3
991 604 2 5 3 3 2
991 614 1 5 3 3 2
991 618 4 2 4 1 1
991 626 3 5 3 3 2
991 634 2 5 3 2 3
991 662 2 5 3 3 2
991 668 2 5 3 3 2
991 678 4 2 4 1 1
991 686 2 5 3 3 2
991 692 4 5 3 3 2
991 704 3 5 3 3 2
991 736 2 5 3 2 3
991 738 3 5 4 3 2
991 752 4 4 3 3 1
991 760 3 5 4 2 3
991 776 1 5 3 3 2
991 794 1 5 3 4 1
991 798 4 2 5 1 1
991 826 2 5 4 2 3
991 836 3 5 4 3 2
991 842 4 4 3 3 1
991 872 4 4 3 2 2
991 896 2 5 3 3 2
991 898 4 3 3 1 2
991 914 2 5 3 3 2
991 934 2 5 3 3 2
991 938 4 3 4 2 1
991 956 1 5 3 3 2
991 988 4 2 4 1 1
992 7 4 4 3 2 2
992 13 2 5 3 3 2
992 23 1 6 3 3 3
992 35 2 5 4 2 3
992 43 2 5 3 3 2
992 53 2 5 3 3 2
992 79 4 5 3 3 2
992 89 2 5 3 2 3
992 103 2 5 3 3 2
992 107 1 5 3 2 3
992 113 2 5 3 3 2
992 121 2 5 3 3 2
992 129 4 3 4 2 1
992 149 4 4 3 2 2
992 163 3 5 3 4 1
992 167 2 5 3 2 3
992 173 1 5 3 2 3
992 187 1 5 4 2 3
992 189 4 3 4 1 2
992 193 2 5 3 3 2
992 197 2 5 3 2 3
992 215 3 5 4 2 3
992 227 3 5 3 2 3
992 229 2 5 3 3 2
992 233 2 5 3 2 3
992 243 1 5 3 3 2
992 247 2 5 4 3 2
992 251 3 5 3 2 3
992 277 2 5 3 2 3
992 289 3 5 3 3 2
992 291 4 2 4 1 1
992 295 2 5 4 3 2
992 299 4 4 4 1 3
992 303 2 5 4 3 2
992 313 2 5 3 3 2
992 317 1 5 3 3 2
992 343 2 5 3 3 2
992 347 2 5 3 2 3
992 359 4 4 3 2 2
992 365 2 5 4 2 3
992 373 2 5 3 4 1
992 383 2 5 3 2 3
992 397 3 5 3 2 3
992 427 1 5 4 3 2
992 433 1 5 3 3 2
992 443 1 5 3 3 2
992 449 5 4 3 2 2
992 457 2 5 3 3 2
992 461 4 3 3 1 2
992 487 2 5 3 3 2
992 499 2 5 3 3 2
992 503 3 5 3 3 2
992 509 3 5 3 2 3
992 523 3 5 3 3 2
992 537 3 5 4 2 3
992 541 2 5 3 3 2
992 555 1 5 5 3 2
992 563 1 5 3 2 3
992 591 4 2 4 1 1
992 593 2 5 3 2 3
992 605 4 3 4 1 2
992 607 2 6 3 3 3
992 623 2 5 4 3 2
992 647 1 5 3 2 3
992 653 3 5 3 3 2
992 667 1 5 4 3 2
992 673 3 5 3 3 2
992 691 2 5 3 3 2
992 709 4 3 3 2 1
992 719 2 5 3 2 3
992 721 4 3 4 2 1
992 733 2 5 3 3 2
992 737 2 6 4 3 3
992 739 4 4 3 2 2
992 757 1 5 3 3 2
992 769 4 3 3 2 1
992 779 2 5 4 3 2
992 789 4 4 4 2 2
992 793 1 5 4 4 1
992 799 4 3 4 2 1
992 809 4 3 3 1 2
992 827 3 5 3 2 3
992 851 4 4 4 2 2
992 863 2 5 3 3 2
992 877 3 5 3 3 2
992 891 4 3 4 2 1
992 893 3 5 4 3 2
992 929 4 4 3 2 2
992 969 4 3 5 2 1
992 971 4 4 3 2 2
992 981 4 2 4 1 1
993 8 1 5 3 3 2
993 40 4 2 4 1 1
993 92 3 5 4 3 2
993 142 4 4 4 2 2
993 206 4 3 4 2 1
993 272 3 5 4 3 2
993 278 2 5 4 2 3
993 334 4 2 4 1 1
993 398 1 5 4 2 3
993 436 4 2 4 1 1
993 442 1 5 5 3 2
993 482 4 4 4 2 2
993 506 4 2 5 1 1
993 512 1 5 3 3 2
993 554 4 4 4 3 1
993 584 4 3 4 2 1
993 586 4 3 4 1 2
993 602 2 5 5 3 2
993 614 4 2 4 1 1
993 622 1 5 4 3 2
993 652 2 5 4 3 2
993 664 4 3 4 1 2
993 776 4 4 4 2 2
993 778 3 5 4 3 2
993 844 5 3 4 2 1
993 856 4 2 4 1 1
993 896 4 2 4 1 1
994 29 1 5 4 3 2
994 43 4 4 4 2 2
994 51 1 5 5 3 2
994 59 2 5 4 2 3
994 79 2 5 4 2 3
994 87 4 3 5 2 1
994 101 1 5 4 3 2
994 107 4 3 4 2 1
994 113 4 3 4 2 1
994 139 2 5 4 2 3
994 179 1 5 4 3 2
994 191 2 5 4 3 2
994 215 2 5 5 3 2
994 223 4 3 4 1 2
994 227 3 5 4 3 2
994 241 2 5 4 3 2
994 243 4 2 4 1 1
994 253 3 5 5 2 3
994 271 2 5 4 3 2
994 279 2 5 5 2 3
994 281 2 5 4 3 2
994 303 4 2 5 1 1
994 331 2 5 4 2 3
994 349 2 5 4 2 3
994 359 2 5 4 3 2
994 377 4 3 5 2 1
994 409 1 5 4 2 3
994 443 4 4 4 2 2
994 449 1 5 4 3 2
994 461 2 5 4 3 2
994 473 4 3 5 2 1
994 501 2 5 5 3 2
994 503 4 3 4 2 1
994 521 1 5 4 3 2
994 537 4 2 5 1 1
994 557 2 5 4 3 2
994 563 4 3 4 2 1
994 587 2 5 4 3 2
994 601 2 5 4 3 2
994 607 4 3 4 1 2
994 647 4 3 4 2 1
994 649 1 5 5 2 3
994 659 3 5 4 3 2
994 671 2 5 5 3 2
994 689 2 5 5 3 2
994 709 1 5 4 2 3
994 733 4 4 4 2 2
994 747 4 3 5 1 2
994 773 3 5 4 3 2
994 797 4 3 4 2 1
994 799 1 5 5 2 3
994 839 2 5 4 3 2
994 851 1 5 5 3 2
994 867 4 2 5 1 1
994 927 4 3 5 2 1
994 937 4 3 4 1 2
994 961 2 5 4 3 2
995 6 2 5 4 3 2
995 8 2 5 3 2 3
995 178 2 5 4 3 2
995 202 2 5 4 3 2
995 214 2 5 4 3 2
995 292 1 5 4 3 2
995 314 1 5 4 3 2
995 316 2 5 4 3 2
995 344 1 5 4 2 3
995 358 1 5 4 3 2
995 368 2 5 4 2 3
995 412 2 5 4 3 2
995 468 3 5 5 3 2
995 484 1 5 4 3 2
995 512 3 5 3 2 3
995 542 4 4 4 2 2
995 566 1 5 4 2 3
995 596 1 5 4 2 3
995 604 1 5 4 3 2
995 638 1 5 5 2 3
995 722 2 5 4 2 3
995 734 1 5 4 3 2
995 748 1 5 5 3 2
995 776 2 5 4 3 2
995 784 4 3 4 2 1
996 61 1 5 4 2 3
996 277 4 3 4 2 1
996 299 1 5 5 3 2
996 313 4 4 4 3 1
996 337 4 3 4 2 1
996 401 2 5 4 2 3
996 443 4 3 4 1 2
996 499 3 5 4 3 2
996 541 2 5 4 2 3
996 547 4 2 4 1 1
996 551 1 5 5 3 2
996 619 2 5 4 3 2
996 623 4 2 5 1 1
996 677 4 4 4 2 2
996 703 4 2 5 1 1
996 709 1 5 4 3 2
996 727 4 2 4 1 1
996 775 2 5 5 3 2
996 805 4 2 6 1 1
996 833 4 3 5 2 1
996 883 4 2 4 1 1
996 907 4 3 4 2 1
997 4 2 5 2 3 2
997 6 4 3 3 2 1
997 8 1 5 2 3 2
997 10 2 5 3 2 3
997 18 3 5 3 3 2
997 28 1 5 3 2 3
997 38 2 5 3 3 2
997 40 2 5 3 2 3
997 48 2 5 3 3 2
997 62 3 5 3 2 3
997 74 4 5 3 3 2
997 82 2 5 3 2 3
997 88 3 5 3 3 2
997 98 2 5 3 3 2
997 108 2 5 3 3 2
997 124 4 4 3 2 2
997 136 4 5 3 2 3
997 142 1 5 3 2 3
997 158 3 5 3 4 1
997 172 2 5 3 2 3
997 178 1 5 3 2 3
997 192 1 5 3 2 3
997 194 4 4 3 2 2
997 202 2 5 3 2 3
997 212 1 5 3 3 2
997 214 4 4 3 2 2
997 238 2 6 4 3 3
997 242 1 5 3 3 2
997 248 3 5 3 3 2
997 256 3 5 2 2 3
997 274 4 4 3 2 2
997 284 3 5 3 3 2
997 290 1 5 4 3 2
997 298 2 5 3 3 2
997 306 4 2 4 1 1
997 308 2 5 4 3 2
997 312 2 5 4 3 2
997 332 3 5 3 2 3
997 344 4 3 3 2 1
997 346 2 5 3 2 3
997 352 1 5 3 2 3
997 364 4 3 4 1 2
997 368 1 6 3 4 2
997 382 2 5 3 2 3
997 384 4 2 3 1 1
997 388 2 5 3 2 3
997 422 3 5 3 3 2
997 438 2 5 4 3 2
997 446 2 5 3 3 2
997 452 2 5 3 3 2
997 456 4 2 4 1 1
997 458 1 5 3 3 2
997 466 3 5 3 3 2
997 472 1 5 3 2 3
997 482 2 5 3 3 2
997 486 4 3 3 1 2
997 506 4 3 4 2 1
997 508 1 5 3 3 2
997 526 4 3 3 1 2
997 532 2 5 4 2 3
997 534 4 2 4 1 1
997 542 2 5 3 2 3
997 550 2 5 4 3 2
997 566 4 3 3 2 1
997 568 3 5 3 2 3
997 584 3 5 3 3 2
997 598 2 6 4 3 3
997 602 3 5 4 3 2
997 604 4 3 3 1 2
997 620 2 5 4 3 2
997 652 2 5 3 2 3
997 654 4 3 4 2 1
997 656 4 5 3 3 2
997 662 3 5 3 3 2
997 668 1 5 3 3 2
997 682 2 5 4 2 3
997 698 2 5 3 3 2
997 724 4 4 3 1 3
997 732 2 5 4 3 2
997 742 1 5 4 2 3
997 752 3 5 3 3 2
997 766 2 5 3 2 3
997 786 4 2 4 1 1
997 788 2 6 3 4 2
997 802 2 5 3 2 3
997 806 4 3 4 2 1
997 826 5 3 4 1 2
997 832 2 5 3 2 3
997 836 2 5 4 3 2
997 928 3 5 3 3 2
997 956 4 4 3 3 1
997 958 2 5 3 3 2
998 3 3 5 3 3 2
998 17 1 5 3 3 2
998 25 1 5 3 3 2
998 29 3 5 3 2 3
998 31 4 3 3 2 1
998 47 1 5 3 3 2
998 59 4 4 3 2 2
998 67 2 5 3 3 2
998 73 2 5 3 3 2
998 83 1 5 3 2 3
998 97 1 5 3 3 2
998 101 3 5 3 2 3
998 107 2 5 3 3 2
998 113 1 5 3 2 3
998 133 2 5 4 3 2
998 137 2 5 3 2 3
998 143 1 5 4 2 3
998 157 2 5 3 4 1
998 167 4 4 3 2 2
998 179 3 5 3 2 3
998 193 2 5 3 2 3
998 199 2 5 3 3 2
998 201 4 3 4 2 1
998 221 3 5 4 2 3
998 223 3 5 3 3 2
998 249 4 4 4 2 2
998 257 2 5 3 2 3
998 263 1 5 3 2 3
998 267 1 5 4 3 2
998 277 1 5 3 3 2
998 283 2 6 3 3 3
998 301 4 4 4 2 2
998 311 3 5 3 3 2
998 313 2 5 3 3 2
998 335 1 5 4 2 3
998 347 3 5 3 2 3
998 349 4 4 3 2 2
998 353 2 5 3 2 3
998 367 1 5 3 4 1
998 379 4 3 3 2 1
998 389 2 5 3 2 3
998 403 2 5 4 2 3
998 405 4 3 4 2 1
998 409 3 5 3 3 2
998 413 3 5 4 2 3
998 429 4 2 5 1 1
998 437 1 6 4 3 3
998 443 1 5 3 2 3
998 445 2 5 4 3 2
998 465 2 5 5 3 2
998 479 4 4 3 2 2
998 481 2 5 4 3 2
998 487 2 5 3 3 2
998 493 2 5 4 3 2
998 497 1 5 4 3 2
998 503 1 5 3 2 3
998 515 2 5 4 2 3
998 517 2 5 4 3 2
998 543 1 5 4 2 3
998 547 3 5 3 3 2
998 553 2 5 4 3 2
998 561 4 3 5 1 2
998 563 2 5 3 2 3
998 581 4 3 4 1 2
998 583 2 5 4 3 2
998 607 1 5 3 3 2
998 609 4 2 5 1 1
998 613 2 5 3 2 3
998 617 1 5 3 3 2
998 639 4 2 4 1 1
998 641 3 5 3 2 3
998 647 1 5 3 3 2
998 653 2 5 3 2 3
998 679 3 5 4 3 2
998 697 3 5 4 3 2
998 707 1 5 4 3 2
998 713 3 5 4 2 3
998 731 3 5 4 3 2
998 745 2 5 4 3 2
998 751 3 5 3 3 2
998 767 2 5 4 2 3
998 773 2 5 3 3 2
998 779 4 3 4 1 2
998 787 2 5 3 4 1
998 791 4 3 4 1 2
998 857 2 5 3 3 2
998 869 4 3 4 1 2
998 883 2 5 3 3 2
998 887 2 5 3 3 2
998 893 2 5 4 2 3
998 899 4 4 4 2 2
998 907 2 5 3 3 2
998 913 3 5 4 3 2
998 921 4 4 4 2 2
998 949 4 4 4 3 1
999 52 4 2 4 1 1
999 86 2 5 4 3 2
999 106 1 5 4 3 2
999 152 4 3 4 1 2
999 236 1 5 4 3 2
999 310 1 5 5 3 2
999 322 4 2 5 1 1
999 328 4 3 4 1 2
999 334 2 5 4 2 3
999 404 1 5 4 2 3
999 452 4 2 4 1 1
999 458 4 3 4 2 1
999 464 2 5 4 3 2
999 506 1 5 5 3 2
999 548 3 5 4 3 2
999 562 5 4 4 2 2
999 596 2 5 4 3 2
999 608 4 3 4 1 2
999 662 4 3 4 2 1
999 698 4 3 4 1 2
999 832 4 2 4 1 1
999 856 2 5 4 3 2
999 868 4 2 5 1 1
999 968 4 3 4 2 1
1000 1 2 5 2 3 2
1000 43 2 5 3 2 3
1000 131 2 5 3 3 2
1000 139 2 5 3 2 3
1000 197 3 5 3 3 2
1000 209 3 5 4 3 2
1000 221 2 5 4 3 2
1000 241 2 5 3 2 3
1000 267 4 3 4 2 1
1000 287 1 5 4 3 2
1000 311 2 5 3 3 2
1000 337 1 5 3 2 3
1000 349 2 5 3 2 3
1000 369 4 2 4 1 1
1000 391 1 5 4 2 3
1000 419 1 5 3 3 2
1000 447 4 3 4 1 2
1000 449 1 5 3 3 2
1000 463 3 5 3 3 2
1000 517 2 5 4 2 3
1000 547 1 5 3 3 2
1000 643 1 5 3 2 3
1000 659 1 5 3 3 2
1000 677 2 5 3 3 2
1000 727 1 5 3 2 3
1000 769 2 5 3 2 3
1000 881 2 5 3 3 2
